
[host] monitor off
monitor off
monitor off
> 
[host] heartbeat off
heartbeat off
heartbeat off
> 
[host] info
info
firmware  : Sep 25 2026 13:40:56
SYSCLK    : 180000000 Hz
HCLK      : 180000000 Hz
APB1      : 45000000 Hz  (bxCAN)
APB2      : 90000000 Hz  (USART1)
CAN1      : 250000 bps, 15 tq (BRP 12, BS1 12, BS2 2, SJW 2)
            sample point 86.7%
CAN mode  : normal, error-active
heartbeat : off, ID 0x500
monitor   : off
> 
[host] cfg
cfg
config v2, 9 keys, slot 0/1024 used
    vdda_mv         3325 mV    (default 3325, 2000..3600)
    r_ipropi        1465 ohm   (default 1465, 100..10000)
    a_ipropi         450 uA/A  (default 450, 100..2000)
    trip_ma         1000 mA    (default 1000, 0..1600)
    duty_limit      1000 o/oo  (default 1000, 0..1000)
    rail_mv        12000 mV    (default 12000, 0..40000)
    isense_avg        32       (default 32, 1..1024)
    sat_raw         4050       (default 4050, 1000..4095)
    vref_div           3       (default 3, 1..4)
  (* = differs from the compiled default)
  sub: <key> [value] | save | revert | default [<key>] | help
> 
[host] drv
drv
nSLEEP low (disabled)  duty +0%  decay slow (drive-brake)  limit 100%  nFAULT ASSERTED
trip 1579 mA (VREF 3123 mV, DAC 3847, buffer on)  ADC ceiling 5043 mA
  FAULT SEEN: 308044 ms asserted, first at duty +0% - 'drv clearfault' to reset
  watchdog 2000 ms armed, 0 ms remaining  - HAS EXPIRED
  sub: enable | disable | duty <+/-pct> | brake | coast
       decay slow|fast | limit <pct> | current [n] | zero
       iscan [n] [from] [to] [step]  (diagnostic: IPROPI vs PWM phase)
       trip [<mA> | buf on|off] | clearfault | timeout [ms]
> 
[host] enc
enc
count 22251  rev 2.6479  rpm 0.00  raw 22251  d 0  down
  8403.2 counts per output revolution, window 100 ticks
  ticks since zero: 1003701
  sub: zero | watch on|off | window <ticks> | probe [ms]
> 
[host] drv enable
drv enable
nSLEEP high - driver awake (waited 2 ms)
> 
[host] drv clearfault
drv clearfault
fault latch cleared - nFAULT reads clear right now
> 
[host] telem rate 10
telem rate 10
rate 10 Hz (period 100 ms)
> 
[host] telem on
telem on
telem on at 10 Hz - seq restarted at 0
> T,0,1003756,0,22251,0,17,18
T,1,1003855,0,22251,0,18,18
T,2,1003955,0,22251,0,17,18
T,3,1004055,0,22251,0,18,18
T,4,1004155,0,22251,0,19,18
T,5,1004255,0,22251,0,18,18
T,6,1004355,0,22251,0,16,18
T,7,1004455,0,22251,0,18,18

[host] telem off
T,8,1004555,0,22251,0,14,18
telem off
telem off - 9 lines sent
> 
[host] enc window 100
enc window 100
window 100 ticks - 10 Hz update, 0.07 rpm per count
> 
[host] drv trip 1580
drv trip 1580
trip 1579 mA  (VREF 3123 mV, DAC code 3847, buffer on)
  range 101..1580 mA, ADC ceiling 5043 mA, 1 DAC code = 1/3 ADC LSB (VREF/3)
  (applied live - the driver follows VREF immediately)
  (not persistent - 'cfg trip_ma <mA>' then 'cfg save' to survive a reset)
> 
[host] drv timeout 2000
drv timeout 2000
timeout 2000 ms, 2000 ms remaining
  any 'drv duty' kicks it; re-issuing this command kicks it too
> 
[host] drv decay slow
drv decay slow
decay slow - IN1 high, IN2 PWM inverted (drive/brake)
> 
[host] telem rate 50
telem rate 50
rate 50 Hz (period 20 ms)
> 
[host] telem on
telem on
telem on at 50 Hz - seq restarted at 0
> T,0,1004636,
[host] drv duty 5
0,22251,0,16,2
drv duty 5
duty +5%
> T,1,1004656,50,22251,0,377,2
T,2,1004676,50,22253,142,400,2
T,3,1004696,50,22255,142,198,2
T,4,1004716,50,22257,142,140,2
T,5,1004736,50,22261,142,129,2
T,6,1004756,50,22265,142,125,2
T,7,1004776,50,22268,999,241,2
T,8,1004796,50,22273,999,194,2
T,9,1004816,50,22276,999,382,2
T,10,1004836,50,22279,999,169,2
T,11,1004856,50,22283,999,116,2
T,12,1004876,50,22287,1356,204,2
T,13,1004896,50,22288,1356,96,2
T,14,1004916,50,22293,1356,100,2
T,15,1004936,50,22297,1356,313,2
T,16,1004956,50,22303,1356,135,2
T,17,1004976,50,22308,1499,478,2
T,18,1004996,50,22310,1499,126,2
T,19,1005016,50,22316,1499,137,2
T,20,1005036,50,22320,1499,135,2
T,21,1005056,50,22326,1499,102,2
T,22,1005076,50,22330,1570,411,2
T,23,1005096,50,22335,1570,54,2
T,24,1005116,50,22340,1570,458,2
T,25,1005136,50,22343,1570,98,2

[host] drv timeout 2000
drv timeout 2000
timeout 2000 ms, 2000 ms remaining
  any 'drv duty' kicks it; re-issuing this command kicks it too
> T,26,1005156,50,22348,1570,285,2
T,27,1005176,50,22351,1499,204,2
T,28,1005196,50,22353,1499,453,2
T,29,1005216,50,22357,1499,105,2
T,30,1005236,50,22362,1499,114,2
T,31,1005256,50,22367,1499,291,2
T,32,1005276,50,22372,1499,183,2
T,33,1005296,50,22375,1499,124,2
T,34,1005316,50,22381,1499,141,2
T,35,1005336,50,22385,1499,93,2
T,36,1005356,50,22391,1499,92,2
T,37,1005376,50,22396,1713,172,2
T,38,1005396,50,22401,1713,409,2
T,39,1005416,50,22405,1713,78,2
T,40,1005436,50,22410,1713,261,2
T,41,1005456,50,22414,1713,142,2
T,42,1005476,50,22417,1499,241,2
T,43,1005496,50,22422,1499,99,2
T,44,1005516,50,22427,1499,147,2
T,45,1005536,50,22432,1499,467,2
T,46,1005556,50,22436,1499,113,2
T,47,1005576,50,22440,1642,209,2
T,48,1005596,50,22445,1642,136,2
T,49,1005616,50,22450,1642,109,2
T,50,1005636,50,22456,1642,123,2

[host] drv timeout 2000
drv timeout 2000
timeout 2000 ms, 2000 ms remaining
  any 'drv duty' kicks it; re-issuing this command kicks it too
> T,51,1005656,50,22460,1642,172,2
T,52,1005676,50,22466,1856,126,2
T,53,1005696,50,22471,1856,124,2
T,54,1005716,50,22476,1856,396,2
T,55,1005736,50,22479,1856,135,2
T,56,1005756,50,22483,1856,247,2
T,57,1005776,50,22489,1642,147,2
T,58,1005796,50,22494,1642,121,2
T,59,1005816,50,22499,1642,129,2
T,60,1005836,50,22503,1642,158,2
T,61,1005856,50,22509,1642,120,2
T,62,1005876,50,22514,1785,124,2
T,63,1005896,50,22520,1785,476,2
T,64,1005916,50,22525,1785,147,2
T,65,1005936,50,22531,1785,279,2
T,66,1005956,50,22535,1785,148,2
T,67,1005976,50,22540,1856,494,2
T,68,1005996,50,22544,1856,321,2
T,69,1006016,50,22549,1856,104,2
T,70,1006036,50,22555,1856,169,2
T,71,1006056,50,22560,1856,151,2
T,72,1006076,50,22565,1785,168,2
T,73,1006096,50,22570,1785,242,2
T,74,1006116,50,22576,1785,148,2
T,75,1006136,50,22581,1785,84,2

[host] drv timeout 2000
drv timeout 2000
timeout 2000 ms, 2000 ms remaining
  any 'drv duty' kicks it; re-issuing this command kicks it too
> T,76,1006156,50,22587,1785,235,2
T,77,1006176,50,22593,1927,84,2
T,78,1006196,50,22597,1927,172,2
T,79,1006216,50,22603,1927,84,2
T,80,1006236,50,22607,1927,144,2
T,81,1006256,50,22612,1927,380,2
T,82,1006276,50,22617,1785,525,2
T,83,1006296,50,22623,1785,108,2
T,84,1006316,50,22628,1785,134,2
T,85,1006336,50,22633,1785,289,2
T,86,1006356,50,22639,1785,192,2
T,87,1006376,50,22645,1927,393,2
T,88,1006396,50,22650,1927,61,2
T,89,1006416,50,22656,1927,253,2
T,90,1006436,50,22661,1927,173,2
T,91,1006456,50,22667,1927,172,2
T,92,1006476,50,22671,1927,201,2
T,93,1006496,50,22676,1927,62,2
T,94,1006516,50,22681,1927,134,2
T,95,1006536,50,22687,1927,126,2
T,96,1006556,50,22692,1927,119,2
T,97,1006576,50,22696,1785,144,2
T,98,1006596,50,22703,1785,242,2
T,99,1006616,50,22708,1785,113,2
T,100,1006636,50,22714,1785,92,2

[host] drv timeout 2000
drv timeout 2000
timeout 2000 ms, 2000 ms remaining
  any 'drv duty' kicks it; re-issuing this command kicks it too
> T,101,1006656,50,22719,1785,254,2
T,102,1006676,50,22724,2070,180,2
T,103,1006696,50,22730,2070,417,2
T,104,1006716,50,22735,2070,204,2
T,105,1006736,50,22739,2070,82,2
T,106,1006756,50,22745,2070,142,2
T,107,1006776,50,22751,1785,108,2
T,108,1006796,50,22756,1785,107,2
T,109,1006816,50,22761,1785,160,2
T,110,1006836,50,22767,1785,277,2
T,111,1006856,50,22773,1785,148,2
T,112,1006876,50,22779,1999,94,2
T,113,1006896,50,22784,1999,107,2
T,114,1006916,50,22789,1999,424,2
T,115,1006936,50,22795,1999,432,2
T,116,1006956,50,22800,1999,423,2
T,117,1006976,50,22805,1927,358,2
T,118,1006996,50,22811,1927,448,2
T,119,1007016,50,22817,1927,278,2
T,120,1007036,50,22822,1927,120,2
T,121,1007056,50,22828,1927,446,2
T,122,1007076,50,22833,1999,428,2
T,123,1007096,50,22840,1999,376,2
T,124,1007116,50,22845,1999,136,2
T,125,1007136,50,22852,1999,172,2

[host] drv timeout 2000
drv timeout 2000
timeout 2000 ms, 2000 ms remaining
  any 'drv duty' kicks it; re-issuing this command kicks it too
> T,126,1007156,50,22856,1999,259,2
T,127,1007176,50,22862,2070,140,2
T,128,1007196,50,22867,2070,397,2
T,129,1007216,50,22872,2070,526,2
T,130,1007236,50,22878,2070,499,2
T,131,1007256,50,22884,2070,131,2
T,132,1007276,50,22889,1856,214,2
T,133,1007296,50,22895,1856,137,2
T,134,1007316,50,22901,1856,97,2
T,135,1007336,50,22907,1856,134,2
T,136,1007356,50,22913,1856,115,2
T,137,1007376,50,22918,2142,134,2
T,138,1007396,50,22924,2142,113,2
T,139,1007416,50,22929,2142,119,2
T,140,1007436,50,22935,2142,325,2
T,141,1007456,50,22940,2142,395,2
T,142,1007476,50,22947,1999,355,2
T,143,1007496,50,22952,1999,471,2
T,144,1007516,50,22958,1999,437,2
T,145,1007536,50,22964,1999,189,2
T,146,1007556,50,22970,1999,62,2
T,147,1007576,50,22976,2142,245,2
T,148,1007596,50,22982,2142,379,2
T,149,1007616,50,22988,2142,120,2
T,150,1007636,50,22992,2142,91,2

[host] drv timeout 2000
drv timeT,151,1007656,50,22998,2142,100,2
out 2000
timeout 2000 ms, 2000 ms remaining
  any 'drv duty' kicks it; re-issuing this command kicks it too
> T,152,1007676,50,23004,1999,474,2
T,153,1007696,50,23011,1999,176,2
T,154,1007716,50,23015,1999,123,2
T,155,1007736,50,23022,1999,116,2
T,156,1007756,50,23028,1999,92,2
T,157,1007776,50,23034,2142,251,2
T,158,1007796,50,23040,2142,91,2
T,159,1007816,50,23046,2142,113,2
T,160,1007836,50,23052,2142,465,2
T,161,1007856,50,23057,2142,135,2
T,162,1007876,50,23063,1999,425,2
T,163,1007896,50,23069,1999,392,2
T,164,1007916,50,23075,1999,249,2
T,165,1007936,50,23080,1999,115,2
T,166,1007956,50,23087,1999,136,2
T,167,1007976,50,23093,2142,137,2
T,168,1007996,50,23099,2142,64,2
T,169,1008016,50,23105,2142,141,2
T,170,1008036,50,23111,2142,232,2
T,171,1008056,50,23117,2142,146,2
T,172,1008076,50,23122,2142,96,2
T,173,1008096,50,23128,2142,272,2
T,174,1008116,50,23135,2142,296,2
T,175,1008136,50,23140,2142,421,2

[host] drv timeout 2000
drv T,176,1008156,50,23146,2142,125,2
timeout 2000
timeout 2000 ms, 2000 ms remaining
  any 'drv duty' kicks it; re-issuing this command kicks it too
> T,177,1008176,50,23152,2142,155,2
T,178,1008196,50,23159,2142,297,2
T,179,1008216,50,23165,2142,462,2
T,180,1008236,50,23172,2142,522,2
T,181,1008256,50,23177,2142,442,2
T,182,1008276,50,23183,2213,462,2
T,183,1008296,50,23188,2213,430,2
T,184,1008316,50,23195,2213,192,2
T,185,1008336,50,23201,2213,123,2
T,186,1008356,50,23207,2213,299,2
T,187,1008376,50,23213,2070,272,2
T,188,1008396,50,23219,2070,82,2
T,189,1008416,50,23226,2070,104,2
T,190,1008436,50,23232,2070,289,2
T,191,1008456,50,23238,2070,443,2
T,192,1008476,50,23244,2284,445,2
T,193,1008496,50,23249,2284,411,2
T,194,1008516,50,23256,2284,456,2
T,195,1008536,50,23261,2284,209,2
T,196,1008556,50,23268,2284,129,2
T,197,1008576,50,23273,2070,115,2
T,198,1008596,50,23280,2070,153,2
T,199,1008616,50,23287,2070,243,2
T,200,1008636,50,23293,2070,148,2

[host] drv duty 8
drv duty 8
duty +8%
> T,201,1008656,80,23299,2070,299,2
T,202,1008676,80,23306,2284,201,2
T,203,1008696,80,23314,2284,109,2
T,204,1008716,80,23324,2284,125,2
T,205,1008736,80,23334,2284,150,2
T,206,1008756,80,23345,2284,246,2
T,207,1008776,80,23357,3570,121,2
T,208,1008796,80,23369,3570,299,2
T,209,1008816,80,23380,3570,477,2
T,210,1008836,80,23393,3570,328,2
T,211,1008856,80,23405,3570,116,2
T,212,1008876,80,23418,4355,83,2
T,213,1008896,80,23431,4355,145,2
T,214,1008916,80,23444,4355,64,2
T,215,1008936,80,23456,4355,222,2
T,216,1008956,80,23469,4355,310,2
T,217,1008976,80,23482,4569,177,2
T,218,1008996,80,23495,4569,302,2
T,219,1009016,80,23508,4569,458,2
T,220,1009036,80,23521,4569,131,2
T,221,1009056,80,23534,4569,179,2
T,222,1009076,80,23547,4641,169,2
T,223,1009096,80,23560,4641,80,2
T,224,1009116,80,23573,4641,147,2
T,225,1009136,80,23586,4641,155,2

[host] drv timeout 2000
T,226,1009156,80,23599,4641,130,2
drv timeout 2000
timeout 2000 ms, 2000 ms remaining
  any 'drv duty' kicks it; re-issuing this command kicks it too
> T,227,1009176,80,23612,4569,554,2
T,228,1009196,80,23624,4569,121,2
T,229,1009216,80,23637,4569,109,2
T,230,1009236,80,23649,4569,166,2
T,231,1009256,80,23662,4569,116,2
T,232,1009276,80,23675,4569,161,2
T,233,1009296,80,23688,4569,73,2
T,234,1009316,80,23700,4569,339,2
T,235,1009336,80,23713,4569,525,2
T,236,1009356,80,23726,4569,508,2
T,237,1009376,80,23739,4569,508,2
T,238,1009396,80,23752,4569,147,2
T,239,1009416,80,23765,4569,107,2
T,240,1009436,80,23778,4569,115,2
T,241,1009456,80,23791,4569,251,2
T,242,1009476,80,23804,4641,220,2
T,243,1009496,80,23818,4641,65,2
T,244,1009516,80,23831,4641,221,2
T,245,1009536,80,23844,4641,444,2
T,246,1009556,80,23857,4641,494,2
T,247,1009576,80,23871,4783,449,2
T,248,1009596,80,23884,4783,139,2
T,249,1009616,80,23897,4783,124,2
T,250,1009636,80,23911,4783,110,2
T,251,1009656,80,23924,4783,87,2
[host] drv timeout 2000

drv timeout 2000
timeout 2000 ms, 2000 ms remaining
  any 'drv duty' kicks it; re-issuing this command kicks it too
> T,252,1009676,80,23938,4712,135,2
T,253,1009696,80,23951,4712,148,2
T,254,1009716,80,23964,4712,113,2
T,255,1009736,80,23977,4712,107,2
T,256,1009756,80,23991,4712,55,2
T,257,1009776,80,24005,4783,102,2
T,258,1009796,80,24018,4783,158,2
T,259,1009816,80,24032,4783,341,2
T,260,1009836,80,24045,4783,297,2
T,261,1009856,80,24059,4783,520,2
T,262,1009876,80,24072,4855,294,2
T,263,1009896,80,24085,4855,514,2
T,264,1009916,80,24099,4855,306,2
T,265,1009936,80,24112,4855,93,2
T,266,1009956,80,24126,4855,98,2
T,267,1009976,80,24140,4783,92,2
T,268,1009996,80,24153,4783,140,2
T,269,1010016,80,24167,4783,128,2
T,270,1010036,80,24180,4783,196,2
T,271,1010056,80,24194,4783,261,2
T,272,1010076,80,24208,4855,205,2
T,273,1010096,80,24221,4855,296,2
T,274,1010116,80,24235,4855,119,2
T,275,1010136,80,24249,4855,167,2
T,276,1010156,80,24263,4855,93,2
[host] drv timeout 2000

drv timeout 2000
timeout 2000 ms, 2000 ms remaining
  any 'drv duty' kicks it; re-issuing this command kicks it too
> T,277,1010176,80,24276,4926,96,2
T,278,1010196,80,24290,4926,504,2
T,279,1010216,80,24304,4926,297,2
T,280,1010236,80,24317,4926,92,2
T,281,1010256,80,24332,4926,102,2
T,282,1010276,80,24345,4855,151,2
T,283,1010296,80,24359,4855,168,2
T,284,1010316,80,24373,4855,67,2
T,285,1010336,80,24387,4855,343,2
T,286,1010356,80,24400,4855,506,2
T,287,1010376,80,24414,4998,306,2
T,288,1010396,80,24428,4998,482,2
T,289,1010416,80,24442,4998,429,2
T,290,1010436,80,24456,4998,158,2
T,291,1010456,80,24469,4998,113,2
T,292,1010476,80,24483,4926,116,2
T,293,1010496,80,24497,4926,103,2
T,294,1010516,80,24511,4926,128,2
T,295,1010536,80,24525,4926,98,2
T,296,1010556,80,24539,4926,185,2
T,297,1010576,80,24552,4926,110,2
T,298,1010596,80,24567,4926,226,2
T,299,1010616,80,24580,4926,163,2
T,300,1010636,80,24594,4926,113,2
T,301,1010656,80,24608,4926,104,
[host] drv timeout 2000
2
drv timeout 2000
timeout 2000 ms, 2000 ms remaining
  any 'drv duty' kicks it; re-issuing this command kicks it too
> T,302,1010676,80,24622,4998,331,2
T,303,1010696,80,24636,4998,499,2
T,304,1010716,80,24650,4998,71,2
T,305,1010736,80,24664,4998,120,2
T,306,1010756,80,24677,4998,182,2
T,307,1010776,80,24692,4926,137,2
T,308,1010796,80,24706,4926,182,2
T,309,1010816,80,24720,4926,151,2
T,310,1010836,80,24733,4926,195,2
T,311,1010856,80,24747,4926,84,2
T,312,1010876,80,24761,4998,84,2
T,313,1010896,80,24775,4998,419,2
T,314,1010916,80,24789,4998,115,2
T,315,1010936,80,24803,4998,100,2
T,316,1010956,80,24817,4998,150,2
T,317,1010976,80,24831,4998,153,2
T,318,1010996,80,24845,4998,148,2
T,319,1011016,80,24859,4998,70,2
T,320,1011036,80,24872,4998,217,2
T,321,1011056,80,24887,4998,446,2
T,322,1011076,80,24901,4926,446,2
T,323,1011096,80,24915,4926,70,2
T,324,1011116,80,24929,4926,104,2
T,325,1011136,80,24943,4926,126,2
T,326,1011156,80,24957,4926,126,2

[host] drv timeout 2000
drv timeout 2000
timeout 2000 ms, 2000 ms remaining
  any 'drv duty' kicks it; re-issuing this command kicks it too
> T,327,1011176,80,24971,4998,86,2
T,328,1011196,80,24984,4998,498,2
T,329,1011216,80,24999,4998,108,2
T,330,1011236,80,25013,4998,83,2
T,331,1011256,80,25027,4998,156,2
T,332,1011276,80,25041,4998,131,2
T,333,1011296,80,25055,4998,102,2
T,334,1011316,80,25069,4998,297,2
T,335,1011336,80,25083,4998,498,2
T,336,1011356,80,25097,4998,413,2
T,337,1011376,80,25111,5069,455,2
T,338,1011396,80,25125,5069,253,2
T,339,1011416,80,25139,5069,89,2
T,340,1011436,80,25153,5069,125,2
T,341,1011456,80,25167,5069,145,2
T,342,1011476,80,25181,4926,174,2
T,343,1011496,80,25195,4926,139,2
T,344,1011516,80,25210,4926,55,2
T,345,1011536,80,25224,4926,289,2
T,346,1011556,80,25238,4926,293,2
T,347,1011576,80,25252,5069,180,2
T,348,1011596,80,25266,5069,270,2
T,349,1011616,80,25281,5069,99,2
T,350,1011636,80,25295,5069,93,2
T,351,1011656,80,25309,5069,110,2

[host] drv timeout 2000
drv timeout 2000
timeout 2000 ms, 2000 ms remaining
  any 'drv duty' kicks it; re-issuing this command kicks it too
> T,352,1011676,80,25323,5069,104,2
T,353,1011696,80,25337,5069,461,2
T,354,1011716,80,25352,5069,487,2
T,355,1011736,80,25365,5069,141,2
T,356,1011756,80,25380,5069,102,2
T,357,1011776,80,25394,5069,125,2
T,358,1011796,80,25408,5069,125,2
T,359,1011816,80,25423,5069,148,2
T,360,1011836,80,25436,5069,115,2
T,361,1011856,80,25451,5069,82,2
T,362,1011876,80,25465,5069,71,2
T,363,1011896,80,25479,5069,93,2
T,364,1011916,80,25493,5069,300,2
T,365,1011936,80,25507,5069,469,2
T,366,1011956,80,25521,5069,280,2
T,367,1011976,80,25536,5069,476,2
T,368,1011996,80,25550,5069,96,2
T,369,1012016,80,25564,5069,144,2
T,370,1012036,80,25578,5069,174,2
T,371,1012056,80,25593,5069,132,2
T,372,1012076,80,25607,5140,147,2
T,373,1012096,80,25621,5140,81,2
T,374,1012116,80,25635,5140,144,2
T,375,1012136,80,25649,5140,176,2
T,376,1012156,80,25664,5140,62,2

[host] drv timeout 2000
drv timeout 2000
timeout 2000 ms, 2000 ms remaining
  any 'drv duty' kicks it; re-issuing this command kicks it too
> T,377,1012176,80,25678,5069,157,2
T,378,1012196,80,25692,5069,150,2
T,379,1012216,80,25706,5069,114,2
T,380,1012236,80,25721,5069,180,2
T,381,1012256,80,25735,5069,183,2
T,382,1012276,80,25749,5069,179,2
T,383,1012296,80,25764,5069,135,2
T,384,1012316,80,25778,5069,84,2
T,385,1012336,80,25792,5069,193,2
T,386,1012356,80,25807,5069,240,2
T,387,1012376,80,25821,5069,240,2
T,388,1012396,80,25835,5069,333,2
T,389,1012416,80,25849,5069,414,2
T,390,1012436,80,25864,5069,485,2
T,391,1012456,80,25878,5069,100,2
T,392,1012476,80,25892,5140,87,2
T,393,1012496,80,25907,5140,128,2
T,394,1012516,80,25921,5140,166,2
T,395,1012536,80,25936,5140,77,2
T,396,1012556,80,25950,5140,249,2
T,397,1012576,80,25964,5069,93,2
T,398,1012596,80,25979,5069,336,2
T,399,1012616,80,25993,5069,78,2
T,400,1012636,80,26007,5069,97,2

[host] drv duty 11
T,401,1012656,80,26021,5069,256,2
drv duty 11
duty +11%
> T,402,1012676,110,26037,5212,135,2
T,403,1012696,110,26053,5212,129,2
T,404,1012716,110,26071,5212,132,2
T,405,1012736,110,26089,5212,134,2
T,406,1012756,110,26109,5212,126,2
T,407,1012776,110,26128,6497,91,2
T,408,1012796,110,26148,6497,86,2
T,409,1012816,110,26169,6497,131,2
T,410,1012836,110,26189,6497,237,2
T,411,1012856,110,26210,6497,193,2
T,412,1012876,110,26231,7211,91,2
T,413,1012896,110,26251,7211,212,2
T,414,1012916,110,26272,7211,237,2
T,415,1012936,110,26293,7211,194,2
T,416,1012956,110,26314,7211,157,2
T,417,1012976,110,26335,7425,123,2
T,418,1012996,110,26356,7425,121,2
T,419,1013016,110,26377,7425,102,2
T,420,1013036,110,26397,7425,155,2
T,421,1013056,110,26419,7425,131,2
T,422,1013076,110,26440,7568,65,2
T,423,1013096,110,26460,7568,232,2
T,424,1013116,110,26481,7568,107,2
T,425,1013136,110,26503,7568,80,2
T,426,1013156,110,26524,7568,80,2

[host] drv timeout 2000
drv timeout 2000
timeout 2000 ms, 2000 ms remaining
  any 'drv duty' kicks it; re-issuing this command kicks it too
> T,427,1013176,110,26544,7425,93,2
T,428,1013196,110,26566,7425,109,2
T,429,1013216,110,26587,7425,70,2
T,430,1013236,110,26608,7425,110,2
T,431,1013256,110,26629,7425,67,2
T,432,1013276,110,26650,7497,98,2
T,433,1013296,110,26671,7497,145,2
T,434,1013316,110,26692,7497,107,2
T,435,1013336,110,26713,7497,126,2
T,436,1013356,110,26734,7497,120,2
T,437,1013376,110,26755,7568,109,2
T,438,1013396,110,26776,7568,118,2
T,439,1013416,110,26797,7568,110,2
T,440,1013436,110,26819,7568,94,2
T,441,1013456,110,26840,7568,158,2
T,442,1013476,110,26861,7497,98,2
T,443,1013496,110,26882,7497,231,2
T,444,1013516,110,26903,7497,235,2
T,445,1013536,110,26924,7497,157,2
T,446,1013556,110,26945,7497,81,2
T,447,1013576,110,26967,7568,91,2
T,448,1013596,110,26988,7568,219,2
T,449,1013616,110,27009,7568,124,2
T,450,1013636,110,27030,7568,139,2
T,451,1013656,110,27051,7568,145,2

[host] drv timeout 2000
drv timeout 2000
timeout 2000 ms, 2000 ms remaining
  any 'drv duty' kicks it; re-issuing this command kicks it too
> T,452,1013676,110,27072,7568,72,2
T,453,1013696,110,27093,7568,96,2
T,454,1013716,110,27115,7568,93,2
T,455,1013736,110,27136,7568,115,2
T,456,1013756,110,27157,7568,217,2
T,457,1013776,110,27179,7568,114,2
T,458,1013796,110,27200,7568,94,2
T,459,1013816,110,27221,7568,72,2
T,460,1013836,110,27242,7568,158,2
T,461,1013856,110,27264,7568,192,2
T,462,1013876,110,27285,7639,110,2
T,463,1013896,110,27306,7639,157,2
T,464,1013916,110,27327,7639,108,2
T,465,1013936,110,27348,7639,128,2
T,466,1013956,110,27369,7639,232,2
T,467,1013976,110,27391,7497,77,2
T,468,1013996,110,27412,7497,83,2
T,469,1014016,110,27433,7497,98,2
T,470,1014036,110,27454,7497,59,2
T,471,1014056,110,27475,7497,64,2
T,472,1014076,110,27496,7568,94,2
T,473,1014096,110,27517,7568,107,2
T,474,1014116,110,27539,7568,62,2
T,475,1014136,110,27560,7568,93,2
T,476,1014156,110,27581,7568,235,2

[host] drv timeout 2000
drv timeout 2000
timeout 2000 ms, 2000 ms remaining
  any 'drv duty' kicks it; re-issuing this command kicks it too
> T,477,1014176,110,27602,7568,93,2
T,478,1014196,110,27623,7568,152,2
T,479,1014216,110,27644,7568,112,2
T,480,1014236,110,27665,7568,64,2
T,481,1014256,110,27687,7568,261,2
T,482,1014276,110,27708,7568,155,2
T,483,1014296,110,27729,7568,104,2
T,484,1014316,110,27750,7568,105,2
T,485,1014336,110,27771,7568,107,2
T,486,1014356,110,27792,7568,78,2
T,487,1014376,110,27813,7497,120,2
T,488,1014396,110,27835,7497,220,2
T,489,1014416,110,27856,7497,109,2
T,490,1014436,110,27877,7497,87,2
T,491,1014456,110,27898,7497,126,2
T,492,1014476,110,27919,7568,93,2
T,493,1014496,110,27940,7568,253,2
T,494,1014516,110,27961,7568,229,2
T,495,1014536,110,27982,7568,121,2
T,496,1014556,110,28003,7568,75,2
T,497,1014576,110,28024,7497,84,2
T,498,1014596,110,28045,7497,142,2
T,499,1014616,110,28067,7497,88,2
T,500,1014636,110,28088,7497,92,2
T,501,1014656,110,28109,7497,215,2

[host] drv timeout 2000
drv timeout 2000
timeout 2000 ms, 2000 ms remaining
  any 'drv duty' kicks it; re-issuing this command kicks it too
> T,502,1014676,110,28130,7497,112,2
T,503,1014696,110,28151,7497,80,2
T,504,1014716,110,28172,7497,84,2
T,505,1014736,110,28193,7497,237,2
T,506,1014756,110,28214,7497,173,2
T,507,1014776,110,28235,7568,91,2
T,508,1014796,110,28256,7568,198,2
T,509,1014816,110,28277,7568,59,2
T,510,1014836,110,28299,7568,88,2
T,511,1014856,110,28320,7568,183,2
T,512,1014876,110,28340,7497,86,2
T,513,1014896,110,28361,7497,177,2
T,514,1014916,110,28383,7497,195,2
T,515,1014936,110,28404,7497,222,2
T,516,1014956,110,28425,7497,142,2
T,517,1014976,110,28446,7497,221,2
T,518,1014996,110,28467,7497,150,2
T,519,1015016,110,28488,7497,75,2
T,520,1015036,110,28509,7497,291,2
T,521,1015056,110,28530,7497,253,2
T,522,1015076,110,28551,7568,241,2
T,523,1015096,110,28572,7568,533,2
T,524,1015116,110,28593,7568,164,2
T,525,1015136,110,28615,7568,217,2
T,526,1015156,110,28636,7568,209,2

[host] drv timeout 2000
drv timeout 2000
timeout 2000 ms, 2000 ms remaining
  any 'drv duty' kicks it; re-issuing this command kicks it too
> T,527,1015176,110,28657,7497,232,2
T,528,1015196,110,28678,7497,550,2
T,529,1015216,110,28699,7497,77,2
T,530,1015236,110,28720,7497,103,2
T,531,1015256,110,28741,7497,100,2
T,532,1015276,110,28762,7568,73,2
T,533,1015296,110,28783,7568,176,2
T,534,1015316,110,28804,7568,130,2
T,535,1015336,110,28825,7568,120,2
T,536,1015356,110,28847,7568,129,2
T,537,1015376,110,28868,7568,115,2
T,538,1015396,110,28889,7568,131,2
T,539,1015416,110,28910,7568,119,2
T,540,1015436,110,28931,7568,105,2
T,541,1015456,110,28952,7568,114,2
T,542,1015476,110,28973,7497,103,2
T,543,1015496,110,28994,7497,82,2
T,544,1015516,110,29015,7497,125,2
T,545,1015536,110,29036,7497,140,2
T,546,1015556,110,29057,7497,132,2
T,547,1015576,110,29078,7497,113,2
T,548,1015596,110,29099,7497,230,2
T,549,1015616,110,29120,7497,104,2
T,550,1015636,110,29141,7497,92,2
T,551,1015656,110,29162,7497,96,2

[host] drv timeout 2000
drv timeout 2000
timeout 2000 ms, 2000 ms remaining
  any 'drv duty' kicks it; re-issuing this command kicks it too
> T,552,1015676,110,29183,7497,82,2
T,553,1015696,110,29204,7497,327,2
T,554,1015716,110,29225,7497,268,2
T,555,1015736,110,29246,7497,75,2
T,556,1015756,110,29267,7497,59,2
T,557,1015776,110,29288,7497,145,2
T,558,1015796,110,29309,7497,137,2
T,559,1015816,110,29330,7497,57,2
T,560,1015836,110,29351,7497,157,2
T,561,1015856,110,29372,7497,167,2
T,562,1015876,110,29393,7497,75,2
T,563,1015896,110,29414,7497,246,2
T,564,1015916,110,29435,7497,215,2
T,565,1015936,110,29456,7497,86,2
T,566,1015956,110,29477,7497,171,2
T,567,1015976,110,29498,7497,82,2
T,568,1015996,110,29519,7497,241,2
T,569,1016016,110,29540,7497,115,2
T,570,1016036,110,29561,7497,66,2
T,571,1016056,110,29583,7497,98,2
T,572,1016076,110,29603,7497,92,2
T,573,1016096,110,29624,7497,231,2
T,574,1016116,110,29645,7497,100,2
T,575,1016136,110,29667,7497,83,2
T,576,1016156,110,29688,7497,222,2

[host] drv timeout 2000
drv timeout 2000
timeout 2000 ms, 2000 ms remaining
  any 'drv duty' kicks it; re-issuing this command kicks it too
> T,577,1016176,110,29709,7568,167,2
T,578,1016196,110,29730,7568,84,2
T,579,1016216,110,29751,7568,114,2
T,580,1016236,110,29772,7568,214,2
T,581,1016256,110,29793,7568,227,2
T,582,1016276,110,29815,7497,88,2
T,583,1016296,110,29836,7497,180,2
T,584,1016316,110,29857,7497,200,2
T,585,1016336,110,29878,7497,65,2
T,586,1016356,110,29899,7497,201,2
T,587,1016376,110,29920,7568,232,2
T,588,1016396,110,29941,7568,134,2
T,589,1016416,110,29963,7568,75,2
T,590,1016436,110,29984,7568,280,2
T,591,1016456,110,30005,7568,222,2
T,592,1016476,110,30026,7568,179,2
T,593,1016496,110,30047,7568,261,2
T,594,1016516,110,30068,7568,225,2
T,595,1016536,110,30090,7568,92,2
T,596,1016556,110,30111,7568,93,2
T,597,1016576,110,30132,7568,77,2
T,598,1016596,110,30153,7568,192,2
T,599,1016616,110,30174,7568,129,2
T,600,1016636,110,30195,7568,80,2
T,601,1016656,110,30216,7568,61,2

[host] drv duty 14
drv duty 14
duty +14%
> T,602,1016676,140,30238,7497,286,2
T,603,1016696,140,30260,7497,294,2
T,604,1016716,140,30284,7497,251,2
T,605,1016736,140,30309,7497,259,2
T,606,1016756,140,30336,7497,182,2
T,607,1016776,140,30362,8853,156,2
T,608,1016796,140,30389,8853,168,2
T,609,1016816,140,30416,8853,132,2
T,610,1016836,140,30443,8853,240,2
T,611,1016856,140,30471,8853,222,2
T,612,1016876,140,30498,9639,178,2
T,613,1016896,140,30526,9639,194,2
T,614,1016916,140,30553,9639,211,2
T,615,1016936,140,30581,9639,189,2
T,616,1016956,140,30609,9639,217,2
T,617,1016976,140,30637,9924,169,2
T,618,1016996,140,30664,9924,87,2
T,619,1017016,140,30692,9924,291,2
T,620,1017036,140,30720,9924,171,2
T,621,1017056,140,30748,9924,217,2
T,622,1017076,140,30775,9853,125,2
T,623,1017096,140,30803,9853,97,2
T,624,1017116,140,30831,9853,171,2
T,625,1017136,140,30859,9853,76,2
T,626,1017156,140,30886,9853,146,2

[host] drv timeout 2000
drv timeout 2000
timeout 2000 ms, 2000 ms remaining
  any 'drv duty' kicks it; re-issuing this command kicks it too
> T,627,1017176,140,30914,9924,102,2
T,628,1017196,140,30942,9924,192,2
T,629,1017216,140,30970,9924,167,2
T,630,1017236,140,30998,9924,113,2
T,631,1017256,140,31025,9924,248,2
T,632,1017276,140,31053,9996,147,2
T,633,1017296,140,31081,9996,231,2
T,634,1017316,140,31109,9996,242,2
T,635,1017336,140,31137,9996,226,2
T,636,1017356,140,31165,9996,217,2
T,637,1017376,140,31193,9924,141,2
T,638,1017396,140,31221,9924,214,2
T,639,1017416,140,31249,9924,212,2
T,640,1017436,140,31277,9924,257,2
T,641,1017456,140,31305,9924,190,2
T,642,1017476,140,31333,9996,102,2
T,643,1017496,140,31361,9996,80,2
T,644,1017516,140,31389,9996,215,2
T,645,1017536,140,31417,9996,210,2
T,646,1017556,140,31445,9996,188,2
T,647,1017576,140,31473,9996,220,2
T,648,1017596,140,31501,9996,230,2
T,649,1017616,140,31529,9996,301,2
T,650,1017636,140,31557,9996,130,2
T,651,1017656,140,31585,9996,124,2

[host] drv timeout 2000
drv timeout 200T,652,1017676,140,31613,10067,251,2
0
timeout 2000 ms, 2000 ms remaining
  any 'drv duty' kicks it; re-issuing this command kicks it too
> T,653,1017696,140,31641,10067,224,2
T,654,1017716,140,31669,10067,172,2
T,655,1017736,140,31697,10067,71,2
T,656,1017756,140,31726,10067,145,2
T,657,1017776,140,31754,9996,110,2
T,658,1017796,140,31782,9996,164,2
T,659,1017816,140,31810,9996,152,2
T,660,1017836,140,31838,9996,147,2
T,661,1017856,140,31866,9996,253,2
T,662,1017876,140,31894,9996,178,2
T,663,1017896,140,31923,9996,196,2
T,664,1017916,140,31951,9996,248,2
T,665,1017936,140,31979,9996,232,2
T,666,1017956,140,32007,9996,126,2
T,667,1017976,140,32035,10067,134,2
T,668,1017996,140,32064,10067,97,2
T,669,1018016,140,32092,10067,153,2
T,670,1018036,140,32120,10067,123,2
T,671,1018056,140,32148,10067,178,2
T,672,1018076,140,32176,10067,193,2
T,673,1018096,140,32205,10067,116,2
T,674,1018116,140,32233,10067,158,2
T,675,1018136,140,32261,10067,132,2
T,676,1018156,140,32289,10067,233,2

[host] drv timeout 2000
dT,677,1018176,140,32318,10138,449,2
rv timeout 2000
timeout 2000 ms, 2000 ms remaining
  any 'drv duty' kicks it; re-issuing this command kicks it too
> T,678,1018196,140,32346,10138,110,2
T,679,1018216,140,32375,10138,75,2
T,680,1018236,140,32403,10138,70,2
T,681,1018256,140,32431,10138,146,2
T,682,1018276,140,32460,10067,232,2
T,683,1018296,140,32488,10067,236,2
T,684,1018316,140,32516,10067,140,2
T,685,1018336,140,32544,10067,184,2
T,686,1018356,140,32573,10067,121,2
T,687,1018376,140,32601,10138,113,2
T,688,1018396,140,32629,10138,82,2
T,689,1018416,140,32658,10138,82,2
T,690,1018436,140,32686,10138,200,2
T,691,1018456,140,32715,10138,103,2
T,692,1018476,140,32743,10138,256,2
T,693,1018496,140,32772,10138,161,2
T,694,1018516,140,32800,10138,221,2
T,695,1018536,140,32828,10138,125,2
T,696,1018556,140,32856,10138,166,2
T,697,1018576,140,32885,10138,129,2
T,698,1018596,140,32913,10138,145,2
T,699,1018616,140,32942,10138,132,2
T,700,1018636,140,32970,10138,83,2
T,701,1018656,140,32999,10138,145,2

[host] drv timeout 2000
T,702,1018676,140,33027,10138,284,2
drv timeout 2000
timeout 2000 ms, 2000 ms remaining
  any 'drv duty' kicks it; re-issuing this command kicks it too
> T,703,1018696,140,33055,10138,100,2
T,704,1018716,140,33084,10138,98,2
T,705,1018736,140,33112,10138,144,2
T,706,1018756,140,33141,10138,93,2
T,707,1018776,140,33169,10138,269,2
T,708,1018796,140,33198,10138,242,2
T,709,1018816,140,33226,10138,96,2
T,710,1018836,140,33255,10138,153,2
T,711,1018856,140,33283,10138,177,2
T,712,1018876,140,33312,10138,105,2
T,713,1018896,140,33340,10138,125,2
T,714,1018916,140,33369,10138,179,2
T,715,1018936,140,33397,10138,211,2
T,716,1018956,140,33426,10138,93,2
T,717,1018976,140,33454,10210,285,2
T,718,1018996,140,33483,10210,91,2
T,719,1019016,140,33511,10210,137,2
T,720,1019036,140,33540,10210,193,2
T,721,1019056,140,33568,10210,151,2
T,722,1019076,140,33596,10138,128,2
T,723,1019096,140,33624,10138,172,2
T,724,1019116,140,33652,10138,80,2
T,725,1019136,140,33681,10138,99,2
T,726,1019156,140,33709,10138,124,2
T,727,1019176,140,33737,10067,22
[host] drv timeout 2000
9,2
drv timeout 2000
timeout 2000 ms, 2000 ms remaining
  any 'drv duty' kicks it; re-issuing this command kicks it too
> T,728,1019196,140,33765,10067,285,2
T,729,1019216,140,33794,10067,124,2
T,730,1019236,140,33822,10067,199,2
T,731,1019256,140,33851,10067,136,2
T,732,1019276,140,33879,10138,126,2
T,733,1019296,140,33907,10138,108,2
T,734,1019316,140,33936,10138,121,2
T,735,1019336,140,33964,10138,168,2
T,736,1019356,140,33992,10138,92,2
T,737,1019376,140,34020,10067,108,2
T,738,1019396,140,34049,10067,128,2
T,739,1019416,140,34077,10067,212,2
T,740,1019436,140,34106,10067,139,2
T,741,1019456,140,34134,10067,227,2
T,742,1019476,140,34162,10138,135,2
T,743,1019496,140,34191,10138,136,2
T,744,1019516,140,34219,10138,132,2
T,745,1019536,140,34248,10138,124,2
T,746,1019556,140,34276,10138,123,2
T,747,1019576,140,34304,10138,123,2
T,748,1019596,140,34333,10138,137,2
T,749,1019616,140,34361,10138,73,2
T,750,1019636,140,34390,10138,83,2
T,751,1019656,140,34418,10138,104,2
T,752,1019676,140,34447,10210,25
[host] drv timeout 2000
1,2
drv timeout 2000
timeout 2000 ms, 2000 ms remaining
  any 'drv duty' kicks it; re-issuing this command kicks it too
> T,753,1019696,140,34476,10210,288,2
T,754,1019716,140,34504,10210,177,2
T,755,1019736,140,34532,10210,161,2
T,756,1019756,140,34561,10210,116,2
T,757,1019776,140,34589,10210,190,2
T,758,1019796,140,34618,10210,114,2
T,759,1019816,140,34647,10210,132,2
T,760,1019836,140,34675,10210,115,2
T,761,1019856,140,34704,10210,81,2
T,762,1019876,140,34732,10138,114,2
T,763,1019896,140,34761,10138,236,2
T,764,1019916,140,34789,10138,152,2
T,765,1019936,140,34818,10138,132,2
T,766,1019956,140,34846,10138,188,2
T,767,1019976,140,34875,10210,211,2
T,768,1019996,140,34904,10210,172,2
T,769,1020016,140,34932,10210,98,2
T,770,1020036,140,34961,10210,273,2
T,771,1020056,140,34989,10210,264,2
T,772,1020076,140,35018,10210,139,2
T,773,1020096,140,35047,10210,168,2
T,774,1020116,140,35076,10210,125,2
T,775,1020136,140,35104,10210,102,2
T,776,1020156,140,35133,10210,103,2
T,777,1020176,140,35161,10210,17
[host] drv timeout 2000
3,2
drv timeout 2000
timeout 2000 ms, 2000 ms remaining
  any 'drv duty' kicks it; re-issuing this command kicks it too
> T,778,1020196,140,35190,10210,86,2
T,779,1020216,140,35219,10210,83,2
T,780,1020236,140,35247,10210,158,2
T,781,1020256,140,35276,10210,119,2
T,782,1020276,140,35305,10210,199,2
T,783,1020296,140,35333,10210,135,2
T,784,1020316,140,35362,10210,157,2
T,785,1020336,140,35391,10210,180,2
T,786,1020356,140,35419,10210,115,2
T,787,1020376,140,35448,10281,108,2
T,788,1020396,140,35476,10281,135,2
T,789,1020416,140,35505,10281,281,2
T,790,1020436,140,35534,10281,233,2
T,791,1020456,140,35563,10281,162,2
T,792,1020476,140,35591,10210,220,2
T,793,1020496,140,35620,10210,153,2
T,794,1020516,140,35648,10210,98,2
T,795,1020536,140,35677,10210,123,2
T,796,1020556,140,35705,10210,152,2
T,797,1020576,140,35734,10210,216,2
T,798,1020596,140,35762,10210,147,2
T,799,1020616,140,35791,10210,93,2
T,800,1020636,140,35819,10210,97,2
T,801,1020656,140,35848,10210,78,2

[host] drv duty 17
drv duty 17
duty +17%
> T,802,1020676,170,35876,10138,337,3
T,803,1020696,170,35905,10138,295,3
T,804,1020716,170,35936,10138,288,3
T,805,1020736,170,35968,10138,222,3
T,806,1020756,170,36000,10138,251,3
T,807,1020776,170,36033,11138,279,3
T,808,1020796,170,36067,11138,257,3
T,809,1020816,170,36101,11138,247,3
T,810,1020836,170,36136,11138,240,3
T,811,1020856,170,36170,11138,180,3
T,812,1020876,170,36205,12209,279,3
T,813,1020896,170,36240,12209,205,3
T,814,1020916,170,36274,12209,208,3
T,815,1020936,170,36309,12209,217,3
T,816,1020956,170,36344,12209,190,3
T,817,1020976,170,36379,12495,219,3
T,818,1020996,170,36415,12495,167,3
T,819,1021016,170,36449,12495,225,3
T,820,1021036,170,36485,12495,226,3
T,821,1021056,170,36520,12495,230,3
T,822,1021076,170,36555,12495,188,3
T,823,1021096,170,36590,12495,309,3
T,824,1021116,170,36625,12495,180,3
T,825,1021136,170,36660,12495,184,3
T,826,1021156,170,36696,12495,293,3

[host] drv timeout 2000
T,827,1021176,170,36731,12566,227,3
drv timeout 2000
timeout 2000 ms, 2000 ms remaining
  any 'drv duty' kicks it; re-issuing this command kicks it too
> T,828,1021196,170,36766,12566,206,3
T,829,1021216,170,36802,12566,241,3
T,830,1021236,170,36837,12566,243,3
T,831,1021256,170,36872,12566,183,3
T,832,1021276,170,36907,12638,231,3
T,833,1021296,170,36943,12638,224,3
T,834,1021316,170,36978,12638,221,3
T,835,1021336,170,37013,12638,208,3
T,836,1021356,170,37048,12638,180,3
T,837,1021376,170,37084,12566,217,3
T,838,1021396,170,37119,12566,180,3
T,839,1021416,170,37154,12566,235,3
T,840,1021436,170,37189,12566,225,3
T,841,1021456,170,37224,12566,220,3
T,842,1021476,170,37260,12566,192,3
T,843,1021496,170,37295,12566,273,3
T,844,1021516,170,37330,12566,179,3
T,845,1021536,170,37365,12566,184,3
T,846,1021556,170,37400,12566,264,3
T,847,1021576,170,37436,12566,206,3
T,848,1021596,170,37471,12566,206,3
T,849,1021616,170,37506,12566,272,3
T,850,1021636,170,37541,12566,238,3
T,851,1021656,170,37577,12566,184,3
T,852,1021676,170,37612,12566,22
[host] drv timeout 2000
6,3
drv timeout 2000
timeout 2000 ms, 2000 ms remaining
  any 'drv duty' kicks it; re-issuing this command kicks it too
> T,853,1021696,170,37647,12566,215,3
T,854,1021716,170,37682,12566,216,3
T,855,1021736,170,37717,12566,208,3
T,856,1021756,170,37753,12566,177,3
T,857,1021776,170,37788,12566,236,3
T,858,1021796,170,37823,12566,193,3
T,859,1021816,170,37858,12566,248,3
T,860,1021836,170,37893,12566,225,3
T,861,1021856,170,37928,12566,240,3
T,862,1021876,170,37964,12566,215,3
T,863,1021896,170,37999,12566,277,3
T,864,1021916,170,38034,12566,177,3
T,865,1021936,170,38069,12566,192,3
T,866,1021956,170,38104,12566,280,3
T,867,1021976,170,38140,12566,221,3
T,868,1021996,170,38175,12566,225,3
T,869,1022016,170,38210,12566,267,3
T,870,1022036,170,38245,12566,238,3
T,871,1022056,170,38280,12566,205,3
T,872,1022076,170,38315,12495,194,3
T,873,1022096,170,38350,12495,253,3
T,874,1022116,170,38385,12495,222,3
T,875,1022136,170,38420,12495,216,3
T,876,1022156,170,38455,12495,210,3
T,877,1022176,170,38489,12495,22
[host] drv timeout 2000
6,3
drv timeout 2000
timeout 2000 ms, 2000 ms remaining
  any 'drv duty' kicks it; re-issuing this command kicks it too
> T,878,1022196,170,38524,12495,204,3
T,879,1022216,170,38559,12495,229,3
T,880,1022236,170,38594,12495,284,3
T,881,1022256,170,38629,12495,249,3
T,882,1022276,170,38664,12423,206,3
T,883,1022296,170,38699,12423,204,3
T,884,1022316,170,38733,12423,252,3
T,885,1022336,170,38768,12423,236,3
T,886,1022356,170,38803,12423,215,3
T,887,1022376,170,38838,12423,184,3
T,888,1022396,170,38873,12423,265,3
T,889,1022416,170,38908,12423,233,3
T,890,1022436,170,38942,12423,243,3
T,891,1022456,170,38977,12423,248,3
T,892,1022476,170,39012,12495,249,3
T,893,1022496,170,39047,12495,214,3
T,894,1022516,170,39082,12495,233,3
T,895,1022536,170,39117,12495,246,3
T,896,1022556,170,39152,12495,241,3
T,897,1022576,170,39187,12423,201,3
T,898,1022596,170,39222,12423,199,3
T,899,1022616,170,39257,12423,263,3
T,900,1022636,170,39292,12423,226,3
T,901,1022656,170,39327,12423,230,3
T,902,1022676,170,39362,12495,28
[host] drv timeout 2000
3,3
drv timeout 2000
timeout 2000 ms, 2000 ms remaining
  any 'drv duty' kicks it; re-issuing this command kicks it too
> T,903,1022696,170,39397,12495,248,3
T,904,1022716,170,39432,12495,209,3
T,905,1022736,170,39467,12495,224,3
T,906,1022756,170,39502,12495,248,3
T,907,1022776,170,39537,12495,232,3
T,908,1022796,170,39572,12495,214,3
T,909,1022816,170,39608,12495,219,3
T,910,1022836,170,39643,12495,227,3
T,911,1022856,170,39677,12495,173,3
T,912,1022876,170,39712,12566,236,3
T,913,1022896,170,39748,12566,262,3
T,914,1022916,170,39783,12566,242,3
T,915,1022936,170,39818,12566,190,3
T,916,1022956,170,39853,12566,293,3
T,917,1022976,170,39888,12566,194,3
T,918,1022996,170,39923,12566,206,3
T,919,1023016,170,39959,12566,258,3
T,920,1023036,170,39994,12566,209,3
T,921,1023056,170,40029,12566,230,3
T,922,1023076,170,40064,12495,209,3
T,923,1023096,170,40099,12495,249,3
T,924,1023116,170,40135,12495,216,3
T,925,1023136,170,40169,12495,237,3
T,926,1023156,170,40205,12495,232,3
T,927,1023176,170,40240,12566,23
[host] drv timeout 2000
8,3
drv timeout 2000
timeout 2000 ms, 2000 ms remaining
  any 'drv duty' kicks it; re-issuing this command kicks it too
> T,928,1023196,170,40275,12566,200,3
T,929,1023216,170,40311,12566,203,3
T,930,1023236,170,40345,12566,211,3
T,931,1023256,170,40381,12566,203,3
T,932,1023276,170,40416,12566,226,3
T,933,1023296,170,40452,12566,268,3
T,934,1023316,170,40487,12566,246,3
T,935,1023336,170,40522,12566,189,3
T,936,1023356,170,40557,12566,300,3
T,937,1023376,170,40592,12638,198,3
T,938,1023396,170,40628,12638,203,3
T,939,1023416,170,40663,12638,281,3
T,940,1023436,170,40699,12638,230,3
T,941,1023456,170,40734,12638,219,3
T,942,1023476,170,40769,12566,243,3
T,943,1023496,170,40804,12566,246,3
T,944,1023516,170,40840,12566,204,3
T,945,1023536,170,40875,12566,224,3
T,946,1023556,170,40911,12566,236,3
T,947,1023576,170,40946,12638,222,3
T,948,1023596,170,40981,12638,217,3
T,949,1023616,170,41017,12638,183,3
T,950,1023636,170,41052,12638,220,3
T,951,1023656,170,41087,12638,192,3
T,952,1023676,170,41123,12638,254,3

[host] drv timeout 2000
drv timeout 2000
timeout 2000 ms, 2000 ms remaining
  any 'drv duty' kicks it; re-issuing this command kicks it too
> T,953,1023696,170,41158,12638,226,3
T,954,1023716,170,41193,12638,231,3
T,955,1023736,170,41229,12638,247,3
T,956,1023756,170,41265,12638,226,3
T,957,1023776,170,41300,12709,201,3
T,958,1023796,170,41336,12709,230,3
T,959,1023816,170,41371,12709,211,3
T,960,1023836,170,41407,12709,193,3
T,961,1023856,170,41443,12709,252,3
T,962,1023876,170,41478,12638,231,3
T,963,1023896,170,41514,12638,232,3
T,964,1023916,170,41549,12638,248,3
T,965,1023936,170,41585,12638,225,3
T,966,1023956,170,41621,12638,208,3
T,967,1023976,170,41656,12780,196,3
T,968,1023996,170,41692,12780,214,3
T,969,1024016,170,41728,12780,192,3
T,970,1024036,170,41764,12780,245,3
T,971,1024056,170,41799,12780,208,3
T,972,1024076,170,41835,12709,220,3
T,973,1024096,170,41871,12709,248,3
T,974,1024116,170,41906,12709,208,3
T,975,1024136,170,41942,12709,230,3
T,976,1024156,170,41977,12709,193,3
T,977,1024176,170,42013,12709,227,3

[host] drv timeout 2000
drv timeout 2000
timeout 2000 ms, 2000 ms remaining
  any 'drv duty' kicks it; re-issuing this command kicks it too
> T,978,1024196,170,42049,12709,216,3
T,979,1024216,170,42085,12709,246,3
T,980,1024236,170,42120,12709,196,3
T,981,1024256,170,42156,12709,248,3
T,982,1024276,170,42192,12780,226,3
T,983,1024296,170,42228,12780,193,3
T,984,1024316,170,42264,12780,285,3
T,985,1024336,170,42299,12780,219,3
T,986,1024356,170,42335,12780,216,3
T,987,1024376,170,42371,12780,274,3
T,988,1024396,170,42407,12780,232,3
T,989,1024416,170,42443,12780,187,3
T,990,1024436,170,42479,12780,301,3
T,991,1024456,170,42514,12780,195,3
T,992,1024476,170,42550,12780,190,3
T,993,1024496,170,42586,12780,210,3
T,994,1024516,170,42622,12780,176,3
T,995,1024536,170,42657,12780,230,3
T,996,1024556,170,42693,12780,227,3
T,997,1024576,170,42729,12780,224,3
T,998,1024596,170,42765,12780,240,3
T,999,1024616,170,42801,12780,227,3
T,1000,1024636,170,42836,12780,206,3
T,1001,1024656,170,42872,12780,196,3

[host] drv duty 20
T,1002,1024676,170,42908,12780,212,3
drv duty 20
duty +20%
> T,1003,1024696,200,42945,12780,311,3
T,1004,1024716,200,42983,12780,322,3
T,1005,1024736,200,43022,12780,301,3
T,1006,1024756,200,43062,12780,251,3
T,1007,1024776,200,43103,13780,248,3
T,1008,1024796,200,43144,13780,214,3
T,1009,1024816,200,43185,13780,233,3
T,1010,1024836,200,43227,13780,233,3
T,1011,1024856,200,43269,13780,233,3
T,1012,1024876,200,43311,14851,248,3
T,1013,1024896,200,43353,14851,214,3
T,1014,1024916,200,43396,14851,241,3
T,1015,1024936,200,43438,14851,289,3
T,1016,1024956,200,43481,14851,232,3
T,1017,1024976,200,43523,15208,261,3
T,1018,1024996,200,43566,15208,306,3
T,1019,1025016,200,43608,15208,254,3
T,1020,1025036,200,43651,15208,267,3
T,1021,1025056,200,43694,15208,313,3
T,1022,1025076,200,43736,15137,247,3
T,1023,1025096,200,43779,15137,265,3
T,1024,1025116,200,43822,15137,315,3
T,1025,1025136,200,43864,15137,245,3
T,1026,1025156,200,43907,15137,252,3
T,1027,1025176,200,43950,15279,309,3

[host] drv timeout 2000
drv timeout 2000
timeout 2000 ms, 2000 ms remaining
  any 'drv duty' kicks it; re-issuing this command kicks it too
> T,1028,1025196,200,43992,15279,259,3
T,1029,1025216,200,44035,15279,264,3
T,1030,1025236,200,44078,15279,309,3
T,1031,1025256,200,44120,15279,249,3
T,1032,1025276,200,44163,15208,258,3
T,1033,1025296,200,44206,15208,309,3
T,1034,1025316,200,44248,15208,246,3
T,1035,1025336,200,44291,15208,256,3
T,1036,1025356,200,44334,15208,318,3
T,1037,1025376,200,44376,15279,247,3
T,1038,1025396,200,44419,15279,257,3
T,1039,1025416,200,44462,15279,313,3
T,1040,1025436,200,44504,15279,254,3
T,1041,1025456,200,44547,15279,262,3
T,1042,1025476,200,44589,15208,310,3
T,1043,1025496,200,44632,15208,257,3
T,1044,1025516,200,44675,15208,267,3
T,1045,1025536,200,44717,15208,320,3
T,1046,1025556,200,44760,15208,293,3
T,1047,1025576,200,44802,15208,272,3
T,1048,1025596,200,44845,15208,293,3
T,1049,1025616,200,44887,15208,291,3
T,1050,1025636,200,44930,15208,258,3
T,1051,1025656,200,44972,15208,261,3
T,1052,1025676,200,45015,15137,275,3

[host] drv timeout 2000
drv timeout 2000
timeout 2000 ms, 2000 ms remaining
  any 'drv duty' kicks it; re-issuing this command kicks it too
> T,1053,1025696,200,45057,15137,241,3
T,1054,1025716,200,45100,15137,240,3
T,1055,1025736,200,45142,15137,242,3
T,1056,1025756,200,45184,15137,221,3
T,1057,1025776,200,45227,15137,227,3
T,1058,1025796,200,45269,15137,216,3
T,1059,1025816,200,45312,15137,187,3
T,1060,1025836,200,45354,15137,221,3
T,1061,1025856,200,45397,15137,210,3
T,1062,1025876,200,45439,15208,176,3
T,1063,1025896,200,45482,15208,225,3
T,1064,1025916,200,45524,15208,201,3
T,1065,1025936,200,45567,15208,169,3
T,1066,1025956,200,45609,15208,224,3
T,1067,1025976,200,45652,15137,192,3
T,1068,1025996,200,45694,15137,156,3
T,1069,1026016,200,45737,15137,230,3
T,1070,1026036,200,45779,15137,192,3
T,1071,1026056,200,45821,15137,160,3
T,1072,1026076,200,45864,15137,224,3
T,1073,1026096,200,45906,15137,179,3
T,1074,1026116,200,45949,15137,169,3
T,1075,1026136,200,45991,15137,237,3
T,1076,1026156,200,46033,15137,163,3
T,1077,1026176,200,46076,15137,183,3

[host] drv timeout 2000
drv timeout 2000
timeout 2000 ms, 2000 ms remaining
  any 'drv duty' kicks it; re-issuing this command kicks it too
> T,1078,1026196,200,46118,15137,248,3
T,1079,1026216,200,46161,15137,182,3
T,1080,1026236,200,46203,15137,220,3
T,1081,1026256,200,46245,15137,240,3
T,1082,1026276,200,46288,15137,208,3
T,1083,1026296,200,46330,15137,224,3
T,1084,1026316,200,46372,15137,252,3
T,1085,1026336,200,46415,15137,210,3
T,1086,1026356,200,46457,15137,215,3
T,1087,1026376,200,46500,15137,253,3
T,1088,1026396,200,46542,15137,233,3
T,1089,1026416,200,46585,15137,194,3
T,1090,1026436,200,46627,15137,241,3
T,1091,1026456,200,46669,15137,261,3
T,1092,1026476,200,46712,15137,214,3
T,1093,1026496,200,46754,15137,249,3
T,1094,1026516,200,46796,15137,230,3
T,1095,1026536,200,46839,15137,227,3
T,1096,1026556,200,46881,15137,232,3
T,1097,1026576,200,46923,15137,206,3
T,1098,1026596,200,46965,15137,199,3
T,1099,1026616,200,47008,15137,225,3
T,1100,1026636,200,47050,15137,189,3
T,1101,1026656,200,47092,15137,196,3
T,1102,1026676,200,47135,15065,214,3

[host] drv timeout 2000
drv timeout 2000
timeout 2000 ms, 2000 ms remaining
  any 'drv duty' kicks it; re-issuing this command kicks it too
> T,1103,1026696,200,47177,15065,177,3
T,1104,1026716,200,47219,15065,214,3
T,1105,1026736,200,47261,15065,217,3
T,1106,1026756,200,47304,15065,192,3
T,1107,1026776,200,47346,15065,210,3
T,1108,1026796,200,47388,15065,224,3
T,1109,1026816,200,47431,15065,203,3
T,1110,1026836,200,47473,15065,231,3
T,1111,1026856,200,47516,15065,221,3
T,1112,1026876,200,47558,15137,215,3
T,1113,1026896,200,47600,15137,235,3
T,1114,1026916,200,47643,15137,224,3
T,1115,1026936,200,47685,15137,230,3
T,1116,1026956,200,47728,15137,233,3
T,1117,1026976,200,47770,15137,215,3
T,1118,1026996,200,47812,15137,232,3
T,1119,1027016,200,47855,15137,257,3
T,1120,1027036,200,47897,15137,198,3
T,1121,1027056,200,47940,15137,235,3
T,1122,1027076,200,47983,15208,278,3
T,1123,1027096,200,48025,15208,214,3
T,1124,1027116,200,48068,15208,252,3
T,1125,1027136,200,48110,15208,321,3
T,1126,1027156,200,48152,15208,252,3
T,1127,1027176,200,48195,15137,269,3

[host] drv timeout 2000
drv timeout 2000
timeout 2000 ms, 2000 ms remaining
  any 'drv duty' kicks it; re-issuing this command kicks it too
> T,1128,1027196,200,48237,15137,315,3
T,1129,1027216,200,48280,15137,275,3
T,1130,1027236,200,48323,15137,277,3
T,1131,1027256,200,48365,15137,321,3
T,1132,1027276,200,48408,15208,281,3
T,1133,1027296,200,48451,15208,275,3
T,1134,1027316,200,48493,15208,315,3
T,1135,1027336,200,48536,15208,302,3
T,1136,1027356,200,48578,15208,278,3
T,1137,1027376,200,48621,15208,309,3
T,1138,1027396,200,48664,15208,296,3
T,1139,1027416,200,48706,15208,281,3
T,1140,1027436,200,48748,15208,296,3
T,1141,1027456,200,48791,15208,290,3
T,1142,1027476,200,48834,15208,274,3
T,1143,1027496,200,48876,15208,284,3
T,1144,1027516,200,48919,15208,296,3
T,1145,1027536,200,48962,15208,279,3
T,1146,1027556,200,49004,15208,279,3
T,1147,1027576,200,49047,15208,284,3
T,1148,1027596,200,49089,15208,264,3
T,1149,1027616,200,49132,15208,289,3
T,1150,1027636,200,49175,15208,286,3
T,1151,1027656,200,49217,15208,265,3
T,1152,1027676,200,49260,15208,264,3

[host] drv timeout 2000
drv timeout 2000
timeout 2000 ms, 2000 ms remaining
  any 'drv duty' kicks it; re-issuing this command kicks it too
> T,1153,1027696,200,49303,15208,281,3
T,1154,1027716,200,49345,15208,262,3
T,1155,1027736,200,49388,15208,270,3
T,1156,1027756,200,49431,15208,270,3
T,1157,1027776,200,49473,15279,249,3
T,1158,1027796,200,49516,15279,259,3
T,1159,1027816,200,49559,15279,268,3
T,1160,1027836,200,49601,15279,247,3
T,1161,1027856,200,49644,15279,249,3
T,1162,1027876,200,49687,15208,274,3
T,1163,1027896,200,49729,15208,251,3
T,1164,1027916,200,49772,15208,264,3
T,1165,1027936,200,49815,15208,267,3
T,1166,1027956,200,49857,15208,254,3
T,1167,1027976,200,49900,15208,269,3
T,1168,1027996,200,49943,15208,280,3
T,1169,1028016,200,49985,15208,262,3
T,1170,1028036,200,50028,15208,263,3
T,1171,1028056,200,50071,15208,281,3
T,1172,1028076,200,50113,15279,267,3
T,1173,1028096,200,50156,15279,272,3
T,1174,1028116,200,50199,15279,284,3
T,1175,1028136,200,50242,15279,269,3
T,1176,1028156,200,50284,15279,286,3
T,1177,1028176,200,50327,15208,286,3

[host] drv timeout 2000
drv timeout 2000
timeout 2000 ms, 2000 ms remaining
  any 'drv duty' kicks it; re-issuing this command kicks it too
> T,1178,1028196,200,50370,15208,281,3
T,1179,1028216,200,50413,15208,291,3
T,1180,1028236,200,50455,15208,291,3
T,1181,1028256,200,50498,15208,280,3
T,1182,1028276,200,50541,15279,313,3
T,1183,1028296,200,50584,15279,291,3
T,1184,1028316,200,50626,15279,272,3
T,1185,1028336,200,50669,15279,304,3
T,1186,1028356,200,50712,15279,299,3
T,1187,1028376,200,50754,15279,278,3
T,1188,1028396,200,50797,15279,310,3
T,1189,1028416,200,50840,15279,299,3
T,1190,1028436,200,50882,15279,265,3
T,1191,1028456,200,50925,15279,300,3
T,1192,1028476,200,50967,15208,301,3
T,1193,1028496,200,51010,15208,272,3
T,1194,1028516,200,51052,15208,293,3
T,1195,1028536,200,51095,15208,284,3
T,1196,1028556,200,51137,15208,261,3
T,1197,1028576,200,51180,15137,246,3
T,1198,1028596,200,51222,15137,252,3
T,1199,1028616,200,51264,15137,209,3
T,1200,1028636,200,51307,15137,226,3
T,1201,1028656,200,51349,15137,194,3
T,1202,1028676,200,51391,15137,155,3

[host] drv duty 23
drv duty 23
duty +23%
> T,1203,1028696,230,51434,15137,363,3
T,1204,1028716,230,51478,15137,328,3
T,1205,1028736,230,51524,15137,310,3
T,1206,1028756,230,51569,15137,259,3
T,1207,1028776,230,51617,15993,262,3
T,1208,1028796,230,51664,15993,189,3
T,1209,1028816,230,51712,15993,254,3
T,1210,1028836,230,51761,15993,232,3
T,1211,1028856,230,51809,15993,238,3
T,1212,1028876,230,51859,17207,174,3
T,1213,1028896,230,51908,17207,245,3
T,1214,1028916,230,51956,17207,190,3
T,1215,1028936,230,52006,17207,237,3
T,1216,1028956,230,52055,17207,297,3
T,1217,1028976,230,52104,17564,167,3
T,1218,1028996,230,52153,17564,219,3
T,1219,1029016,230,52203,17564,221,3
T,1220,1029036,230,52252,17564,206,3
T,1221,1029056,230,52301,17564,236,3
T,1222,1029076,230,52350,17564,150,3
T,1223,1029096,230,52400,17564,231,3
T,1224,1029116,230,52449,17564,227,3
T,1225,1029136,230,52498,17564,151,3
T,1226,1029156,230,52548,17564,238,3
T,1227,1029176,230,52597,17636,200,3

[host] drv timeout 2000
drv timeout 2000
timeout 2000 ms, 2000 ms remaining
  any 'drv duty' kicks it; re-issuing this command kicks it too
> T,1228,1029196,230,52647,17636,224,3
T,1229,1029216,230,52696,17636,263,3
T,1230,1029236,230,52745,17636,174,3
T,1231,1029256,230,52795,17636,216,3
T,1232,1029276,230,52844,17636,299,3
T,1233,1029296,230,52893,17636,203,3
T,1234,1029316,230,52943,17636,189,3
T,1235,1029336,230,52992,17636,230,3
T,1236,1029356,230,53042,17636,211,3
T,1237,1029376,230,53091,17636,232,3
T,1238,1029396,230,53140,17636,198,3
T,1239,1029416,230,53190,17636,203,3
T,1240,1029436,230,53239,17636,208,3
T,1241,1029456,230,53289,17636,211,3
T,1242,1029476,230,53338,17636,209,3
T,1243,1029496,230,53388,17636,215,3
T,1244,1029516,230,53437,17636,176,3
T,1245,1029536,230,53486,17636,273,3
T,1246,1029556,230,53536,17636,200,3
T,1247,1029576,230,53585,17636,169,3
T,1248,1029596,230,53635,17636,264,3
T,1249,1029616,230,53684,17636,174,3
T,1250,1029636,230,53733,17636,235,3
T,1251,1029656,230,53783,17636,293,3
T,1252,1029676,230,53832,17636,178,3

[host] drv timeout 2000
drv timeout 2000
timeout 2000 ms, 2000 ms remaining
  any 'drv duty' kicks it; re-issuing this command kicks it too
> T,1253,1029696,230,53881,17636,235,3
T,1254,1029716,230,53931,17636,227,3
T,1255,1029736,230,53980,17636,208,3
T,1256,1029756,230,54029,17636,241,3
T,1257,1029776,230,54079,17564,161,3
T,1258,1029796,230,54128,17564,226,3
T,1259,1029816,230,54177,17564,236,3
T,1260,1029836,230,54227,17564,173,3
T,1261,1029856,230,54276,17564,226,3
T,1262,1029876,230,54326,17636,204,3
T,1263,1029896,230,54375,17636,219,3
T,1264,1029916,230,54425,17636,225,3
T,1265,1029936,230,54474,17636,188,3
T,1266,1029956,230,54524,17636,196,3
T,1267,1029976,230,54573,17636,315,3
T,1268,1029996,230,54623,17636,204,3
T,1269,1030016,230,54672,17636,185,3
T,1270,1030036,230,54721,17636,268,3
T,1271,1030056,230,54771,17636,187,3
T,1272,1030076,230,54820,17707,225,3
T,1273,1030096,230,54869,17707,211,3
T,1274,1030116,230,54918,17707,200,3
T,1275,1030136,230,54968,17707,204,3
T,1276,1030156,230,55016,17707,205,3
T,1277,1030176,230,55065,17493,210,3

[host] drv timeout 2000
drv timeout 2000
timeout 2000 ms, 2000 ms remaining
  any 'drv duty' kicks it; re-issuing this command kicks it too
> T,1278,1030196,230,55115,17493,192,3
T,1279,1030216,230,55164,17493,188,3
T,1280,1030236,230,55213,17493,316,3
T,1281,1030256,230,55261,17493,199,3
T,1282,1030276,230,55311,17564,209,3
T,1283,1030296,230,55360,17564,203,3
T,1284,1030316,230,55408,17564,225,3
T,1285,1030336,230,55457,17564,241,3
T,1286,1030356,230,55507,17564,174,3
T,1287,1030376,230,55556,17421,237,3
T,1288,1030396,230,55604,17421,178,3
T,1289,1030416,230,55653,17421,226,3
T,1290,1030436,230,55703,17421,294,3
T,1291,1030456,230,55752,17421,185,3
T,1292,1030476,230,55801,17493,222,3
T,1293,1030496,230,55850,17493,198,3
T,1294,1030516,230,55899,17493,216,3
T,1295,1030536,230,55948,17493,219,3
T,1296,1030556,230,55997,17493,173,3
T,1297,1030576,230,56046,17493,301,3
T,1298,1030596,230,56095,17493,206,3
T,1299,1030616,230,56144,17493,174,3
T,1300,1030636,230,56193,17493,264,3
T,1301,1030656,230,56242,17493,205,3
T,1302,1030676,230,56291,17564,229,3

[host] drv timeout 2000
drv timeout 2000
timeout 2000 ms, 2000 ms remaining
  any 'drv duty' kicks it; re-issuing this command kicks it too
> T,1303,1030696,230,56340,17564,190,3
T,1304,1030716,230,56389,17564,217,3
T,1305,1030736,230,56439,17564,214,3
T,1306,1030756,230,56488,17564,208,3
T,1307,1030776,230,56537,17493,232,3
T,1308,1030796,230,56586,17493,187,3
T,1309,1030816,230,56635,17493,214,3
T,1310,1030836,230,56684,17493,289,3
T,1311,1030856,230,56733,17493,198,3
T,1312,1030876,230,56783,17564,219,3
T,1313,1030896,230,56832,17564,204,3
T,1314,1030916,230,56881,17564,219,3
T,1315,1030936,230,56930,17564,231,3
T,1316,1030956,230,56980,17564,190,3
T,1317,1030976,230,57029,17636,224,3
T,1318,1030996,230,57078,17636,217,3
T,1319,1031016,230,57128,17636,206,3
T,1320,1031036,230,57177,17636,215,3
T,1321,1031056,230,57226,17636,195,3
T,1322,1031076,230,57276,17564,195,3
T,1323,1031096,230,57325,17564,320,3
T,1324,1031116,230,57374,17564,204,3
T,1325,1031136,230,57424,17564,183,3
T,1326,1031156,230,57473,17564,259,3
T,1327,1031176,230,57523,17636,190,3

[host] drv timeout 2000
drv timeT,1328,1031196,230,57572,17636,235,3
out 2000
timeout 2000 ms, 2000 ms remaining
  any 'drv duty' kicks it; re-issuing this command kicks it too
> T,1329,1031216,230,57621,17636,222,3
T,1330,1031236,230,57671,17636,189,3
T,1331,1031256,230,57720,17636,216,3
T,1332,1031276,230,57769,17636,192,3
T,1333,1031296,230,57819,17636,201,3
T,1334,1031316,230,57868,17636,237,3
T,1335,1031336,230,57918,17636,173,3
T,1336,1031356,230,57967,17636,232,3
T,1337,1031376,230,58016,17636,216,3
T,1338,1031396,230,58066,17636,172,3
T,1339,1031416,230,58116,17636,242,3
T,1340,1031436,230,58165,17636,183,3
T,1341,1031456,230,58214,17636,206,3
T,1342,1031476,230,58264,17636,284,3
T,1343,1031496,230,58313,17636,185,3
T,1344,1031516,230,58363,17636,220,3
T,1345,1031536,230,58412,17636,275,3
T,1346,1031556,230,58461,17636,190,3
T,1347,1031576,230,58511,17707,187,3
T,1348,1031596,230,58561,17707,245,3
T,1349,1031616,230,58610,17707,187,3
T,1350,1031636,230,58660,17707,230,3
T,1351,1031656,230,58709,17707,216,3
T,1352,1031676,230,58759,17636,188,3

[host] drv timeout 2000
T,1353,1031696,230,58808,17636,219,3
drv timeout 2000
timeout 2000 ms, 2000 ms remaining
  any 'drv duty' kicks it; re-issuing this command kicks it too
> T,1354,1031716,230,58857,17636,194,3
T,1355,1031736,230,58907,17636,210,3
T,1356,1031756,230,58956,17636,240,3
T,1357,1031776,230,59006,17636,163,3
T,1358,1031796,230,59055,17636,226,3
T,1359,1031816,230,59105,17636,224,3
T,1360,1031836,230,59155,17636,176,3
T,1361,1031856,230,59204,17636,219,3
T,1362,1031876,230,59254,17707,198,3
T,1363,1031896,230,59303,17707,198,3
T,1364,1031916,230,59353,17707,212,3
T,1365,1031936,230,59403,17707,182,3
T,1366,1031956,230,59452,17707,187,3
T,1367,1031976,230,59502,17707,274,3
T,1368,1031996,230,59552,17707,200,3
T,1369,1032016,230,59601,17707,177,3
T,1370,1032036,230,59652,17707,235,3
T,1371,1032056,230,59701,17707,174,3
T,1372,1032076,230,59751,17850,195,3
T,1373,1032096,230,59800,17850,225,3
T,1374,1032116,230,59851,17850,185,3
T,1375,1032136,230,59900,17850,185,3
T,1376,1032156,230,59950,17850,286,3
T,1377,1032176,230,60000,17707,193,3

[host] drv timeout 2000
T,1378,1032196,230,60049,17707,167,3
drv timeout 2000
timeout 2000 ms, 2000 ms remaining
  any 'drv duty' kicks it; re-issuing this command kicks it too
> T,1379,1032216,230,60099,17707,251,3
T,1380,1032236,230,60149,17707,161,3
T,1381,1032256,230,60198,17707,203,3
T,1382,1032276,230,60248,17778,261,3
T,1383,1032296,230,60297,17778,189,3
T,1384,1032316,230,60347,17778,205,3
T,1385,1032336,230,60397,17778,305,3
T,1386,1032356,230,60447,17778,193,3
T,1387,1032376,230,60496,17707,183,3
T,1388,1032396,230,60546,17707,280,3
T,1389,1032416,230,60596,17707,160,3
T,1390,1032436,230,60645,17707,220,3
T,1391,1032456,230,60695,17707,293,3
T,1392,1032476,230,60744,17707,164,3
T,1393,1032496,230,60794,17707,230,3
T,1394,1032516,230,60844,17707,252,3
T,1395,1032536,230,60893,17707,195,3
T,1396,1032556,230,60943,17707,209,3
T,1397,1032576,230,60992,17707,236,3
T,1398,1032596,230,61042,17707,180,3
T,1399,1032616,230,61092,17707,229,3
T,1400,1032636,230,61141,17707,219,3
T,1401,1032656,230,61191,17707,183,3
T,1402,1032676,230,61240,17707,219,3

[host] drv duty 26
drv duty 26
duty +26%
> T,1403,1032696,260,61290,17707,347,3
T,1404,1032716,260,61340,17707,337,3
T,1405,1032736,260,61392,17707,262,3
T,1406,1032756,260,61446,17707,280,3
T,1407,1032776,260,61500,18421,257,3
T,1408,1032796,260,61554,18421,233,3
T,1409,1032816,260,61609,18421,249,3
T,1410,1032836,260,61664,18421,249,3
T,1411,1032856,260,61720,18421,281,3
T,1412,1032876,260,61776,19706,199,3
T,1413,1032896,260,61832,19706,198,3
T,1414,1032916,260,61888,19706,251,3
T,1415,1032936,260,61944,19706,243,3
T,1416,1032956,260,62000,19706,246,3
T,1417,1032976,260,62056,19992,236,3
T,1418,1032996,260,62112,19992,237,3
T,1419,1033016,260,62168,19992,242,3
T,1420,1033036,260,62225,19992,177,3
T,1421,1033056,260,62281,19992,199,3
T,1422,1033076,260,62337,20063,306,3
T,1423,1033096,260,62394,20063,248,3
T,1424,1033116,260,62450,20063,203,3
T,1425,1033136,260,62507,20063,246,3
T,1426,1033156,260,62563,20063,254,3
T,1427,1033176,260,62619,20135,229,3
T,1428,1033196,260,62676,20135,2
[host] drv timeout 2000
01,3
drv timeout 2000
timeout 2000 ms, 2000 ms remaining
  any 'drv duty' kicks it; re-issuing this command kicks it too
> T,1429,1033216,260,62732,20135,249,3
T,1430,1033236,260,62788,20135,238,3
T,1431,1033256,260,62845,20135,199,3
T,1432,1033276,260,62901,20135,224,3
T,1433,1033296,260,62957,20135,323,3
T,1434,1033316,260,63013,20135,242,3
T,1435,1033336,260,63070,20135,220,3
T,1436,1033356,260,63127,20135,321,3
T,1437,1033376,260,63183,20135,221,3
T,1438,1033396,260,63239,20135,200,3
T,1439,1033416,260,63295,20135,229,3
T,1440,1033436,260,63352,20135,232,3
T,1441,1033456,260,63408,20135,241,3
T,1442,1033476,260,63464,20063,232,3
T,1443,1033496,260,63520,20063,242,3
T,1444,1033516,260,63577,20063,246,3
T,1445,1033536,260,63633,20063,189,3
T,1446,1033556,260,63689,20063,206,3
T,1447,1033576,260,63746,20135,307,3
T,1448,1033596,260,63802,20135,249,3
T,1449,1033616,260,63858,20135,203,3
T,1450,1033636,260,63914,20135,249,3
T,1451,1033656,260,63971,20135,264,3
T,1452,1033676,260,64027,20063,232,3
T,1453,1033696,260,64083,20063,2
[host] drv timeout 2000
10,3
drv timeout 2000
timeout 2000 ms, 2000 ms remaining
  any 'drv duty' kicks it; re-issuing this command kicks it too
> T,1454,1033716,260,64139,20063,240,3
T,1455,1033736,260,64196,20063,246,3
T,1456,1033756,260,64252,20063,194,3
T,1457,1033776,260,64308,20063,190,3
T,1458,1033796,260,64364,20063,339,3
T,1459,1033816,260,64421,20063,254,3
T,1460,1033836,260,64477,20063,222,3
T,1461,1033856,260,64533,20063,278,3
T,1462,1033876,260,64589,20135,253,3
T,1463,1033896,260,64646,20135,211,3
T,1464,1033916,260,64702,20135,196,3
T,1465,1033936,260,64759,20135,236,3
T,1466,1033956,260,64815,20135,257,3
T,1467,1033976,260,64871,20063,246,3
T,1468,1033996,260,64927,20063,229,3
T,1469,1034016,260,64983,20063,307,3
T,1470,1034036,260,65040,20063,210,3
T,1471,1034056,260,65096,20063,192,3
T,1472,1034076,260,65152,20063,258,3
T,1473,1034096,260,65208,20063,245,3
T,1474,1034116,260,65264,20063,225,3
T,1475,1034136,260,65321,20063,230,3
T,1476,1034156,260,65377,20063,252,3
T,1477,1034176,260,65433,20063,238,3
T,1478,1034196,260,65489,20063,195,3

[host] drv timeout 2000
drv timeout 2000
timeout 2000 ms, 2000 ms remaining
  any 'drv duty' kicks it; re-issuing this command kicks it too
> T,1479,1034216,260,65546,20063,206,3
T,1480,1034236,260,65602,20063,306,3
T,1481,1034256,260,65658,20063,240,3
T,1482,1034276,260,65715,20063,189,3
T,1483,1034296,260,65771,20063,274,3
T,1484,1034316,260,65827,20063,258,3
T,1485,1034336,260,65884,20063,230,3
T,1486,1034356,260,65940,20063,206,3
T,1487,1034376,260,65996,20135,256,3
T,1488,1034396,260,66052,20135,235,3
T,1489,1034416,260,66109,20135,195,3
T,1490,1034436,260,66165,20135,195,3
T,1491,1034456,260,66221,20135,326,3
T,1492,1034476,260,66277,20135,243,3
T,1493,1034496,260,66333,20135,226,3
T,1494,1034516,260,66390,20135,307,3
T,1495,1034536,260,66446,20135,227,3
T,1496,1034556,260,66503,20135,201,3
T,1497,1034576,260,66559,20063,222,3
T,1498,1034596,260,66615,20063,242,3
T,1499,1034616,260,66672,20063,241,3
T,1500,1034636,260,66728,20063,233,3
T,1501,1034656,260,66784,20063,236,3
T,1502,1034676,260,66841,20135,246,3
T,1503,1034696,260,66897,20135,184,3

[host] drv timeout 2000
drv timeout 2000
timeout 2000 ms, 2000 ms remaining
  any 'drv duty' kicks it; re-issuing this command kicks it too
> T,1504,1034716,260,66954,20135,204,3
T,1505,1034736,260,67010,20135,286,3
T,1506,1034756,260,67067,20135,220,3
T,1507,1034776,260,67123,20135,157,3
T,1508,1034796,260,67180,20135,316,3
T,1509,1034816,260,67236,20135,248,3
T,1510,1034836,260,67293,20135,217,3
T,1511,1034856,260,67349,20135,278,3
T,1512,1034876,260,67406,20206,222,3
T,1513,1034896,260,67463,20206,211,3
T,1514,1034916,260,67519,20206,199,3
T,1515,1034936,260,67576,20206,231,3
T,1516,1034956,260,67632,20206,236,3
T,1517,1034976,260,67688,20135,229,3
T,1518,1034996,260,67745,20135,251,3
T,1519,1035016,260,67801,20135,229,3
T,1520,1035036,260,67858,20135,200,3
T,1521,1035056,260,67915,20135,222,3
T,1522,1035076,260,67972,20206,246,3
T,1523,1035096,260,68028,20206,196,3
T,1524,1035116,260,68085,20206,184,3
T,1525,1035136,260,68141,20206,306,3
T,1526,1035156,260,68198,20206,231,3
T,1527,1035176,260,68254,20206,208,3
T,1528,1035196,260,68311,20206,312,3

[host] drv timeout 2000
drv timeout 2000
timeout 2000 ms, 2000 ms remaining
  any 'drv duty' kicks it; re-issuing this command kicks it too
> T,1529,1035216,260,68367,20206,205,3
T,1530,1035236,260,68424,20206,148,3
T,1531,1035256,260,68480,20206,238,3
T,1532,1035276,260,68536,20135,171,3
T,1533,1035296,260,68592,20135,240,3
T,1534,1035316,260,68648,20135,232,3
T,1535,1035336,260,68704,20135,230,3
T,1536,1035356,260,68760,20135,258,3
T,1537,1035376,260,68817,20063,183,3
T,1538,1035396,260,68873,20063,196,3
T,1539,1035416,260,68929,20063,307,3
T,1540,1035436,260,68985,20063,225,3
T,1541,1035456,260,69042,20063,190,3
T,1542,1035476,260,69098,20063,241,3
T,1543,1035496,260,69154,20063,237,3
T,1544,1035516,260,69211,20063,236,3
T,1545,1035536,260,69267,20063,211,3
T,1546,1035556,260,69324,20063,238,3
T,1547,1035576,260,69380,20135,251,3
T,1548,1035596,260,69436,20135,201,3
T,1549,1035616,260,69492,20135,176,3
T,1550,1035636,260,69549,20135,321,3
T,1551,1035656,260,69605,20135,232,3
T,1552,1035676,260,69662,20135,210,3
T,1553,1035696,260,69718,20135,320,3

[host] drv timeout 2000
drv timeout 2000
timeout 2000 ms, 2000 ms remaining
  any 'drv duty' kicks it; re-issuing this command kicks it too
> T,1554,1035716,260,69775,20135,229,3
T,1555,1035736,260,69831,20135,187,3
T,1556,1035756,260,69888,20135,245,3
T,1557,1035776,260,69944,20135,225,3
T,1558,1035796,260,70000,20135,229,3
T,1559,1035816,260,70057,20135,212,3
T,1560,1035836,260,70113,20135,235,3
T,1561,1035856,260,70169,20135,238,3
T,1562,1035876,260,70226,20135,211,3
T,1563,1035896,260,70282,20135,217,3
T,1564,1035916,260,70339,20135,288,3
T,1565,1035936,260,70395,20135,230,3
T,1566,1035956,260,70451,20135,176,3
T,1567,1035976,260,70508,20063,305,3
T,1568,1035996,260,70564,20063,245,3
T,1569,1036016,260,70620,20063,225,3
T,1570,1036036,260,70676,20063,235,3
T,1571,1036056,260,70733,20063,261,3
T,1572,1036076,260,70789,20135,233,3
T,1573,1036096,260,70845,20135,203,3
T,1574,1036116,260,70902,20135,224,3
T,1575,1036136,260,70958,20135,272,3
T,1576,1036156,260,71015,20135,225,3
T,1577,1036176,260,71071,20135,225,3
T,1578,1036196,260,71127,20135,318,3

[host] drv timeout 2000
drv timeout 2000
timeout 2000 ms, 2000 ms remaining
  any 'drv duty' kicks it; re-issuing this command kicks it too
> T,1579,1036216,260,71183,20135,219,3
T,1580,1036236,260,71240,20135,193,3
T,1581,1036256,260,71296,20135,257,3
T,1582,1036276,260,71352,20063,235,3
T,1583,1036296,260,71409,20063,231,3
T,1584,1036316,260,71465,20063,221,3
T,1585,1036336,260,71521,20063,240,3
T,1586,1036356,260,71577,20063,249,3
T,1587,1036376,260,71634,20135,212,3
T,1588,1036396,260,71690,20135,215,3
T,1589,1036416,260,71747,20135,294,3
T,1590,1036436,260,71803,20135,226,3
T,1591,1036456,260,71859,20135,185,3
T,1592,1036476,260,71915,20063,289,3
T,1593,1036496,260,71972,20063,247,3
T,1594,1036516,260,72028,20063,224,3
T,1595,1036536,260,72084,20063,230,3
T,1596,1036556,260,72141,20063,263,3
T,1597,1036576,260,72197,20135,238,3
T,1598,1036596,260,72253,20135,206,3
T,1599,1036616,260,72309,20135,226,3
T,1600,1036636,260,72366,20135,288,3
T,1601,1036656,260,72422,20135,233,3
T,1602,1036676,260,72479,20063,221,3

[host] drv duty 29
T,1603,1036696,260,72535,20063,325,3
drv duty 29
duty +29%
> T,1604,1036716,290,72592,20063,302,3
T,1605,1036736,290,72650,20063,301,3
T,1606,1036756,290,72709,20063,283,3
T,1607,1036776,290,72770,20777,338,3
T,1608,1036796,290,72831,20777,279,3
T,1609,1036816,290,72893,20777,230,3
T,1610,1036836,290,72955,20777,233,3
T,1611,1036856,290,73017,20777,252,3
T,1612,1036876,290,73080,22063,240,3
T,1613,1036896,290,73143,22063,222,3
T,1614,1036916,290,73205,22063,220,3
T,1615,1036936,290,73268,22063,203,3
T,1616,1036956,290,73332,22063,183,3
T,1617,1036976,290,73395,22491,192,3
T,1618,1036996,290,73457,22491,203,3
T,1619,1037016,290,73521,22491,220,3
T,1620,1037036,290,73584,22491,233,3
T,1621,1037056,290,73647,22491,241,3
T,1622,1037076,290,73710,22491,262,3
T,1623,1037096,290,73773,22491,297,3
T,1624,1037116,290,73836,22491,323,3
T,1625,1037136,290,73900,22491,320,3
T,1626,1037156,290,73963,22491,284,3
T,1627,1037176,290,74026,22562,232,3
T,1628,1037196,290,74089,22562,219,3

[host] drv timeout 2000
drv timeout 2000
timeout 2000 ms, 2000 ms remaining
  any 'drv duty' kicks it; re-issuing this command kicks it too
> T,1629,1037216,290,74152,22562,216,3
T,1630,1037236,290,74215,22562,217,3
T,1631,1037256,290,74278,22562,224,3
T,1632,1037276,290,74341,22491,226,3
T,1633,1037296,290,74404,22491,233,3
T,1634,1037316,290,74468,22491,233,3
T,1635,1037336,290,74531,22491,232,3
T,1636,1037356,290,74594,22491,224,3
T,1637,1037376,290,74657,22562,224,3
T,1638,1037396,290,74720,22562,219,3
T,1639,1037416,290,74783,22562,226,3
T,1640,1037436,290,74847,22562,205,3
T,1641,1037456,290,74909,22562,205,3
T,1642,1037476,290,74973,22562,205,3
T,1643,1037496,290,75036,22562,204,3
T,1644,1037516,290,75099,22562,212,3
T,1645,1037536,290,75162,22562,217,3
T,1646,1037556,290,75225,22562,227,3
T,1647,1037576,290,75289,22562,227,3
T,1648,1037596,290,75352,22562,247,3
T,1649,1037616,290,75416,22562,278,3
T,1650,1037636,290,75479,22562,300,3
T,1651,1037656,290,75542,22562,305,3
T,1652,1037676,290,75605,22562,289,3
T,1653,1037696,290,75669,22562,254,3

[host] drv timeout 2000
drv timeout 2000
timeout 2000 ms, 2000 ms remaining
  any 'drv duty' kicks it; re-issuing this command kicks it too
> T,1654,1037716,290,75732,22562,226,3
T,1655,1037736,290,75796,22562,205,3
T,1656,1037756,290,75859,22562,183,3
T,1657,1037776,290,75922,22634,177,3
T,1658,1037796,290,75985,22634,177,3
T,1659,1037816,290,76049,22634,185,3
T,1660,1037836,290,76112,22634,180,3
T,1661,1037856,290,76176,22634,184,3
T,1662,1037876,290,76240,22705,174,3
T,1663,1037896,290,76303,22705,190,3
T,1664,1037916,290,76367,22705,194,3
T,1665,1037936,290,76430,22705,210,3
T,1666,1037956,290,76494,22705,216,3
T,1667,1037976,290,76557,22634,224,3
T,1668,1037996,290,76621,22634,233,3
T,1669,1038016,290,76684,22634,247,3
T,1670,1038036,290,76748,22634,247,3
T,1671,1038056,290,76811,22634,238,3
T,1672,1038076,290,76875,22705,225,3
T,1673,1038096,290,76938,22705,209,3
T,1674,1038116,290,77002,22705,204,3
T,1675,1038136,290,77065,22705,196,3
T,1676,1038156,290,77129,22705,185,3
T,1677,1038176,290,77193,22705,178,3
T,1678,1038196,290,77256,22705,167,3

[host] drv timeout 2000
drv timeout 2000
timeout 2000 ms, 2000 ms remaining
  any 'drv duty' kicks it; re-issuing this command kicks it too
> T,1679,1038216,290,77320,22705,160,3
T,1680,1038236,290,77384,22705,162,3
T,1681,1038256,290,77447,22705,179,3
T,1682,1038276,290,77511,22705,189,3
T,1683,1038296,290,77574,22705,190,3
T,1684,1038316,290,77638,22705,194,3
T,1685,1038336,290,77701,22705,206,3
T,1686,1038356,290,77765,22705,216,3
T,1687,1038376,290,77828,22634,226,3
T,1688,1038396,290,77892,22634,231,3
T,1689,1038416,290,77956,22634,241,3
T,1690,1038436,290,78019,22634,252,3
T,1691,1038456,290,78082,22634,273,3
T,1692,1038476,290,78146,22705,290,3
T,1693,1038496,290,78209,22705,300,3
T,1694,1038516,290,78273,22705,297,3
T,1695,1038536,290,78336,22705,285,3
T,1696,1038556,290,78400,22705,258,3
T,1697,1038576,290,78463,22634,230,3
T,1698,1038596,290,78526,22634,211,3
T,1699,1038616,290,78590,22634,198,3
T,1700,1038636,290,78653,22634,196,3
T,1701,1038656,290,78717,22634,199,3
T,1702,1038676,290,78780,22634,196,3
T,1703,1038696,290,78844,22634,206,3

[host] drv timeout 2000
drv timeout 2000
timeout 2000 ms, 2000 ms remaining
  any 'drv duty' kicks it; re-issuing this command kicks it too
> T,1704,1038716,290,78907,22634,222,3
T,1705,1038736,290,78970,22634,229,3
T,1706,1038756,290,79033,22634,233,3
T,1707,1038776,290,79097,22634,233,3
T,1708,1038796,290,79160,22634,226,3
T,1709,1038816,290,79224,22634,226,3
T,1710,1038836,290,79287,22634,216,3
T,1711,1038856,290,79350,22634,225,3
T,1712,1038876,290,79413,22562,229,3
T,1713,1038896,290,79477,22562,221,3
T,1714,1038916,290,79540,22562,205,3
T,1715,1038936,290,79603,22562,203,3
T,1716,1038956,290,79667,22562,195,3
T,1717,1038976,290,79730,22634,201,3
T,1718,1038996,290,79793,22634,211,3
T,1719,1039016,290,79856,22634,215,3
T,1720,1039036,290,79920,22634,232,3
T,1721,1039056,290,79983,22634,236,3
T,1722,1039076,290,80046,22634,254,3
T,1723,1039096,290,80110,22634,283,3
T,1724,1039116,290,80173,22634,305,3
T,1725,1039136,290,80236,22634,320,3
T,1726,1039156,290,80300,22634,316,3
T,1727,1039176,290,80363,22562,275,3
T,1728,1039196,290,80426,22562,240,3

[host] drv timeout 2000
drv timeout 2000
timeout 2000 ms, 2000 ms remaining
  any 'drv duty' kicks it; re-issuing this command kicks it too
> T,1729,1039216,290,80489,22562,221,3
T,1730,1039236,290,80552,22562,216,3
T,1731,1039256,290,80616,22562,224,3
T,1732,1039276,290,80679,22562,219,3
T,1733,1039296,290,80742,22562,227,3
T,1734,1039316,290,80805,22562,235,3
T,1735,1039336,290,80868,22562,238,3
T,1736,1039356,290,80932,22562,245,3
T,1737,1039376,290,80995,22562,248,3
T,1738,1039396,290,81058,22562,240,3
T,1739,1039416,290,81121,22562,231,3
T,1740,1039436,290,81185,22562,232,3
T,1741,1039456,290,81248,22562,231,3
T,1742,1039476,290,81311,22634,229,3
T,1743,1039496,290,81374,22634,215,3
T,1744,1039516,290,81437,22634,204,3
T,1745,1039536,290,81501,22634,208,3
T,1746,1039556,290,81564,22634,208,3
T,1747,1039576,290,81628,22562,220,3
T,1748,1039596,290,81691,22562,214,3
T,1749,1039616,290,81754,22562,231,3
T,1750,1039636,290,81817,22562,235,3
T,1751,1039656,290,81880,22562,246,3
T,1752,1039676,290,81944,22562,273,3
T,1753,1039696,290,82007,22562,291,3

[host] drv timeout 2000
drv timeout 2000
timeout 2000 ms, 2000 ms remaining
  any 'drv duty' kicks it; re-issuing this command kicks it too
> T,1754,1039716,290,82071,22562,306,3
T,1755,1039736,290,82134,22562,310,3
T,1756,1039756,290,82197,22562,270,3
T,1757,1039776,290,82260,22634,247,3
T,1758,1039796,290,82324,22634,216,3
T,1759,1039816,290,82387,22634,196,3
T,1760,1039836,290,82451,22634,183,3
T,1761,1039856,290,82514,22634,189,3
T,1762,1039876,290,82577,22562,176,3
T,1763,1039896,290,82641,22562,188,3
T,1764,1039916,290,82704,22562,193,3
T,1765,1039936,290,82768,22562,195,3
T,1766,1039956,290,82831,22562,189,3
T,1767,1039976,290,82894,22705,203,3
T,1768,1039996,290,82957,22705,222,3
T,1769,1040016,290,83021,22705,235,3
T,1770,1040036,290,83084,22705,249,3
T,1771,1040056,290,83148,22705,249,3
T,1772,1040076,290,83211,22562,230,3
T,1773,1040096,290,83274,22562,211,3
T,1774,1040116,290,83337,22562,182,3
T,1775,1040136,290,83401,22562,171,3
T,1776,1040156,290,83464,22562,167,3
T,1777,1040176,290,83528,22634,163,3
T,1778,1040196,290,83591,22634,166,3

[host] drv timeout 2000
drv timeout 2000
timeout 2000 ms, 2000 ms remaining
  any 'drv duty' kicks it; re-issuing this command kicks it too
> T,1779,1040216,290,83654,22634,185,3
T,1780,1040236,290,83717,22634,199,3
T,1781,1040256,290,83781,22634,205,3
T,1782,1040276,290,83844,22562,221,3
T,1783,1040296,290,83908,22562,232,3
T,1784,1040316,290,83971,22562,247,3
T,1785,1040336,290,84035,22562,259,3
T,1786,1040356,290,84098,22562,269,3
T,1787,1040376,290,84161,22705,290,3
T,1788,1040396,290,84225,22705,302,3
T,1789,1040416,290,84288,22705,296,3
T,1790,1040436,290,84352,22705,284,3
T,1791,1040456,290,84416,22705,261,3
T,1792,1040476,290,84479,22634,243,3
T,1793,1040496,290,84543,22634,211,3
T,1794,1040516,290,84606,22634,208,3
T,1795,1040536,290,84670,22634,199,3
T,1796,1040556,290,84733,22634,195,3
T,1797,1040576,290,84797,22705,194,3
T,1798,1040596,290,84860,22705,198,3
T,1799,1040616,290,84924,22705,198,3
T,1800,1040636,290,84988,22705,209,3
T,1801,1040656,290,85051,22705,209,3
T,1802,1040676,290,85115,22705,215,3
T,1803,1040696,290,85178,22705,227,3

[host] drv duty 32
drv duty 32
duty +32%
> T,1804,1040716,320,85242,22705,354,3
T,1805,1040736,320,85307,22705,302,3
T,1806,1040756,320,85373,22705,268,3
T,1807,1040776,320,85441,23205,349,3
T,1808,1040796,320,85509,23205,232,3
T,1809,1040816,320,85578,23205,251,3
T,1810,1040836,320,85648,23205,201,3
T,1811,1040856,320,85717,23205,295,3
T,1812,1040876,320,85787,24633,231,3
T,1813,1040896,320,85856,24633,229,3
T,1814,1040916,320,85926,24633,217,3
T,1815,1040936,320,85996,24633,304,3
T,1816,1040956,320,86067,24633,187,3
T,1817,1040976,320,86137,24990,235,3
T,1818,1040996,320,86207,24990,262,3
T,1819,1041016,320,86277,24990,196,3
T,1820,1041036,320,86348,24990,238,3
T,1821,1041056,320,86418,24990,178,3
T,1822,1041076,320,86488,25133,241,3
T,1823,1041096,320,86559,25133,211,3
T,1824,1041116,320,86629,25133,226,3
T,1825,1041136,320,86699,25133,321,3
T,1826,1041156,320,86770,25133,194,3
T,1827,1041176,320,86840,25133,231,3
T,1828,1041196,320,86911,25133,219,3

[host] drv timeout 2000
drv timeout 2000
timeout 2000 ms, 2000 ms remaining
  any 'drv duty' kicks it; re-issuing this command kicks it too
> T,1829,1041216,320,86981,25133,211,3
T,1830,1041236,320,87051,25133,242,3
T,1831,1041256,320,87121,25133,169,3
T,1832,1041276,320,87192,25061,257,3
T,1833,1041296,320,87262,25061,208,3
T,1834,1041316,320,87332,25061,227,3
T,1835,1041336,320,87403,25061,300,3
T,1836,1041356,320,87473,25061,204,3
T,1837,1041376,320,87544,25133,229,3
T,1838,1041396,320,87614,25133,214,3
T,1839,1041416,320,87684,25133,229,3
T,1840,1041436,320,87754,25133,201,3
T,1841,1041456,320,87824,25133,176,3
T,1842,1041476,320,87895,25061,296,3
T,1843,1041496,320,87965,25061,209,3
T,1844,1041516,320,88035,25061,230,3
T,1845,1041536,320,88105,25061,235,3
T,1846,1041556,320,88175,25061,231,3
T,1847,1041576,320,88245,25061,208,3
T,1848,1041596,320,88316,25061,210,3
T,1849,1041616,320,88386,25061,284,3
T,1850,1041636,320,88456,25061,168,3
T,1851,1041656,320,88526,25061,195,3
T,1852,1041676,320,88596,25061,246,3
T,1853,1041696,320,88666,25061,229,3

[host] drv timeout 2000
drv timeout 2000
timeout 2000 ms, 2000 ms remaining
  any 'drv duty' kicks it; re-issuing this command kicks it too
> T,1854,1041716,320,88736,25061,216,3
T,1855,1041736,320,88807,25061,214,3
T,1856,1041756,320,88877,25061,280,3
T,1857,1041776,320,88947,25061,178,3
T,1858,1041796,320,89017,25061,224,3
T,1859,1041816,320,89087,25061,270,3
T,1860,1041836,320,89157,25061,211,3
T,1861,1041856,320,89227,25061,242,3
T,1862,1041876,320,89297,24990,184,3
T,1863,1041896,320,89367,24990,278,3
T,1864,1041916,320,89437,24990,208,3
T,1865,1041936,320,89507,24990,238,3
T,1866,1041956,320,89577,24990,222,3
T,1867,1041976,320,89648,24990,230,3
T,1868,1041996,320,89717,24990,219,3
T,1869,1042016,320,89788,24990,212,3
T,1870,1042036,320,89858,24990,279,3
T,1871,1042056,320,89928,24990,172,3
T,1872,1042076,320,89998,24990,192,3
T,1873,1042096,320,90068,24990,256,3
T,1874,1042116,320,90138,24990,236,3
T,1875,1042136,320,90208,24990,229,3
T,1876,1042156,320,90279,24990,217,3
T,1877,1042176,320,90349,25133,289,3
T,1878,1042196,320,90419,25133,206,3

[host] drv timeout 2000
drv timeout 2000
timeout 2000 ms, 2000 ms remaining
  any 'drv duty' kicks it; re-issuing this command kicks it too
> T,1879,1042216,320,90489,25133,226,3
T,1880,1042236,320,90560,25133,279,3
T,1881,1042256,320,90630,25133,193,3
T,1882,1042276,320,90700,25061,235,3
T,1883,1042296,320,90770,25061,174,3
T,1884,1042316,320,90840,25061,241,3
T,1885,1042336,320,90911,25061,215,3
T,1886,1042356,320,90981,25061,229,3
T,1887,1042376,320,91051,24990,316,3
T,1888,1042396,320,91121,24990,198,3
T,1889,1042416,320,91192,24990,224,3
T,1890,1042436,320,91262,24990,222,3
T,1891,1042456,320,91332,24990,214,3
T,1892,1042476,320,91403,25133,232,3
T,1893,1042496,320,91473,25133,153,3
T,1894,1042516,320,91544,25133,262,3
T,1895,1042536,320,91614,25133,195,3
T,1896,1042556,320,91684,25133,230,3
T,1897,1042576,320,91755,25133,300,3
T,1898,1042596,320,91825,25133,208,3
T,1899,1042616,320,91896,25133,216,3
T,1900,1042636,320,91966,25133,214,3
T,1901,1042656,320,92036,25133,217,3
T,1902,1042676,320,92107,25133,236,3
T,1903,1042696,320,92177,25133,168,3

[host] drv timeout 2000
drv timeout 2000
timeout 2000 ms, 2000 ms remaining
  any 'drv duty' kicks it; re-issuing this command kicks it too
> T,1904,1042716,320,92248,25133,252,3
T,1905,1042736,320,92318,25133,205,3
T,1906,1042756,320,92389,25133,217,3
T,1907,1042776,320,92459,25133,313,3
T,1908,1042796,320,92530,25133,193,3
T,1909,1042816,320,92600,25133,229,3
T,1910,1042836,320,92671,25133,251,3
T,1911,1042856,320,92741,25133,195,3
T,1912,1042876,320,92812,25276,232,3
T,1913,1042896,320,92883,25276,185,3
T,1914,1042916,320,92953,25276,232,3
T,1915,1042936,320,93024,25276,215,3
T,1916,1042956,320,93094,25276,210,3
T,1917,1042976,320,93165,25133,280,3
T,1918,1042996,320,93236,25133,183,3
T,1919,1043016,320,93306,25133,216,3
T,1920,1043036,320,93376,25133,289,3
T,1921,1043056,320,93447,25133,163,3
T,1922,1043076,320,93517,25204,214,3
T,1923,1043096,320,93588,25204,208,3
T,1924,1043116,320,93658,25204,229,3
T,1925,1043136,320,93728,25204,226,3
T,1926,1043156,320,93799,25204,210,3
T,1927,1043176,320,93869,25133,285,3
T,1928,1043196,320,93940,25133,205,3

[host] drv timeout 2000
drv timeout 200T,1929,1043216,320,94010,25133,221,3
0
timeout 2000 ms, 2000 ms remaining
  any 'drv duty' kicks it; re-issuing this command kicks it too
> T,1930,1043236,320,94080,25133,297,3
T,1931,1043256,320,94151,25133,162,3
T,1932,1043276,320,94221,25133,200,3
T,1933,1043296,320,94292,25133,224,3
T,1934,1043316,320,94362,25133,229,3
T,1935,1043336,320,94433,25133,226,3
T,1936,1043356,320,94503,25133,209,3
T,1937,1043376,320,94573,25133,269,3
T,1938,1043396,320,94644,25133,203,3
T,1939,1043416,320,94715,25133,217,3
T,1940,1043436,320,94785,25133,295,3
T,1941,1043456,320,94856,25133,161,3
T,1942,1043476,320,94926,25133,198,3
T,1943,1043496,320,94996,25133,251,3
T,1944,1043516,320,95067,25133,209,3
T,1945,1043536,320,95137,25133,232,3
T,1946,1043556,320,95208,25133,210,3
T,1947,1043576,320,95278,25133,236,3
T,1948,1043596,320,95349,25133,210,3
T,1949,1043616,320,95419,25133,204,3
T,1950,1043636,320,95489,25133,275,3
T,1951,1043656,320,95560,25133,182,3
T,1952,1043676,320,95631,25204,189,3
T,1953,1043696,320,95701,25204,281,3

[host] drv timeout 2000
drv timeoT,1954,1043716,320,95771,25204,212,3
ut 2000
timeout 2000 ms, 2000 ms remaining
  any 'drv duty' kicks it; re-issuing this command kicks it too
> T,1955,1043736,320,95841,25204,232,3
T,1956,1043756,320,95912,25204,205,3
T,1957,1043776,320,95982,25061,238,3
T,1958,1043796,320,96053,25061,220,3
T,1959,1043816,320,96123,25061,206,3
T,1960,1043836,320,96193,25061,278,3
T,1961,1043856,320,96264,25061,173,3
T,1962,1043876,320,96334,25204,198,3
T,1963,1043896,320,96404,25204,258,3
T,1964,1043916,320,96475,25204,219,3
T,1965,1043936,320,96545,25204,235,3
T,1966,1043956,320,96615,25204,209,3
T,1967,1043976,320,96686,25061,253,3
T,1968,1043996,320,96756,25061,211,3
T,1969,1044016,320,96827,25061,221,3
T,1970,1044036,320,96897,25061,289,3
T,1971,1044056,320,96967,25061,164,3
T,1972,1044076,320,97037,25133,224,3
T,1973,1044096,320,97108,25133,225,3
T,1974,1044116,320,97177,25133,229,3
T,1975,1044136,320,97248,25133,232,3
T,1976,1044156,320,97318,25133,211,3
T,1977,1044176,320,97389,25061,296,3
T,1978,1044196,320,97459,25061,199,3

[host] drv timeout 2000
T,1979,1044216,320,97529,25061,231,3
drv timeout 2000
timeout 2000 ms, 2000 ms remaining
  any 'drv duty' kicks it; re-issuing this command kicks it too
> T,1980,1044236,320,97600,25061,284,3
T,1981,1044256,320,97670,25061,193,3
T,1982,1044276,320,97740,25133,247,3
T,1983,1044296,320,97811,25133,206,3
T,1984,1044316,320,97881,25133,236,3
T,1985,1044336,320,97951,25133,217,3
T,1986,1044356,320,98021,25133,217,3
T,1987,1044376,320,98092,25061,313,3
T,1988,1044396,320,98162,25061,196,3
T,1989,1044416,320,98232,25061,238,3
T,1990,1044436,320,98303,25061,238,3
T,1991,1044456,320,98373,25061,188,3
T,1992,1044476,320,98444,25133,251,3
T,1993,1044496,320,98514,25133,205,3
T,1994,1044516,320,98584,25133,245,3
T,1995,1044536,320,98655,25133,216,3
T,1996,1044556,320,98725,25133,216,3
T,1997,1044576,320,98796,25133,305,3
T,1998,1044596,320,98867,25133,190,3
T,1999,1044616,320,98937,25133,232,3
T,2000,1044636,320,99008,25133,277,3
T,2001,1044656,320,99078,25133,180,3
T,2002,1044676,320,99149,25204,237,3
T,2003,1044696,320,99219,25204,222,3

[host] drv duty 35
drv duty 35
duty +35%
> T,2004,1044716,350,99290,25204,366,3
T,2005,1044736,350,99361,25204,333,3
T,2006,1044756,350,99435,25204,392,3
T,2007,1044776,350,99509,25704,273,3
T,2008,1044796,350,99584,25704,341,3
T,2009,1044816,350,99660,25704,267,3
T,2010,1044836,350,99736,25704,273,3
T,2011,1044856,350,99812,25704,249,3
T,2012,1044876,350,99889,27061,212,3
T,2013,1044896,350,99966,27061,227,3
T,2014,1044916,350,100043,27061,248,3
T,2015,1044936,350,100120,27061,257,3
T,2016,1044956,350,100197,27061,230,3
T,2017,1044976,350,100274,27489,192,3
T,2018,1044996,350,100352,27489,290,3
T,2019,1045016,350,100429,27489,219,3
T,2020,1045036,350,100506,27489,221,3
T,2021,1045056,350,100584,27489,217,3
T,2022,1045076,350,100661,27560,220,3
T,2023,1045096,350,100738,27560,242,3
T,2024,1045116,350,100816,27560,200,3
T,2025,1045136,350,100893,27560,206,3
T,2026,1045156,350,100971,27560,305,3
T,2027,1045176,350,101048,27632,243,3
T,2028,1045196,350,101125,27632,198,3

[host] drv timeout 2000
T,2029,1045216,350,101203,27632,222,3
drv timeout 2000
timeout 2000 ms, 2000 ms remaining
  any 'drv duty' kicks it; re-issuing this command kicks it too
> T,2030,1045236,350,101280,27632,229,3
T,2031,1045256,350,101357,27632,251,3
T,2032,1045276,350,101435,27703,183,3
T,2033,1045296,350,101512,27703,195,3
T,2034,1045316,350,101590,27703,297,3
T,2035,1045336,350,101667,27703,232,3
T,2036,1045356,350,101745,27703,204,3
T,2037,1045376,350,101822,27632,226,3
T,2038,1045396,350,101900,27632,232,3
T,2039,1045416,350,101977,27632,233,3
T,2040,1045436,350,102055,27632,210,3
T,2041,1045456,350,102132,27632,200,3
T,2042,1045476,350,102210,27632,263,3
T,2043,1045496,350,102287,27632,208,3
T,2044,1045516,350,102364,27632,211,3
T,2045,1045536,350,102442,27632,288,3
T,2046,1045556,350,102520,27632,242,3
T,2047,1045576,350,102597,27703,196,3
T,2048,1045596,350,102675,27703,227,3
T,2049,1045616,350,102752,27703,222,3
T,2050,1045636,350,102830,27703,237,3
T,2051,1045656,350,102907,27703,187,3
T,2052,1045676,350,102985,27632,195,3
T,2053,1045696,350,103062,27632,290,3

[host] drv timeout 2000
T,2054,1045716,350,103140,27632,226,3
drv timeout 2000
timeout 2000 ms, 2000 ms remaining
  any 'drv duty' kicks it; re-issuing this command kicks it too
> T,2055,1045736,350,103217,27632,195,3
T,2056,1045756,350,103295,27632,237,3
T,2057,1045776,350,103372,27632,233,3
T,2058,1045796,350,103449,27632,243,3
T,2059,1045816,350,103526,27632,214,3
T,2060,1045836,350,103603,27632,185,3
T,2061,1045856,350,103680,27632,297,3
T,2062,1045876,350,103758,27632,224,3
T,2063,1045896,350,103835,27632,217,3
T,2064,1045916,350,103912,27632,212,3
T,2065,1045936,350,103989,27632,222,3
T,2066,1045956,350,104067,27632,231,3
T,2067,1045976,350,104144,27560,209,3
T,2068,1045996,350,104221,27560,217,3
T,2069,1046016,350,104299,27560,318,3
T,2070,1046036,350,104376,27560,241,3
T,2071,1046056,350,104453,27560,192,3
T,2072,1046076,350,104531,27632,233,3
T,2073,1046096,350,104608,27632,232,3
T,2074,1046116,350,104685,27632,246,3
T,2075,1046136,350,104763,27632,194,3
T,2076,1046156,350,104840,27632,203,3
T,2077,1046176,350,104917,27560,305,3
T,2078,1046196,350,104995,27560,231,3
T,2079,1046216,350,105072,27560,
[host] drv timeout 2000
215,3
drv timeout 2000
timeout 2000 ms, 2000 ms remaining
  any 'drv duty' kicks it; re-issuing this command kicks it too
> T,2080,1046236,350,105149,27560,180,3
T,2081,1046256,350,105227,27560,246,3
T,2082,1046276,350,105304,27560,261,3
T,2083,1046296,350,105381,27560,226,3
T,2084,1046316,350,105458,27560,172,3
T,2085,1046336,350,105535,27560,270,3
T,2086,1046356,350,105612,27560,232,3
T,2087,1046376,350,105689,27560,231,3
T,2088,1046396,350,105767,27560,210,3
T,2089,1046416,350,105844,27560,200,3
T,2090,1046436,350,105921,27560,293,3
T,2091,1046456,350,105998,27560,215,3
T,2092,1046476,350,106075,27560,212,3
T,2093,1046496,350,106152,27560,210,3
T,2094,1046516,350,106229,27560,226,3
T,2095,1046536,350,106306,27560,257,3
T,2096,1046556,350,106383,27560,192,3
T,2097,1046576,350,106460,27489,206,3
T,2098,1046596,350,106537,27489,253,3
T,2099,1046616,350,106614,27489,242,3
T,2100,1046636,350,106691,27489,240,3
T,2101,1046656,350,106768,27489,182,3
T,2102,1046676,350,106845,27489,215,3
T,2103,1046696,350,106922,27489,293,3
T,2104,1046716,350,106999,27489,
[host] drv timeout 2000
245,3
drv timeout 2000
timeout 2000 ms, 2000 ms remaining
  any 'drv duty' kicks it; re-issuing this command kicks it too
> T,2105,1046736,350,107076,27489,219,3
T,2106,1046756,350,107153,27489,193,3
T,2107,1046776,350,107230,27489,217,3
T,2108,1046796,350,107307,27489,318,3
T,2109,1046816,350,107384,27489,249,3
T,2110,1046836,350,107461,27489,201,3
T,2111,1046856,350,107538,27489,194,3
T,2112,1046876,350,107615,27489,233,3
T,2113,1046896,350,107692,27489,306,3
T,2114,1046916,350,107769,27489,241,3
T,2115,1046936,350,107846,27489,185,3
T,2116,1046956,350,107923,27489,222,3
T,2117,1046976,350,108000,27489,232,3
T,2118,1046996,350,108077,27489,275,3
T,2119,1047016,350,108155,27489,204,3
T,2120,1047036,350,108232,27489,188,3
T,2121,1047056,350,108309,27489,289,3
T,2122,1047076,350,108386,27560,237,3
T,2123,1047096,350,108463,27560,236,3
T,2124,1047116,350,108540,27560,185,3
T,2125,1047136,350,108617,27560,232,3
T,2126,1047156,350,108695,27560,264,3
T,2127,1047176,350,108772,27489,225,3
T,2128,1047196,350,108848,27489,215,3
T,2129,1047216,350,108925,27489,
[host] drv timeout 2000
194,3
drv timeout 2000
timeout 2000 ms, 2000 ms remaining
  any 'drv duty' kicks it; re-issuing this command kicks it too
> T,2130,1047236,350,109003,27489,241,3
T,2131,1047256,350,109080,27489,251,3
T,2132,1047276,350,109156,27489,227,3
T,2133,1047296,350,109233,27489,194,3
T,2134,1047316,350,109311,27489,261,3
T,2135,1047336,350,109388,27489,236,3
T,2136,1047356,350,109465,27489,225,3
T,2137,1047376,350,109542,27560,216,3
T,2138,1047396,350,109619,27560,198,3
T,2139,1047416,350,109696,27560,300,3
T,2140,1047436,350,109773,27560,219,3
T,2141,1047456,350,109850,27560,217,3
T,2142,1047476,350,109927,27489,209,3
T,2143,1047496,350,110004,27489,210,3
T,2144,1047516,350,110081,27489,274,3
T,2145,1047536,350,110159,27489,182,3
T,2146,1047556,350,110236,27489,201,3
T,2147,1047576,350,110313,27489,237,3
T,2148,1047596,350,110390,27489,236,3
T,2149,1047616,350,110467,27489,224,3
T,2150,1047636,350,110544,27489,153,3
T,2151,1047656,350,110621,27489,203,3
T,2152,1047676,350,110699,27632,318,3
T,2153,1047696,350,110776,27632,253,3
T,2154,1047716,350,110853,27632,193,3

[host] drv timeout 2000
drv timeout 2000
timeout 2000 ms, 2000 ms remaining
  any 'drv duty' kicks it; re-issuing this command kicks it too
> T,2155,1047736,350,110930,27632,177,3
T,2156,1047756,350,111008,27632,221,3
T,2157,1047776,350,111085,27489,294,3
T,2158,1047796,350,111162,27489,225,3
T,2159,1047816,350,111239,27489,182,3
T,2160,1047836,350,111316,27489,262,3
T,2161,1047856,350,111393,27489,238,3
T,2162,1047876,350,111471,27560,240,3
T,2163,1047896,350,111548,27560,184,3
T,2164,1047916,350,111625,27560,203,3
T,2165,1047936,350,111702,27560,288,3
T,2166,1047956,350,111779,27560,236,3
T,2167,1047976,350,111856,27560,211,3
T,2168,1047996,350,111933,27560,198,3
T,2169,1048016,350,112011,27560,240,3
T,2170,1048036,350,112088,27560,246,3
T,2171,1048056,350,112165,27560,219,3
T,2172,1048076,350,112242,27560,189,3
T,2173,1048096,350,112319,27560,262,3
T,2174,1048116,350,112396,27560,231,3
T,2175,1048136,350,112472,27560,240,3
T,2176,1048156,350,112549,27560,233,3
T,2177,1048176,350,112626,27418,203,3
T,2178,1048196,350,112703,27418,265,3
T,2179,1048216,350,112780,27418,242,3

[host] drv timeout 2000
drv timeout 2000
timeout 2000 ms, 2000 ms remaining
  any 'drv duty' kicks it; re-issuing this command kicks it too
> T,2180,1048236,350,112856,27418,238,3
T,2181,1048256,350,112933,27418,221,3
T,2182,1048276,350,113011,27489,199,3
T,2183,1048296,350,113088,27489,302,3
T,2184,1048316,350,113165,27489,222,3
T,2185,1048336,350,113242,27489,233,3
T,2186,1048356,350,113319,27489,221,3
T,2187,1048376,350,113396,27489,219,3
T,2188,1048396,350,113473,27489,289,3
T,2189,1048416,350,113550,27489,188,3
T,2190,1048436,350,113627,27489,215,3
T,2191,1048456,350,113704,27489,231,3
T,2192,1048476,350,113781,27489,236,3
T,2193,1048496,350,113859,27489,251,3
T,2194,1048516,350,113936,27489,171,3
T,2195,1048536,350,114012,27489,209,3
T,2196,1048556,350,114090,27489,279,3
T,2197,1048576,350,114167,27560,249,3
T,2198,1048596,350,114244,27560,221,3
T,2199,1048616,350,114321,27560,164,3
T,2200,1048636,350,114399,27560,230,3
T,2201,1048656,350,114476,27560,327,3
T,2202,1048676,350,114553,27489,254,3
T,2203,1048696,350,114630,27489,196,3

[host] drv duty 39
T,2204,1048716,350,114707,27489,222,3
drv duty 39
duty +39%
> T,2205,1048736,390,114785,27489,376,3
T,2206,1048756,390,114865,27489,333,3
T,2207,1048776,390,114947,28060,317,3
T,2208,1048796,390,115029,28060,349,3
T,2209,1048816,390,115113,28060,327,3
T,2210,1048836,390,115197,28060,272,3
T,2211,1048856,390,115282,28060,241,3
T,2212,1048876,390,115367,29988,242,3
T,2213,1048896,390,115452,29988,220,3
T,2214,1048916,390,115538,29988,230,3
T,2215,1048936,390,115624,29988,249,3
T,2216,1048956,390,115710,29988,254,3
T,2217,1048976,390,115796,30631,288,3
T,2218,1048996,390,115882,30631,331,3
T,2219,1049016,390,115968,30631,290,3
T,2220,1049036,390,116055,30631,269,3
T,2221,1049056,390,116141,30631,274,3
T,2222,1049076,390,116227,30702,231,3
T,2223,1049096,390,116313,30702,226,3
T,2224,1049116,390,116400,30702,222,3
T,2225,1049136,390,116486,30702,201,3
T,2226,1049156,390,116572,30702,203,3
T,2227,1049176,390,116659,30845,224,3
T,2228,1049196,390,116745,30845,226,3
T,2229,1049216,390,116832,30845,241,3

[host] drv timeout 2000
drv timeout 2000
timeout 2000 ms, 2000 ms remaining
  any 'drv duty' kicks it; re-issuing this command kicks it too
> T,2230,1049236,390,116918,30845,251,3
T,2231,1049256,390,117005,30845,210,3
T,2232,1049276,390,117091,30845,237,3
T,2233,1049296,390,117178,30845,219,3
T,2234,1049316,390,117264,30845,162,3
T,2235,1049336,390,117351,30845,221,3
T,2236,1049356,390,117437,30845,215,3
T,2237,1049376,390,117524,30916,270,3
T,2238,1049396,390,117611,30916,320,3
T,2239,1049416,390,117697,30916,279,3
T,2240,1049436,390,117784,30916,243,3
T,2241,1049456,390,117870,30916,238,3
T,2242,1049476,390,117957,30916,206,3
T,2243,1049496,390,118043,30916,206,3
T,2244,1049516,390,118130,30916,199,3
T,2245,1049536,390,118216,30916,205,3
T,2246,1049556,390,118303,30916,240,3
T,2247,1049576,390,118389,30916,246,3
T,2248,1049596,390,118476,30916,217,3
T,2249,1049616,390,118562,30916,242,3
T,2250,1049636,390,118649,30916,233,3
T,2251,1049656,390,118736,30916,167,3
T,2252,1049676,390,118822,30845,209,3
T,2253,1049696,390,118909,30845,208,3
T,2254,1049716,390,118996,30845,267,3

[host] drv timeout 2000
drv timeout 2000
timeout 2000 ms, 2000 ms remaining
  any 'drv duty' kicks it; re-issuing this command kicks it too
> T,2255,1049736,390,119082,30845,313,3
T,2256,1049756,390,119169,30845,286,3
T,2257,1049776,390,119256,30988,243,3
T,2258,1049796,390,119342,30988,232,3
T,2259,1049816,390,119429,30988,192,3
T,2260,1049836,390,119516,30988,209,3
T,2261,1049856,390,119603,30988,201,3
T,2262,1049876,390,119689,30988,222,3
T,2263,1049896,390,119776,30988,242,3
T,2264,1049916,390,119863,30988,261,3
T,2265,1049936,390,119949,30988,200,3
T,2266,1049956,390,120036,30988,215,3
T,2267,1049976,390,120123,30916,180,3
T,2268,1049996,390,120210,30916,182,3
T,2269,1050016,390,120297,30916,265,3
T,2270,1050036,390,120383,30916,295,3
T,2271,1050056,390,120470,30916,284,3
T,2272,1050076,390,120556,30988,290,3
T,2273,1050096,390,120643,30988,240,3
T,2274,1050116,390,120729,30988,210,3
T,2275,1050136,390,120816,30988,216,3
T,2276,1050156,390,120903,30988,194,3
T,2277,1050176,390,120989,30916,214,3
T,2278,1050196,390,121076,30916,253,3
T,2279,1050216,390,121163,30916,245,3

[host] drv timeout 2000
drv timeout 2000
timeout 2000 ms, 2000 ms remaining
  any 'drv duty' kicks it; re-issuing this command kicks it too
> T,2280,1050236,390,121249,30916,246,3
T,2281,1050256,390,121336,30916,243,3
T,2282,1050276,390,121423,30916,199,3
T,2283,1050296,390,121510,30916,214,3
T,2284,1050316,390,121597,30916,205,3
T,2285,1050336,390,121684,30916,274,3
T,2286,1050356,390,121771,30916,321,3
T,2287,1050376,390,121857,31059,279,3
T,2288,1050396,390,121944,31059,231,3
T,2289,1050416,390,122031,31059,230,3
T,2290,1050436,390,122117,31059,214,3
T,2291,1050456,390,122204,31059,201,3
T,2292,1050476,390,122291,30916,226,3
T,2293,1050496,390,122378,30916,233,3
T,2294,1050516,390,122465,30916,248,3
T,2295,1050536,390,122552,30916,258,3
T,2296,1050556,390,122638,30916,208,3
T,2297,1050576,390,122725,30988,226,3
T,2298,1050596,390,122811,30988,185,3
T,2299,1050616,390,122898,30988,196,3
T,2300,1050636,390,122984,30988,256,3
T,2301,1050656,390,123071,30988,296,3
T,2302,1050676,390,123157,30916,283,3
T,2303,1050696,390,123244,30916,290,3
T,2304,1050716,390,123331,30916,241,3

[host] drv timeout 2000
drv timeout 2000
timeout 2000 ms, 2000 ms remaining
  any 'drv duty' kicks it; re-issuing this command kicks it too
> T,2305,1050736,390,123417,30916,225,3
T,2306,1050756,390,123504,30916,216,3
T,2307,1050776,390,123591,30916,201,3
T,2308,1050796,390,123677,30916,221,3
T,2309,1050816,390,123764,30916,238,3
T,2310,1050836,390,123850,30916,235,3
T,2311,1050856,390,123936,30916,243,3
T,2312,1050876,390,124023,30845,261,3
T,2313,1050896,390,124109,30845,214,3
T,2314,1050916,390,124196,30845,227,3
T,2315,1050936,390,124282,30845,200,3
T,2316,1050956,390,124369,30845,196,3
T,2317,1050976,390,124456,30916,215,3
T,2318,1050996,390,124542,30916,251,3
T,2319,1051016,390,124628,30916,288,3
T,2320,1051036,390,124715,30916,312,3
T,2321,1051056,390,124801,30916,268,3
T,2322,1051076,390,124888,30916,237,3
T,2323,1051096,390,124975,30916,231,3
T,2324,1051116,390,125061,30916,205,3
T,2325,1051136,390,125148,30916,210,3
T,2326,1051156,390,125234,30916,201,3
T,2327,1051176,390,125321,30845,225,3
T,2328,1051196,390,125408,30845,241,3
T,2329,1051216,390,125494,30845,258,3

[host] drv timeout 2000
drv timeout 2000
timeout 2000 ms, 2000 ms remaining
  any 'drv duty' kicks it; re-issuing this command kicks it too
> T,2330,1051236,390,125581,30845,224,3
T,2331,1051256,390,125667,30845,229,3
T,2332,1051276,390,125754,30916,203,3
T,2333,1051296,390,125841,30916,188,3
T,2334,1051316,390,125928,30916,221,3
T,2335,1051336,390,126014,30916,261,3
T,2336,1051356,390,126101,30916,286,3
T,2337,1051376,390,126188,30988,290,3
T,2338,1051396,390,126275,30988,233,3
T,2339,1051416,390,126361,30988,216,3
T,2340,1051436,390,126449,30988,198,3
T,2341,1051456,390,126536,30988,198,3
T,2342,1051476,390,126622,31059,232,3
T,2343,1051496,390,126709,31059,249,3
T,2344,1051516,390,126796,31059,220,3
T,2345,1051536,390,126883,31059,235,3
T,2346,1051556,390,126970,31059,211,3
T,2347,1051576,390,127057,30988,171,3
T,2348,1051596,390,127144,30988,219,3
T,2349,1051616,390,127230,30988,272,3
T,2350,1051636,390,127317,30988,290,3
T,2351,1051656,390,127404,30988,290,3
T,2352,1051676,390,127491,30988,237,3
T,2353,1051696,390,127578,30988,215,3
T,2354,1051716,390,127665,30988,198,3

[host] drv timeout 2000
drv timeout 2000
timeout 2000 ms, 2000 ms remaining
  any 'drv duty' kicks it; re-issuing this command kicks it too
> T,2355,1051736,390,127752,30988,187,3
T,2356,1051756,390,127839,30988,235,3
T,2357,1051776,390,127926,31059,252,3
T,2358,1051796,390,128013,31059,206,3
T,2359,1051816,390,128100,31059,222,3
T,2360,1051836,390,128187,31059,189,3
T,2361,1051856,390,128274,31059,193,3
T,2362,1051876,390,128361,31059,269,3
T,2363,1051896,390,128448,31059,302,3
T,2364,1051916,390,128535,31059,253,3
T,2365,1051936,390,128622,31059,229,3
T,2366,1051956,390,128709,31059,204,3
T,2367,1051976,390,128796,31059,206,3
T,2368,1051996,390,128883,31059,196,3
T,2369,1052016,390,128969,31059,224,3
T,2370,1052036,390,129056,31059,241,3
T,2371,1052056,390,129143,31059,247,3
T,2372,1052076,390,129230,31059,203,3
T,2373,1052096,390,129317,31059,206,3
T,2374,1052116,390,129404,31059,187,3
T,2375,1052136,390,129491,31059,249,3
T,2376,1052156,390,129577,31059,288,3
T,2377,1052176,390,129664,30988,300,3
T,2378,1052196,390,129751,30988,262,3
T,2379,1052216,390,129838,30988,240,3

[host] drv timeout 2000
drv timeout 2000
timeout 2000 ms, 2000 ms remaining
  any 'drv duty' kicks it; re-issuing this command kicks it too
> T,2380,1052236,390,129925,30988,210,3
T,2381,1052256,390,130011,30988,214,3
T,2382,1052276,390,130098,30916,180,3
T,2383,1052296,390,130185,30916,215,3
T,2384,1052316,390,130272,30916,245,3
T,2385,1052336,390,130358,30916,256,3
T,2386,1052356,390,130445,30916,216,3
T,2387,1052376,390,130532,30988,216,3
T,2388,1052396,390,130619,30988,205,3
T,2389,1052416,390,130705,30988,208,3
T,2390,1052436,390,130792,30988,227,3
T,2391,1052456,390,130879,30988,286,3
T,2392,1052476,390,130965,30988,301,3
T,2393,1052496,390,131052,30988,294,3
T,2394,1052516,390,131139,30988,247,3
T,2395,1052536,390,131225,30988,245,3
T,2396,1052556,390,131312,30988,215,3
T,2397,1052576,390,131399,30916,195,3
T,2398,1052596,390,131485,30916,222,3
T,2399,1052616,390,131572,30916,229,3
T,2400,1052636,390,131659,30916,242,3
T,2401,1052656,390,131745,30916,240,3
T,2402,1052676,390,131832,30916,245,3
T,2403,1052696,390,131919,30916,206,3
T,2404,1052716,390,132006,30916,206,3

[host] drv duty 0
drv duty 0
duty +0%
> 
[host] telem off
telem off
telem off - 2405 lines sent
> 
[host] drv duty 0
drv duty 0
duty +0%
> 
[host] drv coast
drv coast
both inputs low - coast
> 
[host] drv disable
drv disable
duty 0, nSLEEP low - driver disabled
> 
[host] telem off
telem off
telem off - 2405 lines sent
> 
[host] stats
stats
uart tx   : 147797 bytes, 0 dropped
uart rx   : 3815 bytes, high-water 9, 0 overruns, 3 errors
can  tx   : 0 frames, 0 dropped (no free mailbox)
can  rx   : 0 frames, 0 FIFO-full, 0 overrun events
> 