host_s,seq,board_ms,duty_permille,count,mrpm,ma,flags
0.3185,0,1003756,0,22251,0,17,18
0.4149,1,1003855,0,22251,0,18,18
0.5135,2,1003955,0,22251,0,17,18
0.6140,3,1004055,0,22251,0,18,18
0.7150,4,1004155,0,22251,0,19,18
0.8134,5,1004255,0,22251,0,18,18
0.9140,6,1004355,0,22251,0,16,18
1.0142,7,1004455,0,22251,0,18,18
1.1152,8,1004555,0,22251,0,14,18
1.1976,0,1004636,0,22251,0,16,2
1.2161,1,1004656,50,22251,0,377,2
1.2335,2,1004676,50,22253,142,400,2
1.2533,3,1004696,50,22255,142,198,2
1.2733,4,1004716,50,22257,142,140,2
1.2934,5,1004736,50,22261,142,129,2
1.3135,6,1004756,50,22265,142,125,2
1.3335,7,1004776,50,22268,999,241,2
1.3535,8,1004796,50,22273,999,194,2
1.3736,9,1004816,50,22276,999,382,2
1.3959,10,1004836,50,22279,999,169,2
1.4161,11,1004856,50,22283,999,116,2
1.4362,12,1004876,50,22287,1356,204,2
1.4565,13,1004896,50,22288,1356,96,2
1.4765,14,1004916,50,22293,1356,100,2
1.4964,15,1004936,50,22297,1356,313,2
1.5162,16,1004956,50,22303,1356,135,2
1.5364,17,1004976,50,22308,1499,478,2
1.5566,18,1004996,50,22310,1499,126,2
1.5767,19,1005016,50,22316,1499,137,2
1.5945,20,1005036,50,22320,1499,135,2
1.6144,21,1005056,50,22326,1499,102,2
1.6346,22,1005076,50,22330,1570,411,2
1.6545,23,1005096,50,22335,1570,54,2
1.6767,24,1005116,50,22340,1570,458,2
1.6948,25,1005136,50,22343,1570,98,2
1.7176,26,1005156,50,22348,1570,285,2
1.7353,27,1005176,50,22351,1499,204,2
1.7553,28,1005196,50,22353,1499,453,2
1.7754,29,1005216,50,22357,1499,105,2
1.7955,30,1005236,50,22362,1499,114,2
1.8156,31,1005256,50,22367,1499,291,2
1.8358,32,1005276,50,22372,1499,183,2
1.8558,33,1005296,50,22375,1499,124,2
1.8758,34,1005316,50,22381,1499,141,2
1.8961,35,1005336,50,22385,1499,93,2
1.9164,36,1005356,50,22391,1499,92,2
1.9365,37,1005376,50,22396,1713,172,2
1.9566,38,1005396,50,22401,1713,409,2
1.9743,39,1005416,50,22405,1713,78,2
1.9966,40,1005436,50,22410,1713,261,2
2.0166,41,1005456,50,22414,1713,142,2
2.0368,42,1005476,50,22417,1499,241,2
2.0548,43,1005496,50,22422,1499,99,2
2.0749,44,1005516,50,22427,1499,147,2
2.0951,45,1005536,50,22432,1499,467,2
2.1153,46,1005556,50,22436,1499,113,2
2.1353,47,1005576,50,22440,1642,209,2
2.1554,48,1005596,50,22445,1642,136,2
2.1756,49,1005616,50,22450,1642,109,2
2.1955,50,1005636,50,22456,1642,123,2
2.2192,51,1005656,50,22460,1642,172,2
2.2348,52,1005676,50,22466,1856,126,2
2.2562,53,1005696,50,22471,1856,124,2
2.2762,54,1005716,50,22476,1856,396,2
2.2964,55,1005736,50,22479,1856,135,2
2.3166,56,1005756,50,22483,1856,247,2
2.3344,57,1005776,50,22489,1642,147,2
2.3566,58,1005796,50,22494,1642,121,2
2.3745,59,1005816,50,22499,1642,129,2
2.3947,60,1005836,50,22503,1642,158,2
2.4148,61,1005856,50,22509,1642,120,2
2.4347,62,1005876,50,22514,1785,124,2
2.4547,63,1005896,50,22520,1785,476,2
2.4747,64,1005916,50,22525,1785,147,2
2.4948,65,1005936,50,22531,1785,279,2
2.5150,66,1005956,50,22535,1785,148,2
2.5351,67,1005976,50,22540,1856,494,2
2.5553,68,1005996,50,22544,1856,321,2
2.5751,69,1006016,50,22549,1856,104,2
2.5951,70,1006036,50,22555,1856,169,2
2.6151,71,1006056,50,22560,1856,151,2
2.6352,72,1006076,50,22565,1785,168,2
2.6554,73,1006096,50,22570,1785,242,2
2.6755,74,1006116,50,22576,1785,148,2
2.6953,75,1006136,50,22581,1785,84,2
2.7205,76,1006156,50,22587,1785,235,2
2.7363,77,1006176,50,22593,1927,84,2
2.7565,78,1006196,50,22597,1927,172,2
2.7766,79,1006216,50,22603,1927,84,2
2.7966,80,1006236,50,22607,1927,144,2
2.8145,81,1006256,50,22612,1927,380,2
2.8345,82,1006276,50,22617,1785,525,2
2.8545,83,1006296,50,22623,1785,108,2
2.8747,84,1006316,50,22628,1785,134,2
2.8948,85,1006336,50,22633,1785,289,2
2.9151,86,1006356,50,22639,1785,192,2
2.9350,87,1006376,50,22645,1927,393,2
2.9549,88,1006396,50,22650,1927,61,2
2.9751,89,1006416,50,22656,1927,253,2
2.9954,90,1006436,50,22661,1927,173,2
3.0156,91,1006456,50,22667,1927,172,2
3.0355,92,1006476,50,22671,1927,201,2
3.0552,93,1006496,50,22676,1927,62,2
3.0753,94,1006516,50,22681,1927,134,2
3.0955,95,1006536,50,22687,1927,126,2
3.1156,96,1006556,50,22692,1927,119,2
3.1356,97,1006576,50,22696,1785,144,2
3.1557,98,1006596,50,22703,1785,242,2
3.1756,99,1006616,50,22708,1785,113,2
3.1956,100,1006636,50,22714,1785,92,2
3.2216,101,1006656,50,22719,1785,254,2
3.2351,102,1006676,50,22724,2070,180,2
3.2553,103,1006696,50,22730,2070,417,2
3.2754,104,1006716,50,22735,2070,204,2
3.2953,105,1006736,50,22739,2070,82,2
3.3155,106,1006756,50,22745,2070,142,2
3.3354,107,1006776,50,22751,1785,108,2
3.3555,108,1006796,50,22756,1785,107,2
3.3757,109,1006816,50,22761,1785,160,2
3.3959,110,1006836,50,22767,1785,277,2
3.4159,111,1006856,50,22773,1785,148,2
3.4358,112,1006876,50,22779,1999,94,2
3.4558,113,1006896,50,22784,1999,107,2
3.4760,114,1006916,50,22789,1999,424,2
3.4960,115,1006936,50,22795,1999,432,2
3.5162,116,1006956,50,22800,1999,423,2
3.5363,117,1006976,50,22805,1927,358,2
3.5565,118,1006996,50,22811,1927,448,2
3.5766,119,1007016,50,22817,1927,278,2
3.5967,120,1007036,50,22822,1927,120,2
3.6146,121,1007056,50,22828,1927,446,2
3.6347,122,1007076,50,22833,1999,428,2
3.6546,123,1007096,50,22840,1999,376,2
3.6746,124,1007116,50,22845,1999,136,2
3.6947,125,1007136,50,22852,1999,172,2
3.7223,126,1007156,50,22856,1999,259,2
3.7359,127,1007176,50,22862,2070,140,2
3.7561,128,1007196,50,22867,2070,397,2
3.7760,129,1007216,50,22872,2070,526,2
3.7962,130,1007236,50,22878,2070,499,2
3.8164,131,1007256,50,22884,2070,131,2
3.8366,132,1007276,50,22889,1856,214,2
3.8566,133,1007296,50,22895,1856,137,2
3.8746,134,1007316,50,22901,1856,97,2
3.8967,135,1007336,50,22907,1856,134,2
3.9146,136,1007356,50,22913,1856,115,2
3.9346,137,1007376,50,22918,2142,134,2
3.9547,138,1007396,50,22924,2142,113,2
3.9747,139,1007416,50,22929,2142,119,2
3.9948,140,1007436,50,22935,2142,325,2
4.0147,141,1007456,50,22940,2142,395,2
4.0348,142,1007476,50,22947,1999,355,2
4.0550,143,1007496,50,22952,1999,471,2
4.0751,144,1007516,50,22958,1999,437,2
4.0953,145,1007536,50,22964,1999,189,2
4.1155,146,1007556,50,22970,1999,62,2
4.1354,147,1007576,50,22976,2142,245,2
4.1554,148,1007596,50,22982,2142,379,2
4.1756,149,1007616,50,22988,2142,120,2
4.1957,150,1007636,50,22992,2142,91,2
4.2146,151,1007656,50,22998,2142,100,2
4.2351,152,1007676,50,23004,1999,474,2
4.2551,153,1007696,50,23011,1999,176,2
4.2762,154,1007716,50,23015,1999,123,2
4.2955,155,1007736,50,23022,1999,116,2
4.3152,156,1007756,50,23028,1999,92,2
4.3351,157,1007776,50,23034,2142,251,2
4.3551,158,1007796,50,23040,2142,91,2
4.3750,159,1007816,50,23046,2142,113,2
4.3951,160,1007836,50,23052,2142,465,2
4.4154,161,1007856,50,23057,2142,135,2
4.4356,162,1007876,50,23063,1999,425,2
4.4558,163,1007896,50,23069,1999,392,2
4.4760,164,1007916,50,23075,1999,249,2
4.4959,165,1007936,50,23080,1999,115,2
4.5160,166,1007956,50,23087,1999,136,2
4.5361,167,1007976,50,23093,2142,137,2
4.5563,168,1007996,50,23099,2142,64,2
4.5764,169,1008016,50,23105,2142,141,2
4.5966,170,1008036,50,23111,2142,232,2
4.6165,171,1008056,50,23117,2142,146,2
4.6365,172,1008076,50,23122,2142,96,2
4.6544,173,1008096,50,23128,2142,272,2
4.6746,174,1008116,50,23135,2142,296,2
4.6947,175,1008136,50,23140,2142,421,2
4.7153,176,1008156,50,23146,2142,125,2
4.7355,177,1008176,50,23152,2142,155,2
4.7554,178,1008196,50,23159,2142,297,2
4.7756,179,1008216,50,23165,2142,462,2
4.7958,180,1008236,50,23172,2142,522,2
4.8159,181,1008256,50,23177,2142,442,2
4.8360,182,1008276,50,23183,2213,462,2
4.8560,183,1008296,50,23188,2213,430,2
4.8761,184,1008316,50,23195,2213,192,2
4.8963,185,1008336,50,23201,2213,123,2
4.9164,186,1008356,50,23207,2213,299,2
4.9366,187,1008376,50,23213,2070,272,2
4.9565,188,1008396,50,23219,2070,82,2
4.9767,189,1008416,50,23226,2070,104,2
4.9946,190,1008436,50,23232,2070,289,2
5.0148,191,1008456,50,23238,2070,443,2
5.0350,192,1008476,50,23244,2284,445,2
5.0551,193,1008496,50,23249,2284,411,2
5.0752,194,1008516,50,23256,2284,456,2
5.0952,195,1008536,50,23261,2284,209,2
5.1154,196,1008556,50,23268,2284,129,2
5.1352,197,1008576,50,23273,2070,115,2
5.1551,198,1008596,50,23280,2070,153,2
5.1752,199,1008616,50,23287,2070,243,2
5.1955,200,1008636,50,23293,2070,148,2
5.2154,201,1008656,80,23299,2070,299,2
5.2353,202,1008676,80,23306,2284,201,2
5.2555,203,1008696,80,23314,2284,109,2
5.2757,204,1008716,80,23324,2284,125,2
5.2958,205,1008736,80,23334,2284,150,2
5.3160,206,1008756,80,23345,2284,246,2
5.3360,207,1008776,80,23357,3570,121,2
5.3558,208,1008796,80,23369,3570,299,2
5.3758,209,1008816,80,23380,3570,477,2
5.3960,210,1008836,80,23393,3570,328,2
5.4162,211,1008856,80,23405,3570,116,2
5.4363,212,1008876,80,23418,4355,83,2
5.4561,213,1008896,80,23431,4355,145,2
5.4759,214,1008916,80,23444,4355,64,2
5.4959,215,1008936,80,23456,4355,222,2
5.5160,216,1008956,80,23469,4355,310,2
5.5360,217,1008976,80,23482,4569,177,2
5.5561,218,1008996,80,23495,4569,302,2
5.5762,219,1009016,80,23508,4569,458,2
5.5961,220,1009036,80,23521,4569,131,2
5.6161,221,1009056,80,23534,4569,179,2
5.6361,222,1009076,80,23547,4641,169,2
5.6562,223,1009096,80,23560,4641,80,2
5.6762,224,1009116,80,23573,4641,147,2
5.6963,225,1009136,80,23586,4641,155,2
5.7168,226,1009156,80,23599,4641,130,2
5.7346,227,1009176,80,23612,4569,554,2
5.7546,228,1009196,80,23624,4569,121,2
5.7746,229,1009216,80,23637,4569,109,2
5.7945,230,1009236,80,23649,4569,166,2
5.8166,231,1009256,80,23662,4569,116,2
5.8365,232,1009276,80,23675,4569,161,2
5.8566,233,1009296,80,23688,4569,73,2
5.8746,234,1009316,80,23700,4569,339,2
5.8945,235,1009336,80,23713,4569,525,2
5.9146,236,1009356,80,23726,4569,508,2
5.9345,237,1009376,80,23739,4569,508,2
5.9566,238,1009396,80,23752,4569,147,2
5.9745,239,1009416,80,23765,4569,107,2
5.9965,240,1009436,80,23778,4569,115,2
6.0165,241,1009456,80,23791,4569,251,2
6.0363,242,1009476,80,23804,4641,220,2
6.0561,243,1009496,80,23818,4641,65,2
6.0760,244,1009516,80,23831,4641,221,2
6.0960,245,1009536,80,23844,4641,444,2
6.1161,246,1009556,80,23857,4641,494,2
6.1362,247,1009576,80,23871,4783,449,2
6.1561,248,1009596,80,23884,4783,139,2
6.1762,249,1009616,80,23897,4783,124,2
6.1961,250,1009636,80,23911,4783,110,2
6.2173,251,1009656,80,23924,4783,87,2
6.2353,252,1009676,80,23938,4712,135,2
6.2553,253,1009696,80,23951,4712,148,2
6.2755,254,1009716,80,23964,4712,113,2
6.2953,255,1009736,80,23977,4712,107,2
6.3149,256,1009756,80,23991,4712,55,2
6.3360,257,1009776,80,24005,4783,102,2
6.3550,258,1009796,80,24018,4783,158,2
6.3760,259,1009816,80,24032,4783,341,2
6.3950,260,1009836,80,24045,4783,297,2
6.4160,261,1009856,80,24059,4783,520,2
6.4350,262,1009876,80,24072,4855,294,2
6.4545,263,1009896,80,24085,4855,514,2
6.4745,264,1009916,80,24099,4855,306,2
6.4965,265,1009936,80,24112,4855,93,2
6.5144,266,1009956,80,24126,4855,98,2
6.5344,267,1009976,80,24140,4783,92,2
6.5565,268,1009996,80,24153,4783,140,2
6.5745,269,1010016,80,24167,4783,128,2
6.5945,270,1010036,80,24180,4783,196,2
6.6146,271,1010056,80,24194,4783,261,2
6.6349,272,1010076,80,24208,4855,205,2
6.6548,273,1010096,80,24221,4855,296,2
6.6749,274,1010116,80,24235,4855,119,2
6.6949,275,1010136,80,24249,4855,167,2
6.7174,276,1010156,80,24263,4855,93,2
6.7355,277,1010176,80,24276,4926,96,2
6.7555,278,1010196,80,24290,4926,504,2
6.7752,279,1010216,80,24304,4926,297,2
6.7953,280,1010236,80,24317,4926,92,2
6.8155,281,1010256,80,24332,4926,102,2
6.8356,282,1010276,80,24345,4855,151,2
6.8558,283,1010296,80,24359,4855,168,2
6.8759,284,1010316,80,24373,4855,67,2
6.8958,285,1010336,80,24387,4855,343,2
6.9159,286,1010356,80,24400,4855,506,2
6.9361,287,1010376,80,24414,4998,306,2
6.9561,288,1010396,80,24428,4998,482,2
6.9763,289,1010416,80,24442,4998,429,2
6.9965,290,1010436,80,24456,4998,158,2
7.0162,291,1010456,80,24469,4998,113,2
7.0361,292,1010476,80,24483,4926,116,2
7.0562,293,1010496,80,24497,4926,103,2
7.0763,294,1010516,80,24511,4926,128,2
7.0965,295,1010536,80,24525,4926,98,2
7.1165,296,1010556,80,24539,4926,185,2
7.1362,297,1010576,80,24552,4926,110,2
7.1561,298,1010596,80,24567,4926,226,2
7.1763,299,1010616,80,24580,4926,163,2
7.1965,300,1010636,80,24594,4926,113,2
7.2178,301,1010656,80,24608,4926,104,2
7.2360,302,1010676,80,24622,4998,331,2
7.2559,303,1010696,80,24636,4998,499,2
7.2759,304,1010716,80,24650,4998,71,2
7.2961,305,1010736,80,24664,4998,120,2
7.3163,306,1010756,80,24677,4998,182,2
7.3363,307,1010776,80,24692,4926,137,2
7.3565,308,1010796,80,24706,4926,182,2
7.3762,309,1010816,80,24720,4926,151,2
7.3962,310,1010836,80,24733,4926,195,2
7.4163,311,1010856,80,24747,4926,84,2
7.4364,312,1010876,80,24761,4998,84,2
7.4564,313,1010896,80,24775,4998,419,2
7.4745,314,1010916,80,24789,4998,115,2
7.4965,315,1010936,80,24803,4998,100,2
7.5166,316,1010956,80,24817,4998,150,2
7.5345,317,1010976,80,24831,4998,153,2
7.5546,318,1010996,80,24845,4998,148,2
7.5748,319,1011016,80,24859,4998,70,2
7.5948,320,1011036,80,24872,4998,217,2
7.6147,321,1011056,80,24887,4998,446,2
7.6345,322,1011076,80,24901,4926,446,2
7.6545,323,1011096,80,24915,4926,70,2
7.6746,324,1011116,80,24929,4926,104,2
7.6947,325,1011136,80,24943,4926,126,2
7.7147,326,1011156,80,24957,4926,126,2
7.7350,327,1011176,80,24971,4998,86,2
7.7549,328,1011196,80,24984,4998,498,2
7.7749,329,1011216,80,24999,4998,108,2
7.7949,330,1011236,80,25013,4998,83,2
7.8149,331,1011256,80,25027,4998,156,2
7.8349,332,1011276,80,25041,4998,131,2
7.8549,333,1011296,80,25055,4998,102,2
7.8748,334,1011316,80,25069,4998,297,2
7.8949,335,1011336,80,25083,4998,498,2
7.9149,336,1011356,80,25097,4998,413,2
7.9349,337,1011376,80,25111,5069,455,2
7.9548,338,1011396,80,25125,5069,253,2
7.9747,339,1011416,80,25139,5069,89,2
7.9947,340,1011436,80,25153,5069,125,2
8.0147,341,1011456,80,25167,5069,145,2
8.0347,342,1011476,80,25181,4926,174,2
8.0547,343,1011496,80,25195,4926,139,2
8.0747,344,1011516,80,25210,4926,55,2
8.0945,345,1011536,80,25224,4926,289,2
8.1146,346,1011556,80,25238,4926,293,2
8.1345,347,1011576,80,25252,5069,180,2
8.1546,348,1011596,80,25266,5069,270,2
8.1747,349,1011616,80,25281,5069,99,2
8.1948,350,1011636,80,25295,5069,93,2
8.2156,351,1011656,80,25309,5069,110,2
8.2363,352,1011676,80,25323,5069,104,2
8.2563,353,1011696,80,25337,5069,461,2
8.2764,354,1011716,80,25352,5069,487,2
8.2945,355,1011736,80,25365,5069,141,2
8.3146,356,1011756,80,25380,5069,102,2
8.3368,357,1011776,80,25394,5069,125,2
8.3546,358,1011796,80,25408,5069,125,2
8.3760,359,1011816,80,25423,5069,148,2
8.3955,360,1011836,80,25436,5069,115,2
8.4156,361,1011856,80,25451,5069,82,2
8.4357,362,1011876,80,25465,5069,71,2
8.4556,363,1011896,80,25479,5069,93,2
8.4756,364,1011916,80,25493,5069,300,2
8.4958,365,1011936,80,25507,5069,469,2
8.5159,366,1011956,80,25521,5069,280,2
8.5361,367,1011976,80,25536,5069,476,2
8.5563,368,1011996,80,25550,5069,96,2
8.5765,369,1012016,80,25564,5069,144,2
8.5945,370,1012036,80,25578,5069,174,2
8.6147,371,1012056,80,25593,5069,132,2
8.6348,372,1012076,80,25607,5140,147,2
8.6550,373,1012096,80,25621,5140,81,2
8.6752,374,1012116,80,25635,5140,144,2
8.6950,375,1012136,80,25649,5140,176,2
8.7150,376,1012156,80,25664,5140,62,2
8.7358,377,1012176,80,25678,5069,157,2
8.7559,378,1012196,80,25692,5069,150,2
8.7761,379,1012216,80,25706,5069,114,2
8.7963,380,1012236,80,25721,5069,180,2
8.8162,381,1012256,80,25735,5069,183,2
8.8363,382,1012276,80,25749,5069,179,2
8.8564,383,1012296,80,25764,5069,135,2
8.8765,384,1012316,80,25778,5069,84,2
8.8945,385,1012336,80,25792,5069,193,2
8.9146,386,1012356,80,25807,5069,240,2
8.9345,387,1012376,80,25821,5069,240,2
8.9545,388,1012396,80,25835,5069,333,2
8.9748,389,1012416,80,25849,5069,414,2
8.9949,390,1012436,80,25864,5069,485,2
9.0151,391,1012456,80,25878,5069,100,2
9.0353,392,1012476,80,25892,5140,87,2
9.0552,393,1012496,80,25907,5140,128,2
9.0752,394,1012516,80,25921,5140,166,2
9.0955,395,1012536,80,25936,5140,77,2
9.1156,396,1012556,80,25950,5140,249,2
9.1354,397,1012576,80,25964,5069,93,2
9.1555,398,1012596,80,25979,5069,336,2
9.1753,399,1012616,80,25993,5069,78,2
9.1955,400,1012636,80,26007,5069,97,2
9.2188,401,1012656,80,26021,5069,256,2
9.2354,402,1012676,110,26037,5212,135,2
9.2555,403,1012696,110,26053,5212,129,2
9.2756,404,1012716,110,26071,5212,132,2
9.2958,405,1012736,110,26089,5212,134,2
9.3160,406,1012756,110,26109,5212,126,2
9.3359,407,1012776,110,26128,6497,91,2
9.3560,408,1012796,110,26148,6497,86,2
9.3762,409,1012816,110,26169,6497,131,2
9.3963,410,1012836,110,26189,6497,237,2
9.4163,411,1012856,110,26210,6497,193,2
9.4363,412,1012876,110,26231,7211,91,2
9.4565,413,1012896,110,26251,7211,212,2
9.4766,414,1012916,110,26272,7211,237,2
9.4945,415,1012936,110,26293,7211,194,2
9.5145,416,1012956,110,26314,7211,157,2
9.5345,417,1012976,110,26335,7425,123,2
9.5545,418,1012996,110,26356,7425,121,2
9.5747,419,1013016,110,26377,7425,102,2
9.5948,420,1013036,110,26397,7425,155,2
9.6150,421,1013056,110,26419,7425,131,2
9.6352,422,1013076,110,26440,7568,65,2
9.6551,423,1013096,110,26460,7568,232,2
9.6753,424,1013116,110,26481,7568,107,2
9.6954,425,1013136,110,26503,7568,80,2
9.7156,426,1013156,110,26524,7568,80,2
9.7365,427,1013176,110,26544,7425,93,2
9.7545,428,1013196,110,26566,7425,109,2
9.7744,429,1013216,110,26587,7425,70,2
9.7966,430,1013236,110,26608,7425,110,2
9.8145,431,1013256,110,26629,7425,67,2
9.8346,432,1013276,110,26650,7497,98,2
9.8548,433,1013296,110,26671,7497,145,2
9.8750,434,1013316,110,26692,7497,107,2
9.8949,435,1013336,110,26713,7497,126,2
9.9151,436,1013356,110,26734,7497,120,2
9.9353,437,1013376,110,26755,7568,109,2
9.9553,438,1013396,110,26776,7568,118,2
9.9754,439,1013416,110,26797,7568,110,2
9.9955,440,1013436,110,26819,7568,94,2
10.0156,441,1013456,110,26840,7568,158,2
10.0355,442,1013476,110,26861,7497,98,2
10.0556,443,1013496,110,26882,7497,231,2
10.0758,444,1013516,110,26903,7497,235,2
10.0960,445,1013536,110,26924,7497,157,2
10.1162,446,1013556,110,26945,7497,81,2
10.1355,447,1013576,110,26967,7568,91,2
10.1553,448,1013596,110,26988,7568,219,2
10.1755,449,1013616,110,27009,7568,124,2
10.1956,450,1013636,110,27030,7568,139,2
10.2158,451,1013656,110,27051,7568,145,2
10.2374,452,1013676,110,27072,7568,72,2
10.2551,453,1013696,110,27093,7568,96,2
10.2751,454,1013716,110,27115,7568,93,2
10.2953,455,1013736,110,27136,7568,115,2
10.3155,456,1013756,110,27157,7568,217,2
10.3355,457,1013776,110,27179,7568,114,2
10.3557,458,1013796,110,27200,7568,94,2
10.3755,459,1013816,110,27221,7568,72,2
10.3952,460,1013836,110,27242,7568,158,2
10.4148,461,1013856,110,27264,7568,192,2
10.4361,462,1013876,110,27285,7639,110,2
10.4555,463,1013896,110,27306,7639,157,2
10.4748,464,1013916,110,27327,7639,108,2
10.4963,465,1013936,110,27348,7639,128,2
10.5162,466,1013956,110,27369,7639,232,2
10.5363,467,1013976,110,27391,7497,77,2
10.5564,468,1013996,110,27412,7497,83,2
10.5762,469,1014016,110,27433,7497,98,2
10.5963,470,1014036,110,27454,7497,59,2
10.6164,471,1014056,110,27475,7497,64,2
10.6363,472,1014076,110,27496,7568,94,2
10.6563,473,1014096,110,27517,7568,107,2
10.6762,474,1014116,110,27539,7568,62,2
10.6963,475,1014136,110,27560,7568,93,2
10.7163,476,1014156,110,27581,7568,235,2
10.7372,477,1014176,110,27602,7568,93,2
10.7550,478,1014196,110,27623,7568,152,2
10.7748,479,1014216,110,27644,7568,112,2
10.7949,480,1014236,110,27665,7568,64,2
10.8150,481,1014256,110,27687,7568,261,2
10.8350,482,1014276,110,27708,7568,155,2
10.8548,483,1014296,110,27729,7568,104,2
10.8748,484,1014316,110,27750,7568,105,2
10.8948,485,1014336,110,27771,7568,107,2
10.9148,486,1014356,110,27792,7568,78,2
10.9348,487,1014376,110,27813,7497,120,2
10.9547,488,1014396,110,27835,7497,220,2
10.9745,489,1014416,110,27856,7497,109,2
10.9945,490,1014436,110,27877,7497,87,2
11.0166,491,1014456,110,27898,7497,126,2
11.0344,492,1014476,110,27919,7568,93,2
11.0545,493,1014496,110,27940,7568,253,2
11.0744,494,1014516,110,27961,7568,229,2
11.0946,495,1014536,110,27982,7568,121,2
11.1144,496,1014556,110,28003,7568,75,2
11.1347,497,1014576,110,28024,7497,84,2
11.1547,498,1014596,110,28045,7497,142,2
11.1747,499,1014616,110,28067,7497,88,2
11.1946,500,1014636,110,28088,7497,92,2
11.2146,501,1014656,110,28109,7497,215,2
11.2381,502,1014676,110,28130,7497,112,2
11.2560,503,1014696,110,28151,7497,80,2
11.2759,504,1014716,110,28172,7497,84,2
11.2960,505,1014736,110,28193,7497,237,2
11.3161,506,1014756,110,28214,7497,173,2
11.3360,507,1014776,110,28235,7568,91,2
11.3561,508,1014796,110,28256,7568,198,2
11.3761,509,1014816,110,28277,7568,59,2
11.3963,510,1014836,110,28299,7568,88,2
11.4144,511,1014856,110,28320,7568,183,2
11.4346,512,1014876,110,28340,7497,86,2
11.4548,513,1014896,110,28361,7497,177,2
11.4751,514,1014916,110,28383,7497,195,2
11.4951,515,1014936,110,28404,7497,222,2
11.5154,516,1014956,110,28425,7497,142,2
11.5356,517,1014976,110,28446,7497,221,2
11.5558,518,1014996,110,28467,7497,150,2
11.5759,519,1015016,110,28488,7497,75,2
11.5961,520,1015036,110,28509,7497,291,2
11.6162,521,1015056,110,28530,7497,253,2
11.6365,522,1015076,110,28551,7568,241,2
11.6545,523,1015096,110,28572,7568,533,2
11.6745,524,1015116,110,28593,7568,164,2
11.6947,525,1015136,110,28615,7568,217,2
11.7145,526,1015156,110,28636,7568,209,2
11.7399,527,1015176,110,28657,7497,232,2
11.7557,528,1015196,110,28678,7497,550,2
11.7758,529,1015216,110,28699,7497,77,2
11.7959,530,1015236,110,28720,7497,103,2
11.8159,531,1015256,110,28741,7497,100,2
11.8358,532,1015276,110,28762,7568,73,2
11.8558,533,1015296,110,28783,7568,176,2
11.8760,534,1015316,110,28804,7568,130,2
11.8961,535,1015336,110,28825,7568,120,2
11.9162,536,1015356,110,28847,7568,129,2
11.9361,537,1015376,110,28868,7568,115,2
11.9561,538,1015396,110,28889,7568,131,2
11.9761,539,1015416,110,28910,7568,119,2
11.9963,540,1015436,110,28931,7568,105,2
12.0164,541,1015456,110,28952,7568,114,2
12.0344,542,1015476,110,28973,7497,103,2
12.0544,543,1015496,110,28994,7497,82,2
12.0745,544,1015516,110,29015,7497,125,2
12.0947,545,1015536,110,29036,7497,140,2
12.1149,546,1015556,110,29057,7497,132,2
12.1349,547,1015576,110,29078,7497,113,2
12.1551,548,1015596,110,29099,7497,230,2
12.1753,549,1015616,110,29120,7497,104,2
12.1955,550,1015636,110,29141,7497,92,2
12.2156,551,1015656,110,29162,7497,96,2
12.2416,552,1015676,110,29183,7497,82,2
12.2551,553,1015696,110,29204,7497,327,2
12.2754,554,1015716,110,29225,7497,268,2
12.2951,555,1015736,110,29246,7497,75,2
12.3151,556,1015756,110,29267,7497,59,2
12.3348,557,1015776,110,29288,7497,145,2
12.3548,558,1015796,110,29309,7497,137,2
12.3748,559,1015816,110,29330,7497,57,2
12.3947,560,1015836,110,29351,7497,157,2
12.4145,561,1015856,110,29372,7497,167,2
12.4344,562,1015876,110,29393,7497,75,2
12.4563,563,1015896,110,29414,7497,246,2
12.4755,564,1015916,110,29435,7497,215,2
12.4949,565,1015936,110,29456,7497,86,2
12.5146,566,1015956,110,29477,7497,171,2
12.5345,567,1015976,110,29498,7497,82,2
12.5545,568,1015996,110,29519,7497,241,2
12.5745,569,1016016,110,29540,7497,115,2
12.5946,570,1016036,110,29561,7497,66,2
12.6147,571,1016056,110,29583,7497,98,2
12.6347,572,1016076,110,29603,7497,92,2
12.6544,573,1016096,110,29624,7497,231,2
12.6745,574,1016116,110,29645,7497,100,2
12.6945,575,1016136,110,29667,7497,83,2
12.7146,576,1016156,110,29688,7497,222,2
12.7420,577,1016176,110,29709,7568,167,2
12.7554,578,1016196,110,29730,7568,84,2
12.7755,579,1016216,110,29751,7568,114,2
12.7955,580,1016236,110,29772,7568,214,2
12.8155,581,1016256,110,29793,7568,227,2
12.8356,582,1016276,110,29815,7497,88,2
12.8558,583,1016296,110,29836,7497,180,2
12.8759,584,1016316,110,29857,7497,200,2
12.8960,585,1016336,110,29878,7497,65,2
12.9161,586,1016356,110,29899,7497,201,2
12.9363,587,1016376,110,29920,7568,232,2
12.9565,588,1016396,110,29941,7568,134,2
12.9744,589,1016416,110,29963,7568,75,2
12.9946,590,1016436,110,29984,7568,280,2
13.0144,591,1016456,110,30005,7568,222,2
13.0345,592,1016476,110,30026,7568,179,2
13.0545,593,1016496,110,30047,7568,261,2
13.0745,594,1016516,110,30068,7568,225,2
13.0946,595,1016536,110,30090,7568,92,2
13.1147,596,1016556,110,30111,7568,93,2
13.1345,597,1016576,110,30132,7568,77,2
13.1544,598,1016596,110,30153,7568,192,2
13.1745,599,1016616,110,30174,7568,129,2
13.1947,600,1016636,110,30195,7568,80,2
13.2149,601,1016656,110,30216,7568,61,2
13.2363,602,1016676,140,30238,7497,286,2
13.2551,603,1016696,140,30260,7497,294,2
13.2750,604,1016716,140,30284,7497,251,2
13.2951,605,1016736,140,30309,7497,259,2
13.3153,606,1016756,140,30336,7497,182,2
13.3353,607,1016776,140,30362,8853,156,2
13.3553,608,1016796,140,30389,8853,168,2
13.3752,609,1016816,140,30416,8853,132,2
13.3953,610,1016836,140,30443,8853,240,2
13.4154,611,1016856,140,30471,8853,222,2
13.4355,612,1016876,140,30498,9639,178,2
13.4557,613,1016896,140,30526,9639,194,2
13.4757,614,1016916,140,30553,9639,211,2
13.4956,615,1016936,140,30581,9639,189,2
13.5157,616,1016956,140,30609,9639,217,2
13.5359,617,1016976,140,30637,9924,169,2
13.5561,618,1016996,140,30664,9924,87,2
13.5762,619,1017016,140,30692,9924,291,2
13.5964,620,1017036,140,30720,9924,171,2
13.6165,621,1017056,140,30748,9924,217,2
13.6345,622,1017076,140,30775,9853,125,2
13.6545,623,1017096,140,30803,9853,97,2
13.6746,624,1017116,140,30831,9853,171,2
13.6946,625,1017136,140,30859,9853,76,2
13.7147,626,1017156,140,30886,9853,146,2
13.7420,627,1017176,140,30914,9924,102,2
13.7555,628,1017196,140,30942,9924,192,2
13.7756,629,1017216,140,30970,9924,167,2
13.7958,630,1017236,140,30998,9924,113,2
13.8158,631,1017256,140,31025,9924,248,2
13.8358,632,1017276,140,31053,9996,147,2
13.8558,633,1017296,140,31081,9996,231,2
13.8759,634,1017316,140,31109,9996,242,2
13.8961,635,1017336,140,31137,9996,226,2
13.9163,636,1017356,140,31165,9996,217,2
13.9344,637,1017376,140,31193,9924,141,2
13.9562,638,1017396,140,31221,9924,214,2
13.9757,639,1017416,140,31249,9924,212,2
13.9953,640,1017436,140,31277,9924,257,2
14.0155,641,1017456,140,31305,9924,190,2
14.0357,642,1017476,140,31333,9996,102,2
14.0556,643,1017496,140,31361,9996,80,2
14.0756,644,1017516,140,31389,9996,215,2
14.0955,645,1017536,140,31417,9996,210,2
14.1155,646,1017556,140,31445,9996,188,2
14.1356,647,1017576,140,31473,9996,220,2
14.1558,648,1017596,140,31501,9996,230,2
14.1759,649,1017616,140,31529,9996,301,2
14.1960,650,1017636,140,31557,9996,130,2
14.2158,651,1017656,140,31585,9996,124,2
14.2338,652,1017676,140,31613,10067,251,2
14.2549,653,1017696,140,31641,10067,224,2
14.2748,654,1017716,140,31669,10067,172,2
14.2948,655,1017736,140,31697,10067,71,2
14.3147,656,1017756,140,31726,10067,145,2
14.3346,657,1017776,140,31754,9996,110,2
14.3545,658,1017796,140,31782,9996,164,2
14.3746,659,1017816,140,31810,9996,152,2
14.3948,660,1017836,140,31838,9996,147,2
14.4150,661,1017856,140,31866,9996,253,2
14.4351,662,1017876,140,31894,9996,178,2
14.4551,663,1017896,140,31923,9996,196,2
14.4750,664,1017916,140,31951,9996,248,2
14.4943,665,1017936,140,31979,9996,232,2
14.5153,666,1017956,140,32007,9996,126,2
14.5347,667,1017976,140,32035,10067,134,2
14.5564,668,1017996,140,32064,10067,97,2
14.5763,669,1018016,140,32092,10067,153,2
14.5963,670,1018036,140,32120,10067,123,2
14.6165,671,1018056,140,32148,10067,178,2
14.6345,672,1018076,140,32176,10067,193,2
14.6546,673,1018096,140,32205,10067,116,2
14.6747,674,1018116,140,32233,10067,158,2
14.6945,675,1018136,140,32261,10067,132,2
14.7146,676,1018156,140,32289,10067,233,2
14.7351,677,1018176,140,32318,10138,449,2
14.7556,678,1018196,140,32346,10138,110,2
14.7758,679,1018216,140,32375,10138,75,2
14.7958,680,1018236,140,32403,10138,70,2
14.8156,681,1018256,140,32431,10138,146,2
14.8356,682,1018276,140,32460,10067,232,2
14.8558,683,1018296,140,32488,10067,236,2
14.8761,684,1018316,140,32516,10067,140,2
14.8962,685,1018336,140,32544,10067,184,2
14.9163,686,1018356,140,32573,10067,121,2
14.9362,687,1018376,140,32601,10138,113,2
14.9562,688,1018396,140,32629,10138,82,2
14.9763,689,1018416,140,32658,10138,82,2
14.9964,690,1018436,140,32686,10138,200,2
15.0166,691,1018456,140,32715,10138,103,2
15.0365,692,1018476,140,32743,10138,256,2
15.0544,693,1018496,140,32772,10138,161,2
15.0746,694,1018516,140,32800,10138,221,2
15.0947,695,1018536,140,32828,10138,125,2
15.1148,696,1018556,140,32856,10138,166,2
15.1345,697,1018576,140,32885,10138,129,2
15.1546,698,1018596,140,32913,10138,145,2
15.1745,699,1018616,140,32942,10138,132,2
15.1944,700,1018636,140,32970,10138,83,2
15.2146,701,1018656,140,32999,10138,145,2
15.2351,702,1018676,140,33027,10138,284,2
15.2565,703,1018696,140,33055,10138,100,2
15.2744,704,1018716,140,33084,10138,98,2
15.2963,705,1018736,140,33112,10138,144,2
15.3144,706,1018756,140,33141,10138,93,2
15.3366,707,1018776,140,33169,10138,269,2
15.3545,708,1018796,140,33198,10138,242,2
15.3746,709,1018816,140,33226,10138,96,2
15.3947,710,1018836,140,33255,10138,153,2
15.4144,711,1018856,140,33283,10138,177,2
15.4366,712,1018876,140,33312,10138,105,2
15.4545,713,1018896,140,33340,10138,125,2
15.4746,714,1018916,140,33369,10138,179,2
15.4945,715,1018936,140,33397,10138,211,2
15.5145,716,1018956,140,33426,10138,93,2
15.5345,717,1018976,140,33454,10210,285,2
15.5544,718,1018996,140,33483,10210,91,2
15.5745,719,1019016,140,33511,10210,137,2
15.5946,720,1019036,140,33540,10210,193,2
15.6146,721,1019056,140,33568,10210,151,2
15.6366,722,1019076,140,33596,10138,128,2
15.6565,723,1019096,140,33624,10138,172,2
15.6765,724,1019116,140,33652,10138,80,2
15.6944,725,1019136,140,33681,10138,99,2
15.7144,726,1019156,140,33709,10138,124,2
15.7370,727,1019176,140,33737,10067,229,2
15.7551,728,1019196,140,33765,10067,285,2
15.7753,729,1019216,140,33794,10067,124,2
15.7951,730,1019236,140,33822,10067,199,2
15.8151,731,1019256,140,33851,10067,136,2
15.8352,732,1019276,140,33879,10138,126,2
15.8552,733,1019296,140,33907,10138,108,2
15.8753,734,1019316,140,33936,10138,121,2
15.8951,735,1019336,140,33964,10138,168,2
15.9151,736,1019356,140,33992,10138,92,2
15.9351,737,1019376,140,34020,10067,108,2
15.9550,738,1019396,140,34049,10067,128,2
15.9751,739,1019416,140,34077,10067,212,2
15.9950,740,1019436,140,34106,10067,139,2
16.0150,741,1019456,140,34134,10067,227,2
16.0349,742,1019476,140,34162,10138,135,2
16.0549,743,1019496,140,34191,10138,136,2
16.0750,744,1019516,140,34219,10138,132,2
16.0950,745,1019536,140,34248,10138,124,2
16.1151,746,1019556,140,34276,10138,123,2
16.1350,747,1019576,140,34304,10138,123,2
16.1548,748,1019596,140,34333,10138,137,2
16.1750,749,1019616,140,34361,10138,73,2
16.1951,750,1019636,140,34390,10138,83,2
16.2153,751,1019656,140,34418,10138,104,2
16.2380,752,1019676,140,34447,10210,251,2
16.2550,753,1019696,140,34476,10210,288,2
16.2750,754,1019716,140,34504,10210,177,2
16.2951,755,1019736,140,34532,10210,161,2
16.3153,756,1019756,140,34561,10210,116,2
16.3353,757,1019776,140,34589,10210,190,2
16.3552,758,1019796,140,34618,10210,114,2
16.3751,759,1019816,140,34647,10210,132,2
16.3949,760,1019836,140,34675,10210,115,2
16.4150,761,1019856,140,34704,10210,81,2
16.4352,762,1019876,140,34732,10138,114,2
16.4553,763,1019896,140,34761,10138,236,2
16.4754,764,1019916,140,34789,10138,152,2
16.4955,765,1019936,140,34818,10138,132,2
16.5154,766,1019956,140,34846,10138,188,2
16.5350,767,1019976,140,34875,10210,211,2
16.5544,768,1019996,140,34904,10210,172,2
16.5760,769,1020016,140,34932,10210,98,2
16.5961,770,1020036,140,34961,10210,273,2
16.6160,771,1020056,140,34989,10210,264,2
16.6360,772,1020076,140,35018,10210,139,2
16.6560,773,1020096,140,35047,10210,168,2
16.6761,774,1020116,140,35076,10210,125,2
16.6962,775,1020136,140,35104,10210,102,2
16.7164,776,1020156,140,35133,10210,103,2
16.7344,777,1020176,140,35161,10210,173,2
16.7550,778,1020196,140,35190,10210,86,2
16.7751,779,1020216,140,35219,10210,83,2
16.7953,780,1020236,140,35247,10210,158,2
16.8155,781,1020256,140,35276,10210,119,2
16.8356,782,1020276,140,35305,10210,199,2
16.8555,783,1020296,140,35333,10210,135,2
16.8755,784,1020316,140,35362,10210,157,2
16.8957,785,1020336,140,35391,10210,180,2
16.9156,786,1020356,140,35419,10210,115,2
16.9358,787,1020376,140,35448,10281,108,2
16.9557,788,1020396,140,35476,10281,135,2
16.9756,789,1020416,140,35505,10281,281,2
16.9956,790,1020436,140,35534,10281,233,2
17.0158,791,1020456,140,35563,10281,162,2
17.0359,792,1020476,140,35591,10210,220,2
17.0560,793,1020496,140,35620,10210,153,2
17.0762,794,1020516,140,35648,10210,98,2
17.0960,795,1020536,140,35677,10210,123,2
17.1161,796,1020556,140,35705,10210,152,2
17.1361,797,1020576,140,35734,10210,216,2
17.1563,798,1020596,140,35762,10210,147,2
17.1743,799,1020616,140,35791,10210,93,2
17.1945,800,1020636,140,35819,10210,97,2
17.2146,801,1020656,140,35848,10210,78,2
17.2355,802,1020676,170,35876,10138,337,3
17.2564,803,1020696,170,35905,10138,295,3
17.2766,804,1020716,170,35936,10138,288,3
17.2968,805,1020736,170,35968,10138,222,3
17.3146,806,1020756,170,36000,10138,251,3
17.3366,807,1020776,170,36033,11138,279,3
17.3545,808,1020796,170,36067,11138,257,3
17.3746,809,1020816,170,36101,11138,247,3
17.3947,810,1020836,170,36136,11138,240,3
17.4147,811,1020856,170,36170,11138,180,3
17.4348,812,1020876,170,36205,12209,279,3
17.4547,813,1020896,170,36240,12209,205,3
17.4747,814,1020916,170,36274,12209,208,3
17.4948,815,1020936,170,36309,12209,217,3
17.5149,816,1020956,170,36344,12209,190,3
17.5350,817,1020976,170,36379,12495,219,3
17.5552,818,1020996,170,36415,12495,167,3
17.5752,819,1021016,170,36449,12495,225,3
17.5953,820,1021036,170,36485,12495,226,3
17.6154,821,1021056,170,36520,12495,230,3
17.6354,822,1021076,170,36555,12495,188,3
17.6556,823,1021096,170,36590,12495,309,3
17.6757,824,1021116,170,36625,12495,180,3
17.6956,825,1021136,170,36660,12495,184,3
17.7156,826,1021156,170,36696,12495,293,3
17.7361,827,1021176,170,36731,12566,227,3
17.7566,828,1021196,170,36766,12566,206,3
17.7745,829,1021216,170,36802,12566,241,3
17.7946,830,1021236,170,36837,12566,243,3
17.8166,831,1021256,170,36872,12566,183,3
17.8365,832,1021276,170,36907,12638,231,3
17.8545,833,1021296,170,36943,12638,224,3
17.8746,834,1021316,170,36978,12638,221,3
17.8947,835,1021336,170,37013,12638,208,3
17.9147,836,1021356,170,37048,12638,180,3
17.9347,837,1021376,170,37084,12566,217,3
17.9547,838,1021396,170,37119,12566,180,3
17.9748,839,1021416,170,37154,12566,235,3
17.9947,840,1021436,170,37189,12566,225,3
18.0148,841,1021456,170,37224,12566,220,3
18.0348,842,1021476,170,37260,12566,192,3
18.0546,843,1021496,170,37295,12566,273,3
18.0745,844,1021516,170,37330,12566,179,3
18.0946,845,1021536,170,37365,12566,184,3
18.1147,846,1021556,170,37400,12566,264,3
18.1364,847,1021576,170,37436,12566,206,3
18.1563,848,1021596,170,37471,12566,206,3
18.1763,849,1021616,170,37506,12566,272,3
18.1964,850,1021636,170,37541,12566,238,3
18.2166,851,1021656,170,37577,12566,184,3
18.2371,852,1021676,170,37612,12566,226,3
18.2562,853,1021696,170,37647,12566,215,3
18.2764,854,1021716,170,37682,12566,216,3
18.2963,855,1021736,170,37717,12566,208,3
18.3164,856,1021756,170,37753,12566,177,3
18.3364,857,1021776,170,37788,12566,236,3
18.3564,858,1021796,170,37823,12566,193,3
18.3765,859,1021816,170,37858,12566,248,3
18.3966,860,1021836,170,37893,12566,225,3
18.4164,861,1021856,170,37928,12566,240,3
18.4364,862,1021876,170,37964,12566,215,3
18.4566,863,1021896,170,37999,12566,277,3
18.4745,864,1021916,170,38034,12566,177,3
18.4946,865,1021936,170,38069,12566,192,3
18.5146,866,1021956,170,38104,12566,280,3
18.5366,867,1021976,170,38140,12566,221,3
18.5545,868,1021996,170,38175,12566,225,3
18.5764,869,1022016,170,38210,12566,267,3
18.5954,870,1022036,170,38245,12566,238,3
18.6146,871,1022056,170,38280,12566,205,3
18.6364,872,1022076,170,38315,12495,194,3
18.6564,873,1022096,170,38350,12495,253,3
18.6766,874,1022116,170,38385,12495,222,3
18.6945,875,1022136,170,38420,12495,216,3
18.7147,876,1022156,170,38455,12495,210,3
18.7373,877,1022176,170,38489,12495,226,3
18.7555,878,1022196,170,38524,12495,204,3
18.7754,879,1022216,170,38559,12495,229,3
18.7955,880,1022236,170,38594,12495,284,3
18.8155,881,1022256,170,38629,12495,249,3
18.8357,882,1022276,170,38664,12423,206,3
18.8559,883,1022296,170,38699,12423,204,3
18.8761,884,1022316,170,38733,12423,252,3
18.8960,885,1022336,170,38768,12423,236,3
18.9161,886,1022356,170,38803,12423,215,3
18.9363,887,1022376,170,38838,12423,184,3
18.9565,888,1022396,170,38873,12423,265,3
18.9766,889,1022416,170,38908,12423,233,3
18.9945,890,1022436,170,38942,12423,243,3
19.0164,891,1022456,170,38977,12423,248,3
19.0365,892,1022476,170,39012,12495,249,3
19.0567,893,1022496,170,39047,12495,214,3
19.0747,894,1022516,170,39082,12495,233,3
19.0948,895,1022536,170,39117,12495,246,3
19.1149,896,1022556,170,39152,12495,241,3
19.1346,897,1022576,170,39187,12423,201,3
19.1547,898,1022596,170,39222,12423,199,3
19.1748,899,1022616,170,39257,12423,263,3
19.1949,900,1022636,170,39292,12423,226,3
19.2151,901,1022656,170,39327,12423,230,3
19.2378,902,1022676,170,39362,12495,283,3
19.2546,903,1022696,170,39397,12495,248,3
19.2746,904,1022716,170,39432,12495,209,3
19.2949,905,1022736,170,39467,12495,224,3
19.3151,906,1022756,170,39502,12495,248,3
19.3352,907,1022776,170,39537,12495,232,3
19.3553,908,1022796,170,39572,12495,214,3
19.3756,909,1022816,170,39608,12495,219,3
19.3956,910,1022836,170,39643,12495,227,3
19.4158,911,1022856,170,39677,12495,173,3
19.4359,912,1022876,170,39712,12566,236,3
19.4560,913,1022896,170,39748,12566,262,3
19.4762,914,1022916,170,39783,12566,242,3
19.4962,915,1022936,170,39818,12566,190,3
19.5163,916,1022956,170,39853,12566,293,3
19.5365,917,1022976,170,39888,12566,194,3
19.5546,918,1022996,170,39923,12566,206,3
19.5748,919,1023016,170,39959,12566,258,3
19.5950,920,1023036,170,39994,12566,209,3
19.6149,921,1023056,170,40029,12566,230,3
19.6349,922,1023076,170,40064,12495,209,3
19.6550,923,1023096,170,40099,12495,249,3
19.6751,924,1023116,170,40135,12495,216,3
19.6953,925,1023136,170,40169,12495,237,3
19.7155,926,1023156,170,40205,12495,232,3
19.7380,927,1023176,170,40240,12566,238,3
19.7564,928,1023196,170,40275,12566,200,3
19.7766,929,1023216,170,40311,12566,203,3
19.7945,930,1023236,170,40345,12566,211,3
19.8147,931,1023256,170,40381,12566,203,3
19.8347,932,1023276,170,40416,12566,226,3
19.8547,933,1023296,170,40452,12566,268,3
19.8748,934,1023316,170,40487,12566,246,3
19.8947,935,1023336,170,40522,12566,189,3
19.9148,936,1023356,170,40557,12566,300,3
19.9350,937,1023376,170,40592,12638,198,3
19.9549,938,1023396,170,40628,12638,203,3
19.9748,939,1023416,170,40663,12638,281,3
19.9950,940,1023436,170,40699,12638,230,3
20.0152,941,1023456,170,40734,12638,219,3
20.0355,942,1023476,170,40769,12566,243,3
20.0556,943,1023496,170,40804,12566,246,3
20.0758,944,1023516,170,40840,12566,204,3
20.0961,945,1023536,170,40875,12566,224,3
20.1163,946,1023556,170,40911,12566,236,3
20.1363,947,1023576,170,40946,12638,222,3
20.1565,948,1023596,170,40981,12638,217,3
20.1768,949,1023616,170,41017,12638,183,3
20.1946,950,1023636,170,41052,12638,220,3
20.2146,951,1023656,170,41087,12638,192,3
20.2345,952,1023676,170,41123,12638,254,3
20.2563,953,1023696,170,41158,12638,226,3
20.2766,954,1023716,170,41193,12638,231,3
20.2946,955,1023736,170,41229,12638,247,3
20.3147,956,1023756,170,41265,12638,226,3
20.3345,957,1023776,170,41300,12709,201,3
20.3546,958,1023796,170,41336,12709,230,3
20.3748,959,1023816,170,41371,12709,211,3
20.3951,960,1023836,170,41407,12709,193,3
20.4152,961,1023856,170,41443,12709,252,3
20.4354,962,1023876,170,41478,12638,231,3
20.4554,963,1023896,170,41514,12638,232,3
20.4754,964,1023916,170,41549,12638,248,3
20.4954,965,1023936,170,41585,12638,225,3
20.5154,966,1023956,170,41621,12638,208,3
20.5354,967,1023976,170,41656,12780,196,3
20.5556,968,1023996,170,41692,12780,214,3
20.5757,969,1024016,170,41728,12780,192,3
20.5957,970,1024036,170,41764,12780,245,3
20.6153,971,1024056,170,41799,12780,208,3
20.6348,972,1024076,170,41835,12709,220,3
20.6561,973,1024096,170,41871,12709,248,3
20.6761,974,1024116,170,41906,12709,208,3
20.6961,975,1024136,170,41942,12709,230,3
20.7161,976,1024156,170,41977,12709,193,3
20.7362,977,1024176,170,42013,12709,227,3
20.7549,978,1024196,170,42049,12709,216,3
20.7748,979,1024216,170,42085,12709,246,3
20.7949,980,1024236,170,42120,12709,196,3
20.8150,981,1024256,170,42156,12709,248,3
20.8350,982,1024276,170,42192,12780,226,3
20.8551,983,1024296,170,42228,12780,193,3
20.8751,984,1024316,170,42264,12780,285,3
20.8952,985,1024336,170,42299,12780,219,3
20.9152,986,1024356,170,42335,12780,216,3
20.9352,987,1024376,170,42371,12780,274,3
20.9551,988,1024396,170,42407,12780,232,3
20.9751,989,1024416,170,42443,12780,187,3
20.9952,990,1024436,170,42479,12780,301,3
21.0152,991,1024456,170,42514,12780,195,3
21.0353,992,1024476,170,42550,12780,190,3
21.0553,993,1024496,170,42586,12780,210,3
21.0754,994,1024516,170,42622,12780,176,3
21.0954,995,1024536,170,42657,12780,230,3
21.1155,996,1024556,170,42693,12780,227,3
21.1353,997,1024576,170,42729,12780,224,3
21.1551,998,1024596,170,42765,12780,240,3
21.1751,999,1024616,170,42801,12780,227,3
21.1953,1000,1024636,170,42836,12780,206,3
21.2154,1001,1024656,170,42872,12780,196,3
21.2366,1002,1024676,170,42908,12780,212,3
21.2546,1003,1024696,200,42945,12780,311,3
21.2755,1004,1024716,200,42983,12780,322,3
21.2954,1005,1024736,200,43022,12780,301,3
21.3155,1006,1024756,200,43062,12780,251,3
21.3352,1007,1024776,200,43103,13780,248,3
21.3554,1008,1024796,200,43144,13780,214,3
21.3755,1009,1024816,200,43185,13780,233,3
21.3956,1010,1024836,200,43227,13780,233,3
21.4156,1011,1024856,200,43269,13780,233,3
21.4355,1012,1024876,200,43311,14851,248,3
21.4554,1013,1024896,200,43353,14851,214,3
21.4755,1014,1024916,200,43396,14851,241,3
21.4958,1015,1024936,200,43438,14851,289,3
21.5159,1016,1024956,200,43481,14851,232,3
21.5361,1017,1024976,200,43523,15208,261,3
21.5562,1018,1024996,200,43566,15208,306,3
21.5764,1019,1025016,200,43608,15208,254,3
21.5965,1020,1025036,200,43651,15208,267,3
21.6166,1021,1025056,200,43694,15208,313,3
21.6345,1022,1025076,200,43736,15137,247,3
21.6566,1023,1025096,200,43779,15137,265,3
21.6767,1024,1025116,200,43822,15137,315,3
21.6947,1025,1025136,200,43864,15137,245,3
21.7148,1026,1025156,200,43907,15137,252,3
21.7349,1027,1025176,200,43950,15279,309,3
21.7558,1028,1025196,200,43992,15279,259,3
21.7757,1029,1025216,200,44035,15279,264,3
21.7956,1030,1025236,200,44078,15279,309,3
21.8157,1031,1025256,200,44120,15279,249,3
21.8361,1032,1025276,200,44163,15208,258,3
21.8563,1033,1025296,200,44206,15208,309,3
21.8765,1034,1025316,200,44248,15208,246,3
21.8964,1035,1025336,200,44291,15208,256,3
21.9165,1036,1025356,200,44334,15208,318,3
21.9365,1037,1025376,200,44376,15279,247,3
21.9564,1038,1025396,200,44419,15279,257,3
21.9766,1039,1025416,200,44462,15279,313,3
21.9946,1040,1025436,200,44504,15279,254,3
22.0145,1041,1025456,200,44547,15279,262,3
22.0345,1042,1025476,200,44589,15208,310,3
22.0546,1043,1025496,200,44632,15208,257,3
22.0747,1044,1025516,200,44675,15208,267,3
22.0948,1045,1025536,200,44717,15208,320,3
22.1148,1046,1025556,200,44760,15208,293,3
22.1347,1047,1025576,200,44802,15208,272,3
22.1548,1048,1025596,200,44845,15208,293,3
22.1749,1049,1025616,200,44887,15208,291,3
22.1950,1050,1025636,200,44930,15208,258,3
22.2152,1051,1025656,200,44972,15208,261,3
22.2354,1052,1025676,200,45015,15137,275,3
22.2562,1053,1025696,200,45057,15137,241,3
22.2749,1054,1025716,200,45100,15137,240,3
22.2950,1055,1025736,200,45142,15137,242,3
22.3152,1056,1025756,200,45184,15137,221,3
22.3351,1057,1025776,200,45227,15137,227,3
22.3548,1058,1025796,200,45269,15137,216,3
22.3747,1059,1025816,200,45312,15137,187,3
22.3948,1060,1025836,200,45354,15137,221,3
22.4149,1061,1025856,200,45397,15137,210,3
22.4350,1062,1025876,200,45439,15208,176,3
22.4551,1063,1025896,200,45482,15208,225,3
22.4752,1064,1025916,200,45524,15208,201,3
22.4951,1065,1025936,200,45567,15208,169,3
22.5152,1066,1025956,200,45609,15208,224,3
22.5354,1067,1025976,200,45652,15137,192,3
22.5556,1068,1025996,200,45694,15137,156,3
22.5757,1069,1026016,200,45737,15137,230,3
22.5958,1070,1026036,200,45779,15137,192,3
22.6157,1071,1026056,200,45821,15137,160,3
22.6355,1072,1026076,200,45864,15137,224,3
22.6553,1073,1026096,200,45906,15137,179,3
22.6762,1074,1026116,200,45949,15137,169,3
22.6958,1075,1026136,200,45991,15137,237,3
22.7160,1076,1026156,200,46033,15137,163,3
22.7361,1077,1026176,200,46076,15137,183,3
22.7570,1078,1026196,200,46118,15137,248,3
22.7750,1079,1026216,200,46161,15137,182,3
22.7951,1080,1026236,200,46203,15137,220,3
22.8153,1081,1026256,200,46245,15137,240,3
22.8355,1082,1026276,200,46288,15137,208,3
22.8554,1083,1026296,200,46330,15137,224,3
22.8755,1084,1026316,200,46372,15137,252,3
22.8956,1085,1026336,200,46415,15137,210,3
22.9158,1086,1026356,200,46457,15137,215,3
22.9357,1087,1026376,200,46500,15137,253,3
22.9558,1088,1026396,200,46542,15137,233,3
22.9758,1089,1026416,200,46585,15137,194,3
22.9959,1090,1026436,200,46627,15137,241,3
23.0161,1091,1026456,200,46669,15137,261,3
23.0363,1092,1026476,200,46712,15137,214,3
23.0564,1093,1026496,200,46754,15137,249,3
23.0766,1094,1026516,200,46796,15137,230,3
23.0965,1095,1026536,200,46839,15137,227,3
23.1165,1096,1026556,200,46881,15137,232,3
23.1364,1097,1026576,200,46923,15137,206,3
23.1565,1098,1026596,200,46965,15137,199,3
23.1746,1099,1026616,200,47008,15137,225,3
23.1948,1100,1026636,200,47050,15137,189,3
23.2147,1101,1026656,200,47092,15137,196,3
23.2347,1102,1026676,200,47135,15065,214,3
23.2556,1103,1026696,200,47177,15065,177,3
23.2766,1104,1026716,200,47219,15065,214,3
23.2945,1105,1026736,200,47261,15065,217,3
23.3146,1106,1026756,200,47304,15065,192,3
23.3365,1107,1026776,200,47346,15065,210,3
23.3566,1108,1026796,200,47388,15065,224,3
23.3745,1109,1026816,200,47431,15065,203,3
23.3946,1110,1026836,200,47473,15065,231,3
23.4147,1111,1026856,200,47516,15065,221,3
23.4348,1112,1026876,200,47558,15137,215,3
23.4547,1113,1026896,200,47600,15137,235,3
23.4746,1114,1026916,200,47643,15137,224,3
23.4946,1115,1026936,200,47685,15137,230,3
23.5147,1116,1026956,200,47728,15137,233,3
23.5347,1117,1026976,200,47770,15137,215,3
23.5547,1118,1026996,200,47812,15137,232,3
23.5745,1119,1027016,200,47855,15137,257,3
23.5945,1120,1027036,200,47897,15137,198,3
23.6146,1121,1027056,200,47940,15137,235,3
23.6347,1122,1027076,200,47983,15208,278,3
23.6547,1123,1027096,200,48025,15208,214,3
23.6747,1124,1027116,200,48068,15208,252,3
23.6947,1125,1027136,200,48110,15208,321,3
23.7147,1126,1027156,200,48152,15208,252,3
23.7347,1127,1027176,200,48195,15137,269,3
23.7597,1128,1027196,200,48237,15137,315,3
23.7754,1129,1027216,200,48280,15137,275,3
23.7955,1130,1027236,200,48323,15137,277,3
23.8153,1131,1027256,200,48365,15137,321,3
23.8352,1132,1027276,200,48408,15208,281,3
23.8553,1133,1027296,200,48451,15208,275,3
23.8755,1134,1027316,200,48493,15208,315,3
23.8957,1135,1027336,200,48536,15208,302,3
23.9158,1136,1027356,200,48578,15208,278,3
23.9355,1137,1027376,200,48621,15208,309,3
23.9555,1138,1027396,200,48664,15208,296,3
23.9756,1139,1027416,200,48706,15208,281,3
23.9956,1140,1027436,200,48748,15208,296,3
24.0155,1141,1027456,200,48791,15208,290,3
24.0356,1142,1027476,200,48834,15208,274,3
24.0555,1143,1027496,200,48876,15208,284,3
24.0756,1144,1027516,200,48919,15208,296,3
24.0957,1145,1027536,200,48962,15208,279,3
24.1158,1146,1027556,200,49004,15208,279,3
24.1355,1147,1027576,200,49047,15208,284,3
24.1554,1148,1027596,200,49089,15208,264,3
24.1753,1149,1027616,200,49132,15208,289,3
24.1953,1150,1027636,200,49175,15208,286,3
24.2155,1151,1027656,200,49217,15208,265,3
24.2358,1152,1027676,200,49260,15208,264,3
24.2616,1153,1027696,200,49303,15208,281,3
24.2751,1154,1027716,200,49345,15208,262,3
24.2951,1155,1027736,200,49388,15208,270,3
24.3152,1156,1027756,200,49431,15208,270,3
24.3354,1157,1027776,200,49473,15279,249,3
24.3555,1158,1027796,200,49516,15279,259,3
24.3757,1159,1027816,200,49559,15279,268,3
24.3958,1160,1027836,200,49601,15279,247,3
24.4159,1161,1027856,200,49644,15279,249,3
24.4358,1162,1027876,200,49687,15208,274,3
24.4558,1163,1027896,200,49729,15208,251,3
24.4760,1164,1027916,200,49772,15208,264,3
24.4961,1165,1027936,200,49815,15208,267,3
24.5163,1166,1027956,200,49857,15208,254,3
24.5362,1167,1027976,200,49900,15208,269,3
24.5564,1168,1027996,200,49943,15208,280,3
24.5766,1169,1028016,200,49985,15208,262,3
24.5945,1170,1028036,200,50028,15208,263,3
24.6146,1171,1028056,200,50071,15208,281,3
24.6347,1172,1028076,200,50113,15279,267,3
24.6567,1173,1028096,200,50156,15279,272,3
24.6746,1174,1028116,200,50199,15279,284,3
24.6959,1175,1028136,200,50242,15279,269,3
24.7150,1176,1028156,200,50284,15279,286,3
24.7348,1177,1028176,200,50327,15208,286,3
24.7620,1178,1028196,200,50370,15208,281,3
24.7754,1179,1028216,200,50413,15208,291,3
24.7955,1180,1028236,200,50455,15208,291,3
24.8156,1181,1028256,200,50498,15208,280,3
24.8357,1182,1028276,200,50541,15279,313,3
24.8558,1183,1028296,200,50584,15279,291,3
24.8758,1184,1028316,200,50626,15279,272,3
24.8957,1185,1028336,200,50669,15279,304,3
24.9157,1186,1028356,200,50712,15279,299,3
24.9358,1187,1028376,200,50754,15279,278,3
24.9557,1188,1028396,200,50797,15279,310,3
24.9758,1189,1028416,200,50840,15279,299,3
24.9958,1190,1028436,200,50882,15279,265,3
25.0157,1191,1028456,200,50925,15279,300,3
25.0355,1192,1028476,200,50967,15208,301,3
25.0556,1193,1028496,200,51010,15208,272,3
25.0758,1194,1028516,200,51052,15208,293,3
25.0959,1195,1028536,200,51095,15208,284,3
25.1161,1196,1028556,200,51137,15208,261,3
25.1361,1197,1028576,200,51180,15137,246,3
25.1561,1198,1028596,200,51222,15137,252,3
25.1762,1199,1028616,200,51264,15137,209,3
25.1964,1200,1028636,200,51307,15137,226,3
25.2166,1201,1028656,200,51349,15137,194,3
25.2344,1202,1028676,200,51391,15137,155,3
25.2557,1203,1028696,230,51434,15137,363,3
25.2746,1204,1028716,230,51478,15137,328,3
25.2947,1205,1028736,230,51524,15137,310,3
25.3148,1206,1028756,230,51569,15137,259,3
25.3347,1207,1028776,230,51617,15993,262,3
25.3548,1208,1028796,230,51664,15993,189,3
25.3748,1209,1028816,230,51712,15993,254,3
25.3947,1210,1028836,230,51761,15993,232,3
25.4148,1211,1028856,230,51809,15993,238,3
25.4350,1212,1028876,230,51859,17207,174,3
25.4549,1213,1028896,230,51908,17207,245,3
25.4749,1214,1028916,230,51956,17207,190,3
25.4947,1215,1028936,230,52006,17207,237,3
25.5147,1216,1028956,230,52055,17207,297,3
25.5366,1217,1028976,230,52104,17564,167,3
25.5565,1218,1028996,230,52153,17564,219,3
25.5744,1219,1029016,230,52203,17564,221,3
25.5946,1220,1029036,230,52252,17564,206,3
25.6145,1221,1029056,230,52301,17564,236,3
25.6345,1222,1029076,230,52350,17564,150,3
25.6544,1223,1029096,230,52400,17564,231,3
25.6745,1224,1029116,230,52449,17564,227,3
25.6946,1225,1029136,230,52498,17564,151,3
25.7145,1226,1029156,230,52548,17564,238,3
25.7365,1227,1029176,230,52597,17636,200,3
25.7616,1228,1029196,230,52647,17636,224,3
25.7751,1229,1029216,230,52696,17636,263,3
25.7952,1230,1029236,230,52745,17636,174,3
25.8150,1231,1029256,230,52795,17636,216,3
25.8352,1232,1029276,230,52844,17636,299,3
25.8552,1233,1029296,230,52893,17636,203,3
25.8752,1234,1029316,230,52943,17636,189,3
25.8953,1235,1029336,230,52992,17636,230,3
25.9152,1236,1029356,230,53042,17636,211,3
25.9353,1237,1029376,230,53091,17636,232,3
25.9553,1238,1029396,230,53140,17636,198,3
25.9753,1239,1029416,230,53190,17636,203,3
25.9954,1240,1029436,230,53239,17636,208,3
26.0153,1241,1029456,230,53289,17636,211,3
26.0353,1242,1029476,230,53338,17636,209,3
26.0553,1243,1029496,230,53388,17636,215,3
26.0753,1244,1029516,230,53437,17636,176,3
26.0952,1245,1029536,230,53486,17636,273,3
26.1153,1246,1029556,230,53536,17636,200,3
26.1350,1247,1029576,230,53585,17636,169,3
26.1551,1248,1029596,230,53635,17636,264,3
26.1753,1249,1029616,230,53684,17636,174,3
26.1954,1250,1029636,230,53733,17636,235,3
26.2153,1251,1029656,230,53783,17636,293,3
26.2353,1252,1029676,230,53832,17636,178,3
26.2635,1253,1029696,230,53881,17636,235,3
26.2748,1254,1029716,230,53931,17636,227,3
26.2948,1255,1029736,230,53980,17636,208,3
26.3149,1256,1029756,230,54029,17636,241,3
26.3348,1257,1029776,230,54079,17564,161,3
26.3546,1258,1029796,230,54128,17564,226,3
26.3748,1259,1029816,230,54177,17564,236,3
26.3950,1260,1029836,230,54227,17564,173,3
26.4152,1261,1029856,230,54276,17564,226,3
26.4353,1262,1029876,230,54326,17636,204,3
26.4553,1263,1029896,230,54375,17636,219,3
26.4753,1264,1029916,230,54425,17636,225,3
26.4955,1265,1029936,230,54474,17636,188,3
26.5157,1266,1029956,230,54524,17636,196,3
26.5358,1267,1029976,230,54573,17636,315,3
26.5559,1268,1029996,230,54623,17636,204,3
26.5761,1269,1030016,230,54672,17636,185,3
26.5963,1270,1030036,230,54721,17636,268,3
26.6165,1271,1030056,230,54771,17636,187,3
26.6345,1272,1030076,230,54820,17707,225,3
26.6546,1273,1030096,230,54869,17707,211,3
26.6747,1274,1030116,230,54918,17707,200,3
26.6947,1275,1030136,230,54968,17707,204,3
26.7161,1276,1030156,230,55016,17707,205,3
26.7350,1277,1030176,230,55065,17493,210,3
26.7624,1278,1030196,230,55115,17493,192,3
26.7754,1279,1030216,230,55164,17493,188,3
26.7953,1280,1030236,230,55213,17493,316,3
26.8154,1281,1030256,230,55261,17493,199,3
26.8352,1282,1030276,230,55311,17564,209,3
26.8553,1283,1030296,230,55360,17564,203,3
26.8754,1284,1030316,230,55408,17564,225,3
26.8956,1285,1030336,230,55457,17564,241,3
26.9157,1286,1030356,230,55507,17564,174,3
26.9355,1287,1030376,230,55556,17421,237,3
26.9555,1288,1030396,230,55604,17421,178,3
26.9756,1289,1030416,230,55653,17421,226,3
26.9958,1290,1030436,230,55703,17421,294,3
27.0159,1291,1030456,230,55752,17421,185,3
27.0360,1292,1030476,230,55801,17493,222,3
27.0559,1293,1030496,230,55850,17493,198,3
27.0761,1294,1030516,230,55899,17493,216,3
27.0962,1295,1030536,230,55948,17493,219,3
27.1163,1296,1030556,230,55997,17493,173,3
27.1362,1297,1030576,230,56046,17493,301,3
27.1564,1298,1030596,230,56095,17493,206,3
27.1763,1299,1030616,230,56144,17493,174,3
27.1964,1300,1030636,230,56193,17493,264,3
27.2144,1301,1030656,230,56242,17493,205,3
27.2345,1302,1030676,230,56291,17564,229,3
27.2652,1303,1030696,230,56340,17564,190,3
27.2745,1304,1030716,230,56389,17564,217,3
27.2947,1305,1030736,230,56439,17564,214,3
27.3148,1306,1030756,230,56488,17564,208,3
27.3345,1307,1030776,230,56537,17493,232,3
27.3564,1308,1030796,230,56586,17493,187,3
27.3766,1309,1030816,230,56635,17493,214,3
27.3945,1310,1030836,230,56684,17493,289,3
27.4144,1311,1030856,230,56733,17493,198,3
27.4343,1312,1030876,230,56783,17564,219,3
27.4545,1313,1030896,230,56832,17564,204,3
27.4747,1314,1030916,230,56881,17564,219,3
27.4948,1315,1030936,230,56930,17564,231,3
27.5149,1316,1030956,230,56980,17564,190,3
27.5348,1317,1030976,230,57029,17636,224,3
27.5550,1318,1030996,230,57078,17636,217,3
27.5750,1319,1031016,230,57128,17636,206,3
27.5951,1320,1031036,230,57177,17636,215,3
27.6153,1321,1031056,230,57226,17636,195,3
27.6355,1322,1031076,230,57276,17564,195,3
27.6553,1323,1031096,230,57325,17564,320,3
27.6755,1324,1031116,230,57374,17564,204,3
27.6956,1325,1031136,230,57424,17564,183,3
27.7158,1326,1031156,230,57473,17564,259,3
27.7359,1327,1031176,230,57523,17636,190,3
27.7543,1328,1031196,230,57572,17636,235,3
27.7765,1329,1031216,230,57621,17636,222,3
27.7965,1330,1031236,230,57671,17636,189,3
27.8145,1331,1031256,230,57720,17636,216,3
27.8345,1332,1031276,230,57769,17636,192,3
27.8546,1333,1031296,230,57819,17636,201,3
27.8746,1334,1031316,230,57868,17636,237,3
27.8945,1335,1031336,230,57918,17636,173,3
27.9145,1336,1031356,230,57967,17636,232,3
27.9344,1337,1031376,230,58016,17636,216,3
27.9545,1338,1031396,230,58066,17636,172,3
27.9746,1339,1031416,230,58116,17636,242,3
27.9946,1340,1031436,230,58165,17636,183,3
28.0147,1341,1031456,230,58214,17636,206,3
28.0346,1342,1031476,230,58264,17636,284,3
28.0546,1343,1031496,230,58313,17636,185,3
28.0747,1344,1031516,230,58363,17636,220,3
28.0947,1345,1031536,230,58412,17636,275,3
28.1147,1346,1031556,230,58461,17636,190,3
28.1345,1347,1031576,230,58511,17707,187,3
28.1545,1348,1031596,230,58561,17707,245,3
28.1747,1349,1031616,230,58610,17707,187,3
28.1947,1350,1031636,230,58660,17707,230,3
28.2148,1351,1031656,230,58709,17707,216,3
28.2349,1352,1031676,230,58759,17636,188,3
28.2552,1353,1031696,230,58808,17636,219,3
28.2763,1354,1031716,230,58857,17636,194,3
28.2965,1355,1031736,230,58907,17636,210,3
28.3145,1356,1031756,230,58956,17636,240,3
28.3363,1357,1031776,230,59006,17636,163,3
28.3543,1358,1031796,230,59055,17636,226,3
28.3764,1359,1031816,230,59105,17636,224,3
28.3965,1360,1031836,230,59155,17636,176,3
28.4144,1361,1031856,230,59204,17636,219,3
28.4345,1362,1031876,230,59254,17707,198,3
28.4545,1363,1031896,230,59303,17707,198,3
28.4745,1364,1031916,230,59353,17707,212,3
28.4965,1365,1031936,230,59403,17707,182,3
28.5144,1366,1031956,230,59452,17707,187,3
28.5346,1367,1031976,230,59502,17707,274,3
28.5548,1368,1031996,230,59552,17707,200,3
28.5750,1369,1032016,230,59601,17707,177,3
28.5952,1370,1032036,230,59652,17707,235,3
28.6154,1371,1032056,230,59701,17707,174,3
28.6353,1372,1032076,230,59751,17850,195,3
28.6555,1373,1032096,230,59800,17850,225,3
28.6756,1374,1032116,230,59851,17850,185,3
28.6958,1375,1032136,230,59900,17850,185,3
28.7160,1376,1032156,230,59950,17850,286,3
28.7361,1377,1032176,230,60000,17707,193,3
28.7561,1378,1032196,230,60049,17707,167,3
28.7757,1379,1032216,230,60099,17707,251,3
28.7947,1380,1032236,230,60149,17707,161,3
28.8162,1381,1032256,230,60198,17707,203,3
28.8363,1382,1032276,230,60248,17778,261,3
28.8562,1383,1032296,230,60297,17778,189,3
28.8763,1384,1032316,230,60347,17778,205,3
28.8965,1385,1032336,230,60397,17778,305,3
28.9144,1386,1032356,230,60447,17778,193,3
28.9347,1387,1032376,230,60496,17707,183,3
28.9546,1388,1032396,230,60546,17707,280,3
28.9745,1389,1032416,230,60596,17707,160,3
28.9945,1390,1032436,230,60645,17707,220,3
29.0147,1391,1032456,230,60695,17707,293,3
29.0348,1392,1032476,230,60744,17707,164,3
29.0548,1393,1032496,230,60794,17707,230,3
29.0750,1394,1032516,230,60844,17707,252,3
29.0949,1395,1032536,230,60893,17707,195,3
29.1150,1396,1032556,230,60943,17707,209,3
29.1350,1397,1032576,230,60992,17707,236,3
29.1552,1398,1032596,230,61042,17707,180,3
29.1754,1399,1032616,230,61092,17707,229,3
29.1956,1400,1032636,230,61141,17707,219,3
29.2156,1401,1032656,230,61191,17707,183,3
29.2355,1402,1032676,230,61240,17707,219,3
29.2524,1403,1032696,260,61290,17707,347,3
29.2757,1404,1032716,260,61340,17707,337,3
29.2959,1405,1032736,260,61392,17707,262,3
29.3160,1406,1032756,260,61446,17707,280,3
29.3359,1407,1032776,260,61500,18421,257,3
29.3561,1408,1032796,260,61554,18421,233,3
29.3763,1409,1032816,260,61609,18421,249,3
29.3944,1410,1032836,260,61664,18421,249,3
29.4145,1411,1032856,260,61720,18421,281,3
29.4346,1412,1032876,260,61776,19706,199,3
29.4548,1413,1032896,260,61832,19706,198,3
29.4750,1414,1032916,260,61888,19706,251,3
29.4951,1415,1032936,260,61944,19706,243,3
29.5153,1416,1032956,260,62000,19706,246,3
29.5355,1417,1032976,260,62056,19992,236,3
29.5556,1418,1032996,260,62112,19992,237,3
29.5756,1419,1033016,260,62168,19992,242,3
29.5957,1420,1033036,260,62225,19992,177,3
29.6157,1421,1033056,260,62281,19992,199,3
29.6359,1422,1033076,260,62337,20063,306,3
29.6561,1423,1033096,260,62394,20063,248,3
29.6763,1424,1033116,260,62450,20063,203,3
29.6963,1425,1033136,260,62507,20063,246,3
29.7164,1426,1033156,260,62563,20063,254,3
29.7344,1427,1033176,260,62619,20135,229,3
29.7572,1428,1033196,260,62676,20135,201,3
29.7754,1429,1033216,260,62732,20135,249,3
29.7955,1430,1033236,260,62788,20135,238,3
29.8154,1431,1033256,260,62845,20135,199,3
29.8354,1432,1033276,260,62901,20135,224,3
29.8556,1433,1033296,260,62957,20135,323,3
29.8756,1434,1033316,260,63013,20135,242,3
29.8958,1435,1033336,260,63070,20135,220,3
29.9158,1436,1033356,260,63127,20135,321,3
29.9358,1437,1033376,260,63183,20135,221,3
29.9558,1438,1033396,260,63239,20135,200,3
29.9758,1439,1033416,260,63295,20135,229,3
29.9959,1440,1033436,260,63352,20135,232,3
30.0161,1441,1033456,260,63408,20135,241,3
30.0363,1442,1033476,260,63464,20063,232,3
30.0561,1443,1033496,260,63520,20063,242,3
30.0762,1444,1033516,260,63577,20063,246,3
30.0964,1445,1033536,260,63633,20063,189,3
30.1162,1446,1033556,260,63689,20063,206,3
30.1361,1447,1033576,260,63746,20135,307,3
30.1563,1448,1033596,260,63802,20135,249,3
30.1764,1449,1033616,260,63858,20135,203,3
30.1964,1450,1033636,260,63914,20135,249,3
30.2144,1451,1033656,260,63971,20135,264,3
30.2345,1452,1033676,260,64027,20063,232,3
30.2571,1453,1033696,260,64083,20063,210,3
30.2761,1454,1033716,260,64139,20063,240,3
30.2953,1455,1033736,260,64196,20063,246,3
30.3150,1456,1033756,260,64252,20063,194,3
30.3347,1457,1033776,260,64308,20063,190,3
30.3546,1458,1033796,260,64364,20063,339,3
30.3747,1459,1033816,260,64421,20063,254,3
30.3947,1460,1033836,260,64477,20063,222,3
30.4147,1461,1033856,260,64533,20063,278,3
30.4346,1462,1033876,260,64589,20135,253,3
30.4544,1463,1033896,260,64646,20135,211,3
30.4744,1464,1033916,260,64702,20135,196,3
30.4945,1465,1033936,260,64759,20135,236,3
30.5145,1466,1033956,260,64815,20135,257,3
30.5344,1467,1033976,260,64871,20063,246,3
30.5545,1468,1033996,260,64927,20063,229,3
30.5745,1469,1034016,260,64983,20063,307,3
30.5946,1470,1034036,260,65040,20063,210,3
30.6146,1471,1034056,260,65096,20063,192,3
30.6344,1472,1034076,260,65152,20063,258,3
30.6544,1473,1034096,260,65208,20063,245,3
30.6745,1474,1034116,260,65264,20063,225,3
30.6946,1475,1034136,260,65321,20063,230,3
30.7146,1476,1034156,260,65377,20063,252,3
30.7346,1477,1034176,260,65433,20063,238,3
30.7546,1478,1034196,260,65489,20063,195,3
30.7751,1479,1034216,260,65546,20063,206,3
30.7949,1480,1034236,260,65602,20063,306,3
30.8147,1481,1034256,260,65658,20063,240,3
30.8361,1482,1034276,260,65715,20063,189,3
30.8553,1483,1034296,260,65771,20063,274,3
30.8752,1484,1034316,260,65827,20063,258,3
30.8955,1485,1034336,260,65884,20063,230,3
30.9154,1486,1034356,260,65940,20063,206,3
30.9355,1487,1034376,260,65996,20135,256,3
30.9554,1488,1034396,260,66052,20135,235,3
30.9754,1489,1034416,260,66109,20135,195,3
30.9956,1490,1034436,260,66165,20135,195,3
31.0155,1491,1034456,260,66221,20135,326,3
31.0356,1492,1034476,260,66277,20135,243,3
31.0555,1493,1034496,260,66333,20135,226,3
31.0755,1494,1034516,260,66390,20135,307,3
31.0956,1495,1034536,260,66446,20135,227,3
31.1156,1496,1034556,260,66503,20135,201,3
31.1355,1497,1034576,260,66559,20063,222,3
31.1554,1498,1034596,260,66615,20063,242,3
31.1755,1499,1034616,260,66672,20063,241,3
31.1957,1500,1034636,260,66728,20063,233,3
31.2159,1501,1034656,260,66784,20063,236,3
31.2360,1502,1034676,260,66841,20135,246,3
31.2561,1503,1034696,260,66897,20135,184,3
31.2752,1504,1034716,260,66954,20135,204,3
31.2953,1505,1034736,260,67010,20135,286,3
31.3154,1506,1034756,260,67067,20135,220,3
31.3355,1507,1034776,260,67123,20135,157,3
31.3555,1508,1034796,260,67180,20135,316,3
31.3754,1509,1034816,260,67236,20135,248,3
31.3954,1510,1034836,260,67293,20135,217,3
31.4155,1511,1034856,260,67349,20135,278,3
31.4356,1512,1034876,260,67406,20206,222,3
31.4558,1513,1034896,260,67463,20206,211,3
31.4758,1514,1034916,260,67519,20206,199,3
31.4958,1515,1034936,260,67576,20206,231,3
31.5160,1516,1034956,260,67632,20206,236,3
31.5361,1517,1034976,260,67688,20135,229,3
31.5563,1518,1034996,260,67745,20135,251,3
31.5764,1519,1035016,260,67801,20135,229,3
31.5944,1520,1035036,260,67858,20135,200,3
31.6146,1521,1035056,260,67915,20135,222,3
31.6347,1522,1035076,260,67972,20206,246,3
31.6548,1523,1035096,260,68028,20206,196,3
31.6749,1524,1035116,260,68085,20206,184,3
31.6951,1525,1035136,260,68141,20206,306,3
31.7153,1526,1035156,260,68198,20206,231,3
31.7352,1527,1035176,260,68254,20206,208,3
31.7553,1528,1035196,260,68311,20206,312,3
31.7760,1529,1035216,260,68367,20206,205,3
31.7961,1530,1035236,260,68424,20206,148,3
31.8163,1531,1035256,260,68480,20206,238,3
31.8343,1532,1035276,260,68536,20135,171,3
31.8563,1533,1035296,260,68592,20135,240,3
31.8743,1534,1035316,260,68648,20135,232,3
31.8945,1535,1035336,260,68704,20135,230,3
31.9146,1536,1035356,260,68760,20135,258,3
31.9347,1537,1035376,260,68817,20063,183,3
31.9546,1538,1035396,260,68873,20063,196,3
31.9746,1539,1035416,260,68929,20063,307,3
31.9948,1540,1035436,260,68985,20063,225,3
32.0150,1541,1035456,260,69042,20063,190,3
32.0353,1542,1035476,260,69098,20063,241,3
32.0555,1543,1035496,260,69154,20063,237,3
32.0757,1544,1035516,260,69211,20063,236,3
32.0956,1545,1035536,260,69267,20063,211,3
32.1156,1546,1035556,260,69324,20063,238,3
32.1355,1547,1035576,260,69380,20135,251,3
32.1555,1548,1035596,260,69436,20135,201,3
32.1755,1549,1035616,260,69492,20135,176,3
32.1956,1550,1035636,260,69549,20135,321,3
32.2156,1551,1035656,260,69605,20135,232,3
32.2354,1552,1035676,260,69662,20135,210,3
32.2555,1553,1035696,260,69718,20135,320,3
32.2752,1554,1035716,260,69775,20135,229,3
32.2954,1555,1035736,260,69831,20135,187,3
32.3155,1556,1035756,260,69888,20135,245,3
32.3355,1557,1035776,260,69944,20135,225,3
32.3555,1558,1035796,260,70000,20135,229,3
32.3757,1559,1035816,260,70057,20135,212,3
32.3959,1560,1035836,260,70113,20135,235,3
32.4160,1561,1035856,260,70169,20135,238,3
32.4362,1562,1035876,260,70226,20135,211,3
32.4561,1563,1035896,260,70282,20135,217,3
32.4762,1564,1035916,260,70339,20135,288,3
32.4963,1565,1035936,260,70395,20135,230,3
32.5165,1566,1035956,260,70451,20135,176,3
32.5344,1567,1035976,260,70508,20063,305,3
32.5546,1568,1035996,260,70564,20063,245,3
32.5744,1569,1036016,260,70620,20063,225,3
32.5945,1570,1036036,260,70676,20063,235,3
32.6147,1571,1036056,260,70733,20063,261,3
32.6348,1572,1036076,260,70789,20135,233,3
32.6551,1573,1036096,260,70845,20135,203,3
32.6751,1574,1036116,260,70902,20135,224,3
32.6951,1575,1036136,260,70958,20135,272,3
32.7152,1576,1036156,260,71015,20135,225,3
32.7354,1577,1036176,260,71071,20135,225,3
32.7556,1578,1036196,260,71127,20135,318,3
32.7743,1579,1036216,260,71183,20135,219,3
32.7945,1580,1036236,260,71240,20135,193,3
32.8145,1581,1036256,260,71296,20135,257,3
32.8345,1582,1036276,260,71352,20063,235,3
32.8556,1583,1036296,260,71409,20063,231,3
32.8747,1584,1036316,260,71465,20063,221,3
32.8942,1585,1036336,260,71521,20063,240,3
32.9163,1586,1036356,260,71577,20063,249,3
32.9361,1587,1036376,260,71634,20135,212,3
32.9558,1588,1036396,260,71690,20135,215,3
32.9760,1589,1036416,260,71747,20135,294,3
32.9961,1590,1036436,260,71803,20135,226,3
33.0163,1591,1036456,260,71859,20135,185,3
33.0364,1592,1036476,260,71915,20063,289,3
33.0543,1593,1036496,260,71972,20063,247,3
33.0744,1594,1036516,260,72028,20063,224,3
33.0946,1595,1036536,260,72084,20063,230,3
33.1147,1596,1036556,260,72141,20063,263,3
33.1347,1597,1036576,260,72197,20135,238,3
33.1547,1598,1036596,260,72253,20135,206,3
33.1746,1599,1036616,260,72309,20135,226,3
33.1946,1600,1036636,260,72366,20135,288,3
33.2148,1601,1036656,260,72422,20135,233,3
33.2349,1602,1036676,260,72479,20063,221,3
33.2561,1603,1036696,260,72535,20063,325,3
33.2771,1604,1036716,290,72592,20063,302,3
33.2951,1605,1036736,290,72650,20063,301,3
33.3151,1606,1036756,290,72709,20063,283,3
33.3353,1607,1036776,290,72770,20777,338,3
33.3553,1608,1036796,290,72831,20777,279,3
33.3755,1609,1036816,290,72893,20777,230,3
33.3955,1610,1036836,290,72955,20777,233,3
33.4154,1611,1036856,290,73017,20777,252,3
33.4353,1612,1036876,290,73080,22063,240,3
33.4553,1613,1036896,290,73143,22063,222,3
33.4755,1614,1036916,290,73205,22063,220,3
33.4955,1615,1036936,290,73268,22063,203,3
33.5157,1616,1036956,290,73332,22063,183,3
33.5354,1617,1036976,290,73395,22491,192,3
33.5556,1618,1036996,290,73457,22491,203,3
33.5757,1619,1037016,290,73521,22491,220,3
33.5958,1620,1037036,290,73584,22491,233,3
33.6159,1621,1037056,290,73647,22491,241,3
33.6360,1622,1037076,290,73710,22491,262,3
33.6558,1623,1037096,290,73773,22491,297,3
33.6760,1624,1037116,290,73836,22491,323,3
33.6960,1625,1037136,290,73900,22491,320,3
33.7163,1626,1037156,290,73963,22491,284,3
33.7343,1627,1037176,290,74026,22562,232,3
33.7545,1628,1037196,290,74089,22562,219,3
33.7753,1629,1037216,290,74152,22562,216,3
33.7955,1630,1037236,290,74215,22562,217,3
33.8157,1631,1037256,290,74278,22562,224,3
33.8358,1632,1037276,290,74341,22491,226,3
33.8560,1633,1037296,290,74404,22491,233,3
33.8763,1634,1037316,290,74468,22491,233,3
33.8943,1635,1037336,290,74531,22491,232,3
33.9142,1636,1037356,290,74594,22491,224,3
33.9343,1637,1037376,290,74657,22562,224,3
33.9544,1638,1037396,290,74720,22562,219,3
33.9746,1639,1037416,290,74783,22562,226,3
33.9948,1640,1037436,290,74847,22562,205,3
34.0147,1641,1037456,290,74909,22562,205,3
34.0348,1642,1037476,290,74973,22562,205,3
34.0551,1643,1037496,290,75036,22562,204,3
34.0753,1644,1037516,290,75099,22562,212,3
34.0954,1645,1037536,290,75162,22562,217,3
34.1154,1646,1037556,290,75225,22562,227,3
34.1351,1647,1037576,290,75289,22562,227,3
34.1551,1648,1037596,290,75352,22562,247,3
34.1753,1649,1037616,290,75416,22562,278,3
34.1955,1650,1037636,290,75479,22562,300,3
34.2156,1651,1037656,290,75542,22562,305,3
34.2357,1652,1037676,290,75605,22562,289,3
34.2557,1653,1037696,290,75669,22562,254,3
34.2776,1654,1037716,290,75732,22562,226,3
34.2956,1655,1037736,290,75796,22562,205,3
34.3158,1656,1037756,290,75859,22562,183,3
34.3359,1657,1037776,290,75922,22634,177,3
34.3560,1658,1037796,290,75985,22634,177,3
34.3759,1659,1037816,290,76049,22634,185,3
34.3960,1660,1037836,290,76112,22634,180,3
34.4161,1661,1037856,290,76176,22634,184,3
34.4343,1662,1037876,290,76240,22705,174,3
34.4545,1663,1037896,290,76303,22705,190,3
34.4746,1664,1037916,290,76367,22705,194,3
34.4947,1665,1037936,290,76430,22705,210,3
34.5147,1666,1037956,290,76494,22705,216,3
34.5347,1667,1037976,290,76557,22634,224,3
34.5547,1668,1037996,290,76621,22634,233,3
34.5747,1669,1038016,290,76684,22634,247,3
34.5947,1670,1038036,290,76748,22634,247,3
34.6145,1671,1038056,290,76811,22634,238,3
34.6346,1672,1038076,290,76875,22705,225,3
34.6548,1673,1038096,290,76938,22705,209,3
34.6750,1674,1038116,290,77002,22705,204,3
34.6953,1675,1038136,290,77065,22705,196,3
34.7155,1676,1038156,290,77129,22705,185,3
34.7354,1677,1038176,290,77193,22705,178,3
34.7555,1678,1038196,290,77256,22705,167,3
34.7785,1679,1038216,290,77320,22705,160,3
34.7964,1680,1038236,290,77384,22705,162,3
34.8144,1681,1038256,290,77447,22705,179,3
34.8346,1682,1038276,290,77511,22705,189,3
34.8544,1683,1038296,290,77574,22705,190,3
34.8764,1684,1038316,290,77638,22705,194,3
34.8960,1685,1038336,290,77701,22705,206,3
34.9152,1686,1038356,290,77765,22705,216,3
34.9350,1687,1038376,290,77828,22634,226,3
34.9547,1688,1038396,290,77892,22634,231,3
34.9744,1689,1038416,290,77956,22634,241,3
34.9944,1690,1038436,290,78019,22634,252,3
35.0145,1691,1038456,290,78082,22634,273,3
35.0346,1692,1038476,290,78146,22705,290,3
35.0548,1693,1038496,290,78209,22705,300,3
35.0749,1694,1038516,290,78273,22705,297,3
35.0951,1695,1038536,290,78336,22705,285,3
35.1154,1696,1038556,290,78400,22705,258,3
35.1352,1697,1038576,290,78463,22634,230,3
35.1553,1698,1038596,290,78526,22634,211,3
35.1755,1699,1038616,290,78590,22634,198,3
35.1956,1700,1038636,290,78653,22634,196,3
35.2157,1701,1038656,290,78717,22634,199,3
35.2356,1702,1038676,290,78780,22634,196,3
35.2556,1703,1038696,290,78844,22634,206,3
35.2766,1704,1038716,290,78907,22634,222,3
35.2954,1705,1038736,290,78970,22634,229,3
35.3155,1706,1038756,290,79033,22634,233,3
35.3353,1707,1038776,290,79097,22634,233,3
35.3555,1708,1038796,290,79160,22634,226,3
35.3755,1709,1038816,290,79224,22634,226,3
35.3957,1710,1038836,290,79287,22634,216,3
35.4158,1711,1038856,290,79350,22634,225,3
35.4359,1712,1038876,290,79413,22562,229,3
35.4558,1713,1038896,290,79477,22562,221,3
35.4757,1714,1038916,290,79540,22562,205,3
35.4957,1715,1038936,290,79603,22562,203,3
35.5157,1716,1038956,290,79667,22562,195,3
35.5354,1717,1038976,290,79730,22634,201,3
35.5555,1718,1038996,290,79793,22634,211,3
35.5755,1719,1039016,290,79856,22634,215,3
35.5954,1720,1039036,290,79920,22634,232,3
35.6155,1721,1039056,290,79983,22634,236,3
35.6353,1722,1039076,290,80046,22634,254,3
35.6554,1723,1039096,290,80110,22634,283,3
35.6754,1724,1039116,290,80173,22634,305,3
35.6954,1725,1039136,290,80236,22634,320,3
35.7153,1726,1039156,290,80300,22634,316,3
35.7353,1727,1039176,290,80363,22562,275,3
35.7554,1728,1039196,290,80426,22562,240,3
35.7805,1729,1039216,290,80489,22562,221,3
35.7961,1730,1039236,290,80552,22562,216,3
35.8161,1731,1039256,290,80616,22562,224,3
35.8360,1732,1039276,290,80679,22562,219,3
35.8561,1733,1039296,290,80742,22562,227,3
35.8762,1734,1039316,290,80805,22562,235,3
35.8943,1735,1039336,290,80868,22562,238,3
35.9144,1736,1039356,290,80932,22562,245,3
35.9345,1737,1039376,290,80995,22562,248,3
35.9543,1738,1039396,290,81058,22562,240,3
35.9743,1739,1039416,290,81121,22562,231,3
35.9943,1740,1039436,290,81185,22562,232,3
36.0144,1741,1039456,290,81248,22562,231,3
36.0343,1742,1039476,290,81311,22634,229,3
36.0543,1743,1039496,290,81374,22634,215,3
36.0744,1744,1039516,290,81437,22634,204,3
36.0944,1745,1039536,290,81501,22634,208,3
36.1145,1746,1039556,290,81564,22634,208,3
36.1348,1747,1039576,290,81628,22562,220,3
36.1550,1748,1039596,290,81691,22562,214,3
36.1748,1749,1039616,290,81754,22562,231,3
36.1949,1750,1039636,290,81817,22562,235,3
36.2151,1751,1039656,290,81880,22562,246,3
36.2352,1752,1039676,290,81944,22562,273,3
36.2554,1753,1039696,290,82007,22562,291,3
36.2817,1754,1039716,290,82071,22562,306,3
36.2951,1755,1039736,290,82134,22562,310,3
36.3151,1756,1039756,290,82197,22562,270,3
36.3350,1757,1039776,290,82260,22634,247,3
36.3551,1758,1039796,290,82324,22634,216,3
36.3753,1759,1039816,290,82387,22634,196,3
36.3955,1760,1039836,290,82451,22634,183,3
36.4153,1761,1039856,290,82514,22634,189,3
36.4355,1762,1039876,290,82577,22562,176,3
36.4555,1763,1039896,290,82641,22562,188,3
36.4758,1764,1039916,290,82704,22562,193,3
36.4960,1765,1039936,290,82768,22562,195,3
36.5159,1766,1039956,290,82831,22562,189,3
36.5357,1767,1039976,290,82894,22705,203,3
36.5559,1768,1039996,290,82957,22705,222,3
36.5760,1769,1040016,290,83021,22705,235,3
36.5962,1770,1040036,290,83084,22705,249,3
36.6142,1771,1040056,290,83148,22705,249,3
36.6342,1772,1040076,290,83211,22562,230,3
36.6544,1773,1040096,290,83274,22562,211,3
36.6745,1774,1040116,290,83337,22562,182,3
36.6946,1775,1040136,290,83401,22562,171,3
36.7147,1776,1040156,290,83464,22562,167,3
36.7348,1777,1040176,290,83528,22634,163,3
36.7548,1778,1040196,290,83591,22634,166,3
36.7842,1779,1040216,290,83654,22634,185,3
36.7954,1780,1040236,290,83717,22634,199,3
36.8155,1781,1040256,290,83781,22634,205,3
36.8356,1782,1040276,290,83844,22562,221,3
36.8558,1783,1040296,290,83908,22562,232,3
36.8754,1784,1040316,290,83971,22562,247,3
36.8952,1785,1040336,290,84035,22562,259,3
36.9153,1786,1040356,290,84098,22562,269,3
36.9350,1787,1040376,290,84161,22705,290,3
36.9546,1788,1040396,290,84225,22705,302,3
36.9762,1789,1040416,290,84288,22705,296,3
36.9960,1790,1040436,290,84352,22705,284,3
37.0158,1791,1040456,290,84416,22705,261,3
37.0357,1792,1040476,290,84479,22634,243,3
37.0558,1793,1040496,290,84543,22634,211,3
37.0759,1794,1040516,290,84606,22634,208,3
37.0961,1795,1040536,290,84670,22634,199,3
37.1162,1796,1040556,290,84733,22634,195,3
37.1361,1797,1040576,290,84797,22705,194,3
37.1561,1798,1040596,290,84860,22705,198,3
37.1763,1799,1040616,290,84924,22705,198,3
37.1963,1800,1040636,290,84988,22705,209,3
37.2143,1801,1040656,290,85051,22705,209,3
37.2344,1802,1040676,290,85115,22705,215,3
37.2564,1803,1040696,290,85178,22705,227,3
37.2758,1804,1040716,320,85242,22705,354,3
37.2947,1805,1040736,320,85307,22705,302,3
37.3148,1806,1040756,320,85373,22705,268,3
37.3349,1807,1040776,320,85441,23205,349,3
37.3550,1808,1040796,320,85509,23205,232,3
37.3752,1809,1040816,320,85578,23205,251,3
37.3955,1810,1040836,320,85648,23205,201,3
37.4157,1811,1040856,320,85717,23205,295,3
37.4358,1812,1040876,320,85787,24633,231,3
37.4559,1813,1040896,320,85856,24633,229,3
37.4760,1814,1040916,320,85926,24633,217,3
37.4961,1815,1040936,320,85996,24633,304,3
37.5161,1816,1040956,320,86067,24633,187,3
37.5363,1817,1040976,320,86137,24990,235,3
37.5542,1818,1040996,320,86207,24990,262,3
37.5744,1819,1041016,320,86277,24990,196,3
37.5945,1820,1041036,320,86348,24990,238,3
37.6143,1821,1041056,320,86418,24990,178,3
37.6343,1822,1041076,320,86488,25133,241,3
37.6545,1823,1041096,320,86559,25133,211,3
37.6746,1824,1041116,320,86629,25133,226,3
37.6948,1825,1041136,320,86699,25133,321,3
37.7148,1826,1041156,320,86770,25133,194,3
37.7348,1827,1041176,320,86840,25133,231,3
37.7548,1828,1041196,320,86911,25133,219,3
37.7803,1829,1041216,320,86981,25133,211,3
37.7961,1830,1041236,320,87051,25133,242,3
37.8163,1831,1041256,320,87121,25133,169,3
37.8342,1832,1041276,320,87192,25061,257,3
37.8541,1833,1041296,320,87262,25061,208,3
37.8764,1834,1041316,320,87332,25061,227,3
37.8944,1835,1041336,320,87403,25061,300,3
37.9145,1836,1041356,320,87473,25061,204,3
37.9346,1837,1041376,320,87544,25133,229,3
37.9546,1838,1041396,320,87614,25133,214,3
37.9743,1839,1041416,320,87684,25133,229,3
37.9944,1840,1041436,320,87754,25133,201,3
38.0144,1841,1041456,320,87824,25133,176,3
38.0346,1842,1041476,320,87895,25061,296,3
38.0545,1843,1041496,320,87965,25061,209,3
38.0748,1844,1041516,320,88035,25061,230,3
38.0951,1845,1041536,320,88105,25061,235,3
38.1153,1846,1041556,320,88175,25061,231,3
38.1353,1847,1041576,320,88245,25061,208,3
38.1553,1848,1041596,320,88316,25061,210,3
38.1754,1849,1041616,320,88386,25061,284,3
38.1956,1850,1041636,320,88456,25061,168,3
38.2155,1851,1041656,320,88526,25061,195,3
38.2355,1852,1041676,320,88596,25061,246,3
38.2554,1853,1041696,320,88666,25061,229,3
38.2809,1854,1041716,320,88736,25061,216,3
38.2951,1855,1041736,320,88807,25061,214,3
38.3153,1856,1041756,320,88877,25061,280,3
38.3351,1857,1041776,320,88947,25061,178,3
38.3551,1858,1041796,320,89017,25061,224,3
38.3752,1859,1041816,320,89087,25061,270,3
38.3954,1860,1041836,320,89157,25061,211,3
38.4156,1861,1041856,320,89227,25061,242,3
38.4357,1862,1041876,320,89297,24990,184,3
38.4554,1863,1041896,320,89367,24990,278,3
38.4756,1864,1041916,320,89437,24990,208,3
38.4958,1865,1041936,320,89507,24990,238,3
38.5161,1866,1041956,320,89577,24990,222,3
38.5363,1867,1041976,320,89648,24990,230,3
38.5544,1868,1041996,320,89717,24990,219,3
38.5743,1869,1042016,320,89788,24990,212,3
38.5945,1870,1042036,320,89858,24990,279,3
38.6146,1871,1042056,320,89928,24990,172,3
38.6347,1872,1042076,320,89998,24990,192,3
38.6549,1873,1042096,320,90068,24990,256,3
38.6750,1874,1042116,320,90138,24990,236,3
38.6951,1875,1042136,320,90208,24990,229,3
38.7152,1876,1042156,320,90279,24990,217,3
38.7353,1877,1042176,320,90349,25133,289,3
38.7555,1878,1042196,320,90419,25133,206,3
38.7829,1879,1042216,320,90489,25133,226,3
38.7941,1880,1042236,320,90560,25133,279,3
38.8142,1881,1042256,320,90630,25133,193,3
38.8343,1882,1042276,320,90700,25061,235,3
38.8544,1883,1042296,320,90770,25061,174,3
38.8745,1884,1042316,320,90840,25061,241,3
38.8946,1885,1042336,320,90911,25061,215,3
38.9148,1886,1042356,320,90981,25061,229,3
38.9346,1887,1042376,320,91051,24990,316,3
38.9546,1888,1042396,320,91121,24990,198,3
38.9745,1889,1042416,320,91192,24990,224,3
38.9941,1890,1042436,320,91262,24990,222,3
39.0150,1891,1042456,320,91332,24990,214,3
39.0348,1892,1042476,320,91403,25133,232,3
39.0548,1893,1042496,320,91473,25133,153,3
39.0748,1894,1042516,320,91544,25133,262,3
39.0950,1895,1042536,320,91614,25133,195,3
39.1151,1896,1042556,320,91684,25133,230,3
39.1351,1897,1042576,320,91755,25133,300,3
39.1552,1898,1042596,320,91825,25133,208,3
39.1751,1899,1042616,320,91896,25133,216,3
39.1952,1900,1042636,320,91966,25133,214,3
39.2154,1901,1042656,320,92036,25133,217,3
39.2356,1902,1042676,320,92107,25133,236,3
39.2557,1903,1042696,320,92177,25133,168,3
39.2809,1904,1042716,320,92248,25133,252,3
39.2951,1905,1042736,320,92318,25133,205,3
39.3150,1906,1042756,320,92389,25133,217,3
39.3351,1907,1042776,320,92459,25133,313,3
39.3551,1908,1042796,320,92530,25133,193,3
39.3753,1909,1042816,320,92600,25133,229,3
39.3955,1910,1042836,320,92671,25133,251,3
39.4154,1911,1042856,320,92741,25133,195,3
39.4356,1912,1042876,320,92812,25276,232,3
39.4557,1913,1042896,320,92883,25276,185,3
39.4761,1914,1042916,320,92953,25276,232,3
39.4957,1915,1042936,320,93024,25276,215,3
39.5158,1916,1042956,320,93094,25276,210,3
39.5359,1917,1042976,320,93165,25133,280,3
39.5561,1918,1042996,320,93236,25133,183,3
39.5762,1919,1043016,320,93306,25133,216,3
39.5942,1920,1043036,320,93376,25133,289,3
39.6144,1921,1043056,320,93447,25133,163,3
39.6345,1922,1043076,320,93517,25204,214,3
39.6544,1923,1043096,320,93588,25204,208,3
39.6745,1924,1043116,320,93658,25204,229,3
39.6947,1925,1043136,320,93728,25204,226,3
39.7148,1926,1043156,320,93799,25204,210,3
39.7350,1927,1043176,320,93869,25133,285,3
39.7552,1928,1043196,320,93940,25133,205,3
39.7732,1929,1043216,320,94010,25133,221,3
39.7958,1930,1043236,320,94080,25133,297,3
39.8159,1931,1043256,320,94151,25133,162,3
39.8360,1932,1043276,320,94221,25133,200,3
39.8562,1933,1043296,320,94292,25133,224,3
39.8743,1934,1043316,320,94362,25133,229,3
39.8942,1935,1043336,320,94433,25133,226,3
39.9142,1936,1043356,320,94503,25133,209,3
39.9344,1937,1043376,320,94573,25133,269,3
39.9545,1938,1043396,320,94644,25133,203,3
39.9744,1939,1043416,320,94715,25133,217,3
39.9946,1940,1043436,320,94785,25133,295,3
40.0143,1941,1043456,320,94856,25133,161,3
40.0343,1942,1043476,320,94926,25133,198,3
40.0544,1943,1043496,320,94996,25133,251,3
40.0746,1944,1043516,320,95067,25133,209,3
40.0946,1945,1043536,320,95137,25133,232,3
40.1148,1946,1043556,320,95208,25133,210,3
40.1346,1947,1043576,320,95278,25133,236,3
40.1547,1948,1043596,320,95349,25133,210,3
40.1749,1949,1043616,320,95419,25133,204,3
40.1951,1950,1043636,320,95489,25133,275,3
40.2151,1951,1043656,320,95560,25133,182,3
40.2354,1952,1043676,320,95631,25204,189,3
40.2555,1953,1043696,320,95701,25204,281,3
40.2738,1954,1043716,320,95771,25204,212,3
40.2951,1955,1043736,320,95841,25204,232,3
40.3153,1956,1043756,320,95912,25204,205,3
40.3354,1957,1043776,320,95982,25061,238,3
40.3554,1958,1043796,320,96053,25061,220,3
40.3753,1959,1043816,320,96123,25061,206,3
40.3955,1960,1043836,320,96193,25061,278,3
40.4156,1961,1043856,320,96264,25061,173,3
40.4358,1962,1043876,320,96334,25204,198,3
40.4557,1963,1043896,320,96404,25204,258,3
40.4755,1964,1043916,320,96475,25204,219,3
40.4955,1965,1043936,320,96545,25204,235,3
40.5143,1966,1043956,320,96615,25204,209,3
40.5358,1967,1043976,320,96686,25061,253,3
40.5554,1968,1043996,320,96756,25061,211,3
40.5753,1969,1044016,320,96827,25061,221,3
40.5953,1970,1044036,320,96897,25061,289,3
40.6153,1971,1044056,320,96967,25061,164,3
40.6353,1972,1044076,320,97037,25133,224,3
40.6553,1973,1044096,320,97108,25133,225,3
40.6752,1974,1044116,320,97177,25133,229,3
40.6954,1975,1044136,320,97248,25133,232,3
40.7153,1976,1044156,320,97318,25133,211,3
40.7352,1977,1044176,320,97389,25061,296,3
40.7552,1978,1044196,320,97459,25061,199,3
40.7754,1979,1044216,320,97529,25061,231,3
40.7959,1980,1044236,320,97600,25061,284,3
40.8159,1981,1044256,320,97670,25061,193,3
40.8359,1982,1044276,320,97740,25133,247,3
40.8557,1983,1044296,320,97811,25133,206,3
40.8756,1984,1044316,320,97881,25133,236,3
40.8958,1985,1044336,320,97951,25133,217,3
40.9157,1986,1044356,320,98021,25133,217,3
40.9357,1987,1044376,320,98092,25061,313,3
40.9556,1988,1044396,320,98162,25061,196,3
40.9754,1989,1044416,320,98232,25061,238,3
40.9955,1990,1044436,320,98303,25061,238,3
41.0155,1991,1044456,320,98373,25061,188,3
41.0352,1992,1044476,320,98444,25133,251,3
41.0545,1993,1044496,320,98514,25133,205,3
41.0756,1994,1044516,320,98584,25133,245,3
41.0946,1995,1044536,320,98655,25133,216,3
41.1156,1996,1044556,320,98725,25133,216,3
41.1345,1997,1044576,320,98796,25133,305,3
41.1542,1998,1044596,320,98867,25133,190,3
41.1743,1999,1044616,320,98937,25133,232,3
41.1945,2000,1044636,320,99008,25133,277,3
41.2145,2001,1044656,320,99078,25133,180,3
41.2345,2002,1044676,320,99149,25204,237,3
41.2544,2003,1044696,320,99219,25204,222,3
41.2758,2004,1044716,350,99290,25204,366,3
41.2945,2005,1044736,350,99361,25204,333,3
41.3146,2006,1044756,350,99435,25204,392,3
41.3346,2007,1044776,350,99509,25704,273,3
41.3545,2008,1044796,350,99584,25704,341,3
41.3746,2009,1044816,350,99660,25704,267,3
41.3947,2010,1044836,350,99736,25704,273,3
41.4148,2011,1044856,350,99812,25704,249,3
41.4348,2012,1044876,350,99889,27061,212,3
41.4549,2013,1044896,350,99966,27061,227,3
41.4750,2014,1044916,350,100043,27061,248,3
41.4951,2015,1044936,350,100120,27061,257,3
41.5154,2016,1044956,350,100197,27061,230,3
41.5355,2017,1044976,350,100274,27489,192,3
41.5555,2018,1044996,350,100352,27489,290,3
41.5754,2019,1045016,350,100429,27489,219,3
41.5955,2020,1045036,350,100506,27489,221,3
41.6155,2021,1045056,350,100584,27489,217,3
41.6355,2022,1045076,350,100661,27560,220,3
41.6556,2023,1045096,350,100738,27560,242,3
41.6758,2024,1045116,350,100816,27560,200,3
41.6959,2025,1045136,350,100893,27560,206,3
41.7161,2026,1045156,350,100971,27560,305,3
41.7362,2027,1045176,350,101048,27632,243,3
41.7543,2028,1045196,350,101125,27632,198,3
41.7749,2029,1045216,350,101203,27632,222,3
41.7954,2030,1045236,350,101280,27632,229,3
41.8153,2031,1045256,350,101357,27632,251,3
41.8353,2032,1045276,350,101435,27703,183,3
41.8554,2033,1045296,350,101512,27703,195,3
41.8755,2034,1045316,350,101590,27703,297,3
41.8957,2035,1045336,350,101667,27703,232,3
41.9157,2036,1045356,350,101745,27703,204,3
41.9357,2037,1045376,350,101822,27632,226,3
41.9559,2038,1045396,350,101900,27632,232,3
41.9759,2039,1045416,350,101977,27632,233,3
41.9960,2040,1045436,350,102055,27632,210,3
42.0161,2041,1045456,350,102132,27632,200,3
42.0361,2042,1045476,350,102210,27632,263,3
42.0561,2043,1045496,350,102287,27632,208,3
42.0762,2044,1045516,350,102364,27632,211,3
42.0942,2045,1045536,350,102442,27632,288,3
42.1143,2046,1045556,350,102520,27632,242,3
42.1343,2047,1045576,350,102597,27703,196,3
42.1541,2048,1045596,350,102675,27703,227,3
42.1761,2049,1045616,350,102752,27703,222,3
42.1963,2050,1045636,350,102830,27703,237,3
42.2143,2051,1045656,350,102907,27703,187,3
42.2345,2052,1045676,350,102985,27632,195,3
42.2546,2053,1045696,350,103062,27632,290,3
42.2751,2054,1045716,350,103140,27632,226,3
42.2963,2055,1045736,350,103217,27632,195,3
42.3143,2056,1045756,350,103295,27632,237,3
42.3344,2057,1045776,350,103372,27632,233,3
42.3543,2058,1045796,350,103449,27632,243,3
42.3744,2059,1045816,350,103526,27632,214,3
42.3946,2060,1045836,350,103603,27632,185,3
42.4147,2061,1045856,350,103680,27632,297,3
42.4346,2062,1045876,350,103758,27632,224,3
42.4547,2063,1045896,350,103835,27632,217,3
42.4747,2064,1045916,350,103912,27632,212,3
42.4948,2065,1045936,350,103989,27632,222,3
42.5147,2066,1045956,350,104067,27632,231,3
42.5345,2067,1045976,350,104144,27560,209,3
42.5545,2068,1045996,350,104221,27560,217,3
42.5745,2069,1046016,350,104299,27560,318,3
42.5946,2070,1046036,350,104376,27560,241,3
42.6146,2071,1046056,350,104453,27560,192,3
42.6347,2072,1046076,350,104531,27632,233,3
42.6545,2073,1046096,350,104608,27632,232,3
42.6746,2074,1046116,350,104685,27632,246,3
42.6947,2075,1046136,350,104763,27632,194,3
42.7147,2076,1046156,350,104840,27632,203,3
42.7347,2077,1046176,350,104917,27560,305,3
42.7547,2078,1046196,350,104995,27560,231,3
42.7770,2079,1046216,350,105072,27560,215,3
42.7952,2080,1046236,350,105149,27560,180,3
42.8154,2081,1046256,350,105227,27560,246,3
42.8356,2082,1046276,350,105304,27560,261,3
42.8556,2083,1046296,350,105381,27560,226,3
42.8758,2084,1046316,350,105458,27560,172,3
42.8956,2085,1046336,350,105535,27560,270,3
42.9158,2086,1046356,350,105612,27560,232,3
42.9360,2087,1046376,350,105689,27560,231,3
42.9561,2088,1046396,350,105767,27560,210,3
42.9741,2089,1046416,350,105844,27560,200,3
42.9943,2090,1046436,350,105921,27560,293,3
43.0143,2091,1046456,350,105998,27560,215,3
43.0346,2092,1046476,350,106075,27560,212,3
43.0547,2093,1046496,350,106152,27560,210,3
43.0743,2094,1046516,350,106229,27560,226,3
43.0961,2095,1046536,350,106306,27560,257,3
43.1151,2096,1046556,350,106383,27560,192,3
43.1347,2097,1046576,350,106460,27489,206,3
43.1544,2098,1046596,350,106537,27489,253,3
43.1743,2099,1046616,350,106614,27489,242,3
43.1945,2100,1046636,350,106691,27489,240,3
43.2146,2101,1046656,350,106768,27489,182,3
43.2347,2102,1046676,350,106845,27489,215,3
43.2546,2103,1046696,350,106922,27489,293,3
43.2772,2104,1046716,350,106999,27489,245,3
43.2943,2105,1046736,350,107076,27489,219,3
43.3144,2106,1046756,350,107153,27489,193,3
43.3345,2107,1046776,350,107230,27489,217,3
43.3545,2108,1046796,350,107307,27489,318,3
43.3743,2109,1046816,350,107384,27489,249,3
43.3943,2110,1046836,350,107461,27489,201,3
43.4145,2111,1046856,350,107538,27489,194,3
43.4346,2112,1046876,350,107615,27489,233,3
43.4548,2113,1046896,350,107692,27489,306,3
43.4749,2114,1046916,350,107769,27489,241,3
43.4950,2115,1046936,350,107846,27489,185,3
43.5151,2116,1046956,350,107923,27489,222,3
43.5353,2117,1046976,350,108000,27489,232,3
43.5554,2118,1046996,350,108077,27489,275,3
43.5756,2119,1047016,350,108155,27489,204,3
43.5957,2120,1047036,350,108232,27489,188,3
43.6156,2121,1047056,350,108309,27489,289,3
43.6353,2122,1047076,350,108386,27560,237,3
43.6551,2123,1047096,350,108463,27560,236,3
43.6754,2124,1047116,350,108540,27560,185,3
43.6956,2125,1047136,350,108617,27560,232,3
43.7157,2126,1047156,350,108695,27560,264,3
43.7357,2127,1047176,350,108772,27489,225,3
43.7558,2128,1047196,350,108848,27489,215,3
43.7742,2129,1047216,350,108925,27489,194,3
43.7947,2130,1047236,350,109003,27489,241,3
43.8149,2131,1047256,350,109080,27489,251,3
43.8351,2132,1047276,350,109156,27489,227,3
43.8552,2133,1047296,350,109233,27489,194,3
43.8753,2134,1047316,350,109311,27489,261,3
43.8955,2135,1047336,350,109388,27489,236,3
43.9156,2136,1047356,350,109465,27489,225,3
43.9355,2137,1047376,350,109542,27560,216,3
43.9556,2138,1047396,350,109619,27560,198,3
43.9754,2139,1047416,350,109696,27560,300,3
43.9955,2140,1047436,350,109773,27560,219,3
44.0155,2141,1047456,350,109850,27560,217,3
44.0355,2142,1047476,350,109927,27489,209,3
44.0556,2143,1047496,350,110004,27489,210,3
44.0757,2144,1047516,350,110081,27489,274,3
44.0955,2145,1047536,350,110159,27489,182,3
44.1156,2146,1047556,350,110236,27489,201,3
44.1356,2147,1047576,350,110313,27489,237,3
44.1557,2148,1047596,350,110390,27489,236,3
44.1758,2149,1047616,350,110467,27489,224,3
44.1960,2150,1047636,350,110544,27489,153,3
44.2159,2151,1047656,350,110621,27489,203,3
44.2358,2152,1047676,350,110699,27632,318,3
44.2557,2153,1047696,350,110776,27632,253,3
44.2758,2154,1047716,350,110853,27632,193,3
44.2931,2155,1047736,350,110930,27632,177,3
44.3154,2156,1047756,350,111008,27632,221,3
44.3352,2157,1047776,350,111085,27489,294,3
44.3553,2158,1047796,350,111162,27489,225,3
44.3754,2159,1047816,350,111239,27489,182,3
44.3956,2160,1047836,350,111316,27489,262,3
44.4158,2161,1047856,350,111393,27489,238,3
44.4358,2162,1047876,350,111471,27560,240,3
44.4557,2163,1047896,350,111548,27560,184,3
44.4758,2164,1047916,350,111625,27560,203,3
44.4958,2165,1047936,350,111702,27560,288,3
44.5160,2166,1047956,350,111779,27560,236,3
44.5340,2167,1047976,350,111856,27560,211,3
44.5542,2168,1047996,350,111933,27560,198,3
44.5743,2169,1048016,350,112011,27560,240,3
44.5942,2170,1048036,350,112088,27560,246,3
44.6144,2171,1048056,350,112165,27560,219,3
44.6346,2172,1048076,350,112242,27560,189,3
44.6546,2173,1048096,350,112319,27560,262,3
44.6747,2174,1048116,350,112396,27560,231,3
44.6945,2175,1048136,350,112472,27560,240,3
44.7145,2176,1048156,350,112549,27560,233,3
44.7346,2177,1048176,350,112626,27418,203,3
44.7547,2178,1048196,350,112703,27418,265,3
44.7747,2179,1048216,350,112780,27418,242,3
44.7931,2180,1048236,350,112856,27418,238,3
44.8151,2181,1048256,350,112933,27418,221,3
44.8351,2182,1048276,350,113011,27489,199,3
44.8553,2183,1048296,350,113088,27489,302,3
44.8754,2184,1048316,350,113165,27489,222,3
44.8956,2185,1048336,350,113242,27489,233,3
44.9157,2186,1048356,350,113319,27489,221,3
44.9356,2187,1048376,350,113396,27489,219,3
44.9556,2188,1048396,350,113473,27489,289,3
44.9757,2189,1048416,350,113550,27489,188,3
44.9956,2190,1048436,350,113627,27489,215,3
45.0158,2191,1048456,350,113704,27489,231,3
45.0359,2192,1048476,350,113781,27489,236,3
45.0556,2193,1048496,350,113859,27489,251,3
45.0757,2194,1048516,350,113936,27489,171,3
45.0958,2195,1048536,350,114012,27489,209,3
45.1155,2196,1048556,350,114090,27489,279,3
45.1344,2197,1048576,350,114167,27560,249,3
45.1561,2198,1048596,350,114244,27560,221,3
45.1762,2199,1048616,350,114321,27560,164,3
45.1942,2200,1048636,350,114399,27560,230,3
45.2143,2201,1048656,350,114476,27560,327,3
45.2343,2202,1048676,350,114553,27489,254,3
45.2543,2203,1048696,350,114630,27489,196,3
45.2753,2204,1048716,350,114707,27489,222,3
45.2944,2205,1048736,390,114785,27489,376,3
45.3145,2206,1048756,390,114865,27489,333,3
45.3346,2207,1048776,390,114947,28060,317,3
45.3545,2208,1048796,390,115029,28060,349,3
45.3745,2209,1048816,390,115113,28060,327,3
45.3946,2210,1048836,390,115197,28060,272,3
45.4145,2211,1048856,390,115282,28060,241,3
45.4345,2212,1048876,390,115367,29988,242,3
45.4547,2213,1048896,390,115452,29988,220,3
45.4747,2214,1048916,390,115538,29988,230,3
45.4945,2215,1048936,390,115624,29988,249,3
45.5146,2216,1048956,390,115710,29988,254,3
45.5345,2217,1048976,390,115796,30631,288,3
45.5545,2218,1048996,390,115882,30631,331,3
45.5747,2219,1049016,390,115968,30631,290,3
45.5947,2220,1049036,390,116055,30631,269,3
45.6148,2221,1049056,390,116141,30631,274,3
45.6346,2222,1049076,390,116227,30702,231,3
45.6546,2223,1049096,390,116313,30702,226,3
45.6745,2224,1049116,390,116400,30702,222,3
45.6945,2225,1049136,390,116486,30702,201,3
45.7145,2226,1049156,390,116572,30702,203,3
45.7345,2227,1049176,390,116659,30845,224,3
45.7545,2228,1049196,390,116745,30845,226,3
45.7745,2229,1049216,390,116832,30845,241,3
45.7952,2230,1049236,390,116918,30845,251,3
45.8153,2231,1049256,390,117005,30845,210,3
45.8353,2232,1049276,390,117091,30845,237,3
45.8554,2233,1049296,390,117178,30845,219,3
45.8753,2234,1049316,390,117264,30845,162,3
45.8952,2235,1049336,390,117351,30845,221,3
45.9153,2236,1049356,390,117437,30845,215,3
45.9353,2237,1049376,390,117524,30916,270,3
45.9553,2238,1049396,390,117611,30916,320,3
45.9752,2239,1049416,390,117697,30916,279,3
45.9952,2240,1049436,390,117784,30916,243,3
46.0154,2241,1049456,390,117870,30916,238,3
46.0354,2242,1049476,390,117957,30916,206,3
46.0555,2243,1049496,390,118043,30916,206,3
46.0755,2244,1049516,390,118130,30916,199,3
46.0953,2245,1049536,390,118216,30916,205,3
46.1155,2246,1049556,390,118303,30916,240,3
46.1354,2247,1049576,390,118389,30916,246,3
46.1552,2248,1049596,390,118476,30916,217,3
46.1750,2249,1049616,390,118562,30916,242,3
46.1950,2250,1049636,390,118649,30916,233,3
46.2151,2251,1049656,390,118736,30916,167,3
46.2352,2252,1049676,390,118822,30845,209,3
46.2552,2253,1049696,390,118909,30845,208,3
46.2753,2254,1049716,390,118996,30845,267,3
46.2967,2255,1049736,390,119082,30845,313,3
46.3146,2256,1049756,390,119169,30845,286,3
46.3347,2257,1049776,390,119256,30988,243,3
46.3545,2258,1049796,390,119342,30988,232,3
46.3744,2259,1049816,390,119429,30988,192,3
46.3943,2260,1049836,390,119516,30988,209,3
46.4144,2261,1049856,390,119603,30988,201,3
46.4346,2262,1049876,390,119689,30988,222,3
46.4547,2263,1049896,390,119776,30988,242,3
46.4748,2264,1049916,390,119863,30988,261,3
46.4949,2265,1049936,390,119949,30988,200,3
46.5147,2266,1049956,390,120036,30988,215,3
46.5348,2267,1049976,390,120123,30916,180,3
46.5550,2268,1049996,390,120210,30916,182,3
46.5751,2269,1050016,390,120297,30916,265,3
46.5954,2270,1050036,390,120383,30916,295,3
46.6154,2271,1050056,390,120470,30916,284,3
46.6355,2272,1050076,390,120556,30988,290,3
46.6555,2273,1050096,390,120643,30988,240,3
46.6756,2274,1050116,390,120729,30988,210,3
46.6956,2275,1050136,390,120816,30988,216,3
46.7158,2276,1050156,390,120903,30988,194,3
46.7359,2277,1050176,390,120989,30916,214,3
46.7561,2278,1050196,390,121076,30916,253,3
46.7741,2279,1050216,390,121163,30916,245,3
46.7970,2280,1050236,390,121249,30916,246,3
46.8150,2281,1050256,390,121336,30916,243,3
46.8351,2282,1050276,390,121423,30916,199,3
46.8549,2283,1050296,390,121510,30916,214,3
46.8749,2284,1050316,390,121597,30916,205,3
46.8949,2285,1050336,390,121684,30916,274,3
46.9150,2286,1050356,390,121771,30916,321,3
46.9351,2287,1050376,390,121857,31059,279,3
46.9553,2288,1050396,390,121944,31059,231,3
46.9747,2289,1050416,390,122031,31059,230,3
46.9960,2290,1050436,390,122117,31059,214,3
47.0155,2291,1050456,390,122204,31059,201,3
47.0355,2292,1050476,390,122291,30916,226,3
47.0556,2293,1050496,390,122378,30916,233,3
47.0757,2294,1050516,390,122465,30916,248,3
47.0956,2295,1050536,390,122552,30916,258,3
47.1156,2296,1050556,390,122638,30916,208,3
47.1355,2297,1050576,390,122725,30988,226,3
47.1551,2298,1050596,390,122811,30988,185,3
47.1747,2299,1050616,390,122898,30988,196,3
47.1961,2300,1050636,390,122984,30988,256,3
47.2156,2301,1050656,390,123071,30988,296,3
47.2352,2302,1050676,390,123157,30916,283,3
47.2552,2303,1050696,390,123244,30916,290,3
47.2754,2304,1050716,390,123331,30916,241,3
47.2971,2305,1050736,390,123417,30916,225,3
47.3151,2306,1050756,390,123504,30916,216,3
47.3349,2307,1050776,390,123591,30916,201,3
47.3548,2308,1050796,390,123677,30916,221,3
47.3749,2309,1050816,390,123764,30916,238,3
47.3951,2310,1050836,390,123850,30916,235,3
47.4152,2311,1050856,390,123936,30916,243,3
47.4353,2312,1050876,390,124023,30845,261,3
47.4555,2313,1050896,390,124109,30845,214,3
47.4756,2314,1050916,390,124196,30845,227,3
47.4958,2315,1050936,390,124282,30845,200,3
47.5158,2316,1050956,390,124369,30845,196,3
47.5361,2317,1050976,390,124456,30916,215,3
47.5562,2318,1050996,390,124542,30916,251,3
47.5760,2319,1051016,390,124628,30916,288,3
47.5940,2320,1051036,390,124715,30916,312,3
47.6142,2321,1051056,390,124801,30916,268,3
47.6343,2322,1051076,390,124888,30916,237,3
47.6544,2323,1051096,390,124975,30916,231,3
47.6745,2324,1051116,390,125061,30916,205,3
47.6943,2325,1051136,390,125148,30916,210,3
47.7145,2326,1051156,390,125234,30916,201,3
47.7347,2327,1051176,390,125321,30845,225,3
47.7547,2328,1051196,390,125408,30845,241,3
47.7747,2329,1051216,390,125494,30845,258,3
47.7995,2330,1051236,390,125581,30845,224,3
47.8151,2331,1051256,390,125667,30845,229,3
47.8351,2332,1051276,390,125754,30916,203,3
47.8552,2333,1051296,390,125841,30916,188,3
47.8752,2334,1051316,390,125928,30916,221,3
47.8953,2335,1051336,390,126014,30916,261,3
47.9155,2336,1051356,390,126101,30916,286,3
47.9351,2337,1051376,390,126188,30988,290,3
47.9546,2338,1051396,390,126275,30988,233,3
47.9745,2339,1051416,390,126361,30988,216,3
47.9945,2340,1051436,390,126449,30988,198,3
48.0146,2341,1051456,390,126536,30988,198,3
48.0348,2342,1051476,390,126622,31059,232,3
48.0546,2343,1051496,390,126709,31059,249,3
48.0746,2344,1051516,390,126796,31059,220,3
48.0946,2345,1051536,390,126883,31059,235,3
48.1147,2346,1051556,390,126970,31059,211,3
48.1347,2347,1051576,390,127057,30988,171,3
48.1547,2348,1051596,390,127144,30988,219,3
48.1749,2349,1051616,390,127230,30988,272,3
48.1950,2350,1051636,390,127317,30988,290,3
48.2152,2351,1051656,390,127404,30988,290,3
48.2354,2352,1051676,390,127491,30988,237,3
48.2556,2353,1051696,390,127578,30988,215,3
48.2757,2354,1051716,390,127665,30988,198,3
48.3014,2355,1051736,390,127752,30988,187,3
48.3150,2356,1051756,390,127839,30988,235,3
48.3350,2357,1051776,390,127926,31059,252,3
48.3551,2358,1051796,390,128013,31059,206,3
48.3751,2359,1051816,390,128100,31059,222,3
48.3953,2360,1051836,390,128187,31059,189,3
48.4152,2361,1051856,390,128274,31059,193,3
48.4351,2362,1051876,390,128361,31059,269,3
48.4553,2363,1051896,390,128448,31059,302,3
48.4754,2364,1051916,390,128535,31059,253,3
48.4956,2365,1051936,390,128622,31059,229,3
48.5157,2366,1051956,390,128709,31059,204,3
48.5356,2367,1051976,390,128796,31059,206,3
48.5555,2368,1051996,390,128883,31059,196,3
48.5755,2369,1052016,390,128969,31059,224,3
48.5956,2370,1052036,390,129056,31059,241,3
48.6157,2371,1052056,390,129143,31059,247,3
48.6358,2372,1052076,390,129230,31059,203,3
48.6557,2373,1052096,390,129317,31059,206,3
48.6757,2374,1052116,390,129404,31059,187,3
48.6958,2375,1052136,390,129491,31059,249,3
48.7161,2376,1052156,390,129577,31059,288,3
48.7340,2377,1052176,390,129664,30988,300,3
48.7542,2378,1052196,390,129751,30988,262,3
48.7741,2379,1052216,390,129838,30988,240,3
48.8015,2380,1052236,390,129925,30988,210,3
48.8151,2381,1052256,390,130011,30988,214,3
48.8343,2382,1052276,390,130098,30916,180,3
48.8545,2383,1052296,390,130185,30916,215,3
48.8746,2384,1052316,390,130272,30916,245,3
48.8947,2385,1052336,390,130358,30916,256,3
48.9148,2386,1052356,390,130445,30916,216,3
48.9350,2387,1052376,390,130532,30988,216,3
48.9551,2388,1052396,390,130619,30988,205,3
48.9753,2389,1052416,390,130705,30988,208,3
48.9954,2390,1052436,390,130792,30988,227,3
49.0154,2391,1052456,390,130879,30988,286,3
49.0354,2392,1052476,390,130965,30988,301,3
49.0554,2393,1052496,390,131052,30988,294,3
49.0755,2394,1052516,390,131139,30988,247,3
49.0956,2395,1052536,390,131225,30988,245,3
49.1157,2396,1052556,390,131312,30988,215,3
49.1356,2397,1052576,390,131399,30916,195,3
49.1555,2398,1052596,390,131485,30916,222,3
49.1756,2399,1052616,390,131572,30916,229,3
49.1957,2400,1052636,390,131659,30916,242,3
49.2153,2401,1052656,390,131745,30916,240,3
49.2349,2402,1052676,390,131832,30916,245,3
49.2544,2403,1052696,390,131919,30916,206,3
49.2739,2404,1052716,390,132006,30916,206,3
