video_name,sample_index,ram_used_mb,ram_total_mb,gpu_load_percent,raw_tegrastats_line
busyCity.mp4,0,4101,7620,0,"07-04-2026 16:22:40 RAM 4101/7620MB (lfb 1x4MB) SWAP 3/3810MB (cached 0MB) CPU [16%@1036,23%@1036,10%@1036,8%@1036,9%@729,7%@729] GR3D_FREQ 0% cpu@46.937C soc2@46.812C soc0@46.906C gpu@48.343C tj@48.343C soc1@46.781C VDD_IN 3507mW/3507mW VDD_CPU_GPU_CV 684mW/684mW VDD_SOC 1088mW/1088mW"
busyCity.mp4,1,4177,7620,0,"07-04-2026 16:22:41 RAM 4177/7620MB (lfb 1x4MB) SWAP 3/3810MB (cached 0MB) CPU [2%@729,10%@729,8%@729,1%@729,5%@1497,87%@1497] GR3D_FREQ 0% cpu@47.187C soc2@46.906C soc0@47.093C gpu@48.5C tj@48.5C soc1@46.75C VDD_IN 4501mW/4004mW VDD_CPU_GPU_CV 963mW/824mW VDD_SOC 1406mW/1247mW"
busyCity.mp4,2,4190,7620,0,"07-04-2026 16:22:42 RAM 4190/7620MB (lfb 1x4MB) SWAP 3/3810MB (cached 0MB) CPU [6%@729,5%@729,1%@729,8%@729,8%@729,37%@729] GR3D_FREQ 0% cpu@47.031C soc2@46.812C soc0@47.093C gpu@48.593C tj@48.593C soc1@46.906C VDD_IN 3830mW/3946mW VDD_CPU_GPU_CV 644mW/764mW VDD_SOC 1086mW/1193mW"
busyCity.mp4,3,4197,7620,0,"07-04-2026 16:22:43 RAM 4197/7620MB (lfb 2x4MB) SWAP 3/3810MB (cached 0MB) CPU [3%@729,1%@729,2%@729,3%@729,9%@960,20%@960] GR3D_FREQ 0% cpu@46.875C soc2@46.687C soc0@47C gpu@48.562C tj@48.562C soc1@46.781C VDD_IN 3628mW/3867mW VDD_CPU_GPU_CV 603mW/724mW VDD_SOC 1048mW/1157mW"
busyCity.mp4,4,4269,7620,0,"07-04-2026 16:22:44 RAM 4269/7620MB (lfb 1x1MB) SWAP 3/3810MB (cached 0MB) CPU [22%@729,2%@729,19%@729,25%@729,1%@729,21%@729] GR3D_FREQ 0% cpu@47.156C soc2@47C soc0@47C gpu@48.375C tj@48.375C soc1@46.781C VDD_IN 3669mW/3827mW VDD_CPU_GPU_CV 684mW/716mW VDD_SOC 1048mW/1135mW"
busyCity.mp4,5,4291,7620,0,"07-04-2026 16:22:45 RAM 4291/7620MB (lfb 2x2MB) SWAP 5/3810MB (cached 0MB) CPU [16%@1190,2%@1190,13%@1190,26%@1190,3%@729,16%@729] GR3D_FREQ 0% cpu@46.875C soc2@46.812C soc0@47.156C gpu@48.531C tj@48.531C soc1@46.906C VDD_IN 3709mW/3807mW VDD_CPU_GPU_CV 644mW/704mW VDD_SOC 1048mW/1121mW"
busyCity.mp4,6,4327,7620,8,"07-04-2026 16:22:46 RAM 4327/7620MB (lfb 1x2MB) SWAP 5/3810MB (cached 0MB) CPU [10%@729,22%@729,7%@729,3%@729,0%@729,19%@729] GR3D_FREQ 8% cpu@46.75C soc2@46.906C soc0@47.031C gpu@48.531C tj@48.531C soc1@46.812C VDD_IN 3669mW/3788mW VDD_CPU_GPU_CV 603mW/689mW VDD_SOC 1048mW/1110mW"
busyCity.mp4,7,4527,7620,0,"07-04-2026 16:22:47 RAM 4527/7620MB (lfb 12x512kB) SWAP 7/3810MB (cached 0MB) CPU [12%@1036,45%@1036,6%@1036,0%@1036,0%@729,29%@729] GR3D_FREQ 0% cpu@46.968C soc2@46.843C soc0@47.031C gpu@48.437C tj@48.437C soc1@46.812C VDD_IN 3749mW/3783mW VDD_CPU_GPU_CV 684mW/689mW VDD_SOC 1086mW/1107mW"
busyCity.mp4,8,4676,7620,26,"07-04-2026 16:22:48 RAM 4676/7620MB (lfb 3x1MB) SWAP 9/3810MB (cached 0MB) CPU [5%@1497,33%@1497,8%@1497,21%@1497,1%@806,38%@806] GR3D_FREQ 26% cpu@46.906C soc2@46.875C soc0@47.093C gpu@48.593C tj@48.593C soc1@46.875C VDD_IN 3985mW/3805mW VDD_CPU_GPU_CV 805mW/702mW VDD_SOC 1086mW/1105mW"
busyCity.mp4,9,4727,7620,0,"07-04-2026 16:22:49 RAM 4727/7620MB (lfb 1x2MB) SWAP 9/3810MB (cached 0MB) CPU [4%@729,25%@729,9%@729,7%@729,2%@729,13%@729] GR3D_FREQ 0% cpu@46.812C soc2@46.843C soc0@47.031C gpu@48.625C tj@48.625C soc1@46.812C VDD_IN 3911mW/3816mW VDD_CPU_GPU_CV 724mW/704mW VDD_SOC 1127mW/1107mW"
busyCity.mp4,10,5061,7620,99,"07-04-2026 16:22:50 RAM 5061/7620MB (lfb 1x2MB) SWAP 9/3810MB (cached 0MB) CPU [41%@1190,15%@1190,38%@1190,19%@1190,24%@729,57%@729] GR3D_FREQ 99% cpu@47.312C soc2@47.093C soc0@47.093C gpu@48.843C tj@48.843C soc1@46.875C VDD_IN 5729mW/3990mW VDD_CPU_GPU_CV 1722mW/796mW VDD_SOC 1482mW/1141mW"
busyCity.mp4,11,5145,7620,0,"07-04-2026 16:22:51 RAM 5145/7620MB (lfb 10x2MB) SWAP 9/3810MB (cached 0MB) CPU [10%@1497,54%@1497,5%@1497,16%@1497,12%@729,7%@729] GR3D_FREQ 0% cpu@47.437C soc2@47.062C soc0@47.187C gpu@48.625C tj@48.625C soc1@47C VDD_IN 4548mW/4036mW VDD_CPU_GPU_CV 1167mW/827mW VDD_SOC 1328mW/1157mW"
busyCity.mp4,12,5150,7620,0,"07-04-2026 16:22:52 RAM 5150/7620MB (lfb 5x2MB) SWAP 9/3810MB (cached 0MB) CPU [59%@729,39%@729,3%@729,3%@729,1%@1497,7%@1497] GR3D_FREQ 0% cpu@47.187C soc2@47.093C soc0@47.093C gpu@48.656C tj@48.656C soc1@47.062C VDD_IN 4669mW/4085mW VDD_CPU_GPU_CV 1286mW/863mW VDD_SOC 1366mW/1173mW"
busyCity.mp4,13,5180,7620,0,"07-04-2026 16:22:53 RAM 5180/7620MB (lfb 1x4MB) SWAP 9/3810MB (cached 0MB) CPU [2%@1497,55%@1497,2%@1497,4%@1497,2%@729,29%@729] GR3D_FREQ 0% cpu@47.5C soc2@47.156C soc0@47.218C gpu@48.781C tj@48.843C soc1@46.937C VDD_IN 4911mW/4144mW VDD_CPU_GPU_CV 1366mW/898mW VDD_SOC 1406mW/1190mW"
busyCity.mp4,14,5173,7620,96,"07-04-2026 16:22:54 RAM 5173/7620MB (lfb 1x4MB) SWAP 9/3810MB (cached 0MB) CPU [57%@729,34%@729,3%@729,1%@729,7%@1497,6%@1497] GR3D_FREQ 96% cpu@47.437C soc2@47.125C soc0@47.218C gpu@49.218C tj@49.218C soc1@47.031C VDD_IN 4903mW/4195mW VDD_CPU_GPU_CV 1404mW/932mW VDD_SOC 1406mW/1204mW"
busyCity.mp4,15,5210,7620,0,"07-04-2026 16:22:55 RAM 5210/7620MB (lfb 9x2MB) SWAP 9/3810MB (cached 0MB) CPU [1%@1420,24%@1420,1%@1420,2%@1420,74%@1497,0%@1497] GR3D_FREQ 0% cpu@47.531C soc2@47.218C soc0@47.25C gpu@48.781C tj@48.781C soc1@47.187C VDD_IN 4903mW/4239mW VDD_CPU_GPU_CV 1444mW/964mW VDD_SOC 1404mW/1216mW"
busyCity.mp4,16,5189,7620,91,"07-04-2026 16:22:56 RAM 5189/7620MB (lfb 10x2MB) SWAP 10/3810MB (cached 0MB) CPU [5%@729,55%@729,6%@729,5%@729,36%@806,16%@806] GR3D_FREQ 91% cpu@47.312C soc2@47.343C soc0@47.187C gpu@49.156C tj@49.156C soc1@47.031C VDD_IN 5617mW/4320mW VDD_CPU_GPU_CV 1842mW/1016mW VDD_SOC 1482mW/1232mW"
busyCity.mp4,17,5217,7620,0,"07-04-2026 16:22:57 RAM 5217/7620MB (lfb 10x2MB) SWAP 10/3810MB (cached 0MB) CPU [4%@1497,2%@1497,3%@1497,72%@1497,2%@729,19%@729] GR3D_FREQ 0% cpu@47.75C soc2@47.343C soc0@47.281C gpu@48.875C tj@48.875C soc1@47C VDD_IN 4790mW/4346mW VDD_CPU_GPU_CV 1326mW/1033mW VDD_SOC 1406mW/1242mW"
busyCity.mp4,18,5199,7620,99,"07-04-2026 16:22:58 RAM 5199/7620MB (lfb 3x4MB) SWAP 10/3810MB (cached 0MB) CPU [57%@729,3%@729,3%@729,16%@729,5%@806,22%@806] GR3D_FREQ 99% cpu@47.593C soc2@47.343C soc0@47.343C gpu@49.406C tj@49.406C soc1@47.125C VDD_IN 5698mW/4417mW VDD_CPU_GPU_CV 1883mW/1078mW VDD_SOC 1482mW/1254mW"
busyCity.mp4,19,5223,7620,0,"07-04-2026 16:22:59 RAM 5223/7620MB (lfb 3x4MB) SWAP 10/3810MB (cached 0MB) CPU [5%@1497,3%@1497,3%@1497,79%@1497,1%@729,14%@729] GR3D_FREQ 0% cpu@47.937C soc2@47.25C soc0@47.312C gpu@49.218C tj@49.218C soc1@47.125C VDD_IN 4750mW/4434mW VDD_CPU_GPU_CV 1326mW/1090mW VDD_SOC 1406mW/1262mW"
busyCity.mp4,20,5200,7620,99,"07-04-2026 16:23:00 RAM 5200/7620MB (lfb 2x4MB) SWAP 10/3810MB (cached 0MB) CPU [9%@729,1%@729,20%@729,60%@729,14%@1190,34%@1190] GR3D_FREQ 99% cpu@47.468C soc2@47.5C soc0@47.468C gpu@49.75C tj@49.75C soc1@47.218C VDD_IN 6600mW/4537mW VDD_CPU_GPU_CV 2236mW/1145mW VDD_SOC 1720mW/1284mW"
busyCity.mp4,21,5214,7620,0,"07-04-2026 16:23:02 RAM 5214/7620MB (lfb 1x4MB) SWAP 10/3810MB (cached 0MB) CPU [6%@1497,4%@1497,2%@1497,86%@1497,1%@729,13%@729] GR3D_FREQ 0% cpu@48C soc2@47.5C soc0@47.375C gpu@49.25C tj@49.25C soc1@47.062C VDD_IN 4823mW/4550mW VDD_CPU_GPU_CV 1326mW/1153mW VDD_SOC 1406mW/1289mW"
busyCity.mp4,22,5226,7620,0,"07-04-2026 16:23:03 RAM 5226/7620MB (lfb 1x4MB) SWAP 10/3810MB (cached 0MB) CPU [8%@729,13%@729,2%@729,4%@729,48%@1267,27%@1267] GR3D_FREQ 0% cpu@47.562C soc2@47.406C soc0@47.406C gpu@49.5C tj@49.5C soc1@47.156C VDD_IN 6169mW/4620mW VDD_CPU_GPU_CV 1960mW/1188mW VDD_SOC 1642mW/1305mW"
busyCity.mp4,23,5244,7620,0,"07-04-2026 16:23:04 RAM 5244/7620MB (lfb 1x2MB) SWAP 10/3810MB (cached 0MB) CPU [3%@1497,4%@1497,15%@1497,85%@1497,0%@729,5%@729] GR3D_FREQ 0% cpu@47.937C soc2@47.468C soc0@47.437C gpu@49C tj@49C soc1@47.25C VDD_IN 4782mW/4627mW VDD_CPU_GPU_CV 1286mW/1192mW VDD_SOC 1406mW/1309mW"
busyCity.mp4,24,5223,7620,0,"07-04-2026 16:23:05 RAM 5223/7620MB (lfb 1x4MB) SWAP 10/3810MB (cached 0MB) CPU [4%@883,4%@883,47%@883,9%@883,2%@1497,32%@1497] GR3D_FREQ 0% cpu@47.968C soc2@47.562C soc0@47.531C gpu@49.218C tj@49.218C soc1@47.312C VDD_IN 5849mW/4676mW VDD_CPU_GPU_CV 1760mW/1215mW VDD_SOC 1602mW/1321mW"
busyCity.mp4,25,5243,7620,0,"07-04-2026 16:23:06 RAM 5243/7620MB (lfb 1x4MB) SWAP 10/3810MB (cached 0MB) CPU [25%@1497,2%@1497,2%@1497,78%@1497,2%@729,1%@729] GR3D_FREQ 0% cpu@47.812C soc2@47.656C soc0@47.562C gpu@49.187C tj@49.187C soc1@47.468C VDD_IN 4782mW/4680mW VDD_CPU_GPU_CV 1326mW/1219mW VDD_SOC 1406mW/1324mW"
busyCity.mp4,26,5231,7620,0,"07-04-2026 16:23:07 RAM 5231/7620MB (lfb 1x4MB) SWAP 10/3810MB (cached 0MB) CPU [39%@1497,2%@1497,2%@1497,21%@1497,8%@729,33%@729] GR3D_FREQ 0% cpu@48C soc2@47.562C soc0@47.468C gpu@49.312C tj@49.312C soc1@47.312C VDD_IN 5658mW/4716mW VDD_CPU_GPU_CV 1762mW/1239mW VDD_SOC 1522mW/1331mW"
busyCity.mp4,27,5252,7620,0,"07-04-2026 16:23:08 RAM 5252/7620MB (lfb 1x4MB) SWAP 10/3810MB (cached 0MB) CPU [38%@1497,3%@1497,5%@1497,64%@1497,0%@729,1%@729] GR3D_FREQ 0% cpu@48.062C soc2@47.625C soc0@47.562C gpu@49.25C tj@49.25C soc1@47.281C VDD_IN 4750mW/4717mW VDD_CPU_GPU_CV 1326mW/1242mW VDD_SOC 1366mW/1332mW"
busyCity.mp4,28,5230,7620,0,"07-04-2026 16:23:09 RAM 5230/7620MB (lfb 1x4MB) SWAP 10/3810MB (cached 0MB) CPU [21%@1497,2%@1497,6%@1497,36%@1497,2%@729,31%@729] GR3D_FREQ 0% cpu@47.843C soc2@47.562C soc0@47.625C gpu@49.281C tj@49.281C soc1@47.343C VDD_IN 5144mW/4732mW VDD_CPU_GPU_CV 1484mW/1251mW VDD_SOC 1446mW/1336mW"
busyCity.mp4,29,5260,7620,0,"07-04-2026 16:23:10 RAM 5260/7620MB (lfb 1x4MB) SWAP 10/3810MB (cached 0MB) CPU [7%@1497,3%@1497,46%@1497,53%@1497,2%@729,1%@729] GR3D_FREQ 0% cpu@48.375C soc2@47.593C soc0@47.656C gpu@49.312C tj@49.312C soc1@47.531C VDD_IN 4669mW/4730mW VDD_CPU_GPU_CV 1286mW/1252mW VDD_SOC 1366mW/1337mW"
busyCity.mp4,30,5233,7620,0,"07-04-2026 16:23:11 RAM 5233/7620MB (lfb 1x4MB) SWAP 10/3810MB (cached 0MB) CPU [45%@1497,4%@1497,9%@1497,2%@1497,3%@729,32%@729] GR3D_FREQ 0% cpu@47.937C soc2@47.812C soc0@47.718C gpu@49.312C tj@49.312C soc1@47.593C VDD_IN 4983mW/4738mW VDD_CPU_GPU_CV 1444mW/1258mW VDD_SOC 1406mW/1340mW"
busyCity.mp4,31,5223,7620,0,"07-04-2026 16:23:12 RAM 5223/7620MB (lfb 1x4MB) SWAP 10/3810MB (cached 0MB) CPU [53%@729,2%@729,5%@729,1%@729,46%@1497,5%@1497] GR3D_FREQ 0% cpu@47.781C soc2@47.562C soc0@47.562C gpu@49.25C tj@49.25C soc1@47.406C VDD_IN 4702mW/4737mW VDD_CPU_GPU_CV 1286mW/1259mW VDD_SOC 1366mW/1340mW"
busyCity.mp4,32,5240,7620,0,"07-04-2026 16:23:13 RAM 5240/7620MB (lfb 1x4MB) SWAP 10/3810MB (cached 0MB) CPU [2%@729,3%@729,2%@729,24%@729,9%@1497,52%@1497] GR3D_FREQ 0% cpu@47.906C soc2@47.531C soc0@47.593C gpu@49.125C tj@49.125C soc1@47.562C VDD_IN 4903mW/4742mW VDD_CPU_GPU_CV 1406mW/1263mW VDD_SOC 1406mW/1342mW"
busyCity.mp4,33,5227,7620,99,"07-04-2026 16:23:14 RAM 5227/7620MB (lfb 1x4MB) SWAP 10/3810MB (cached 0MB) CPU [23%@1497,10%@1497,5%@1497,10%@1497,38%@729,36%@729] GR3D_FREQ 99% cpu@47.937C soc2@47.625C soc0@47.812C gpu@49.312C tj@49.312C soc1@47.562C VDD_IN 4823mW/4745mW VDD_CPU_GPU_CV 1364mW/1266mW VDD_SOC 1406mW/1344mW"
busyCity.mp4,34,5244,7620,0,"07-04-2026 16:23:15 RAM 5244/7620MB (lfb 1x4MB) SWAP 10/3810MB (cached 0MB) CPU [5%@729,3%@729,2%@729,24%@729,3%@1497,62%@1497] GR3D_FREQ 0% cpu@48C soc2@47.625C soc0@47.718C gpu@49.281C tj@49.281C soc1@47.593C VDD_IN 4863mW/4748mW VDD_CPU_GPU_CV 1366mW/1269mW VDD_SOC 1406mW/1346mW"
busyCity.mp4,35,5223,7620,84,"07-04-2026 16:23:16 RAM 5223/7620MB (lfb 2x4MB) SWAP 10/3810MB (cached 0MB) CPU [2%@729,4%@729,56%@729,15%@729,1%@729,27%@729] GR3D_FREQ 84% cpu@47.843C soc2@47.843C soc0@47.625C gpu@50.093C tj@50.093C soc1@47.468C VDD_IN 5497mW/4769mW VDD_CPU_GPU_CV 1762mW/1283mW VDD_SOC 1484mW/1350mW"
busyCity.mp4,36,5241,7620,0,"07-04-2026 16:23:17 RAM 5241/7620MB (lfb 2x4MB) SWAP 10/3810MB (cached 0MB) CPU [4%@729,2%@729,4%@729,21%@729,2%@1497,71%@1497] GR3D_FREQ 0% cpu@48.062C soc2@47.656C soc0@47.781C gpu@49.437C tj@49.437C soc1@47.562C VDD_IN 4790mW/4769mW VDD_CPU_GPU_CV 1366mW/1285mW VDD_SOC 1406mW/1351mW"
busyCity.mp4,37,5228,7620,99,"07-04-2026 16:23:18 RAM 5228/7620MB (lfb 2x4MB) SWAP 10/3810MB (cached 0MB) CPU [7%@729,0%@729,8%@729,67%@729,3%@729,18%@729] GR3D_FREQ 99% cpu@48.031C soc2@47.843C soc0@47.812C gpu@50.156C tj@50.156C soc1@47.625C VDD_IN 5889mW/4799mW VDD_CPU_GPU_CV 2000mW/1304mW VDD_SOC 1562mW/1357mW"
busyCity.mp4,38,5241,7620,0,"07-04-2026 16:23:19 RAM 5241/7620MB (lfb 2x4MB) SWAP 10/3810MB (cached 0MB) CPU [6%@729,5%@729,2%@729,12%@729,2%@1497,82%@1497] GR3D_FREQ 0% cpu@48.062C soc2@47.687C soc0@47.875C gpu@49.531C tj@49.531C soc1@47.656C VDD_IN 4750mW/4797mW VDD_CPU_GPU_CV 1326mW/1305mW VDD_SOC 1366mW/1357mW"
busyCity.mp4,39,5233,7620,0,"07-04-2026 16:23:20 RAM 5233/7620MB (lfb 2x4MB) SWAP 10/3810MB (cached 0MB) CPU [4%@960,5%@960,3%@960,75%@960,2%@729,6%@729] GR3D_FREQ 0% cpu@48.062C soc2@47.937C soc0@47.968C gpu@49.812C tj@49.812C soc1@47.781C VDD_IN 6410mW/4838mW VDD_CPU_GPU_CV 2120mW/1325mW VDD_SOC 1680mW/1365mW"
busyCity.mp4,40,5252,7620,0,"07-04-2026 16:23:21 RAM 5252/7620MB (lfb 1x4MB) SWAP 10/3810MB (cached 0MB) CPU [13%@1497,6%@1497,6%@1497,13%@1497,6%@729,75%@729] GR3D_FREQ 0% cpu@48.218C soc2@47.875C soc0@47.812C gpu@49.406C tj@49.406C soc1@47.562C VDD_IN 4863mW/4838mW VDD_CPU_GPU_CV 1324mW/1325mW VDD_SOC 1406mW/1366mW"
busyCity.mp4,41,5245,7620,0,"07-04-2026 16:23:22 RAM 5245/7620MB (lfb 1x4MB) SWAP 10/3810MB (cached 0MB) CPU [27%@729,4%@729,4%@729,20%@729,41%@960,8%@960] GR3D_FREQ 0% cpu@48.437C soc2@47.906C soc0@47.812C gpu@49.406C tj@49.406C soc1@47.625C VDD_IN 6049mW/4867mW VDD_CPU_GPU_CV 1920mW/1339mW VDD_SOC 1640mW/1373mW"
busyCity.mp4,42,5261,7620,0,"07-04-2026 16:23:23 RAM 5261/7620MB (lfb 2x4MB) SWAP 10/3810MB (cached 0MB) CPU [3%@729,1%@729,3%@729,3%@729,27%@1497,75%@1497] GR3D_FREQ 0% cpu@48.281C soc2@47.812C soc0@47.875C gpu@49.468C tj@49.468C soc1@47.687C VDD_IN 4750mW/4865mW VDD_CPU_GPU_CV 1326mW/1339mW VDD_SOC 1368mW/1373mW"
busyCity.mp4,43,5242,7620,0,"07-04-2026 16:23:24 RAM 5242/7620MB (lfb 2x4MB) SWAP 10/3810MB (cached 0MB) CPU [33%@729,5%@729,10%@729,3%@729,26%@1497,27%@1497] GR3D_FREQ 0% cpu@48.281C soc2@47.906C soc0@47.906C gpu@49.812C tj@49.812C soc1@47.75C VDD_IN 5296mW/4874mW VDD_CPU_GPU_CV 1564mW/1344mW VDD_SOC 1484mW/1375mW"
busyCity.mp4,44,5273,7620,0,"07-04-2026 16:23:25 RAM 5273/7620MB (lfb 1x4MB) SWAP 10/3810MB (cached 0MB) CPU [6%@729,4%@729,5%@729,15%@729,42%@1497,61%@1497] GR3D_FREQ 0% cpu@48.125C soc2@47.906C soc0@47.875C gpu@49.687C tj@49.687C soc1@47.75C VDD_IN 4782mW/4872mW VDD_CPU_GPU_CV 1366mW/1344mW VDD_SOC 1366mW/1375mW"
busyCity.mp4,45,5243,7620,0,"07-04-2026 16:23:26 RAM 5243/7620MB (lfb 2x4MB) SWAP 10/3810MB (cached 0MB) CPU [13%@729,6%@729,3%@729,3%@729,32%@1497,41%@1497] GR3D_FREQ 0% cpu@48.062C soc2@47.875C soc0@47.937C gpu@49.812C tj@49.812C soc1@47.625C VDD_IN 5184mW/4879mW VDD_CPU_GPU_CV 1524mW/1348mW VDD_SOC 1444mW/1376mW"
busyCity.mp4,46,5231,7620,0,"07-04-2026 16:23:27 RAM 5231/7620MB (lfb 2x4MB) SWAP 10/3810MB (cached 0MB) CPU [4%@729,3%@729,4%@729,3%@729,0%@1497,100%@1497] GR3D_FREQ 0% cpu@48.218C soc2@47.875C soc0@47.875C gpu@49.75C tj@49.75C soc1@47.75C VDD_IN 4742mW/4876mW VDD_CPU_GPU_CV 1286mW/1347mW VDD_SOC 1366mW/1376mW"
busyCity.mp4,47,5243,7620,0,"07-04-2026 16:23:28 RAM 5243/7620MB (lfb 1x4MB) SWAP 10/3810MB (cached 0MB) CPU [23%@729,12%@729,4%@729,2%@729,38%@1497,25%@1497] GR3D_FREQ 0% cpu@48.343C soc2@47.906C soc0@47.968C gpu@49.812C tj@49.812C soc1@47.781C VDD_IN 5024mW/4879mW VDD_CPU_GPU_CV 1444mW/1349mW VDD_SOC 1446mW/1378mW"
busyCity.mp4,48,5239,7620,95,"07-04-2026 16:23:29 RAM 5239/7620MB (lfb 2x4MB) SWAP 10/3810MB (cached 0MB) CPU [10%@729,6%@729,8%@729,6%@729,37%@1190,62%@1190] GR3D_FREQ 95% cpu@47.875C soc2@47.968C soc0@48.062C gpu@49.75C tj@49.75C soc1@48.031C VDD_IN 4903mW/4880mW VDD_CPU_GPU_CV 1444mW/1351mW VDD_SOC 1406mW/1378mW"
busyCity.mp4,49,5250,7620,0,"07-04-2026 16:23:30 RAM 5250/7620MB (lfb 1x4MB) SWAP 10/3810MB (cached 0MB) CPU [3%@729,4%@729,4%@729,3%@729,63%@1497,23%@1497] GR3D_FREQ 0% cpu@48.25C soc2@47.906C soc0@48.062C gpu@49.625C tj@49.625C soc1@47.687C VDD_IN 4870mW/4879mW VDD_CPU_GPU_CV 1366mW/1351mW VDD_SOC 1406mW/1379mW"
busyCity.mp4,50,5236,7620,98,"07-04-2026 16:23:31 RAM 5236/7620MB (lfb 1x4MB) SWAP 10/3810MB (cached 0MB) CPU [3%@729,0%@729,3%@729,3%@729,23%@1113,71%@1113] GR3D_FREQ 98% cpu@48C soc2@48.031C soc0@47.968C gpu@49.906C tj@49.906C soc1@47.781C VDD_IN 5658mW/4895mW VDD_CPU_GPU_CV 1883mW/1362mW VDD_SOC 1482mW/1381mW"
busyCity.mp4,51,5246,7620,0,"07-04-2026 16:23:32 RAM 5246/7620MB (lfb 1x4MB) SWAP 10/3810MB (cached 0MB) CPU [4%@729,3%@729,2%@729,2%@729,77%@1497,12%@1497] GR3D_FREQ 0% cpu@48.343C soc2@47.968C soc0@48.062C gpu@49.562C tj@49.562C soc1@47.812C VDD_IN 4750mW/4892mW VDD_CPU_GPU_CV 1326mW/1361mW VDD_SOC 1366mW/1381mW"
busyCity.mp4,52,5239,7620,99,"07-04-2026 16:23:33 RAM 5239/7620MB (lfb 1x4MB) SWAP 10/3810MB (cached 0MB) CPU [3%@729,4%@729,3%@729,3%@729,11%@729,72%@729] GR3D_FREQ 99% cpu@48.093C soc2@48.062C soc0@48.156C gpu@50.25C tj@50.25C soc1@47.968C VDD_IN 6490mW/4922mW VDD_CPU_GPU_CV 2160mW/1376mW VDD_SOC 1720mW/1387mW"
busyCity.mp4,53,5241,7620,0,"07-04-2026 16:23:34 RAM 5241/7620MB (lfb 1x4MB) SWAP 10/3810MB (cached 0MB) CPU [5%@729,5%@729,4%@729,6%@729,83%@1497,17%@1497] GR3D_FREQ 0% cpu@48.25C soc2@47.906C soc0@48.031C gpu@49.531C tj@49.531C soc1@47.843C VDD_IN 4823mW/4920mW VDD_CPU_GPU_CV 1326mW/1375mW VDD_SOC 1406mW/1387mW"
busyCity.mp4,54,5249,7620,0,"07-04-2026 16:23:35 RAM 5249/7620MB (lfb 2x4MB) SWAP 10/3810MB (cached 0MB) CPU [2%@729,2%@729,5%@729,5%@729,1%@1420,79%@1420] GR3D_FREQ 0% cpu@48.218C soc2@48.062C soc0@48.062C gpu@49.718C tj@49.718C soc1@47.875C VDD_IN 6049mW/4941mW VDD_CPU_GPU_CV 1880mW/1384mW VDD_SOC 1642mW/1392mW"
busyCity.mp4,55,5280,7620,0,"07-04-2026 16:23:36 RAM 5280/7620MB (lfb 1x2MB) SWAP 10/3810MB (cached 0MB) CPU [15%@1497,4%@1497,2%@1497,87%@1497,0%@729,0%@729] GR3D_FREQ 0% cpu@48.468C soc2@48.125C soc0@48.062C gpu@49.718C tj@49.718C soc1@47.875C VDD_IN 4863mW/4939mW VDD_CPU_GPU_CV 1364mW/1384mW VDD_SOC 1406mW/1392mW"
busyCity.mp4,56,5249,7620,0,"07-04-2026 16:23:37 RAM 5249/7620MB (lfb 11x2MB) SWAP 10/3810MB (cached 0MB) CPU [6%@883,8%@883,14%@883,1%@883,40%@729,33%@729] GR3D_FREQ 0% cpu@48.5C soc2@48.125C soc0@48.218C gpu@49.843C tj@49.843C soc1@47.906C VDD_IN 5698mW/4953mW VDD_CPU_GPU_CV 1722mW/1390mW VDD_SOC 1522mW/1394mW"
busyCity.mp4,57,5271,7620,0,"07-04-2026 16:23:38 RAM 5271/7620MB (lfb 1x2MB) SWAP 10/3810MB (cached 0MB) CPU [31%@1497,2%@1497,72%@1497,0%@1497,0%@729,1%@729] GR3D_FREQ 0% cpu@48.406C soc2@48.25C soc0@48.187C gpu@49.75C tj@49.75C soc1@48.093C VDD_IN 4750mW/4949mW VDD_CPU_GPU_CV 1326mW/1389mW VDD_SOC 1368mW/1394mW"
busyCity.mp4,58,5250,7620,0,"07-04-2026 16:23:39 RAM 5250/7620MB (lfb 1x4MB) SWAP 10/3810MB (cached 0MB) CPU [6%@1497,15%@1497,32%@1497,5%@1497,40%@729,13%@729] GR3D_FREQ 0% cpu@48.718C soc2@48.125C soc0@48.187C gpu@49.906C tj@49.906C soc1@47.937C VDD_IN 5256mW/4954mW VDD_CPU_GPU_CV 1524mW/1391mW VDD_SOC 1444mW/1395mW"
busyCity.mp4,59,5277,7620,0,"07-04-2026 16:23:40 RAM 5277/7620MB (lfb 1x2MB) SWAP 10/3810MB (cached 0MB) CPU [4%@729,5%@729,56%@729,3%@729,45%@1497,0%@1497] GR3D_FREQ 0% cpu@48.687C soc2@48.031C soc0@48.093C gpu@49.812C tj@49.812C soc1@47.906C VDD_IN 4742mW/4951mW VDD_CPU_GPU_CV 1326mW/1390mW VDD_SOC 1366mW/1394mW"
busyCity.mp4,60,5254,7620,0,"07-04-2026 16:23:41 RAM 5254/7620MB (lfb 10x2MB) SWAP 10/3810MB (cached 0MB) CPU [3%@1497,49%@1497,5%@1497,3%@1497,18%@729,20%@729] GR3D_FREQ 0% cpu@48.343C soc2@48.218C soc0@48.25C gpu@49.718C tj@49.718C soc1@48C VDD_IN 5064mW/4953mW VDD_CPU_GPU_CV 1444mW/1391mW VDD_SOC 1446mW/1395mW"
busyCity.mp4,61,5250,7620,0,"07-04-2026 16:23:42 RAM 5250/7620MB (lfb 10x2MB) SWAP 10/3810MB (cached 0MB) CPU [4%@729,43%@729,54%@729,2%@729,1%@1497,6%@1497] GR3D_FREQ 0% cpu@48.406C soc2@48.218C soc0@48.187C gpu@49.75C tj@49.75C soc1@47.968C VDD_IN 4742mW/4949mW VDD_CPU_GPU_CV 1286mW/1389mW VDD_SOC 1406mW/1395mW"
busyCity.mp4,62,5251,7620,0,"07-04-2026 16:23:43 RAM 5251/7620MB (lfb 10x2MB) SWAP 10/3810MB (cached 0MB) CPU [2%@1344,36%@1344,2%@1344,1%@1344,22%@1497,26%@1497] GR3D_FREQ 0% cpu@48.593C soc2@48.187C soc0@48.218C gpu@49.656C tj@49.656C soc1@48.156C VDD_IN 4903mW/4949mW VDD_CPU_GPU_CV 1406mW/1389mW VDD_SOC 1406mW/1396mW"
busyCity.mp4,63,5250,7620,94,"07-04-2026 16:23:44 RAM 5250/7620MB (lfb 11x2MB) SWAP 10/3810MB (cached 0MB) CPU [2%@960,55%@960,15%@960,1%@960,29%@729,2%@729] GR3D_FREQ 94% cpu@48.375C soc2@48.156C soc0@48.187C gpu@50.187C tj@50.187C soc1@48.031C VDD_IN 5144mW/4952mW VDD_CPU_GPU_CV 1564mW/1392mW VDD_SOC 1444mW/1396mW"
busyCity.mp4,64,5251,7620,0,"07-04-2026 16:23:45 RAM 5251/7620MB (lfb 12x2MB) SWAP 10/3810MB (cached 0MB) CPU [3%@729,1%@729,7%@729,15%@729,1%@1497,67%@1497] GR3D_FREQ 0% cpu@48.406C soc2@48.156C soc0@48.281C gpu@49.968C tj@49.968C soc1@48C VDD_IN 4830mW/4950mW VDD_CPU_GPU_CV 1366mW/1392mW VDD_SOC 1406mW/1396mW"
busyCity.mp4,65,5249,7620,98,"07-04-2026 16:23:46 RAM 5249/7620MB (lfb 1x4MB) SWAP 10/3810MB (cached 0MB) CPU [2%@1036,2%@1036,5%@1036,71%@1036,4%@729,21%@729] GR3D_FREQ 98% cpu@48.437C soc2@48.218C soc0@48.312C gpu@50.437C tj@50.437C soc1@48C VDD_IN 5738mW/4962mW VDD_CPU_GPU_CV 1923mW/1400mW VDD_SOC 1522mW/1398mW"
busyCity.mp4,66,5251,7620,0,"07-04-2026 16:23:47 RAM 5251/7620MB (lfb 1x4MB) SWAP 10/3810MB (cached 0MB) CPU [5%@1497,2%@1497,15%@1497,80%@1497,11%@729,0%@729] GR3D_FREQ 0% cpu@48.5C soc2@48.187C soc0@48.312C gpu@50C tj@50C soc1@48.25C VDD_IN 4790mW/4959mW VDD_CPU_GPU_CV 1326mW/1399mW VDD_SOC 1406mW/1398mW"
busyCity.mp4,67,5257,7620,99,"07-04-2026 16:23:48 RAM 5257/7620MB (lfb 1x4MB) SWAP 10/3810MB (cached 0MB) CPU [19%@1113,14%@1113,7%@1113,12%@1113,51%@960,13%@960] GR3D_FREQ 99% cpu@48.531C soc2@48.281C soc0@48.281C gpu@50.468C tj@50.468C soc1@48.031C VDD_IN 6520mW/4982mW VDD_CPU_GPU_CV 2196mW/1410mW VDD_SOC 1720mW/1403mW"
busyCity.mp4,68,5235,7620,0,"07-04-2026 16:23:49 RAM 5235/7620MB (lfb 2x4MB) SWAP 10/3810MB (cached 0MB) CPU [3%@1497,3%@1497,3%@1497,87%@1497,4%@1497,11%@1497] GR3D_FREQ 0% cpu@48.875C soc2@48.281C soc0@48.375C gpu@49.843C tj@49.843C soc1@47.968C VDD_IN 4823mW/4980mW VDD_CPU_GPU_CV 1326mW/1409mW VDD_SOC 1406mW/1403mW"
busyCity.mp4,69,5227,7620,0,"07-04-2026 16:23:50 RAM 5227/7620MB (lfb 2x4MB) SWAP 10/3810MB (cached 0MB) CPU [2%@729,4%@729,2%@729,3%@729,49%@1420,32%@1420] GR3D_FREQ 0% cpu@48.5C soc2@48.281C soc0@48.25C gpu@50.031C tj@50.031C soc1@48.156C VDD_IN 6049mW/4995mW VDD_CPU_GPU_CV 1880mW/1416mW VDD_SOC 1642mW/1407mW"
busyCity.mp4,70,5264,7620,0,"07-04-2026 16:23:51 RAM 5264/7620MB (lfb 2x4MB) SWAP 10/3810MB (cached 0MB) CPU [5%@729,6%@729,5%@729,84%@729,18%@1497,1%@1497] GR3D_FREQ 0% cpu@48.531C soc2@48.25C soc0@48.437C gpu@49.843C tj@49.843C soc1@48.125C VDD_IN 4823mW/4993mW VDD_CPU_GPU_CV 1324mW/1415mW VDD_SOC 1406mW/1407mW"
busyCity.mp4,71,5237,7620,0,"07-04-2026 16:23:52 RAM 5237/7620MB (lfb 3x4MB) SWAP 10/3810MB (cached 0MB) CPU [2%@1497,2%@1497,4%@1497,19%@1497,35%@729,32%@729] GR3D_FREQ 0% cpu@48.562C soc2@48.312C soc0@48.25C gpu@49.937C tj@49.937C soc1@48.25C VDD_IN 5457mW/4999mW VDD_CPU_GPU_CV 1602mW/1417mW VDD_SOC 1484mW/1408mW"
busyCity.mp4,72,5270,7620,0,"07-04-2026 16:23:53 RAM 5270/7620MB (lfb 2x4MB) SWAP 10/3810MB (cached 0MB) CPU [4%@729,4%@729,6%@729,72%@729,30%@1497,0%@1497] GR3D_FREQ 0% cpu@48.656C soc2@48.218C soc0@48.406C gpu@50.187C tj@50.187C soc1@48.187C VDD_IN 4782mW/4996mW VDD_CPU_GPU_CV 1364mW/1416mW VDD_SOC 1406mW/1408mW"
busyCity.mp4,73,5240,7620,0,"07-04-2026 16:23:54 RAM 5240/7620MB (lfb 3x4MB) SWAP 10/3810MB (cached 0MB) CPU [4%@1497,2%@1497,5%@1497,26%@1497,24%@729,32%@729] GR3D_FREQ 0% cpu@48.906C soc2@48.281C soc0@48.375C gpu@50.281C tj@50.281C soc1@48.062C VDD_IN 5224mW/4999mW VDD_CPU_GPU_CV 1484mW/1417mW VDD_SOC 1444mW/1408mW"
busyCity.mp4,74,5269,7620,0,"07-04-2026 16:23:55 RAM 5269/7620MB (lfb 2x4MB) SWAP 10/3810MB (cached 0MB) CPU [2%@729,3%@729,2%@729,63%@729,0%@1497,39%@1497] GR3D_FREQ 0% cpu@48.531C soc2@48.281C soc0@48.312C gpu@50.187C tj@50.187C soc1@48.093C VDD_IN 4702mW/4995mW VDD_CPU_GPU_CV 1286mW/1416mW VDD_SOC 1366mW/1408mW"
busyCity.mp4,75,5230,7620,0,"07-04-2026 16:23:56 RAM 5230/7620MB (lfb 4x4MB) SWAP 10/3810MB (cached 0MB) CPU [4%@729,2%@729,3%@729,15%@729,23%@1497,47%@1497] GR3D_FREQ 0% cpu@48.437C soc2@48.312C soc0@48.468C gpu@49.875C tj@49.875C soc1@48.281C VDD_IN 5064mW/4996mW VDD_CPU_GPU_CV 1444mW/1416mW VDD_SOC 1446mW/1408mW"
busyCity.mp4,76,5221,7620,0,"07-04-2026 16:23:57 RAM 5221/7620MB (lfb 4x4MB) SWAP 10/3810MB (cached 0MB) CPU [1%@729,3%@729,3%@729,3%@729,53%@1497,47%@1497] GR3D_FREQ 0% cpu@48.531C soc2@48.187C soc0@48.312C gpu@49.718C tj@49.906C soc1@48.062C VDD_IN 4742mW/4993mW VDD_CPU_GPU_CV 1326mW/1415mW VDD_SOC 1366mW/1408mW"
busyCity.mp4,77,5238,7620,0,"07-04-2026 16:23:58 RAM 5238/7620MB (lfb 4x4MB) SWAP 10/3810MB (cached 0MB) CPU [7%@729,5%@729,7%@729,3%@729,33%@1497,50%@1497] GR3D_FREQ 0% cpu@48.531C soc2@48.312C soc0@48.312C gpu@50.031C tj@50.031C soc1@48.156C VDD_IN 5096mW/4994mW VDD_CPU_GPU_CV 1484mW/1416mW VDD_SOC 1444mW/1408mW"
busyCity.mp4,78,5234,7620,0,"07-04-2026 16:23:59 RAM 5234/7620MB (lfb 3x4MB) SWAP 10/3810MB (cached 0MB) CPU [4%@729,5%@729,2%@729,16%@729,58%@1497,44%@1497] GR3D_FREQ 0% cpu@48.75C soc2@48.281C soc0@48.468C gpu@50.031C tj@50.031C soc1@48.187C VDD_IN 4815mW/4992mW VDD_CPU_GPU_CV 1324mW/1415mW VDD_SOC 1404mW/1408mW"
busyCity.mp4,79,5241,7620,0,"07-04-2026 16:24:00 RAM 5241/7620MB (lfb 3x4MB) SWAP 10/3810MB (cached 0MB) CPU [3%@1497,3%@1497,55%@1497,2%@1497,12%@729,16%@729] GR3D_FREQ 0% cpu@48.781C soc2@48.406C soc0@48.5C gpu@50.125C tj@50.125C soc1@48.281C VDD_IN 4943mW/4991mW VDD_CPU_GPU_CV 1406mW/1414mW VDD_SOC 1406mW/1408mW"
busyCity.mp4,80,5243,7620,92,"07-04-2026 16:24:01 RAM 5243/7620MB (lfb 2x4MB) SWAP 10/3810MB (cached 0MB) CPU [10%@1497,4%@1497,30%@1497,55%@1497,6%@883,13%@883] GR3D_FREQ 92% cpu@48.468C soc2@48.437C soc0@48.437C gpu@50.656C tj@50.656C soc1@48.343C VDD_IN 5457mW/4997mW VDD_CPU_GPU_CV 1762mW/1419mW VDD_SOC 1482mW/1409mW"
busyCity.mp4,81,5243,7620,0,"07-04-2026 16:24:02 RAM 5243/7620MB (lfb 2x4MB) SWAP 10/3810MB (cached 0MB) CPU [2%@1497,2%@1497,71%@1497,2%@1497,0%@729,19%@729] GR3D_FREQ 0% cpu@48.843C soc2@48.406C soc0@48.468C gpu@50.093C tj@50C soc1@48.187C VDD_IN 4750mW/4994mW VDD_CPU_GPU_CV 1326mW/1418mW VDD_SOC 1408mW/1409mW"
busyCity.mp4,82,5241,7620,98,"07-04-2026 16:24:03 RAM 5241/7620MB (lfb 2x4MB) SWAP 10/3810MB (cached 0MB) CPU [7%@729,6%@729,25%@729,54%@729,2%@806,20%@806] GR3D_FREQ 98% cpu@48.75C soc2@48.468C soc0@48.531C gpu@50.5C tj@50.5C soc1@48.25C VDD_IN 5849mW/5004mW VDD_CPU_GPU_CV 2003mW/1425mW VDD_SOC 1522mW/1410mW"
busyCity.mp4,83,5246,7620,0,"07-04-2026 16:24:04 RAM 5246/7620MB (lfb 2x4MB) SWAP 10/3810MB (cached 0MB) CPU [67%@729,5%@729,5%@729,8%@729,17%@1497,11%@1497] GR3D_FREQ 0% cpu@48.781C soc2@48.406C soc0@48.531C gpu@49.968C tj@49.968C soc1@48.312C VDD_IN 4823mW/5002mW VDD_CPU_GPU_CV 1366mW/1424mW VDD_SOC 1406mW/1410mW"
busyCity.mp4,84,5252,7620,29,"07-04-2026 16:24:05 RAM 5252/7620MB (lfb 1x4MB) SWAP 10/3810MB (cached 0MB) CPU [4%@729,3%@729,3%@729,56%@729,8%@1267,23%@1267] GR3D_FREQ 29% cpu@48.5C soc2@48.437C soc0@48.593C gpu@50.312C tj@50.312C soc1@48.406C VDD_IN 6410mW/5019mW VDD_CPU_GPU_CV 2120mW/1432mW VDD_SOC 1680mW/1413mW"
busyCity.mp4,85,5291,7620,0,"07-04-2026 16:24:06 RAM 5291/7620MB (lfb 1x4MB) SWAP 10/3810MB (cached 0MB) CPU [86%@1497,9%@1497,0%@1497,1%@1497,0%@729,7%@729] GR3D_FREQ 0% cpu@48.718C soc2@48.5C soc0@48.468C gpu@50.125C tj@50.125C soc1@48.25C VDD_IN 4782mW/5016mW VDD_CPU_GPU_CV 1286mW/1430mW VDD_SOC 1406mW/1413mW"
busyCity.mp4,86,5258,7620,0,"07-04-2026 16:24:07 RAM 5258/7620MB (lfb 2x4MB) SWAP 10/3810MB (cached 0MB) CPU [11%@883,45%@883,4%@883,3%@883,1%@1497,31%@1497] GR3D_FREQ 0% cpu@48.843C soc2@48.468C soc0@48.437C gpu@50.312C tj@50.312C soc1@48.25C VDD_IN 5889mW/5026mW VDD_CPU_GPU_CV 1800mW/1435mW VDD_SOC 1642mW/1416mW"
busyCity.mp4,87,5290,7620,0,"07-04-2026 16:24:08 RAM 5290/7620MB (lfb 5x1MB) SWAP 10/3810MB (cached 0MB) CPU [78%@1497,24%@1497,2%@1497,6%@1497,1%@729,3%@729] GR3D_FREQ 0% cpu@48.75C soc2@48.468C soc0@48.531C gpu@50.218C tj@50.218C soc1@48.406C VDD_IN 4830mW/5024mW VDD_CPU_GPU_CV 1326mW/1433mW VDD_SOC 1406mW/1416mW"
busyCity.mp4,88,5254,7620,0,"07-04-2026 16:24:09 RAM 5254/7620MB (lfb 2x4MB) SWAP 10/3810MB (cached 0MB) CPU [2%@1497,44%@1497,21%@1497,0%@1497,0%@729,32%@729] GR3D_FREQ 0% cpu@49.218C soc2@48.531C soc0@48.531C gpu@50.343C tj@50.343C soc1@48.375C VDD_IN 5417mW/5028mW VDD_CPU_GPU_CV 1602mW/1435mW VDD_SOC 1484mW/1417mW"
busyCity.mp4,89,5280,7620,0,"07-04-2026 16:24:10 RAM 5280/7620MB (lfb 1x4MB) SWAP 10/3810MB (cached 0MB) CPU [3%@729,25%@729,67%@729,8%@729,9%@1497,0%@1497] GR3D_FREQ 0% cpu@48.718C soc2@48.437C soc0@48.625C gpu@50.218C tj@50.218C soc1@48.531C VDD_IN 4782mW/5025mW VDD_CPU_GPU_CV 1366mW/1435mW VDD_SOC 1366mW/1416mW"
busyCity.mp4,90,5233,7620,0,"07-04-2026 16:24:11 RAM 5233/7620MB (lfb 2x4MB) SWAP 10/3810MB (cached 0MB) CPU [3%@1497,6%@1497,31%@1497,3%@1497,22%@729,34%@729] GR3D_FREQ 0% cpu@49.125C soc2@48.562C soc0@48.5C gpu@50.406C tj@50.406C soc1@48.25C VDD_IN 5296mW/5028mW VDD_CPU_GPU_CV 1564mW/1436mW VDD_SOC 1484mW/1417mW"
busyCity.mp4,91,5266,7620,0,"07-04-2026 16:24:12 RAM 5266/7620MB (lfb 2x4MB) SWAP 10/3810MB (cached 0MB) CPU [2%@729,0%@729,57%@729,0%@729,0%@1497,44%@1497] GR3D_FREQ 0% cpu@48.781C soc2@48.406C soc0@48.531C gpu@50.031C tj@50.031C soc1@48.281C VDD_IN 4669mW/5025mW VDD_CPU_GPU_CV 1286mW/1434mW VDD_SOC 1368mW/1416mW"
busyCity.mp4,92,5239,7620,0,"07-04-2026 16:24:13 RAM 5239/7620MB (lfb 3x4MB) SWAP 10/3810MB (cached 0MB) CPU [5%@729,2%@729,40%@729,3%@729,2%@729,41%@729] GR3D_FREQ 0% cpu@48.843C soc2@48.531C soc0@48.531C gpu@50.187C tj@50.187C soc1@48.343C VDD_IN 5064mW/5025mW VDD_CPU_GPU_CV 1444mW/1435mW VDD_SOC 1446mW/1417mW"
busyCity.mp4,93,5244,7620,0,"07-04-2026 16:24:14 RAM 5244/7620MB (lfb 2x4MB) SWAP 10/3810MB (cached 0MB) CPU [3%@1497,3%@1497,2%@1497,56%@1497,48%@729,1%@729] GR3D_FREQ 0% cpu@49.031C soc2@48.5C soc0@48.562C gpu@50.093C tj@50.093C soc1@48.343C VDD_IN 4742mW/5022mW VDD_CPU_GPU_CV 1286mW/1433mW VDD_SOC 1406mW/1416mW"
busyCity.mp4,94,5244,7620,0,"07-04-2026 16:24:15 RAM 5244/7620MB (lfb 2x4MB) SWAP 10/3810MB (cached 0MB) CPU [1%@729,0%@729,3%@729,0%@729,50%@1497,31%@1497] GR3D_FREQ 0% cpu@48.687C soc2@48.5C soc0@48.625C gpu@50.093C tj@50.093C soc1@48.468C VDD_IN 4911mW/5021mW VDD_CPU_GPU_CV 1366mW/1432mW VDD_SOC 1406mW/1416mW"
busyCity.mp4,95,5244,7620,99,"07-04-2026 16:24:16 RAM 5244/7620MB (lfb 3x4MB) SWAP 10/3810MB (cached 0MB) CPU [2%@729,1%@729,0%@729,54%@729,33%@1420,7%@1420] GR3D_FREQ 99% cpu@48.531C soc2@48.406C soc0@48.531C gpu@50.531C tj@50.531C soc1@48.343C VDD_IN 4983mW/5020mW VDD_CPU_GPU_CV 1484mW/1433mW VDD_SOC 1446mW/1417mW"
busyCity.mp4,96,5244,7620,0,"07-04-2026 16:24:17 RAM 5244/7620MB (lfb 3x4MB) SWAP 10/3810MB (cached 0MB) CPU [1%@729,0%@729,2%@729,0%@729,64%@1497,22%@1497] GR3D_FREQ 0% cpu@48.906C soc2@48.5C soc0@48.625C gpu@50.406C tj@50.406C soc1@48.343C VDD_IN 4790mW/5018mW VDD_CPU_GPU_CV 1326mW/1432mW VDD_SOC 1408mW/1417mW"
busyCity.mp4,97,5246,7620,99,"07-04-2026 16:24:18 RAM 5246/7620MB (lfb 2x4MB) SWAP 10/3810MB (cached 0MB) CPU [0%@1036,5%@1036,6%@1036,58%@1036,26%@729,3%@729] GR3D_FREQ 99% cpu@48.781C soc2@48.593C soc0@48.593C gpu@50.875C tj@50.875C soc1@48.437C VDD_IN 5929mW/5027mW VDD_CPU_GPU_CV 2043mW/1438mW VDD_SOC 1562mW/1418mW"
busyCity.mp4,98,5246,7620,0,"07-04-2026 16:24:19 RAM 5246/7620MB (lfb 2x4MB) SWAP 10/3810MB (cached 0MB) CPU [2%@729,2%@729,1%@729,12%@729,0%@1497,79%@1497] GR3D_FREQ 0% cpu@48.562C soc2@48.437C soc0@48.656C gpu@50.343C tj@50.343C soc1@48.437C VDD_IN 4750mW/5025mW VDD_CPU_GPU_CV 1326mW/1437mW VDD_SOC 1368mW/1418mW"
busyCity.mp4,99,5246,7620,56,"07-04-2026 16:24:20 RAM 5246/7620MB (lfb 3x4MB) SWAP 10/3810MB (cached 0MB) CPU [2%@1113,3%@1113,3%@1113,75%@1113,7%@729,9%@729] GR3D_FREQ 56% cpu@49C soc2@48.531C soc0@48.531C gpu@50.562C tj@50.687C soc1@48.437C VDD_IN 6450mW/5039mW VDD_CPU_GPU_CV 2120mW/1444mW VDD_SOC 1720mW/1421mW"
busyCity.mp4,100,5281,7620,0,"07-04-2026 16:24:21 RAM 5281/7620MB (lfb 2x4MB) SWAP 10/3810MB (cached 0MB) CPU [6%@1497,4%@1497,3%@1497,10%@1497,0%@1113,87%@1113] GR3D_FREQ 0% cpu@49.187C soc2@48.562C soc0@48.656C gpu@50.156C tj@50.156C soc1@48.375C VDD_IN 4823mW/5037mW VDD_CPU_GPU_CV 1326mW/1442mW VDD_SOC 1406mW/1420mW"
busyCity.mp4,101,5248,7620,0,"07-04-2026 16:24:22 RAM 5248/7620MB (lfb 2x4MB) SWAP 10/3810MB (cached 0MB) CPU [50%@1420,0%@1420,7%@1420,31%@1420,0%@729,4%@729] GR3D_FREQ 0% cpu@49C soc2@48.593C soc0@48.656C gpu@50.406C tj@50.406C soc1@48.468C VDD_IN 6049mW/5047mW VDD_CPU_GPU_CV 1880mW/1447mW VDD_SOC 1642mW/1423mW"
busyCity.mp4,102,5280,7620,0,"07-04-2026 16:24:23 RAM 5280/7620MB (lfb 2x4MB) SWAP 10/3810MB (cached 0MB) CPU [15%@1497,3%@1497,2%@1497,5%@1497,0%@729,86%@729] GR3D_FREQ 0% cpu@49.281C soc2@48.75C soc0@48.718C gpu@50.281C tj@50.281C soc1@48.562C VDD_IN 4823mW/5044mW VDD_CPU_GPU_CV 1324mW/1446mW VDD_SOC 1406mW/1422mW"
busyCity.mp4,103,5249,7620,0,"07-04-2026 16:24:24 RAM 5249/7620MB (lfb 2x4MB) SWAP 10/3810MB (cached 0MB) CPU [39%@729,2%@729,3%@729,31%@729,1%@1113,13%@1113] GR3D_FREQ 0% cpu@48.625C soc2@48.625C soc0@48.531C gpu@50.312C tj@50.25C soc1@48.625C VDD_IN 5537mW/5049mW VDD_CPU_GPU_CV 1642mW/1447mW VDD_SOC 1522mW/1423mW"
busyCity.mp4,104,5278,7620,0,"07-04-2026 16:24:25 RAM 5278/7620MB (lfb 2x4MB) SWAP 10/3810MB (cached 0MB) CPU [30%@1497,3%@1497,2%@1497,2%@1497,0%@729,73%@729] GR3D_FREQ 0% cpu@49.062C soc2@48.718C soc0@48.625C gpu@50.125C tj@50.125C soc1@48.468C VDD_IN 4742mW/5046mW VDD_CPU_GPU_CV 1326mW/1446mW VDD_SOC 1366mW/1423mW"
busyCity.mp4,105,5257,7620,0,"07-04-2026 16:24:26 RAM 5257/7620MB (lfb 3x4MB) SWAP 10/3810MB (cached 0MB) CPU [34%@729,6%@729,8%@729,32%@729,28%@1497,1%@1497] GR3D_FREQ 0% cpu@49.156C soc2@48.562C soc0@48.656C gpu@50.25C tj@50.25C soc1@48.468C VDD_IN 5497mW/5050mW VDD_CPU_GPU_CV 1682mW/1448mW VDD_SOC 1484mW/1423mW"
busyCity.mp4,106,5297,7620,0,"07-04-2026 16:24:27 RAM 5297/7620MB (lfb 2x4MB) SWAP 10/3810MB (cached 0MB) CPU [4%@1497,8%@1497,5%@1497,45%@1497,60%@729,2%@729] GR3D_FREQ 0% cpu@49.062C soc2@48.625C soc0@48.718C gpu@50.093C tj@50.093C soc1@48.562C VDD_IN 4823mW/5048mW VDD_CPU_GPU_CV 1364mW/1448mW VDD_SOC 1366mW/1423mW"
busyCity.mp4,107,5263,7620,0,"07-04-2026 16:24:28 RAM 5263/7620MB (lfb 3x4MB) SWAP 10/3810MB (cached 0MB) CPU [8%@729,4%@729,8%@729,45%@729,42%@1497,1%@1497] GR3D_FREQ 0% cpu@48.875C soc2@48.687C soc0@48.812C gpu@50.187C tj@50.187C soc1@48.593C VDD_IN 5144mW/5049mW VDD_CPU_GPU_CV 1484mW/1448mW VDD_SOC 1444mW/1423mW"
busyCity.mp4,108,5253,7620,0,"07-04-2026 16:24:29 RAM 5253/7620MB (lfb 1x4MB) SWAP 10/3810MB (cached 0MB) CPU [56%@1497,4%@1497,5%@1497,4%@1497,49%@729,0%@729] GR3D_FREQ 0% cpu@49.093C soc2@48.812C soc0@48.625C gpu@50.218C tj@50.218C soc1@48.468C VDD_IN 4823mW/5047mW VDD_CPU_GPU_CV 1324mW/1447mW VDD_SOC 1406mW/1423mW"
busyCity.mp4,109,5256,7620,0,"07-04-2026 16:24:30 RAM 5256/7620MB (lfb 1x4MB) SWAP 10/3810MB (cached 0MB) CPU [48%@1497,5%@1497,6%@1497,33%@1497,6%@729,12%@729] GR3D_FREQ 0% cpu@49.093C soc2@48.843C soc0@48.718C gpu@50.343C tj@50.343C soc1@48.5C VDD_IN 5104mW/5048mW VDD_CPU_GPU_CV 1484mW/1447mW VDD_SOC 1444mW/1423mW"
busyCity.mp4,110,5257,7620,53,"07-04-2026 16:24:31 RAM 5257/7620MB (lfb 1x4MB) SWAP 10/3810MB (cached 0MB) CPU [43%@1497,5%@1497,7%@1497,61%@1497,1%@729,0%@729] GR3D_FREQ 53% cpu@49.25C soc2@48.656C soc0@48.781C gpu@50.5C tj@50.5C soc1@48.593C VDD_IN 4863mW/5046mW VDD_CPU_GPU_CV 1364mW/1446mW VDD_SOC 1404mW/1423mW"
busyCity.mp4,111,5258,7620,0,"07-04-2026 16:24:32 RAM 5258/7620MB (lfb 1x4MB) SWAP 10/3810MB (cached 0MB) CPU [63%@1497,4%@1497,9%@1497,31%@1497,3%@729,3%@729] GR3D_FREQ 0% cpu@49.031C soc2@48.812C soc0@48.812C gpu@50.5C tj@50.5C soc1@48.593C VDD_IN 5056mW/5046mW VDD_CPU_GPU_CV 1484mW/1447mW VDD_SOC 1444mW/1423mW"
busyCity.mp4,112,5259,7620,85,"07-04-2026 16:24:33 RAM 5259/7620MB (lfb 1x4MB) SWAP 10/3810MB (cached 0MB) CPU [33%@729,10%@729,17%@729,69%@729,11%@883,9%@883] GR3D_FREQ 85% cpu@48.937C soc2@48.843C soc0@48.875C gpu@51.187C tj@51.187C soc1@48.75C VDD_IN 5880mW/5053mW VDD_CPU_GPU_CV 2040mW/1452mW VDD_SOC 1520mW/1424mW"
busyCity.mp4,113,5264,7620,0,"07-04-2026 16:24:34 RAM 5264/7620MB (lfb 1x4MB) SWAP 10/3810MB (cached 0MB) CPU [14%@729,51%@729,7%@729,8%@729,48%@1497,5%@1497] GR3D_FREQ 0% cpu@49C soc2@48.687C soc0@48.718C gpu@50.312C tj@50.312C soc1@48.5C VDD_IN 4983mW/5053mW VDD_CPU_GPU_CV 1444mW/1452mW VDD_SOC 1404mW/1424mW"
busyCity.mp4,114,5262,7620,99,"07-04-2026 16:24:35 RAM 5262/7620MB (lfb 1x4MB) SWAP 10/3810MB (cached 0MB) CPU [11%@729,8%@729,9%@729,62%@729,19%@729,14%@729] GR3D_FREQ 99% cpu@48.906C soc2@48.656C soc0@48.625C gpu@51C tj@51C soc1@48.593C VDD_IN 6160mW/5062mW VDD_CPU_GPU_CV 2116mW/1458mW VDD_SOC 1560mW/1425mW"
busyCity.mp4,115,5268,7620,0,"07-04-2026 16:24:36 RAM 5268/7620MB (lfb 1x4MB) SWAP 10/3810MB (cached 0MB) CPU [12%@729,12%@729,14%@729,23%@729,84%@1497,10%@1497] GR3D_FREQ 0% cpu@49.281C soc2@48.718C soc0@48.812C gpu@50.312C tj@50.312C soc1@48.656C VDD_IN 5016mW/5062mW VDD_CPU_GPU_CV 1482mW/1458mW VDD_SOC 1404mW/1425mW"
busyCity.mp4,116,5268,7620,0,"07-04-2026 16:24:37 RAM 5268/7620MB (lfb 10x2MB) SWAP 10/3810MB (cached 0MB) CPU [25%@1344,61%@1344,17%@1344,17%@1344,13%@729,7%@729] GR3D_FREQ 0% cpu@49.375C soc2@48.875C soc0@48.937C gpu@50.843C tj@50.843C soc1@48.718C VDD_IN 6600mW/5075mW VDD_CPU_GPU_CV 2236mW/1465mW VDD_SOC 1717mW/1427mW"
busyCity.mp4,117,5296,7620,0,"07-04-2026 16:24:38 RAM 5296/7620MB (lfb 5x2MB) SWAP 10/3810MB (cached 0MB) CPU [15%@1497,20%@1497,22%@1497,12%@1497,4%@960,86%@960] GR3D_FREQ 0% cpu@49.187C soc2@48.75C soc0@48.812C gpu@50.531C tj@50.531C soc1@48.593C VDD_IN 5096mW/5075mW VDD_CPU_GPU_CV 1482mW/1465mW VDD_SOC 1442mW/1427mW"
busyCity.mp4,118,5268,7620,0,"07-04-2026 16:24:39 RAM 5268/7620MB (lfb 15x2MB) SWAP 10/3810MB (cached 0MB) CPU [31%@729,61%@729,9%@729,11%@729,10%@883,12%@883] GR3D_FREQ 0% cpu@49.125C soc2@48.812C soc0@48.843C gpu@50.781C tj@50.781C soc1@48.625C VDD_IN 6080mW/5084mW VDD_CPU_GPU_CV 1920mW/1469mW VDD_SOC 1600mW/1429mW"
busyCity.mp4,119,5299,7620,0,"07-04-2026 16:24:40 RAM 5299/7620MB (lfb 2x2MB) SWAP 10/3810MB (cached 0MB) CPU [17%@729,12%@729,15%@729,14%@729,23%@1497,79%@1497] GR3D_FREQ 0% cpu@49.25C soc2@48.781C soc0@48.937C gpu@50.593C tj@50.593C soc1@48.718C VDD_IN 5016mW/5083mW VDD_CPU_GPU_CV 1442mW/1468mW VDD_SOC 1402mW/1429mW"
busyCity.mp4,120,5266,7620,0,"07-04-2026 16:24:41 RAM 5266/7620MB (lfb 2x4MB) SWAP 10/3810MB (cached 0MB) CPU [15%@729,28%@729,17%@729,18%@729,49%@1497,21%@1497] GR3D_FREQ 0% cpu@49.218C soc2@48.75C soc0@48.906C gpu@50.812C tj@50.812C soc1@48.75C VDD_IN 5649mW/5088mW VDD_CPU_GPU_CV 1760mW/1471mW VDD_SOC 1522mW/1429mW"
busyCity.mp4,121,5294,7620,0,"07-04-2026 16:24:42 RAM 5294/7620MB (lfb 2x4MB) SWAP 10/3810MB (cached 0MB) CPU [15%@729,16%@729,13%@729,12%@729,39%@1497,65%@1497] GR3D_FREQ 0% cpu@49.125C soc2@48.843C soc0@48.781C gpu@50.437C tj@50.437C soc1@48.937C VDD_IN 4967mW/5087mW VDD_CPU_GPU_CV 1442mW/1471mW VDD_SOC 1402mW/1429mW"
busyCity.mp4,122,5269,7620,0,"07-04-2026 16:24:43 RAM 5269/7620MB (lfb 2x4MB) SWAP 10/3810MB (cached 0MB) CPU [13%@1497,16%@1497,27%@1497,43%@1497,31%@729,10%@729] GR3D_FREQ 0% cpu@49.437C soc2@48.812C soc0@48.843C gpu@50.562C tj@50.562C soc1@48.718C VDD_IN 5528mW/5091mW VDD_CPU_GPU_CV 1722mW/1473mW VDD_SOC 1522mW/1430mW"
busyCity.mp4,123,5270,7620,0,"07-04-2026 16:24:44 RAM 5270/7620MB (lfb 2x4MB) SWAP 10/3810MB (cached 0MB) CPU [12%@729,12%@729,10%@729,57%@729,55%@1497,8%@1497] GR3D_FREQ 0% cpu@49.625C soc2@48.906C soc0@48.812C gpu@50.468C tj@50.468C soc1@48.781C VDD_IN 5088mW/5091mW VDD_CPU_GPU_CV 1480mW/1473mW VDD_SOC 1402mW/1430mW"
busyCity.mp4,124,5271,7620,0,"07-04-2026 16:24:45 RAM 5271/7620MB (lfb 2x4MB) SWAP 10/3810MB (cached 0MB) CPU [63%@1497,31%@1497,10%@1497,14%@1497,13%@729,6%@729] GR3D_FREQ 0% cpu@49.343C soc2@49.031C soc0@48.937C gpu@50.781C tj@50.781C soc1@48.75C VDD_IN 5256mW/5092mW VDD_CPU_GPU_CV 1562mW/1473mW VDD_SOC 1482mW/1430mW"
busyCity.mp4,125,5272,7620,30,"07-04-2026 16:24:46 RAM 5272/7620MB (lfb 2x4MB) SWAP 10/3810MB (cached 0MB) CPU [20%@1420,18%@1420,14%@1420,18%@1420,35%@1344,58%@1344] GR3D_FREQ 30% cpu@49.281C soc2@48.968C soc0@49.031C gpu@50.843C tj@50.843C soc1@48.875C VDD_IN 5088mW/5092mW VDD_CPU_GPU_CV 1482mW/1473mW VDD_SOC 1402mW/1430mW"
busyCity.mp4,126,5274,7620,0,"07-04-2026 16:24:47 RAM 5274/7620MB (lfb 2x4MB) SWAP 10/3810MB (cached 0MB) CPU [13%@1190,29%@1190,14%@1190,14%@1190,6%@1497,59%@1497] GR3D_FREQ 0% cpu@49.437C soc2@48.843C soc0@48.906C gpu@50.343C tj@50.343C soc1@48.75C VDD_IN 5136mW/5092mW VDD_CPU_GPU_CV 1562mW/1474mW VDD_SOC 1444mW/1430mW"
busyCity.mp4,127,5272,7620,89,"07-04-2026 16:24:48 RAM 5272/7620MB (lfb 2x4MB) SWAP 10/3810MB (cached 0MB) CPU [16%@729,10%@729,10%@729,10%@729,70%@806,25%@806] GR3D_FREQ 89% cpu@49.437C soc2@48.937C soc0@48.906C gpu@50.875C tj@50.875C soc1@48.75C VDD_IN 5689mW/5097mW VDD_CPU_GPU_CV 1840mW/1477mW VDD_SOC 1522mW/1431mW"
busyCity.mp4,128,5273,7620,0,"07-04-2026 16:24:49 RAM 5273/7620MB (lfb 2x4MB) SWAP 10/3810MB (cached 0MB) CPU [3%@729,1%@729,2%@729,2%@729,90%@1497,0%@1497] GR3D_FREQ 0% cpu@49.406C soc2@48.812C soc0@49.031C gpu@50.593C tj@50.593C soc1@48.75C VDD_IN 4823mW/5095mW VDD_CPU_GPU_CV 1366mW/1476mW VDD_SOC 1406mW/1431mW"
busyCity.mp4,129,5270,7620,99,"07-04-2026 16:24:50 RAM 5270/7620MB (lfb 2x4MB) SWAP 10/3810MB (cached 0MB) CPU [16%@729,13%@729,10%@729,19%@729,20%@729,65%@729] GR3D_FREQ 99% cpu@49.093C soc2@49.093C soc0@49.031C gpu@51.281C tj@51.281C soc1@48.843C VDD_IN 6800mW/5108mW VDD_CPU_GPU_CV 2356mW/1483mW VDD_SOC 1720mW/1433mW"
busyCity.mp4,130,5290,7620,0,"07-04-2026 16:24:51 RAM 5290/7620MB (lfb 1x4MB) SWAP 10/3810MB (cached 0MB) CPU [12%@1497,28%@1497,11%@1497,13%@1497,86%@1497,11%@1497] GR3D_FREQ 0% cpu@49.5C soc2@48.937C soc0@48.937C gpu@50.531C tj@50.531C soc1@48.718C VDD_IN 5056mW/5107mW VDD_CPU_GPU_CV 1482mW/1483mW VDD_SOC 1444mW/1433mW"
busyCity.mp4,131,5272,7620,0,"07-04-2026 16:24:52 RAM 5272/7620MB (lfb 2x4MB) SWAP 10/3810MB (cached 0MB) CPU [14%@729,54%@729,16%@729,10%@729,10%@1267,34%@1267] GR3D_FREQ 0% cpu@49.156C soc2@48.968C soc0@48.968C gpu@50.625C tj@50.625C soc1@48.75C VDD_IN 6320mW/5117mW VDD_CPU_GPU_CV 1996mW/1487mW VDD_SOC 1677mW/1435mW"
busyCity.mp4,132,5298,7620,0,"07-04-2026 16:24:53 RAM 5298/7620MB (lfb 1x4MB) SWAP 10/3810MB (cached 0MB) CPU [28%@1497,9%@1497,13%@1497,8%@1497,84%@729,1%@729] GR3D_FREQ 0% cpu@49.593C soc2@49C soc0@49.031C gpu@50.468C tj@50.468C soc1@48.75C VDD_IN 4975mW/5116mW VDD_CPU_GPU_CV 1442mW/1486mW VDD_SOC 1402mW/1434mW"
busyCity.mp4,133,5273,7620,0,"07-04-2026 16:24:54 RAM 5273/7620MB (lfb 1x4MB) SWAP 10/3810MB (cached 0MB) CPU [47%@960,9%@960,17%@960,8%@960,12%@1497,37%@1497] GR3D_FREQ 0% cpu@49.281C soc2@48.968C soc0@49.125C gpu@50.656C tj@50.656C soc1@48.843C VDD_IN 5929mW/5122mW VDD_CPU_GPU_CV 1840mW/1489mW VDD_SOC 1600mW/1436mW"
busyCity.mp4,134,5303,7620,0,"07-04-2026 16:24:55 RAM 5303/7620MB (lfb 1x4MB) SWAP 10/3810MB (cached 0MB) CPU [40%@1497,15%@1497,9%@1497,12%@1497,6%@729,74%@729] GR3D_FREQ 0% cpu@49.5C soc2@49.125C soc0@49C gpu@50.625C tj@50.625C soc1@48.75C VDD_IN 5016mW/5121mW VDD_CPU_GPU_CV 1482mW/1489mW VDD_SOC 1402mW/1435mW"
busyCity.mp4,135,5273,7620,0,"07-04-2026 16:24:56 RAM 5273/7620MB (lfb 2x4MB) SWAP 10/3810MB (cached 0MB) CPU [37%@729,9%@729,14%@729,32%@729,19%@1497,33%@1497] GR3D_FREQ 0% cpu@49.437C soc2@48.906C soc0@49.031C gpu@50.75C tj@50.75C soc1@48.75C VDD_IN 5568mW/5124mW VDD_CPU_GPU_CV 1722mW/1491mW VDD_SOC 1482mW/1436mW"
busyCity.mp4,136,5302,7620,0,"07-04-2026 16:24:57 RAM 5302/7620MB (lfb 1x4MB) SWAP 10/3810MB (cached 0MB) CPU [12%@1497,8%@1497,8%@1497,43%@1497,5%@729,61%@729] GR3D_FREQ 0% cpu@49.5C soc2@48.937C soc0@49.031C gpu@50.687C tj@50.687C soc1@48.812C VDD_IN 4855mW/5122mW VDD_CPU_GPU_CV 1404mW/1490mW VDD_SOC 1404mW/1436mW"
busyCity.mp4,137,5243,7620,0,"07-04-2026 16:24:58 RAM 5243/7620MB (lfb 2x4MB) SWAP 10/3810MB (cached 0MB) CPU [12%@729,11%@729,14%@729,47%@729,12%@1497,43%@1497] GR3D_FREQ 0% cpu@49.343C soc2@49C soc0@49.125C gpu@50.718C tj@50.718C soc1@48.875C VDD_IN 5377mW/5124mW VDD_CPU_GPU_CV 1602mW/1491mW VDD_SOC 1484mW/1436mW"
busyCity.mp4,138,5241,7620,0,"07-04-2026 16:24:59 RAM 5241/7620MB (lfb 1x4MB) SWAP 10/3810MB (cached 0MB) CPU [12%@1497,11%@1497,14%@1497,55%@1497,6%@729,53%@729] GR3D_FREQ 0% cpu@49.562C soc2@49.031C soc0@49.125C gpu@50.75C tj@50.75C soc1@49.125C VDD_IN 4935mW/5123mW VDD_CPU_GPU_CV 1442mW/1491mW VDD_SOC 1404mW/1436mW"
busyCity.mp4,139,5253,7620,0,"07-04-2026 16:25:00 RAM 5253/7620MB (lfb 13x2MB) SWAP 10/3810MB (cached 0MB) CPU [60%@1497,6%@1497,12%@1497,22%@1497,24%@729,7%@729] GR3D_FREQ 0% cpu@49.5C soc2@49.218C soc0@48.968C gpu@50.843C tj@50.593C soc1@48.875C VDD_IN 5216mW/5123mW VDD_CPU_GPU_CV 1562mW/1491mW VDD_SOC 1444mW/1436mW"
busyCity.mp4,140,5248,7620,0,"07-04-2026 16:25:01 RAM 5248/7620MB (lfb 15x2MB) SWAP 10/3810MB (cached 0MB) CPU [51%@1497,11%@1497,7%@1497,57%@1497,7%@729,6%@729] GR3D_FREQ 0% cpu@49.593C soc2@49.093C soc0@49C gpu@50.687C tj@50.687C soc1@48.875C VDD_IN 4935mW/5122mW VDD_CPU_GPU_CV 1442mW/1491mW VDD_SOC 1402mW/1436mW"
busyCity.mp4,141,5253,7620,0,"07-04-2026 16:25:02 RAM 5253/7620MB (lfb 15x2MB) SWAP 10/3810MB (cached 0MB) CPU [32%@729,55%@729,8%@729,14%@729,16%@1497,6%@1497] GR3D_FREQ 0% cpu@49.406C soc2@49.031C soc0@49.187C gpu@50.687C tj@50.687C soc1@49C VDD_IN 5168mW/5122mW VDD_CPU_GPU_CV 1562mW/1491mW VDD_SOC 1442mW/1436mW"
busyCity.mp4,142,5259,7620,99,"07-04-2026 16:25:03 RAM 5259/7620MB (lfb 1x4MB) SWAP 10/3810MB (cached 0MB) CPU [24%@1267,10%@1267,16%@1267,56%@1267,30%@729,8%@729] GR3D_FREQ 99% cpu@49.937C soc2@49.281C soc0@49.093C gpu@51.093C tj@51.093C soc1@49.125C VDD_IN 6129mW/5129mW VDD_CPU_GPU_CV 2200mW/1496mW VDD_SOC 1560mW/1436mW"
busyCity.mp4,143,5241,7620,0,"07-04-2026 16:25:04 RAM 5241/7620MB (lfb 3x4MB) SWAP 10/3810MB (cached 0MB) CPU [14%@729,1%@729,4%@729,1%@729,0%@1497,77%@1497] GR3D_FREQ 0% cpu@49.281C soc2@49.062C soc0@49.125C gpu@50.843C tj@50.843C soc1@49.062C VDD_IN 4790mW/5127mW VDD_CPU_GPU_CV 1366mW/1495mW VDD_SOC 1406mW/1436mW"
busyCity.mp4,144,5247,7620,79,"07-04-2026 16:25:05 RAM 5247/7620MB (lfb 1x4MB) SWAP 10/3810MB (cached 0MB) CPU [10%@883,1%@883,12%@883,53%@883,0%@729,10%@729] GR3D_FREQ 79% cpu@49.343C soc2@49.156C soc0@49.062C gpu@51.406C tj@51.406C soc1@48.875C VDD_IN 6410mW/5136mW VDD_CPU_GPU_CV 2120mW/1500mW VDD_SOC 1680mW/1438mW"
busyCity.mp4,145,5280,7620,0,"07-04-2026 16:25:06 RAM 5280/7620MB (lfb 1x4MB) SWAP 10/3810MB (cached 0MB) CPU [12%@1497,3%@1497,6%@1497,6%@1497,0%@1497,85%@1497] GR3D_FREQ 0% cpu@49.718C soc2@49C soc0@49.062C gpu@50.875C tj@50.875C soc1@48.937C VDD_IN 4863mW/5134mW VDD_CPU_GPU_CV 1324mW/1498mW VDD_SOC 1406mW/1438mW"
busyCity.mp4,146,5254,7620,0,"07-04-2026 16:25:07 RAM 5254/7620MB (lfb 1x4MB) SWAP 10/3810MB (cached 0MB) CPU [11%@883,22%@883,1%@883,48%@883,8%@729,5%@729] GR3D_FREQ 0% cpu@49.437C soc2@49.25C soc0@49.218C gpu@51.062C tj@51.062C soc1@49.031C VDD_IN 6049mW/5140mW VDD_CPU_GPU_CV 1880mW/1501mW VDD_SOC 1640mW/1439mW"
busyCity.mp4,147,5284,7620,0,"07-04-2026 16:25:08 RAM 5284/7620MB (lfb 1x4MB) SWAP 10/3810MB (cached 0MB) CPU [2%@1497,1%@1497,5%@1497,18%@1497,0%@729,83%@729] GR3D_FREQ 0% cpu@49.531C soc2@49.062C soc0@49.281C gpu@50.75C tj@50.75C soc1@48.937C VDD_IN 4782mW/5138mW VDD_CPU_GPU_CV 1326mW/1500mW VDD_SOC 1406mW/1439mW"
busyCity.mp4,148,5256,7620,0,"07-04-2026 16:25:09 RAM 5256/7620MB (lfb 1x4MB) SWAP 10/3810MB (cached 0MB) CPU [11%@729,19%@729,3%@729,36%@729,16%@1497,1%@1497] GR3D_FREQ 0% cpu@49.437C soc2@49.031C soc0@49.156C gpu@50.781C tj@50.781C soc1@48.968C VDD_IN 5497mW/5140mW VDD_CPU_GPU_CV 1642mW/1501mW VDD_SOC 1484mW/1439mW"
busyCity.mp4,149,5277,7620,0,"07-04-2026 16:25:10 RAM 5277/7620MB (lfb 1x4MB) SWAP 10/3810MB (cached 0MB) CPU [30%@1497,1%@1497,1%@1497,1%@1497,71%@729,0%@729] GR3D_FREQ 0% cpu@49.781C soc2@49.25C soc0@49.156C gpu@50.781C tj@50.781C soc1@48.968C VDD_IN 4709mW/5137mW VDD_CPU_GPU_CV 1286mW/1499mW VDD_SOC 1366mW/1439mW"
busyCity.mp4,150,5253,7620,0,"07-04-2026 16:25:11 RAM 5253/7620MB (lfb 10x2MB) SWAP 10/3810MB (cached 0MB) CPU [54%@729,1%@729,1%@729,0%@729,30%@1497,0%@1497] GR3D_FREQ 0% cpu@49.593C soc2@49.062C soc0@49.156C gpu@50.781C tj@50.781C soc1@49.031C VDD_IN 5224mW/5138mW VDD_CPU_GPU_CV 1484mW/1499mW VDD_SOC 1444mW/1439mW"
busyCity.mp4,151,5284,7620,0,"07-04-2026 16:25:12 RAM 5284/7620MB (lfb 1x4MB) SWAP 10/3810MB (cached 0MB) CPU [1%@1497,6%@1497,1%@1497,41%@1497,64%@729,1%@729] GR3D_FREQ 0% cpu@49.468C soc2@49.156C soc0@49.156C gpu@50.75C tj@50.75C soc1@49.062C VDD_IN 4742mW/5135mW VDD_CPU_GPU_CV 1366mW/1498mW VDD_SOC 1366mW/1438mW"
busyCity.mp4,152,5256,7620,0,"07-04-2026 16:25:13 RAM 5256/7620MB (lfb 9x2MB) SWAP 10/3810MB (cached 0MB) CPU [19%@729,1%@729,2%@729,15%@729,52%@1497,1%@1497] GR3D_FREQ 0% cpu@49.5C soc2@49.156C soc0@49.125C gpu@51.125C tj@51.125C soc1@48.937C VDD_IN 5104mW/5135mW VDD_CPU_GPU_CV 1484mW/1498mW VDD_SOC 1446mW/1438mW"
busyCity.mp4,153,5256,7620,0,"07-04-2026 16:25:14 RAM 5256/7620MB (lfb 9x2MB) SWAP 10/3810MB (cached 0MB) CPU [2%@1497,1%@1497,2%@1497,54%@1497,47%@729,0%@729] GR3D_FREQ 0% cpu@49.687C soc2@49.031C soc0@49.125C gpu@50.656C tj@50.656C soc1@49.031C VDD_IN 4742mW/5133mW VDD_CPU_GPU_CV 1286mW/1497mW VDD_SOC 1406mW/1438mW"
busyCity.mp4,154,5256,7620,0,"07-04-2026 16:25:15 RAM 5256/7620MB (lfb 9x2MB) SWAP 10/3810MB (cached 0MB) CPU [29%@729,0%@729,1%@729,0%@729,53%@1497,0%@1497] GR3D_FREQ 0% cpu@49.593C soc2@49.187C soc0@49.281C gpu@50.781C tj@50.781C soc1@49.062C VDD_IN 4911mW/5131mW VDD_CPU_GPU_CV 1366mW/1496mW VDD_SOC 1406mW/1438mW"
busyCity.mp4,155,5249,7620,87,"07-04-2026 16:25:16 RAM 5249/7620MB (lfb 12x2MB) SWAP 10/3810MB (cached 0MB) CPU [10%@806,18%@806,3%@806,1%@806,68%@729,2%@729] GR3D_FREQ 87% cpu@49.25C soc2@49.187C soc0@49.218C gpu@51.375C tj@51.375C soc1@49.125C VDD_IN 5296mW/5132mW VDD_CPU_GPU_CV 1645mW/1497mW VDD_SOC 1444mW/1438mW"
busyCity.mp4,156,5249,7620,0,"07-04-2026 16:25:17 RAM 5249/7620MB (lfb 12x2MB) SWAP 10/3810MB (cached 0MB) CPU [22%@729,0%@729,1%@729,1%@729,0%@1497,69%@1497] GR3D_FREQ 0% cpu@49.343C soc2@49.093C soc0@49.125C gpu@50.875C tj@50.875C soc1@49.031C VDD_IN 4790mW/5130mW VDD_CPU_GPU_CV 1326mW/1496mW VDD_SOC 1408mW/1438mW"
busyCity.mp4,157,5250,7620,99,"07-04-2026 16:25:18 RAM 5250/7620MB (lfb 12x2MB) SWAP 10/3810MB (cached 0MB) CPU [32%@729,3%@729,3%@729,4%@729,53%@729,16%@729] GR3D_FREQ 99% cpu@49.5C soc2@49.218C soc0@49.187C gpu@51.281C tj@51.125C soc1@49C VDD_IN 6009mW/5136mW VDD_CPU_GPU_CV 2040mW/1499mW VDD_SOC 1562mW/1438mW"
busyCity.mp4,158,5251,7620,0,"07-04-2026 16:25:19 RAM 5251/7620MB (lfb 12x2MB) SWAP 10/3810MB (cached 0MB) CPU [12%@729,1%@729,0%@729,1%@729,0%@1497,83%@1497] GR3D_FREQ 0% cpu@49.468C soc2@49.062C soc0@49.187C gpu@50.718C tj@50.718C soc1@49.125C VDD_IN 4709mW/5133mW VDD_CPU_GPU_CV 1286mW/1498mW VDD_SOC 1368mW/1438mW"
busyCity.mp4,159,5254,7620,0,"07-04-2026 16:25:20 RAM 5254/7620MB (lfb 10x2MB) SWAP 10/3810MB (cached 0MB) CPU [13%@1113,19%@1113,2%@1497,2%@1497,53%@729,4%@729] GR3D_FREQ 0% cpu@49.718C soc2@49.312C soc0@49.343C gpu@50.968C tj@50.968C soc1@49.218C VDD_IN 6209mW/5140mW VDD_CPU_GPU_CV 1960mW/1501mW VDD_SOC 1682mW/1440mW"
busyCity.mp4,160,5283,7620,0,"07-04-2026 16:25:21 RAM 5283/7620MB (lfb 1x4MB) SWAP 10/3810MB (cached 0MB) CPU [1%@1497,6%@1497,12%@1497,1%@1497,0%@1497,84%@1497] GR3D_FREQ 0% cpu@49.75C soc2@49.218C soc0@49.375C gpu@50.718C tj@50.718C soc1@49.125C VDD_IN 4782mW/5137mW VDD_CPU_GPU_CV 1286mW/1500mW VDD_SOC 1406mW/1439mW"
busyCity.mp4,161,5234,7620,0,"07-04-2026 16:25:22 RAM 5234/7620MB (lfb 1x4MB) SWAP 10/3810MB (cached 0MB) CPU [1%@729,32%@729,44%@729,2%@729,6%@806,7%@806] GR3D_FREQ 0% cpu@49.281C soc2@49.156C soc0@49.312C gpu@51C tj@51C soc1@49.156C VDD_IN 5769mW/5141mW VDD_CPU_GPU_CV 1722mW/1501mW VDD_SOC 1562mW/1440mW"
busyCity.mp4,162,5275,7620,0,"07-04-2026 16:25:23 RAM 5275/7620MB (lfb 2x2MB) SWAP 10/3810MB (cached 0MB) CPU [27%@1497,0%@1497,4%@1497,2%@1497,5%@1497,79%@1497] GR3D_FREQ 0% cpu@49.781C soc2@49.437C soc0@49.312C gpu@50.875C tj@50.875C soc1@49.156C VDD_IN 4742mW/5139mW VDD_CPU_GPU_CV 1326mW/1500mW VDD_SOC 1406mW/1440mW"
busyCity.mp4,163,5242,7620,0,"07-04-2026 16:25:24 RAM 5242/7620MB (lfb 15x2MB) SWAP 10/3810MB (cached 0MB) CPU [32%@729,32%@729,1%@729,1%@729,0%@1497,20%@1497] GR3D_FREQ 0% cpu@49.343C soc2@49.312C soc0@49.343C gpu@51.031C tj@51.031C soc1@49.25C VDD_IN 5337mW/5140mW VDD_CPU_GPU_CV 1522mW/1500mW VDD_SOC 1484mW/1440mW"
busyCity.mp4,164,5272,7620,0,"07-04-2026 16:25:25 RAM 5272/7620MB (lfb 4x2MB) SWAP 10/3810MB (cached 0MB) CPU [37%@1497,1%@1497,1%@1497,1%@1497,0%@729,65%@729] GR3D_FREQ 0% cpu@49.75C soc2@49.437C soc0@49.5C gpu@51C tj@51C soc1@49.312C VDD_IN 4669mW/5137mW VDD_CPU_GPU_CV 1286mW/1499mW VDD_SOC 1368mW/1440mW"
busyCity.mp4,165,5243,7620,0,"07-04-2026 16:25:26 RAM 5243/7620MB (lfb 15x2MB) SWAP 10/3810MB (cached 0MB) CPU [18%@729,32%@729,3%@729,1%@729,0%@1497,32%@1497] GR3D_FREQ 0% cpu@49.531C soc2@49.218C soc0@49.343C gpu@50.937C tj@50.937C soc1@49.187C VDD_IN 5144mW/5137mW VDD_CPU_GPU_CV 1444mW/1498mW VDD_SOC 1446mW/1440mW"
busyCity.mp4,166,5236,7620,0,"07-04-2026 16:25:27 RAM 5236/7620MB (lfb 1x4MB) SWAP 10/3810MB (cached 0MB) CPU [48%@1497,0%@1497,2%@1497,1%@1497,0%@729,53%@729] GR3D_FREQ 0% cpu@50.218C soc2@49.312C soc0@49.375C gpu@50.812C tj@50.812C soc1@49.125C VDD_IN 4709mW/5135mW VDD_CPU_GPU_CV 1286mW/1497mW VDD_SOC 1366mW/1439mW"
busyCity.mp4,167,5241,7620,0,"07-04-2026 16:25:28 RAM 5241/7620MB (lfb 16x2MB) SWAP 10/3810MB (cached 0MB) CPU [5%@729,32%@729,9%@729,3%@729,0%@1497,45%@1497] GR3D_FREQ 0% cpu@49.593C soc2@49.218C soc0@49.375C gpu@50.875C tj@50.875C soc1@49.218C VDD_IN 4983mW/5134mW VDD_CPU_GPU_CV 1406mW/1497mW VDD_SOC 1406mW/1439mW"
busyCity.mp4,168,5251,7620,0,"07-04-2026 16:25:29 RAM 5251/7620MB (lfb 1x4MB) SWAP 10/3810MB (cached 0MB) CPU [22%@1497,9%@1497,10%@1497,2%@1497,33%@729,46%@729] GR3D_FREQ 0% cpu@49.531C soc2@49.312C soc0@49.437C gpu@50.812C tj@50.812C soc1@49.218C VDD_IN 4782mW/5132mW VDD_CPU_GPU_CV 1324mW/1496mW VDD_SOC 1406mW/1439mW"
busyCity.mp4,169,5237,7620,0,"07-04-2026 16:25:30 RAM 5237/7620MB (lfb 16x2MB) SWAP 10/3810MB (cached 0MB) CPU [11%@1497,64%@1497,1%@1497,0%@1497,7%@729,0%@729] GR3D_FREQ 0% cpu@49.625C soc2@49.343C soc0@49.5C gpu@50.906C tj@51.062C soc1@49.218C VDD_IN 4863mW/5130mW VDD_CPU_GPU_CV 1366mW/1495mW VDD_SOC 1406mW/1439mW"
busyCity.mp4,170,5242,7620,90,"07-04-2026 16:25:31 RAM 5242/7620MB (lfb 14x2MB) SWAP 10/3810MB (cached 0MB) CPU [2%@960,31%@960,7%@960,59%@960,0%@729,0%@729] GR3D_FREQ 90% cpu@49.781C soc2@49.312C soc0@49.281C gpu@51.687C tj@51.687C soc1@49.218C VDD_IN 5457mW/5132mW VDD_CPU_GPU_CV 1765mW/1496mW VDD_SOC 1484mW/1439mW"
busyCity.mp4,171,5241,7620,0,"07-04-2026 16:25:32 RAM 5241/7620MB (lfb 1x4MB) SWAP 10/3810MB (cached 0MB) CPU [1%@1497,69%@1497,5%@1497,23%@1497,0%@729,0%@729] GR3D_FREQ 0% cpu@49.968C soc2@49.312C soc0@49.406C gpu@51.187C tj@51.187C soc1@49.218C VDD_IN 4943mW/5131mW VDD_CPU_GPU_CV 1404mW/1496mW VDD_SOC 1406mW/1439mW"
busyCity.mp4,172,5252,7620,99,"07-04-2026 16:25:33 RAM 5252/7620MB (lfb 2x4MB) SWAP 10/3810MB (cached 0MB) CPU [46%@729,26%@729,5%@729,13%@729,17%@729,2%@729] GR3D_FREQ 99% cpu@49.593C soc2@49.468C soc0@49.375C gpu@51.937C tj@51.937C soc1@49.218C VDD_IN 6169mW/5137mW VDD_CPU_GPU_CV 2160mW/1500mW VDD_SOC 1600mW/1440mW"
busyCity.mp4,173,5247,7620,0,"07-04-2026 16:25:34 RAM 5247/7620MB (lfb 1x4MB) SWAP 10/3810MB (cached 0MB) CPU [15%@1497,1%@1497,83%@1497,1%@1497,1%@729,0%@729] GR3D_FREQ 0% cpu@50.031C soc2@49.437C soc0@49.5C gpu@51.218C tj@51.218C soc1@49.406C VDD_IN 4830mW/5135mW VDD_CPU_GPU_CV 1326mW/1499mW VDD_SOC 1406mW/1440mW"
busyCity.mp4,174,5239,7620,0,"07-04-2026 16:25:35 RAM 5239/7620MB (lfb 1x4MB) SWAP 10/3810MB (cached 0MB) CPU [80%@1267,1%@1267,1%@1267,2%@1267,0%@729,0%@729] GR3D_FREQ 0% cpu@49.812C soc2@49.531C soc0@49.406C gpu@51.5C tj@51.5C soc1@49.218C VDD_IN 6169mW/5141mW VDD_CPU_GPU_CV 1960mW/1501mW VDD_SOC 1680mW/1441mW"
busyCity.mp4,175,5276,7620,0,"07-04-2026 16:25:36 RAM 5276/7620MB (lfb 2x2MB) SWAP 10/3810MB (cached 0MB) CPU [3%@1497,0%@1497,15%@1497,84%@1497,1%@729,0%@729] GR3D_FREQ 0% cpu@50.062C soc2@49.406C soc0@49.468C gpu@51C tj@51C soc1@49.218C VDD_IN 4782mW/5139mW VDD_CPU_GPU_CV 1326mW/1500mW VDD_SOC 1406mW/1441mW"
busyCity.mp4,176,5239,7620,0,"07-04-2026 16:25:37 RAM 5239/7620MB (lfb 2x4MB) SWAP 10/3810MB (cached 0MB) CPU [32%@1497,1%@1497,40%@1497,12%@1497,1%@729,0%@729] GR3D_FREQ 0% cpu@50.031C soc2@49.406C soc0@49.5C gpu@51.031C tj@51.031C soc1@49.281C VDD_IN 5617mW/5142mW VDD_CPU_GPU_CV 1682mW/1501mW VDD_SOC 1522mW/1441mW"
busyCity.mp4,177,5269,7620,0,"07-04-2026 16:25:38 RAM 5269/7620MB (lfb 1x4MB) SWAP 10/3810MB (cached 0MB) CPU [33%@1497,2%@1497,2%@1497,72%@1497,2%@729,1%@729] GR3D_FREQ 0% cpu@50.031C soc2@49.5C soc0@49.531C gpu@50.906C tj@50.906C soc1@49.375C VDD_IN 4750mW/5139mW VDD_CPU_GPU_CV 1326mW/1500mW VDD_SOC 1406mW/1441mW"
busyCity.mp4,178,5241,7620,0,"07-04-2026 16:25:39 RAM 5241/7620MB (lfb 2x4MB) SWAP 10/3810MB (cached 0MB) CPU [57%@1497,1%@1497,2%@1497,27%@1497,0%@729,1%@729] GR3D_FREQ 0% cpu@49.781C soc2@49.5C soc0@49.531C gpu@50.968C tj@50.968C soc1@49.468C VDD_IN 5256mW/5140mW VDD_CPU_GPU_CV 1564mW/1501mW VDD_SOC 1484mW/1441mW"
busyCity.mp4,179,5274,7620,0,"07-04-2026 16:25:40 RAM 5274/7620MB (lfb 1x4MB) SWAP 10/3810MB (cached 0MB) CPU [3%@1497,1%@1497,44%@1497,57%@1497,11%@729,1%@729] GR3D_FREQ 0% cpu@50.062C soc2@49.5C soc0@49.375C gpu@51.156C tj@51.156C soc1@49.218C VDD_IN 4742mW/5138mW VDD_CPU_GPU_CV 1326mW/1500mW VDD_SOC 1366mW/1441mW"
busyCity.mp4,180,5247,7620,0,"07-04-2026 16:25:41 RAM 5247/7620MB (lfb 16x2MB) SWAP 10/3810MB (cached 0MB) CPU [32%@1497,41%@1497,11%@1497,1%@1497,0%@729,3%@729] GR3D_FREQ 0% cpu@49.718C soc2@49.5C soc0@49.5C gpu@51.156C tj@51.156C soc1@49.343C VDD_IN 5064mW/5138mW VDD_CPU_GPU_CV 1444mW/1499mW VDD_SOC 1446mW/1441mW"
busyCity.mp4,181,5244,7620,0,"07-04-2026 16:25:42 RAM 5244/7620MB (lfb 1x4MB) SWAP 10/3810MB (cached 0MB) CPU [3%@1497,44%@1497,54%@1497,1%@1497,1%@729,1%@729] GR3D_FREQ 0% cpu@50.062C soc2@49.468C soc0@49.5C gpu@51C tj@51C soc1@49.343C VDD_IN 4709mW/5135mW VDD_CPU_GPU_CV 1286mW/1498mW VDD_SOC 1406mW/1441mW"
busyCity.mp4,182,5247,7620,0,"07-04-2026 16:25:43 RAM 5247/7620MB (lfb 1x4MB) SWAP 10/3810MB (cached 0MB) CPU [29%@1497,3%@1497,55%@1497,1%@1497,0%@729,2%@729] GR3D_FREQ 0% cpu@50.218C soc2@49.5C soc0@49.562C gpu@51.093C tj@51.093C soc1@49.468C VDD_IN 4943mW/5134mW VDD_CPU_GPU_CV 1406mW/1498mW VDD_SOC 1406mW/1440mW"
busyCity.mp4,183,5246,7620,99,"07-04-2026 16:25:44 RAM 5246/7620MB (lfb 1x4MB) SWAP 10/3810MB (cached 0MB) CPU [13%@729,58%@729,34%@729,1%@729,6%@729,2%@729] GR3D_FREQ 99% cpu@49.5C soc2@49.5C soc0@49.625C gpu@51.312C tj@51.312C soc1@49.5C VDD_IN 4943mW/5133mW VDD_CPU_GPU_CV 1444mW/1497mW VDD_SOC 1404mW/1440mW"
busyCity.mp4,184,5246,7620,0,"07-04-2026 16:25:45 RAM 5246/7620MB (lfb 1x4MB) SWAP 10/3810MB (cached 0MB) CPU [22%@1497,0%@1497,63%@1497,0%@1497,0%@729,1%@729] GR3D_FREQ 0% cpu@50.062C soc2@49.531C soc0@49.5C gpu@51.125C tj@51.125C soc1@49.281C VDD_IN 4830mW/5131mW VDD_CPU_GPU_CV 1326mW/1497mW VDD_SOC 1406mW/1440mW"
busyCity.mp4,185,5243,7620,98,"07-04-2026 16:25:46 RAM 5243/7620MB (lfb 15x2MB) SWAP 10/3810MB (cached 0MB) CPU [73%@960,2%@960,19%@960,1%@960,1%@729,0%@729] GR3D_FREQ 98% cpu@49.75C soc2@49.468C soc0@49.437C gpu@51.562C tj@51.562C soc1@49.406C VDD_IN 5617mW/5134mW VDD_CPU_GPU_CV 1842mW/1498mW VDD_SOC 1482mW/1440mW"
busyCity.mp4,186,5243,7620,0,"07-04-2026 16:25:47 RAM 5243/7620MB (lfb 15x2MB) SWAP 10/3810MB (cached 0MB) CPU [14%@1497,0%@1497,78%@1497,0%@1497,0%@729,0%@729] GR3D_FREQ 0% cpu@50.343C soc2@49.5C soc0@49.593C gpu@51.218C tj@51.031C soc1@49.5C VDD_IN 4709mW/5132mW VDD_CPU_GPU_CV 1286mW/1497mW VDD_SOC 1368mW/1440mW"
busyCity.mp4,187,5251,7620,7,"07-04-2026 16:25:49 RAM 5251/7620MB (lfb 1x4MB) SWAP 10/3810MB (cached 0MB) CPU [34%@960,2%@960,9%@960,2%@960,46%@729,2%@729] GR3D_FREQ 7% cpu@49.75C soc2@49.656C soc0@49.625C gpu@51.343C tj@51.343C soc1@49.343C VDD_IN 6360mW/5138mW VDD_CPU_GPU_CV 2080mW/1500mW VDD_SOC 1680mW/1441mW"
busyCity.mp4,188,5285,7620,0,"07-04-2026 16:25:50 RAM 5285/7620MB (lfb 5x1MB) SWAP 10/3810MB (cached 0MB) CPU [18%@1497,84%@1497,1%@1497,1%@1497,0%@729,0%@729] GR3D_FREQ 0% cpu@49.968C soc2@49.593C soc0@49.468C gpu@51.093C tj@51.093C soc1@49.375C VDD_IN 4823mW/5137mW VDD_CPU_GPU_CV 1324mW/1499mW VDD_SOC 1406mW/1441mW"
busyCity.mp4,189,5257,7620,0,"07-04-2026 16:25:51 RAM 5257/7620MB (lfb 11x2MB) SWAP 10/3810MB (cached 0MB) CPU [52%@883,7%@883,26%@883,0%@883,0%@729,1%@729] GR3D_FREQ 0% cpu@49.843C soc2@49.5C soc0@49.593C gpu@51.187C tj@51.187C soc1@49.406C VDD_IN 5809mW/5140mW VDD_CPU_GPU_CV 1760mW/1501mW VDD_SOC 1602mW/1442mW"
busyCity.mp4,190,5282,7620,0,"07-04-2026 16:25:52 RAM 5282/7620MB (lfb 2x2MB) SWAP 10/3810MB (cached 0MB) CPU [20%@1036,84%@1036,0%@1036,1%@1036,3%@1497,1%@1497] GR3D_FREQ 0% cpu@49.781C soc2@49.593C soc0@49.625C gpu@51.218C tj@51.218C soc1@49.562C VDD_IN 4823mW/5139mW VDD_CPU_GPU_CV 1366mW/1500mW VDD_SOC 1406mW/1442mW"
busyCity.mp4,191,5254,7620,0,"07-04-2026 16:25:53 RAM 5254/7620MB (lfb 14x2MB) SWAP 10/3810MB (cached 0MB) CPU [32%@1497,9%@1497,16%@1497,1%@1497,28%@729,1%@729] GR3D_FREQ 0% cpu@50C soc2@49.625C soc0@49.718C gpu@51.343C tj@51.343C soc1@49.593C VDD_IN 5457mW/5140mW VDD_CPU_GPU_CV 1602mW/1501mW VDD_SOC 1484mW/1442mW"
busyCity.mp4,192,5285,7620,0,"07-04-2026 16:25:54 RAM 5285/7620MB (lfb 5x1MB) SWAP 10/3810MB (cached 0MB) CPU [34%@1497,2%@1497,68%@1497,2%@1497,2%@729,1%@729] GR3D_FREQ 0% cpu@50C soc2@49.531C soc0@49.531C gpu@51.25C tj@51.25C soc1@49.375C VDD_IN 4709mW/5138mW VDD_CPU_GPU_CV 1286mW/1499mW VDD_SOC 1368mW/1441mW"
busyCity.mp4,193,5252,7620,0,"07-04-2026 16:25:55 RAM 5252/7620MB (lfb 1x4MB) SWAP 10/3810MB (cached 0MB) CPU [34%@1497,0%@1497,33%@1497,0%@1497,6%@729,13%@729] GR3D_FREQ 0% cpu@50.187C soc2@49.5C soc0@49.562C gpu@51.343C tj@51.343C soc1@49.406C VDD_IN 5224mW/5138mW VDD_CPU_GPU_CV 1524mW/1500mW VDD_SOC 1484mW/1442mW"
busyCity.mp4,194,5246,7620,0,"07-04-2026 16:25:56 RAM 5246/7620MB (lfb 1x4MB) SWAP 10/3810MB (cached 0MB) CPU [49%@1497,2%@1497,53%@1497,0%@1497,0%@729,0%@729] GR3D_FREQ 0% cpu@50.156C soc2@49.625C soc0@49.593C gpu@51.218C tj@51.218C soc1@49.468C VDD_IN 4709mW/5136mW VDD_CPU_GPU_CV 1286mW/1499mW VDD_SOC 1366mW/1441mW"
busyCity.mp4,195,5254,7620,0,"07-04-2026 16:25:57 RAM 5254/7620MB (lfb 13x2MB) SWAP 10/3810MB (cached 0MB) CPU [5%@1497,1%@1497,48%@1497,1%@1497,3%@729,30%@729] GR3D_FREQ 0% cpu@50.062C soc2@49.468C soc0@49.562C gpu@51.156C tj@51.156C soc1@49.5C VDD_IN 4943mW/5135mW VDD_CPU_GPU_CV 1406mW/1498mW VDD_SOC 1406mW/1441mW"
busyCity.mp4,196,5254,7620,96,"07-04-2026 16:25:58 RAM 5254/7620MB (lfb 15x2MB) SWAP 10/3810MB (cached 0MB) CPU [53%@729,1%@729,38%@729,1%@729,1%@1036,9%@1036] GR3D_FREQ 96% cpu@49.562C soc2@49.5C soc0@49.5C gpu@51.218C tj@51.218C soc1@49.375C VDD_IN 4742mW/5133mW VDD_CPU_GPU_CV 1326mW/1497mW VDD_SOC 1366mW/1441mW"
busyCity.mp4,197,5254,7620,0,"07-04-2026 16:25:59 RAM 5254/7620MB (lfb 15x2MB) SWAP 10/3810MB (cached 0MB) CPU [1%@1497,4%@1497,61%@1497,0%@1497,1%@729,25%@729] GR3D_FREQ 0% cpu@50.156C soc2@49.562C soc0@49.593C gpu@51.343C tj@51.343C soc1@49.437C VDD_IN 4830mW/5132mW VDD_CPU_GPU_CV 1326mW/1496mW VDD_SOC 1406mW/1441mW"
busyCity.mp4,198,5260,7620,90,"07-04-2026 16:26:00 RAM 5260/7620MB (lfb 1x4MB) SWAP 10/3810MB (cached 0MB) CPU [45%@729,1%@729,28%@729,14%@729,13%@806,13%@806] GR3D_FREQ 90% cpu@50.031C soc2@49.593C soc0@49.656C gpu@52C tj@52C soc1@49.406C VDD_IN 5577mW/5134mW VDD_CPU_GPU_CV 1842mW/1498mW VDD_SOC 1484mW/1441mW"
busyCity.mp4,199,5261,7620,0,"07-04-2026 16:26:01 RAM 5261/7620MB (lfb 1x4MB) SWAP 10/3810MB (cached 0MB) CPU [0%@729,1%@729,55%@729,1%@729,14%@1497,18%@1497] GR3D_FREQ 0% cpu@50.031C soc2@49.531C soc0@49.656C gpu@51.312C tj@51.312C soc1@49.468C VDD_IN 4750mW/5132mW VDD_CPU_GPU_CV 1326mW/1497mW VDD_SOC 1408mW/1441mW"
busyCity.mp4,200,5258,7620,99,"07-04-2026 16:26:02 RAM 5258/7620MB (lfb 1x4MB) SWAP 10/3810MB (cached 0MB) CPU [1%@729,2%@729,2%@729,5%@729,36%@960,55%@960] GR3D_FREQ 99% cpu@49.562C soc2@49.593C soc0@49.687C gpu@51.781C tj@51.781C soc1@49.437C VDD_IN 5617mW/5134mW VDD_CPU_GPU_CV 1842mW/1499mW VDD_SOC 1484mW/1441mW"
busyCity.mp4,201,5261,7620,0,"07-04-2026 16:26:03 RAM 5261/7620MB (lfb 1x4MB) SWAP 10/3810MB (cached 0MB) CPU [1%@729,0%@729,1%@729,1%@729,14%@1497,78%@1497] GR3D_FREQ 0% cpu@49.812C soc2@49.5C soc0@49.562C gpu@51.187C tj@51.187C soc1@49.437C VDD_IN 4750mW/5132mW VDD_CPU_GPU_CV 1326mW/1498mW VDD_SOC 1408mW/1441mW"
busyCity.mp4,202,5260,7620,0,"07-04-2026 16:26:04 RAM 5260/7620MB (lfb 1x4MB) SWAP 10/3810MB (cached 0MB) CPU [2%@729,11%@729,4%@729,5%@729,22%@1497,64%@1497] GR3D_FREQ 0% cpu@49.843C soc2@49.531C soc0@49.531C gpu@51.406C tj@51.406C soc1@49.468C VDD_IN 6249mW/5138mW VDD_CPU_GPU_CV 2040mW/1501mW VDD_SOC 1680mW/1442mW"
busyCity.mp4,203,5292,7620,0,"07-04-2026 16:26:05 RAM 5292/7620MB (lfb 5x1MB) SWAP 10/3810MB (cached 0MB) CPU [6%@729,3%@729,11%@729,81%@729,1%@1497,14%@1497] GR3D_FREQ 0% cpu@50C soc2@49.5C soc0@49.687C gpu@51.156C tj@51.156C soc1@49.593C VDD_IN 4903mW/5137mW VDD_CPU_GPU_CV 1364mW/1500mW VDD_SOC 1406mW/1442mW"
busyCity.mp4,204,5264,7620,0,"07-04-2026 16:26:06 RAM 5264/7620MB (lfb 11x2MB) SWAP 10/3810MB (cached 0MB) CPU [0%@1190,0%@1190,7%@1190,5%@1190,0%@729,72%@729] GR3D_FREQ 0% cpu@49.843C soc2@49.531C soc0@49.843C gpu@51.25C tj@51.25C soc1@49.562C VDD_IN 5769mW/5140mW VDD_CPU_GPU_CV 1760mW/1501mW VDD_SOC 1562mW/1442mW"
busyCity.mp4,205,5291,7620,0,"07-04-2026 16:26:07 RAM 5291/7620MB (lfb 6x1MB) SWAP 10/3810MB (cached 0MB) CPU [0%@729,1%@729,2%@729,75%@729,25%@1497,2%@1497] GR3D_FREQ 0% cpu@50C soc2@49.5C soc0@49.656C gpu@51.531C tj@51.531C soc1@49.468C VDD_IN 4750mW/5138mW VDD_CPU_GPU_CV 1286mW/1500mW VDD_SOC 1406mW/1442mW"
busyCity.mp4,206,5265,7620,0,"07-04-2026 16:26:08 RAM 5265/7620MB (lfb 1x4MB) SWAP 10/3810MB (cached 0MB) CPU [6%@1497,0%@1497,22%@1497,2%@1497,25%@729,32%@729] GR3D_FREQ 0% cpu@50.437C soc2@49.531C soc0@49.687C gpu@51.062C tj@51.062C soc1@49.5C VDD_IN 5256mW/5139mW VDD_CPU_GPU_CV 1524mW/1500mW VDD_SOC 1444mW/1442mW"
busyCity.mp4,207,5298,7620,0,"07-04-2026 16:26:09 RAM 5298/7620MB (lfb 1x2MB) SWAP 10/3810MB (cached 0MB) CPU [2%@1497,3%@1497,64%@1497,40%@1497,1%@729,0%@729] GR3D_FREQ 0% cpu@50.093C soc2@49.531C soc0@49.5C gpu@51.031C tj@51.031C soc1@49.531C VDD_IN 4709mW/5137mW VDD_CPU_GPU_CV 1286mW/1499mW VDD_SOC 1368mW/1442mW"
busyCity.mp4,208,5265,7620,0,"07-04-2026 16:26:10 RAM 5265/7620MB (lfb 11x2MB) SWAP 10/3810MB (cached 0MB) CPU [34%@1497,0%@1497,1%@1497,17%@1497,0%@729,32%@729] GR3D_FREQ 0% cpu@50.312C soc2@49.75C soc0@49.718C gpu@51.093C tj@51.093C soc1@49.531C VDD_IN 5104mW/5136mW VDD_CPU_GPU_CV 1444mW/1499mW VDD_SOC 1446mW/1442mW"
busyCity.mp4,209,5259,7620,0,"07-04-2026 16:26:11 RAM 5259/7620MB (lfb 11x2MB) SWAP 10/3810MB (cached 0MB) CPU [51%@1497,2%@1497,52%@1497,2%@1497,1%@729,0%@729] GR3D_FREQ 0% cpu@50.187C soc2@49.656C soc0@49.781C gpu@51.093C tj@51.093C soc1@49.437C VDD_IN 4742mW/5135mW VDD_CPU_GPU_CV 1286mW/1498mW VDD_SOC 1406mW/1442mW"
busyCity.mp4,210,5259,7620,0,"07-04-2026 16:26:12 RAM 5259/7620MB (lfb 11x2MB) SWAP 10/3810MB (cached 0MB) CPU [55%@1497,2%@1497,0%@1497,0%@1497,1%@729,27%@729] GR3D_FREQ 0% cpu@49.968C soc2@49.812C soc0@49.562C gpu@51.281C tj@51.281C soc1@49.5C VDD_IN 4991mW/5134mW VDD_CPU_GPU_CV 1406mW/1498mW VDD_SOC 1446mW/1442mW"
busyCity.mp4,211,5257,7620,90,"07-04-2026 16:26:13 RAM 5257/7620MB (lfb 13x2MB) SWAP 10/3810MB (cached 0MB) CPU [33%@729,1%@729,53%@729,1%@729,1%@883,13%@883] GR3D_FREQ 90% cpu@49.937C soc2@49.562C soc0@49.656C gpu@51.875C tj@51.875C soc1@49.406C VDD_IN 5537mW/5136mW VDD_CPU_GPU_CV 1802mW/1499mW VDD_SOC 1484mW/1442mW"
busyCity.mp4,212,5261,7620,0,"07-04-2026 16:26:14 RAM 5261/7620MB (lfb 13x2MB) SWAP 10/3810MB (cached 0MB) CPU [74%@1497,1%@1497,1%@1497,1%@1497,2%@729,17%@729] GR3D_FREQ 0% cpu@49.937C soc2@49.687C soc0@49.656C gpu@51.281C tj@51.281C soc1@49.531C VDD_IN 4830mW/5134mW VDD_CPU_GPU_CV 1326mW/1498mW VDD_SOC 1408mW/1442mW"
busyCity.mp4,213,5256,7620,99,"07-04-2026 16:26:15 RAM 5256/7620MB (lfb 14x2MB) SWAP 10/3810MB (cached 0MB) CPU [18%@729,16%@729,11%@729,2%@729,42%@729,20%@729] GR3D_FREQ 99% cpu@49.812C soc2@49.5C soc0@49.781C gpu@51.687C tj@51.687C soc1@49.656C VDD_IN 5809mW/5137mW VDD_CPU_GPU_CV 1960mW/1500mW VDD_SOC 1522mW/1442mW"
busyCity.mp4,214,5258,7620,0,"07-04-2026 16:26:16 RAM 5258/7620MB (lfb 14x2MB) SWAP 10/3810MB (cached 0MB) CPU [62%@729,0%@729,0%@729,0%@729,19%@1497,12%@1497] GR3D_FREQ 0% cpu@49.875C soc2@49.5C soc0@49.562C gpu@51.156C tj@51.156C soc1@49.406C VDD_IN 4709mW/5135mW VDD_CPU_GPU_CV 1286mW/1499mW VDD_SOC 1368mW/1442mW"
busyCity.mp4,215,5255,7620,0,"07-04-2026 16:26:17 RAM 5255/7620MB (lfb 1x4MB) SWAP 10/3810MB (cached 0MB) CPU [2%@729,0%@729,3%@729,0%@729,5%@1113,76%@1113] GR3D_FREQ 0% cpu@49.968C soc2@49.593C soc0@49.656C gpu@51.468C tj@51.468C soc1@49.531C VDD_IN 6370mW/5141mW VDD_CPU_GPU_CV 2080mW/1502mW VDD_SOC 1720mW/1443mW"
busyCity.mp4,216,5289,7620,0,"07-04-2026 16:26:18 RAM 5289/7620MB (lfb 5x1MB) SWAP 10/3810MB (cached 0MB) CPU [11%@1497,0%@1497,1%@1497,1%@1497,84%@1497,6%@1497] GR3D_FREQ 0% cpu@50.125C soc2@49.687C soc0@49.656C gpu@51.125C tj@51.125C soc1@49.531C VDD_IN 4782mW/5140mW VDD_CPU_GPU_CV 1286mW/1501mW VDD_SOC 1406mW/1443mW"
busyCity.mp4,217,5256,7620,0,"07-04-2026 16:26:19 RAM 5256/7620MB (lfb 12x2MB) SWAP 10/3810MB (cached 0MB) CPU [44%@729,3%@729,5%@729,2%@729,4%@1113,32%@1113] GR3D_FREQ 0% cpu@49.75C soc2@49.562C soc0@49.781C gpu@51.406C tj@51.406C soc1@49.625C VDD_IN 5889mW/5143mW VDD_CPU_GPU_CV 1800mW/1502mW VDD_SOC 1602mW/1444mW"
busyCity.mp4,218,5265,7620,80,"07-04-2026 16:26:20 RAM 5265/7620MB (lfb 11x2MB) SWAP 10/3810MB (cached 0MB) CPU [2%@729,27%@729,1%@729,1%@729,55%@729,12%@729] GR3D_FREQ 80% cpu@49.625C soc2@49.625C soc0@49.593C gpu@51.906C tj@51.906C soc1@49.468C VDD_IN 5457mW/5144mW VDD_CPU_GPU_CV 1762mW/1504mW VDD_SOC 1482mW/1444mW"
busyCity.mp4,219,5265,7620,0,"07-04-2026 16:26:21 RAM 5265/7620MB (lfb 11x2MB) SWAP 10/3810MB (cached 0MB) CPU [1%@729,0%@729,2%@729,0%@729,70%@1497,18%@1497] GR3D_FREQ 0% cpu@50.062C soc2@49.562C soc0@49.687C gpu@51.343C tj@51.343C soc1@49.468C VDD_IN 4790mW/5143mW VDD_CPU_GPU_CV 1326mW/1503mW VDD_SOC 1408mW/1444mW"
busyCity.mp4,220,5258,7620,99,"07-04-2026 16:26:22 RAM 5258/7620MB (lfb 12x2MB) SWAP 10/3810MB (cached 0MB) CPU [53%@729,2%@729,1%@729,1%@729,14%@1036,20%@1036] GR3D_FREQ 99% cpu@49.875C soc2@49.656C soc0@49.75C gpu@51.906C tj@51.906C soc1@49.625C VDD_IN 6049mW/5147mW VDD_CPU_GPU_CV 2080mW/1505mW VDD_SOC 1602mW/1444mW"
busyCity.mp4,221,5260,7620,0,"07-04-2026 16:26:23 RAM 5260/7620MB (lfb 11x2MB) SWAP 10/3810MB (cached 0MB) CPU [0%@1497,2%@1497,2%@1497,1%@1497,81%@1497,13%@1497] GR3D_FREQ 0% cpu@49.968C soc2@49.531C soc0@49.593C gpu@51.156C tj@51.156C soc1@49.718C VDD_IN 4790mW/5145mW VDD_CPU_GPU_CV 1326mW/1505mW VDD_SOC 1406mW/1444mW"
busyCity.mp4,222,5270,7620,0,"07-04-2026 16:26:24 RAM 5270/7620MB (lfb 4x4MB) SWAP 10/3810MB (cached 0MB) CPU [4%@1344,16%@1344,4%@1344,8%@1344,51%@1497,21%@1497] GR3D_FREQ 0% cpu@50.093C soc2@49.656C soc0@49.812C gpu@51.343C tj@51.343C soc1@49.468C VDD_IN 6280mW/5150mW VDD_CPU_GPU_CV 2040mW/1507mW VDD_SOC 1680mW/1445mW"
busyCity.mp4,223,5295,7620,0,"07-04-2026 16:26:25 RAM 5295/7620MB (lfb 2x4MB) SWAP 10/3810MB (cached 0MB) CPU [20%@1497,4%@1497,8%@1497,3%@1497,84%@729,7%@729] GR3D_FREQ 0% cpu@50.25C soc2@49.593C soc0@49.625C gpu@51.156C tj@51.343C soc1@49.437C VDD_IN 4863mW/5149mW VDD_CPU_GPU_CV 1364mW/1506mW VDD_SOC 1406mW/1445mW"
car_video.mp4,0,5260,7620,0,"07-04-2026 16:32:32 RAM 5260/7620MB (lfb 5x4MB) SWAP 10/3810MB (cached 0MB) CPU [3%@1497,3%@1497,51%@1497,3%@1497,0%@729,31%@729] GR3D_FREQ 0% cpu@50.562C soc2@49.843C soc0@49.906C gpu@51.5C tj@51.5C soc1@49.75C VDD_IN 4943mW/4943mW VDD_CPU_GPU_CV 1404mW/1404mW VDD_SOC 1406mW/1406mW"
car_video.mp4,1,5263,7620,0,"07-04-2026 16:32:33 RAM 5263/7620MB (lfb 5x4MB) SWAP 10/3810MB (cached 0MB) CPU [9%@960,6%@960,94%@960,8%@960,0%@1497,5%@1497] GR3D_FREQ 0% cpu@50.343C soc2@49.781C soc0@49.812C gpu@51.375C tj@51.375C soc1@49.718C VDD_IN 4742mW/4843mW VDD_CPU_GPU_CV 1284mW/1344mW VDD_SOC 1406mW/1406mW"
car_video.mp4,2,5263,7620,0,"07-04-2026 16:32:34 RAM 5263/7620MB (lfb 5x4MB) SWAP 10/3810MB (cached 0MB) CPU [62%@1497,2%@1497,2%@1497,2%@1497,1%@729,24%@729] GR3D_FREQ 0% cpu@50.375C soc2@49.968C soc0@49.968C gpu@51.531C tj@51.531C soc1@49.781C VDD_IN 4870mW/4852mW VDD_CPU_GPU_CV 1366mW/1351mW VDD_SOC 1406mW/1406mW"
car_video.mp4,3,5265,7620,84,"07-04-2026 16:32:35 RAM 5265/7620MB (lfb 5x4MB) SWAP 10/3810MB (cached 0MB) CPU [26%@729,55%@729,9%@729,2%@729,2%@806,13%@806] GR3D_FREQ 84% cpu@50.062C soc2@49.781C soc0@50.031C gpu@52.062C tj@52.062C soc1@49.875C VDD_IN 5457mW/5003mW VDD_CPU_GPU_CV 1762mW/1454mW VDD_SOC 1444mW/1416mW"
car_video.mp4,4,5265,7620,0,"07-04-2026 16:32:36 RAM 5265/7620MB (lfb 5x4MB) SWAP 10/3810MB (cached 0MB) CPU [74%@1497,0%@1497,0%@1497,1%@1497,0%@729,16%@729] GR3D_FREQ 0% cpu@50.281C soc2@50C soc0@49.812C gpu@51.718C tj@51.718C soc1@49.718C VDD_IN 4790mW/4960mW VDD_CPU_GPU_CV 1326mW/1428mW VDD_SOC 1408mW/1414mW"
car_video.mp4,5,5263,7620,99,"07-04-2026 16:32:37 RAM 5263/7620MB (lfb 5x4MB) SWAP 10/3810MB (cached 0MB) CPU [11%@729,1%@729,1%@729,54%@729,0%@1190,18%@1190] GR3D_FREQ 99% cpu@50.062C soc2@49.906C soc0@49.906C gpu@52.218C tj@52.218C soc1@49.718C VDD_IN 6450mW/5209mW VDD_CPU_GPU_CV 2160mW/1550mW VDD_SOC 1720mW/1465mW"
car_video.mp4,6,5299,7620,0,"07-04-2026 16:32:38 RAM 5299/7620MB (lfb 3x4MB) SWAP 10/3810MB (cached 0MB) CPU [83%@1497,9%@1497,2%@1497,0%@1497,0%@729,10%@729] GR3D_FREQ 0% cpu@50.343C soc2@49.812C soc0@49.906C gpu@51.75C tj@51.75C soc1@49.781C VDD_IN 4823mW/5154mW VDD_CPU_GPU_CV 1326mW/1518mW VDD_SOC 1406mW/1457mW"
car_video.mp4,7,5275,7620,0,"07-04-2026 16:32:39 RAM 5275/7620MB (lfb 5x4MB) SWAP 10/3810MB (cached 0MB) CPU [1%@729,48%@729,3%@729,6%@729,1%@883,31%@883] GR3D_FREQ 0% cpu@50.093C soc2@49.812C soc0@49.968C gpu@51.625C tj@51.625C soc1@49.75C VDD_IN 5929mW/5251mW VDD_CPU_GPU_CV 1800mW/1554mW VDD_SOC 1602mW/1475mW"
car_video.mp4,8,5303,7620,0,"07-04-2026 16:32:40 RAM 5303/7620MB (lfb 3x4MB) SWAP 10/3810MB (cached 0MB) CPU [23%@1497,2%@1497,1%@1497,78%@1497,0%@729,0%@729] GR3D_FREQ 0% cpu@50.375C soc2@49.968C soc0@49.875C gpu@51.468C tj@51.468C soc1@49.937C VDD_IN 4750mW/5195mW VDD_CPU_GPU_CV 1286mW/1524mW VDD_SOC 1406mW/1467mW"
car_video.mp4,9,5275,7620,0,"07-04-2026 16:32:41 RAM 5275/7620MB (lfb 5x4MB) SWAP 10/3810MB (cached 0MB) CPU [31%@1497,2%@1497,0%@1497,24%@1497,1%@1344,27%@1344] GR3D_FREQ 0% cpu@50.25C soc2@49.781C soc0@49.937C gpu@51.656C tj@51.656C soc1@49.75C VDD_IN 5417mW/5217mW VDD_CPU_GPU_CV 1602mW/1532mW VDD_SOC 1484mW/1469mW"
car_video.mp4,10,5304,7620,0,"07-04-2026 16:32:42 RAM 5304/7620MB (lfb 3x4MB) SWAP 10/3810MB (cached 0MB) CPU [4%@1497,1%@1497,42%@1497,56%@1497,0%@729,0%@729] GR3D_FREQ 0% cpu@50.468C soc2@49.781C soc0@49.906C gpu@51.531C tj@51.531C soc1@49.656C VDD_IN 4709mW/5171mW VDD_CPU_GPU_CV 1286mW/1509mW VDD_SOC 1368mW/1460mW"
car_video.mp4,11,5268,7620,0,"07-04-2026 16:32:43 RAM 5268/7620MB (lfb 5x4MB) SWAP 10/3810MB (cached 0MB) CPU [44%@1497,2%@1497,12%@1497,0%@1497,1%@729,28%@729] GR3D_FREQ 0% cpu@50.468C soc2@49.937C soc0@50C gpu@51.406C tj@51.406C soc1@49.718C VDD_IN 5064mW/5162mW VDD_CPU_GPU_CV 1444mW/1504mW VDD_SOC 1446mW/1459mW"
car_video.mp4,12,5270,7620,4,"07-04-2026 16:32:44 RAM 5270/7620MB (lfb 4x4MB) SWAP 10/3810MB (cached 0MB) CPU [40%@729,1%@729,2%@729,57%@729,0%@1190,6%@1190] GR3D_FREQ 4% cpu@49.968C soc2@49.75C soc0@49.968C gpu@51.468C tj@51.468C soc1@49.812C VDD_IN 4782mW/5133mW VDD_CPU_GPU_CV 1324mW/1490mW VDD_SOC 1406mW/1454mW"
car_video.mp4,13,5270,7620,0,"07-04-2026 16:32:45 RAM 5270/7620MB (lfb 4x4MB) SWAP 10/3810MB (cached 0MB) CPU [10%@729,2%@729,3%@729,1%@729,52%@1497,24%@1497] GR3D_FREQ 0% cpu@50.187C soc2@49.75C soc0@49.843C gpu@51.375C tj@51.375C soc1@49.718C VDD_IN 4911mW/5117mW VDD_CPU_GPU_CV 1406mW/1484mW VDD_SOC 1406mW/1451mW"
car_video.mp4,14,5274,7620,98,"07-04-2026 16:32:46 RAM 5274/7620MB (lfb 3x4MB) SWAP 10/3810MB (cached 0MB) CPU [1%@729,20%@729,11%@729,0%@729,57%@806,17%@806] GR3D_FREQ 98% cpu@50.062C soc2@49.843C soc0@49.875C gpu@51.656C tj@51.656C soc1@49.687C VDD_IN 5497mW/5142mW VDD_CPU_GPU_CV 1802mW/1505mW VDD_SOC 1482mW/1453mW"
car_video.mp4,15,5273,7620,0,"07-04-2026 16:32:47 RAM 5273/7620MB (lfb 3x4MB) SWAP 10/3810MB (cached 0MB) CPU [0%@729,2%@729,0%@729,2%@729,77%@1497,14%@1497] GR3D_FREQ 0% cpu@50.218C soc2@49.75C soc0@49.812C gpu@51.468C tj@51.468C soc1@49.718C VDD_IN 4750mW/5118mW VDD_CPU_GPU_CV 1326mW/1494mW VDD_SOC 1408mW/1450mW"
car_video.mp4,16,5267,7620,0,"07-04-2026 16:32:48 RAM 5267/7620MB (lfb 4x4MB) SWAP 10/3810MB (cached 0MB) CPU [2%@729,2%@729,54%@729,0%@729,18%@1036,15%@1036] GR3D_FREQ 0% cpu@50.125C soc2@49.75C soc0@49.937C gpu@51.843C tj@51.843C soc1@49.781C VDD_IN 6330mW/5189mW VDD_CPU_GPU_CV 2040mW/1526mW VDD_SOC 1682mW/1464mW"
car_video.mp4,17,5303,7620,0,"07-04-2026 16:32:49 RAM 5303/7620MB (lfb 3x4MB) SWAP 10/3810MB (cached 0MB) CPU [2%@729,2%@729,2%@729,4%@729,84%@1497,19%@1497] GR3D_FREQ 0% cpu@50.062C soc2@49.812C soc0@49.875C gpu@51.531C tj@51.531C soc1@49.843C VDD_IN 4823mW/5169mW VDD_CPU_GPU_CV 1326mW/1515mW VDD_SOC 1406mW/1461mW"
car_video.mp4,18,5271,7620,0,"07-04-2026 16:32:50 RAM 5271/7620MB (lfb 4x4MB) SWAP 10/3810MB (cached 0MB) CPU [1%@729,1%@729,0%@729,1%@729,10%@1344,73%@1344] GR3D_FREQ 0% cpu@50C soc2@49.75C soc0@49.812C gpu@51.531C tj@51.531C soc1@49.687C VDD_IN 5729mW/5198mW VDD_CPU_GPU_CV 1722mW/1526mW VDD_SOC 1562mW/1466mW"
car_video.mp4,19,5303,7620,0,"07-04-2026 16:32:51 RAM 5303/7620MB (lfb 3x4MB) SWAP 10/3810MB (cached 0MB) CPU [1%@1497,1%@1497,1%@1497,29%@1497,73%@729,0%@729] GR3D_FREQ 0% cpu@50.406C soc2@49.687C soc0@49.812C gpu@51.375C tj@51.375C soc1@49.718C VDD_IN 4750mW/5176mW VDD_CPU_GPU_CV 1286mW/1514mW VDD_SOC 1406mW/1463mW"
car_video.mp4,20,5270,7620,0,"07-04-2026 16:32:52 RAM 5270/7620MB (lfb 3x4MB) SWAP 10/3810MB (cached 0MB) CPU [1%@729,2%@729,1%@729,26%@729,27%@1497,30%@1497] GR3D_FREQ 0% cpu@50.093C soc2@49.75C soc0@49.906C gpu@51.468C tj@51.468C soc1@49.718C VDD_IN 5265mW/5180mW VDD_CPU_GPU_CV 1524mW/1514mW VDD_SOC 1484mW/1464mW"
car_video.mp4,21,5302,7620,0,"07-04-2026 16:32:53 RAM 5302/7620MB (lfb 3x4MB) SWAP 10/3810MB (cached 0MB) CPU [9%@729,1%@729,2%@729,0%@729,91%@1497,0%@1497] GR3D_FREQ 0% cpu@50.125C soc2@49.812C soc0@49.937C gpu@51.25C tj@51.25C soc1@49.906C VDD_IN 4669mW/5157mW VDD_CPU_GPU_CV 1286mW/1504mW VDD_SOC 1368mW/1460mW"
car_video.mp4,22,5272,7620,0,"07-04-2026 16:32:54 RAM 5272/7620MB (lfb 4x4MB) SWAP 10/3810MB (cached 0MB) CPU [21%@729,3%@729,3%@729,4%@729,20%@1497,42%@1497] GR3D_FREQ 0% cpu@50.093C soc2@49.812C soc0@49.812C gpu@51.656C tj@51.656C soc1@49.718C VDD_IN 5024mW/5151mW VDD_CPU_GPU_CV 1444mW/1501mW VDD_SOC 1446mW/1459mW"
car_video.mp4,23,5271,7620,0,"07-04-2026 16:32:55 RAM 5271/7620MB (lfb 3x4MB) SWAP 10/3810MB (cached 0MB) CPU [59%@1497,0%@1497,2%@1497,1%@1497,0%@729,44%@729] GR3D_FREQ 0% cpu@50.562C soc2@49.781C soc0@49.843C gpu@51.625C tj@51.625C soc1@49.75C VDD_IN 4702mW/5132mW VDD_CPU_GPU_CV 1286mW/1492mW VDD_SOC 1406mW/1457mW"
car_video.mp4,24,5271,7620,0,"07-04-2026 16:32:56 RAM 5271/7620MB (lfb 3x4MB) SWAP 10/3810MB (cached 0MB) CPU [24%@729,1%@729,2%@729,0%@729,0%@1497,58%@1497] GR3D_FREQ 0% cpu@50.093C soc2@49.718C soc0@49.843C gpu@51.593C tj@51.593C soc1@49.875C VDD_IN 4870mW/5122mW VDD_CPU_GPU_CV 1366mW/1487mW VDD_SOC 1406mW/1455mW"
car_video.mp4,25,5268,7620,95,"07-04-2026 16:32:57 RAM 5268/7620MB (lfb 3x4MB) SWAP 10/3810MB (cached 0MB) CPU [17%@883,55%@883,1%@883,2%@883,7%@729,26%@729] GR3D_FREQ 95% cpu@50.218C soc2@49.843C soc0@50C gpu@52.031C tj@52.031C soc1@49.812C VDD_IN 5577mW/5139mW VDD_CPU_GPU_CV 1802mW/1499mW VDD_SOC 1482mW/1456mW"
car_video.mp4,26,5267,7620,0,"07-04-2026 16:32:58 RAM 5267/7620MB (lfb 3x4MB) SWAP 10/3810MB (cached 0MB) CPU [15%@729,1%@729,3%@729,1%@729,0%@1497,74%@1497] GR3D_FREQ 0% cpu@49.968C soc2@49.718C soc0@49.843C gpu@51.468C tj@51.468C soc1@49.687C VDD_IN 4750mW/5125mW VDD_CPU_GPU_CV 1326mW/1493mW VDD_SOC 1408mW/1454mW"
car_video.mp4,27,5260,7620,52,"07-04-2026 16:32:59 RAM 5260/7620MB (lfb 4x4MB) SWAP 10/3810MB (cached 0MB) CPU [64%@1344,5%@1344,2%@1344,2%@1344,8%@729,11%@729] GR3D_FREQ 52% cpu@50.187C soc2@49.906C soc0@49.843C gpu@51.937C tj@51.937C soc1@49.625C VDD_IN 6450mW/5172mW VDD_CPU_GPU_CV 2120mW/1515mW VDD_SOC 1680mW/1462mW"
car_video.mp4,28,5299,7620,0,"07-04-2026 16:33:00 RAM 5299/7620MB (lfb 3x4MB) SWAP 10/3810MB (cached 0MB) CPU [18%@1497,1%@1497,2%@1497,1%@1497,83%@729,0%@729] GR3D_FREQ 0% cpu@50.5C soc2@49.812C soc0@49.875C gpu@51.375C tj@51.375C soc1@49.75C VDD_IN 4823mW/5160mW VDD_CPU_GPU_CV 1326mW/1509mW VDD_SOC 1406mW/1460mW"
car_video.mp4,29,5270,7620,0,"07-04-2026 16:33:01 RAM 5270/7620MB (lfb 4x4MB) SWAP 10/3810MB (cached 0MB) CPU [33%@729,2%@729,12%@729,2%@729,47%@1267,3%@1267] GR3D_FREQ 0% cpu@49.968C soc2@49.843C soc0@50.031C gpu@51.531C tj@51.531C soc1@49.75C VDD_IN 5729mW/5179mW VDD_CPU_GPU_CV 1722mW/1516mW VDD_SOC 1562mW/1464mW"
car_video.mp4,30,5301,7620,0,"07-04-2026 16:33:02 RAM 5301/7620MB (lfb 3x4MB) SWAP 10/3810MB (cached 0MB) CPU [0%@729,0%@729,2%@729,1%@729,72%@1497,29%@1497] GR3D_FREQ 0% cpu@49.968C soc2@49.75C soc0@49.906C gpu@51.406C tj@51.406C soc1@49.75C VDD_IN 4750mW/5165mW VDD_CPU_GPU_CV 1286mW/1509mW VDD_SOC 1406mW/1462mW"
car_video.mp4,31,5270,7620,0,"07-04-2026 16:33:03 RAM 5270/7620MB (lfb 3x4MB) SWAP 10/3810MB (cached 0MB) CPU [31%@729,0%@729,3%@729,1%@729,26%@1497,26%@1497] GR3D_FREQ 0% cpu@50.187C soc2@49.718C soc0@49.843C gpu@51.687C tj@51.687C soc1@49.625C VDD_IN 5256mW/5168mW VDD_CPU_GPU_CV 1524mW/1509mW VDD_SOC 1444mW/1461mW"
car_video.mp4,32,5301,7620,0,"07-04-2026 16:33:04 RAM 5301/7620MB (lfb 3x4MB) SWAP 10/3810MB (cached 0MB) CPU [7%@1497,48%@1497,7%@1497,5%@1497,59%@729,0%@729] GR3D_FREQ 0% cpu@50.156C soc2@49.718C soc0@49.781C gpu@51.687C tj@51.687C soc1@49.718C VDD_IN 4742mW/5155mW VDD_CPU_GPU_CV 1326mW/1504mW VDD_SOC 1366mW/1458mW"
car_video.mp4,33,5269,7620,0,"07-04-2026 16:33:05 RAM 5269/7620MB (lfb 4x4MB) SWAP 10/3810MB (cached 0MB) CPU [10%@729,11%@729,4%@729,0%@729,45%@1497,18%@1497] GR3D_FREQ 0% cpu@50.312C soc2@49.75C soc0@49.968C gpu@51.75C tj@51.75C soc1@49.75C VDD_IN 5104mW/5154mW VDD_CPU_GPU_CV 1484mW/1503mW VDD_SOC 1446mW/1458mW"
car_video.mp4,34,5271,7620,90,"07-04-2026 16:33:06 RAM 5271/7620MB (lfb 5x4MB) SWAP 10/3810MB (cached 0MB) CPU [1%@729,53%@729,2%@729,1%@729,45%@1036,2%@1036] GR3D_FREQ 90% cpu@50C soc2@49.75C soc0@49.968C gpu@51.531C tj@51.531C soc1@49.75C VDD_IN 4702mW/5141mW VDD_CPU_GPU_CV 1284mW/1497mW VDD_SOC 1366mW/1455mW"
car_video.mp4,35,5273,7620,0,"07-04-2026 16:33:07 RAM 5273/7620MB (lfb 5x4MB) SWAP 10/3810MB (cached 0MB) CPU [24%@729,0%@729,1%@729,0%@729,2%@1497,59%@1497] GR3D_FREQ 0% cpu@49.968C soc2@49.75C soc0@49.843C gpu@51.406C tj@51.406C soc1@49.687C VDD_IN 4830mW/5132mW VDD_CPU_GPU_CV 1366mW/1493mW VDD_SOC 1406mW/1454mW"
car_video.mp4,36,5274,7620,97,"07-04-2026 16:33:08 RAM 5274/7620MB (lfb 5x4MB) SWAP 10/3810MB (cached 0MB) CPU [14%@729,26%@729,3%@729,2%@729,32%@729,34%@729] GR3D_FREQ 97% cpu@50.093C soc2@49.843C soc0@49.812C gpu@51.843C tj@51.843C soc1@49.656C VDD_IN 5457mW/5141mW VDD_CPU_GPU_CV 1762mW/1500mW VDD_SOC 1444mW/1454mW"
car_video.mp4,37,5275,7620,0,"07-04-2026 16:33:09 RAM 5275/7620MB (lfb 5x4MB) SWAP 10/3810MB (cached 0MB) CPU [5%@729,2%@729,5%@729,2%@729,14%@1497,72%@1497] GR3D_FREQ 0% cpu@50.25C soc2@49.656C soc0@49.906C gpu@51.25C tj@51.25C soc1@49.718C VDD_IN 4790mW/5132mW VDD_CPU_GPU_CV 1366mW/1497mW VDD_SOC 1408mW/1452mW"
car_video.mp4,38,5263,7620,99,"07-04-2026 16:33:10 RAM 5263/7620MB (lfb 5x4MB) SWAP 10/3810MB (cached 0MB) CPU [54%@729,1%@729,1%@729,1%@729,20%@1113,12%@1113] GR3D_FREQ 99% cpu@49.968C soc2@49.843C soc0@49.968C gpu@51.937C tj@51.937C soc1@49.75C VDD_IN 6450mW/5166mW VDD_CPU_GPU_CV 2160mW/1514mW VDD_SOC 1720mW/1459mW"
car_video.mp4,39,5293,7620,0,"07-04-2026 16:33:11 RAM 5293/7620MB (lfb 3x4MB) SWAP 10/3810MB (cached 0MB) CPU [3%@1497,1%@1497,1%@1497,18%@1497,0%@1497,84%@1497] GR3D_FREQ 0% cpu@50.406C soc2@49.656C soc0@49.843C gpu@51.281C tj@51.437C soc1@49.718C VDD_IN 4782mW/5156mW VDD_CPU_GPU_CV 1326mW/1509mW VDD_SOC 1406mW/1458mW"
car_video.mp4,40,5268,7620,0,"07-04-2026 16:33:12 RAM 5268/7620MB (lfb 5x4MB) SWAP 10/3810MB (cached 0MB) CPU [0%@1113,1%@1113,1%@1113,78%@1113,1%@729,3%@729] GR3D_FREQ 0% cpu@50.093C soc2@49.843C soc0@49.875C gpu@51.625C tj@51.625C soc1@49.718C VDD_IN 6009mW/5177mW VDD_CPU_GPU_CV 1840mW/1517mW VDD_SOC 1642mW/1462mW"
car_video.mp4,41,5301,7620,0,"07-04-2026 16:33:13 RAM 5301/7620MB (lfb 3x4MB) SWAP 10/3810MB (cached 0MB) CPU [3%@1497,1%@1497,4%@1497,19%@1497,0%@729,81%@729] GR3D_FREQ 0% cpu@50.687C soc2@49.718C soc0@49.875C gpu@51.468C tj@51.468C soc1@49.718C VDD_IN 4823mW/5168mW VDD_CPU_GPU_CV 1324mW/1513mW VDD_SOC 1406mW/1461mW"
car_video.mp4,42,5267,7620,0,"07-04-2026 16:33:14 RAM 5267/7620MB (lfb 4x4MB) SWAP 10/3810MB (cached 0MB) CPU [2%@729,0%@729,0%@729,59%@729,0%@1497,24%@1497] GR3D_FREQ 0% cpu@50.281C soc2@49.75C soc0@49.875C gpu@51.625C tj@51.625C soc1@49.781C VDD_IN 5417mW/5174mW VDD_CPU_GPU_CV 1602mW/1515mW VDD_SOC 1524mW/1463mW"
car_video.mp4,43,5294,7620,0,"07-04-2026 16:33:15 RAM 5294/7620MB (lfb 3x4MB) SWAP 10/3810MB (cached 0MB) CPU [1%@1497,41%@1497,1%@1497,2%@1497,0%@729,61%@729] GR3D_FREQ 0% cpu@50.062C soc2@49.843C soc0@49.781C gpu@51.5C tj@51.5C soc1@49.875C VDD_IN 4702mW/5163mW VDD_CPU_GPU_CV 1326mW/1510mW VDD_SOC 1366mW/1460mW"
car_video.mp4,44,5262,7620,0,"07-04-2026 16:33:16 RAM 5262/7620MB (lfb 5x4MB) SWAP 10/3810MB (cached 0MB) CPU [1%@729,14%@729,1%@729,28%@729,0%@1497,42%@1497] GR3D_FREQ 0% cpu@50.031C soc2@49.718C soc0@49.812C gpu@51.312C tj@51.312C soc1@49.687C VDD_IN 5104mW/5162mW VDD_CPU_GPU_CV 1484mW/1510mW VDD_SOC 1446mW/1460mW"
car_video.mp4,45,5265,7620,0,"07-04-2026 16:33:17 RAM 5265/7620MB (lfb 4x4MB) SWAP 10/3810MB (cached 0MB) CPU [3%@1497,55%@1497,2%@1497,6%@1497,0%@729,43%@729] GR3D_FREQ 0% cpu@50.593C soc2@49.75C soc0@49.875C gpu@51.312C tj@51.312C soc1@49.687C VDD_IN 4742mW/5153mW VDD_CPU_GPU_CV 1286mW/1505mW VDD_SOC 1406mW/1459mW"
car_video.mp4,46,5266,7620,0,"07-04-2026 16:33:18 RAM 5266/7620MB (lfb 4x4MB) SWAP 10/3810MB (cached 0MB) CPU [2%@1497,11%@1497,2%@1497,26%@1497,0%@1497,57%@1497] GR3D_FREQ 0% cpu@50.281C soc2@49.718C soc0@49.906C gpu@51.375C tj@51.375C soc1@49.687C VDD_IN 5016mW/5150mW VDD_CPU_GPU_CV 1482mW/1504mW VDD_SOC 1404mW/1458mW"
car_video.mp4,47,5266,7620,86,"07-04-2026 16:33:19 RAM 5266/7620MB (lfb 3x4MB) SWAP 10/3810MB (cached 0MB) CPU [2%@729,54%@729,3%@729,10%@729,5%@806,30%@806] GR3D_FREQ 86% cpu@50.125C soc2@49.781C soc0@49.937C gpu@51.843C tj@51.843C soc1@49.843C VDD_IN 5457mW/5156mW VDD_CPU_GPU_CV 1762mW/1510mW VDD_SOC 1484mW/1458mW"
car_video.mp4,48,5268,7620,0,"07-04-2026 16:33:20 RAM 5268/7620MB (lfb 3x4MB) SWAP 10/3810MB (cached 0MB) CPU [1%@729,0%@729,1%@729,0%@729,71%@1497,18%@1497] GR3D_FREQ 0% cpu@50.156C soc2@49.656C soc0@49.875C gpu@51.218C tj@51.218C soc1@49.718C VDD_IN 4790mW/5149mW VDD_CPU_GPU_CV 1326mW/1506mW VDD_SOC 1408mW/1457mW"
car_video.mp4,49,5264,7620,96,"07-04-2026 16:33:21 RAM 5264/7620MB (lfb 3x4MB) SWAP 10/3810MB (cached 0MB) CPU [1%@729,2%@729,53%@729,1%@729,12%@1036,18%@1036] GR3D_FREQ 96% cpu@50.031C soc2@49.906C soc0@49.906C gpu@52.187C tj@52.187C soc1@49.656C VDD_IN 6450mW/5175mW VDD_CPU_GPU_CV 2160mW/1519mW VDD_SOC 1680mW/1462mW"
car_video.mp4,50,5297,7620,0,"07-04-2026 16:33:22 RAM 5297/7620MB (lfb 3x4MB) SWAP 10/3810MB (cached 0MB) CPU [2%@1497,0%@1497,8%@1497,1%@1497,83%@729,11%@729] GR3D_FREQ 0% cpu@50.625C soc2@49.625C soc0@49.843C gpu@51.625C tj@51.625C soc1@49.812C VDD_IN 4823mW/5168mW VDD_CPU_GPU_CV 1326mW/1515mW VDD_SOC 1406mW/1461mW"
car_video.mp4,51,5266,7620,0,"07-04-2026 16:33:23 RAM 5266/7620MB (lfb 4x4MB) SWAP 10/3810MB (cached 0MB) CPU [2%@729,1%@729,49%@729,3%@729,5%@806,31%@806] GR3D_FREQ 0% cpu@49.968C soc2@49.75C soc0@49.875C gpu@51.5C tj@51.5C soc1@49.843C VDD_IN 5969mW/5183mW VDD_CPU_GPU_CV 1840mW/1522mW VDD_SOC 1602mW/1463mW"
car_video.mp4,52,5298,7620,0,"07-04-2026 16:33:24 RAM 5298/7620MB (lfb 3x4MB) SWAP 10/3810MB (cached 0MB) CPU [1%@1497,1%@1497,0%@1497,21%@1497,80%@1497,0%@729] GR3D_FREQ 0% cpu@50.281C soc2@49.656C soc0@49.843C gpu@51.281C tj@51.281C soc1@49.718C VDD_IN 4750mW/5175mW VDD_CPU_GPU_CV 1326mW/1518mW VDD_SOC 1406mW/1462mW"
car_video.mp4,53,5267,7620,0,"07-04-2026 16:33:25 RAM 5267/7620MB (lfb 3x4MB) SWAP 10/3810MB (cached 0MB) CPU [1%@729,1%@729,2%@729,35%@729,19%@1497,30%@1497] GR3D_FREQ 0% cpu@50.5C soc2@49.718C soc0@49.843C gpu@51.406C tj@51.406C soc1@49.718C VDD_IN 5497mW/5181mW VDD_CPU_GPU_CV 1642mW/1520mW VDD_SOC 1524mW/1463mW"
car_video.mp4,54,5299,7620,0,"07-04-2026 16:33:26 RAM 5299/7620MB (lfb 3x4MB) SWAP 10/3810MB (cached 0MB) CPU [2%@1497,1%@1497,1%@1497,37%@1497,64%@729,0%@729] GR3D_FREQ 0% cpu@50.125C soc2@49.687C soc0@49.843C gpu@51.312C tj@51.625C soc1@49.656C VDD_IN 4709mW/5173mW VDD_CPU_GPU_CV 1286mW/1516mW VDD_SOC 1368mW/1462mW"
car_video.mp4,55,5266,7620,0,"07-04-2026 16:33:27 RAM 5266/7620MB (lfb 4x4MB) SWAP 10/3810MB (cached 0MB) CPU [1%@729,0%@729,1%@729,16%@729,35%@1497,30%@1497] GR3D_FREQ 0% cpu@50.218C soc2@49.656C soc0@49.937C gpu@51.625C tj@51.625C soc1@49.781C VDD_IN 5104mW/5171mW VDD_CPU_GPU_CV 1444mW/1515mW VDD_SOC 1446mW/1461mW"
car_video.mp4,56,5269,7620,0,"07-04-2026 16:33:28 RAM 5269/7620MB (lfb 3x4MB) SWAP 10/3810MB (cached 0MB) CPU [2%@1497,3%@1497,4%@1497,52%@1497,50%@729,0%@729] GR3D_FREQ 0% cpu@50.281C soc2@49.781C soc0@49.781C gpu@51.593C tj@51.593C soc1@49.625C VDD_IN 4782mW/5165mW VDD_CPU_GPU_CV 1324mW/1511mW VDD_SOC 1406mW/1460mW"
car_video.mp4,57,5271,7620,0,"07-04-2026 16:33:29 RAM 5271/7620MB (lfb 3x4MB) SWAP 10/3810MB (cached 0MB) CPU [3%@1497,49%@1497,1%@1497,3%@1497,11%@729,32%@729] GR3D_FREQ 0% cpu@50.093C soc2@49.625C soc0@49.875C gpu@51.625C tj@51.343C soc1@49.718C VDD_IN 4983mW/5161mW VDD_CPU_GPU_CV 1446mW/1510mW VDD_SOC 1406mW/1459mW"
car_video.mp4,58,5272,7620,94,"07-04-2026 16:33:30 RAM 5272/7620MB (lfb 3x4MB) SWAP 10/3810MB (cached 0MB) CPU [55%@729,36%@729,1%@729,0%@729,0%@1420,9%@1420] GR3D_FREQ 94% cpu@49.968C soc2@49.656C soc0@49.937C gpu@51.656C tj@51.656C soc1@49.718C VDD_IN 4782mW/5155mW VDD_CPU_GPU_CV 1366mW/1508mW VDD_SOC 1366mW/1458mW"
car_video.mp4,59,5270,7620,0,"07-04-2026 16:33:31 RAM 5270/7620MB (lfb 4x4MB) SWAP 10/3810MB (cached 0MB) CPU [1%@729,52%@729,1%@729,1%@729,11%@1497,23%@1497] GR3D_FREQ 0% cpu@50.031C soc2@49.875C soc0@49.968C gpu@51.375C tj@51.375C soc1@49.843C VDD_IN 4830mW/5150mW VDD_CPU_GPU_CV 1366mW/1505mW VDD_SOC 1406mW/1457mW"
car_video.mp4,60,5267,7620,98,"07-04-2026 16:33:32 RAM 5267/7620MB (lfb 3x4MB) SWAP 10/3810MB (cached 0MB) CPU [52%@729,2%@729,1%@729,1%@729,24%@1036,18%@1036] GR3D_FREQ 98% cpu@49.843C soc2@49.718C soc0@49.843C gpu@52.062C tj@52.062C soc1@49.687C VDD_IN 5537mW/5156mW VDD_CPU_GPU_CV 1802mW/1510mW VDD_SOC 1484mW/1457mW"
car_video.mp4,61,5268,7620,0,"07-04-2026 16:33:33 RAM 5268/7620MB (lfb 3x4MB) SWAP 10/3810MB (cached 0MB) CPU [1%@729,1%@729,6%@729,1%@729,0%@1497,90%@1497] GR3D_FREQ 0% cpu@50.093C soc2@49.656C soc0@49.843C gpu@51.687C tj@51.687C soc1@49.718C VDD_IN 4830mW/5151mW VDD_CPU_GPU_CV 1366mW/1508mW VDD_SOC 1406mW/1457mW"
car_video.mp4,62,5271,7620,0,"07-04-2026 16:33:34 RAM 5271/7620MB (lfb 5x4MB) SWAP 10/3810MB (cached 0MB) CPU [25%@1344,0%@1344,2%@1344,56%@1344,1%@729,5%@729] GR3D_FREQ 0% cpu@50.468C soc2@49.875C soc0@49.937C gpu@51.656C tj@51.656C soc1@49.75C VDD_IN 6330mW/5169mW VDD_CPU_GPU_CV 2040mW/1516mW VDD_SOC 1680mW/1460mW"
car_video.mp4,63,5301,7620,0,"07-04-2026 16:33:35 RAM 5301/7620MB (lfb 3x4MB) SWAP 10/3810MB (cached 0MB) CPU [8%@1497,11%@1497,2%@1497,1%@1497,0%@729,84%@729] GR3D_FREQ 0% cpu@50C soc2@49.781C soc0@49.906C gpu@51.375C tj@51.375C soc1@49.781C VDD_IN 4782mW/5163mW VDD_CPU_GPU_CV 1326mW/1513mW VDD_SOC 1406mW/1459mW"
car_video.mp4,64,5272,7620,0,"07-04-2026 16:33:36 RAM 5272/7620MB (lfb 3x4MB) SWAP 10/3810MB (cached 0MB) CPU [13%@729,43%@729,2%@729,0%@729,19%@1113,7%@1113] GR3D_FREQ 0% cpu@49.937C soc2@49.781C soc0@49.781C gpu@51.531C tj@51.531C soc1@49.718C VDD_IN 5769mW/5173mW VDD_CPU_GPU_CV 1720mW/1517mW VDD_SOC 1602mW/1462mW"
car_video.mp4,65,5304,7620,0,"07-04-2026 16:33:37 RAM 5304/7620MB (lfb 3x4MB) SWAP 10/3810MB (cached 0MB) CPU [0%@1497,0%@1497,27%@1497,2%@1497,0%@1497,75%@1497] GR3D_FREQ 0% cpu@50.625C soc2@49.718C soc0@49.875C gpu@51.531C tj@51.531C soc1@49.593C VDD_IN 4750mW/5166mW VDD_CPU_GPU_CV 1326mW/1514mW VDD_SOC 1406mW/1461mW"
car_video.mp4,66,5271,7620,0,"07-04-2026 16:33:38 RAM 5271/7620MB (lfb 4x4MB) SWAP 10/3810MB (cached 0MB) CPU [1%@729,4%@729,30%@729,2%@729,30%@1497,25%@1497] GR3D_FREQ 0% cpu@50.031C soc2@49.812C soc0@49.875C gpu@51.593C tj@51.406C soc1@49.812C VDD_IN 5417mW/5170mW VDD_CPU_GPU_CV 1602mW/1515mW VDD_SOC 1484mW/1461mW"
car_video.mp4,67,5302,7620,0,"07-04-2026 16:33:39 RAM 5302/7620MB (lfb 3x4MB) SWAP 10/3810MB (cached 0MB) CPU [34%@729,1%@729,3%@729,14%@729,11%@1497,56%@1497] GR3D_FREQ 0% cpu@50.312C soc2@49.718C soc0@50C gpu@51.25C tj@51.25C soc1@49.781C VDD_IN 4782mW/5164mW VDD_CPU_GPU_CV 1324mW/1512mW VDD_SOC 1366mW/1460mW"
car_video.mp4,68,5272,7620,0,"07-04-2026 16:33:40 RAM 5272/7620MB (lfb 5x4MB) SWAP 10/3810MB (cached 0MB) CPU [1%@729,0%@729,0%@729,1%@729,22%@1497,60%@1497] GR3D_FREQ 0% cpu@50.062C soc2@49.687C soc0@49.906C gpu@51.343C tj@51.343C soc1@49.718C VDD_IN 5024mW/5162mW VDD_CPU_GPU_CV 1446mW/1511mW VDD_SOC 1446mW/1459mW"
car_video.mp4,69,5271,7620,44,"07-04-2026 16:33:41 RAM 5271/7620MB (lfb 3x4MB) SWAP 10/3810MB (cached 0MB) CPU [3%@729,19%@729,9%@729,3%@729,39%@1420,42%@1420] GR3D_FREQ 44% cpu@50.062C soc2@49.625C soc0@49.75C gpu@51.5C tj@51.5C soc1@49.718C VDD_IN 4742mW/5156mW VDD_CPU_GPU_CV 1324mW/1509mW VDD_SOC 1366mW/1458mW"
car_video.mp4,70,5272,7620,0,"07-04-2026 16:33:42 RAM 5272/7620MB (lfb 3x4MB) SWAP 10/3810MB (cached 0MB) CPU [3%@1113,0%@1190,2%@1190,1%@1190,25%@1497,61%@1497] GR3D_FREQ 0% cpu@50.25C soc2@49.75C soc0@49.937C gpu@51.343C tj@51.343C soc1@49.656C VDD_IN 4870mW/5152mW VDD_CPU_GPU_CV 1366mW/1507mW VDD_SOC 1406mW/1457mW"
car_video.mp4,71,5275,7620,97,"07-04-2026 16:33:43 RAM 5275/7620MB (lfb 2x4MB) SWAP 10/3810MB (cached 0MB) CPU [5%@729,3%@729,10%@729,4%@729,58%@729,36%@729] GR3D_FREQ 97% cpu@49.781C soc2@49.781C soc0@49.937C gpu@51.906C tj@51.906C soc1@49.718C VDD_IN 5537mW/5158mW VDD_CPU_GPU_CV 1802mW/1511mW VDD_SOC 1444mW/1457mW"
car_video.mp4,72,5271,7620,0,"07-04-2026 16:33:44 RAM 5271/7620MB (lfb 2x4MB) SWAP 10/3810MB (cached 0MB) CPU [0%@729,2%@729,1%@729,0%@729,74%@1497,15%@1497] GR3D_FREQ 0% cpu@50.156C soc2@49.75C soc0@50C gpu@51.437C tj@51.375C soc1@49.625C VDD_IN 4790mW/5153mW VDD_CPU_GPU_CV 1326mW/1508mW VDD_SOC 1408mW/1457mW"
car_video.mp4,73,5275,7620,0,"07-04-2026 16:33:45 RAM 5275/7620MB (lfb 2x4MB) SWAP 10/3810MB (cached 0MB) CPU [1%@729,2%@729,2%@729,54%@729,10%@1113,23%@1113] GR3D_FREQ 0% cpu@50.031C soc2@49.75C soc0@49.875C gpu@51.656C tj@51.656C soc1@49.687C VDD_IN 6330mW/5168mW VDD_CPU_GPU_CV 2080mW/1516mW VDD_SOC 1682mW/1460mW"
car_video.mp4,74,5306,7620,0,"07-04-2026 16:33:46 RAM 5306/7620MB (lfb 2x4MB) SWAP 10/3810MB (cached 0MB) CPU [13%@1497,1%@1497,1%@1497,0%@1497,81%@1497,7%@1497] GR3D_FREQ 0% cpu@50.5C soc2@49.875C soc0@49.875C gpu@51.281C tj@51.281C soc1@49.781C VDD_IN 4823mW/5164mW VDD_CPU_GPU_CV 1326mW/1513mW VDD_SOC 1406mW/1459mW"
car_video.mp4,75,5273,7620,0,"07-04-2026 16:33:47 RAM 5273/7620MB (lfb 2x4MB) SWAP 10/3810MB (cached 0MB) CPU [43%@729,0%@729,0%@729,1%@729,10%@1420,30%@1420] GR3D_FREQ 0% cpu@50.281C soc2@49.781C soc0@49.906C gpu@51.437C tj@51.437C soc1@49.625C VDD_IN 5729mW/5171mW VDD_CPU_GPU_CV 1762mW/1517mW VDD_SOC 1562mW/1460mW"
car_video.mp4,76,5304,7620,0,"07-04-2026 16:33:48 RAM 5304/7620MB (lfb 2x4MB) SWAP 10/3810MB (cached 0MB) CPU [29%@1497,3%@1497,2%@1497,2%@1497,73%@729,0%@729] GR3D_FREQ 0% cpu@50.187C soc2@49.937C soc0@49.906C gpu@51.312C tj@51.312C soc1@49.843C VDD_IN 4790mW/5166mW VDD_CPU_GPU_CV 1326mW/1514mW VDD_SOC 1406mW/1460mW"
car_video.mp4,77,5271,7620,0,"07-04-2026 16:33:49 RAM 5271/7620MB (lfb 2x4MB) SWAP 10/3810MB (cached 0MB) CPU [26%@729,2%@729,1%@729,12%@729,28%@1497,28%@1497] GR3D_FREQ 0% cpu@50.218C soc2@49.843C soc0@49.875C gpu@51.375C tj@51.375C soc1@49.687C VDD_IN 5457mW/5170mW VDD_CPU_GPU_CV 1682mW/1516mW VDD_SOC 1484mW/1460mW"
car_video.mp4,78,5300,7620,0,"07-04-2026 16:33:50 RAM 5300/7620MB (lfb 2x4MB) SWAP 10/3810MB (cached 0MB) CPU [2%@1497,47%@1497,4%@1497,1%@1497,55%@883,0%@883] GR3D_FREQ 0% cpu@50.218C soc2@49.781C soc0@49.906C gpu@51.593C tj@51.593C soc1@49.75C VDD_IN 4709mW/5164mW VDD_CPU_GPU_CV 1286mW/1513mW VDD_SOC 1366mW/1459mW"
car_video.mp4,79,5270,7620,0,"07-04-2026 16:33:51 RAM 5270/7620MB (lfb 3x4MB) SWAP 10/3810MB (cached 0MB) CPU [1%@729,7%@729,1%@729,1%@729,29%@1497,46%@1497] GR3D_FREQ 0% cpu@50.25C soc2@49.781C soc0@49.906C gpu@51.593C tj@51.593C soc1@49.718C VDD_IN 5064mW/5163mW VDD_CPU_GPU_CV 1446mW/1513mW VDD_SOC 1446mW/1458mW"
car_video.mp4,80,5269,7620,90,"07-04-2026 16:33:52 RAM 5269/7620MB (lfb 5x4MB) SWAP 10/3810MB (cached 0MB) CPU [1%@729,2%@729,6%@729,52%@729,12%@729,37%@729] GR3D_FREQ 90% cpu@50C soc2@49.781C soc0@50.031C gpu@51.906C tj@51.906C soc1@49.906C VDD_IN 4903mW/5160mW VDD_CPU_GPU_CV 1444mW/1512mW VDD_SOC 1364mW/1457mW"
car_video.mp4,81,5271,7620,0,"07-04-2026 16:33:53 RAM 5271/7620MB (lfb 5x4MB) SWAP 10/3810MB (cached 0MB) CPU [2%@729,1%@729,2%@729,2%@729,25%@1497,62%@1497] GR3D_FREQ 0% cpu@50.093C soc2@49.781C soc0@50.062C gpu@51.625C tj@51.406C soc1@49.718C VDD_IN 4863mW/5156mW VDD_CPU_GPU_CV 1366mW/1510mW VDD_SOC 1406mW/1457mW"
car_video.mp4,82,5268,7620,99,"07-04-2026 16:33:54 RAM 5268/7620MB (lfb 4x4MB) SWAP 10/3810MB (cached 0MB) CPU [2%@1113,63%@1113,2%@1113,2%@1113,10%@729,21%@729] GR3D_FREQ 99% cpu@50.125C soc2@49.781C soc0@49.937C gpu@51.812C tj@51.812C soc1@49.781C VDD_IN 5497mW/5160mW VDD_CPU_GPU_CV 1762mW/1513mW VDD_SOC 1444mW/1457mW"
car_video.mp4,83,5272,7620,0,"07-04-2026 16:33:55 RAM 5272/7620MB (lfb 4x4MB) SWAP 10/3810MB (cached 0MB) CPU [78%@1497,14%@1497,0%@1497,0%@1497,0%@729,0%@729] GR3D_FREQ 0% cpu@50.437C soc2@49.906C soc0@49.937C gpu@51.5C tj@51.5C soc1@49.75C VDD_IN 4750mW/5155mW VDD_CPU_GPU_CV 1326mW/1511mW VDD_SOC 1408mW/1456mW"
car_video.mp4,84,5273,7620,0,"07-04-2026 16:33:56 RAM 5273/7620MB (lfb 4x4MB) SWAP 10/3810MB (cached 0MB) CPU [8%@1344,75%@1344,1%@1344,0%@1344,1%@729,1%@729] GR3D_FREQ 0% cpu@50.343C soc2@49.875C soc0@49.937C gpu@51.75C tj@51.75C soc1@49.812C VDD_IN 6330mW/5169mW VDD_CPU_GPU_CV 2040mW/1517mW VDD_SOC 1680mW/1459mW"
car_video.mp4,85,5303,7620,0,"07-04-2026 16:33:57 RAM 5303/7620MB (lfb 3x4MB) SWAP 10/3810MB (cached 0MB) CPU [1%@1497,6%@1497,1%@1497,11%@1497,1%@729,84%@729] GR3D_FREQ 0% cpu@50.156C soc2@49.781C soc0@50C gpu@51.437C tj@51.437C soc1@49.968C VDD_IN 4782mW/5165mW VDD_CPU_GPU_CV 1326mW/1515mW VDD_SOC 1406mW/1458mW"
car_video.mp4,86,5273,7620,0,"07-04-2026 16:33:58 RAM 5273/7620MB (lfb 4x4MB) SWAP 10/3810MB (cached 0MB) CPU [3%@729,29%@729,1%@729,47%@729,0%@806,10%@806] GR3D_FREQ 0% cpu@50.062C soc2@49.781C soc0@49.906C gpu@51.781C tj@51.781C soc1@49.656C VDD_IN 5809mW/5172mW VDD_CPU_GPU_CV 1800mW/1518mW VDD_SOC 1562mW/1459mW"
car_video.mp4,87,5295,7620,0,"07-04-2026 16:33:59 RAM 5295/7620MB (lfb 3x4MB) SWAP 10/3810MB (cached 0MB) CPU [28%@1497,0%@1497,2%@1497,1%@1497,0%@729,72%@729] GR3D_FREQ 0% cpu@50.5C soc2@49.937C soc0@49.875C gpu@51.718C tj@51.718C soc1@49.781C VDD_IN 4742mW/5167mW VDD_CPU_GPU_CV 1326mW/1516mW VDD_SOC 1406mW/1459mW"
car_video.mp4,88,5262,7620,0,"07-04-2026 16:34:00 RAM 5262/7620MB (lfb 5x4MB) SWAP 10/3810MB (cached 0MB) CPU [36%@729,13%@729,2%@729,16%@729,35%@1497,3%@1497] GR3D_FREQ 0% cpu@50.312C soc2@49.75C soc0@49.968C gpu@51.812C tj@51.812C soc1@49.718C VDD_IN 5256mW/5168mW VDD_CPU_GPU_CV 1524mW/1516mW VDD_SOC 1444mW/1458mW"
car_video.mp4,89,5296,7620,0,"07-04-2026 16:34:01 RAM 5296/7620MB (lfb 3x4MB) SWAP 10/3810MB (cached 0MB) CPU [1%@729,1%@729,1%@729,1%@729,56%@1497,44%@1497] GR3D_FREQ 0% cpu@50.187C soc2@49.75C soc0@49.968C gpu@51.75C tj@51.75C soc1@49.843C VDD_IN 4669mW/5163mW VDD_CPU_GPU_CV 1286mW/1513mW VDD_SOC 1368mW/1457mW"
car_video.mp4,90,5262,7620,0,"07-04-2026 16:34:02 RAM 5262/7620MB (lfb 4x4MB) SWAP 10/3810MB (cached 0MB) CPU [34%@729,1%@729,2%@729,0%@729,40%@1497,10%@1497] GR3D_FREQ 0% cpu@50.187C soc2@49.843C soc0@50.062C gpu@51.5C tj@51.5C soc1@49.718C VDD_IN 4983mW/5161mW VDD_CPU_GPU_CV 1404mW/1512mW VDD_SOC 1406mW/1457mW"
car_video.mp4,91,5264,7620,0,"07-04-2026 16:34:03 RAM 5264/7620MB (lfb 3x4MB) SWAP 10/3810MB (cached 0MB) CPU [3%@1497,1%@1497,4%@1497,54%@1497,57%@729,4%@729] GR3D_FREQ 0% cpu@50.406C soc2@49.781C soc0@49.812C gpu@51.5C tj@51.5C soc1@49.718C VDD_IN 4823mW/5157mW VDD_CPU_GPU_CV 1364mW/1511mW VDD_SOC 1404mW/1456mW"
car_video.mp4,92,5267,7620,0,"07-04-2026 16:34:04 RAM 5267/7620MB (lfb 3x4MB) SWAP 10/3810MB (cached 0MB) CPU [30%@729,2%@729,1%@729,2%@729,0%@1497,53%@1497] GR3D_FREQ 0% cpu@50.25C soc2@49.656C soc0@49.937C gpu@51.437C tj@51.437C soc1@49.75C VDD_IN 4943mW/5155mW VDD_CPU_GPU_CV 1404mW/1509mW VDD_SOC 1406mW/1456mW"
car_video.mp4,93,5295,7620,93,"07-04-2026 16:34:05 RAM 5295/7620MB (lfb 3x4MB) SWAP 10/3810MB (cached 0MB) CPU [64%@960,2%@960,0%@960,1%@960,1%@729,32%@729] GR3D_FREQ 93% cpu@50.062C soc2@49.968C soc0@50C gpu@52.093C tj@52.093C soc1@49.781C VDD_IN 5305mW/5156mW VDD_CPU_GPU_CV 1645mW/1511mW VDD_SOC 1484mW/1456mW"
car_video.mp4,94,5293,7620,0,"07-04-2026 16:34:06 RAM 5293/7620MB (lfb 3x4MB) SWAP 10/3810MB (cached 0MB) CPU [18%@729,1%@729,0%@729,0%@729,0%@1497,70%@1497] GR3D_FREQ 0% cpu@50C soc2@49.718C soc0@49.937C gpu@51.343C tj@51.343C soc1@49.875C VDD_IN 4830mW/5153mW VDD_CPU_GPU_CV 1366mW/1509mW VDD_SOC 1408mW/1456mW"
car_video.mp4,95,5297,7620,99,"07-04-2026 16:34:07 RAM 5297/7620MB (lfb 3x4MB) SWAP 10/3810MB (cached 0MB) CPU [17%@729,54%@729,1%@729,2%@729,1%@729,14%@729] GR3D_FREQ 99% cpu@50.062C soc2@49.812C soc0@49.875C gpu@52C tj@52C soc1@49.718C VDD_IN 6209mW/5164mW VDD_CPU_GPU_CV 2120mW/1516mW VDD_SOC 1642mW/1457mW"
car_video.mp4,96,5303,7620,0,"07-04-2026 16:34:08 RAM 5303/7620MB (lfb 3x4MB) SWAP 10/3810MB (cached 0MB) CPU [19%@1497,2%@1497,3%@1497,2%@1497,0%@1497,84%@1497] GR3D_FREQ 0% cpu@50.281C soc2@49.75C soc0@49.875C gpu@51.281C tj@51.281C soc1@49.687C VDD_IN 4863mW/5161mW VDD_CPU_GPU_CV 1366mW/1514mW VDD_SOC 1406mW/1457mW"
car_video.mp4,97,5298,7620,0,"07-04-2026 16:34:09 RAM 5298/7620MB (lfb 3x4MB) SWAP 10/3810MB (cached 0MB) CPU [60%@729,16%@729,2%@729,2%@729,0%@806,6%@806] GR3D_FREQ 0% cpu@50.187C soc2@49.843C soc0@49.937C gpu@51.656C tj@51.656C soc1@49.75C VDD_IN 5969mW/5169mW VDD_CPU_GPU_CV 1840mW/1517mW VDD_SOC 1642mW/1459mW"
car_video.mp4,98,5298,7620,0,"07-04-2026 16:34:10 RAM 5298/7620MB (lfb 2x4MB) SWAP 10/3810MB (cached 0MB) CPU [22%@1497,3%@1497,1%@1497,1%@1497,0%@729,79%@729] GR3D_FREQ 0% cpu@50.25C soc2@49.906C soc0@49.937C gpu@51.531C tj@51.531C soc1@49.812C VDD_IN 4782mW/5165mW VDD_CPU_GPU_CV 1326mW/1516mW VDD_SOC 1406mW/1458mW"
car_video.mp4,99,5299,7620,0,"07-04-2026 16:34:11 RAM 5299/7620MB (lfb 2x4MB) SWAP 10/3810MB (cached 0MB) CPU [32%@1497,30%@1497,0%@1497,22%@1497,1%@729,0%@729] GR3D_FREQ 0% cpu@50.343C soc2@49.875C soc0@50.062C gpu@51.593C tj@51.593C soc1@49.656C VDD_IN 5417mW/5168mW VDD_CPU_GPU_CV 1602mW/1516mW VDD_SOC 1484mW/1459mW"
car_video.mp4,100,5301,7620,0,"07-04-2026 16:34:12 RAM 5301/7620MB (lfb 1x4MB) SWAP 10/3810MB (cached 0MB) CPU [0%@1497,1%@1497,40%@1497,62%@1497,0%@729,0%@729] GR3D_FREQ 0% cpu@50.625C soc2@49.843C soc0@49.843C gpu@51.562C tj@51.562C soc1@49.656C VDD_IN 4709mW/5163mW VDD_CPU_GPU_CV 1326mW/1514mW VDD_SOC 1368mW/1458mW"
car_video.mp4,101,5302,7620,0,"07-04-2026 16:34:13 RAM 5302/7620MB (lfb 1x4MB) SWAP 10/3810MB (cached 0MB) CPU [2%@1497,32%@1497,16%@1497,40%@1497,2%@729,2%@729] GR3D_FREQ 0% cpu@50.312C soc2@49.75C soc0@49.937C gpu@51.593C tj@51.593C soc1@49.656C VDD_IN 5224mW/5164mW VDD_CPU_GPU_CV 1524mW/1515mW VDD_SOC 1484mW/1458mW"
car_video.mp4,102,5299,7620,0,"07-04-2026 16:34:14 RAM 5299/7620MB (lfb 1x4MB) SWAP 10/3810MB (cached 0MB) CPU [3%@1497,56%@1497,2%@1497,46%@1497,13%@729,0%@729] GR3D_FREQ 0% cpu@50.343C soc2@49.812C soc0@49.906C gpu@51.468C tj@51.468C soc1@49.718C VDD_IN 4823mW/5160mW VDD_CPU_GPU_CV 1364mW/1513mW VDD_SOC 1404mW/1457mW"
car_video.mp4,103,5303,7620,0,"07-04-2026 16:34:15 RAM 5303/7620MB (lfb 1x4MB) SWAP 10/3810MB (cached 0MB) CPU [1%@1497,27%@1497,2%@1497,56%@1497,1%@1497,0%@1497] GR3D_FREQ 0% cpu@50.312C soc2@49.843C soc0@50C gpu@51.687C tj@51.687C soc1@49.781C VDD_IN 4943mW/5158mW VDD_CPU_GPU_CV 1406mW/1512mW VDD_SOC 1406mW/1457mW"
car_video.mp4,104,5303,7620,93,"07-04-2026 16:34:16 RAM 5303/7620MB (lfb 1x4MB) SWAP 10/3810MB (cached 0MB) CPU [1%@806,16%@806,54%@806,26%@729,0%@729,0%@729] GR3D_FREQ 93% cpu@50.031C soc2@49.875C soc0@50.062C gpu@51.843C tj@51.843C soc1@49.718C VDD_IN 5417mW/5161mW VDD_CPU_GPU_CV 1722mW/1514mW VDD_SOC 1444mW/1457mW"
car_video.mp4,105,5303,7620,0,"07-04-2026 16:34:17 RAM 5303/7620MB (lfb 1x4MB) SWAP 10/3810MB (cached 0MB) CPU [3%@1497,17%@1497,0%@1497,72%@1497,1%@729,0%@729] GR3D_FREQ 0% cpu@50.343C soc2@49.781C soc0@49.906C gpu@51.375C tj@51.375C soc1@49.687C VDD_IN 4790mW/5157mW VDD_CPU_GPU_CV 1326mW/1512mW VDD_SOC 1408mW/1456mW"
car_video.mp4,106,5304,7620,99,"07-04-2026 16:34:18 RAM 5304/7620MB (lfb 1x4MB) SWAP 10/3810MB (cached 0MB) CPU [4%@729,1%@729,53%@729,32%@729,2%@729,0%@729] GR3D_FREQ 99% cpu@50.281C soc2@49.843C soc0@49.937C gpu@52.187C tj@52.187C soc1@49.718C VDD_IN 6450mW/5169mW VDD_CPU_GPU_CV 2160mW/1518mW VDD_SOC 1680mW/1458mW"
car_video.mp4,107,5301,7620,0,"07-04-2026 16:34:19 RAM 5301/7620MB (lfb 1x4MB) SWAP 10/3810MB (cached 0MB) CPU [3%@1497,83%@1497,0%@1497,19%@1497,1%@729,1%@729] GR3D_FREQ 0% cpu@50.468C soc2@49.781C soc0@50C gpu@51.406C tj@51.406C soc1@49.812C VDD_IN 4823mW/5166mW VDD_CPU_GPU_CV 1324mW/1517mW VDD_SOC 1406mW/1458mW"
car_video.mp4,108,5301,7620,0,"07-04-2026 16:34:20 RAM 5301/7620MB (lfb 1x4MB) SWAP 10/3810MB (cached 0MB) CPU [1%@806,5%@806,1%@806,77%@806,1%@729,1%@729] GR3D_FREQ 0% cpu@50.125C soc2@49.937C soc0@50.062C gpu@51.75C tj@51.75C soc1@49.843C VDD_IN 5929mW/5173mW VDD_CPU_GPU_CV 1800mW/1519mW VDD_SOC 1642mW/1460mW"
car_video.mp4,109,5298,7620,0,"07-04-2026 16:34:21 RAM 5298/7620MB (lfb 1x4MB) SWAP 10/3810MB (cached 0MB) CPU [1%@1497,78%@1497,26%@1497,4%@1497,1%@729,1%@729] GR3D_FREQ 0% cpu@50.468C soc2@49.718C soc0@49.875C gpu@51.625C tj@51.625C soc1@49.718C VDD_IN 4823mW/5170mW VDD_CPU_GPU_CV 1324mW/1517mW VDD_SOC 1406mW/1459mW"
car_video.mp4,110,5298,7620,0,"07-04-2026 16:34:22 RAM 5298/7620MB (lfb 1x4MB) SWAP 10/3810MB (cached 0MB) CPU [1%@1497,21%@1497,31%@1497,32%@1497,0%@729,1%@729] GR3D_FREQ 0% cpu@50.218C soc2@49.75C soc0@49.875C gpu@51.75C tj@51.75C soc1@49.718C VDD_IN 5377mW/5172mW VDD_CPU_GPU_CV 1562mW/1518mW VDD_SOC 1484mW/1459mW"
car_video.mp4,111,5296,7620,0,"07-04-2026 16:34:23 RAM 5296/7620MB (lfb 1x4MB) SWAP 10/3810MB (cached 0MB) CPU [2%@1497,58%@1497,2%@1497,41%@1497,3%@729,1%@729] GR3D_FREQ 0% cpu@50.25C soc2@49.718C soc0@50C gpu@51.687C tj@51.687C soc1@49.781C VDD_IN 4742mW/5168mW VDD_CPU_GPU_CV 1326mW/1516mW VDD_SOC 1366mW/1459mW"
car_video.mp4,112,5299,7620,0,"07-04-2026 16:34:24 RAM 5299/7620MB (lfb 1x4MB) SWAP 10/3810MB (cached 0MB) CPU [2%@729,2%@729,1%@729,46%@729,38%@1497,1%@1497] GR3D_FREQ 0% cpu@50.062C soc2@49.812C soc0@50C gpu@51.437C tj@51.437C soc1@49.843C VDD_IN 5104mW/5167mW VDD_CPU_GPU_CV 1444mW/1515mW VDD_SOC 1444mW/1458mW"
car_video.mp4,113,5298,7620,0,"07-04-2026 16:34:25 RAM 5298/7620MB (lfb 1x4MB) SWAP 10/3810MB (cached 0MB) CPU [0%@1497,1%@1497,0%@1497,51%@1497,61%@729,3%@729] GR3D_FREQ 0% cpu@50.343C soc2@49.843C soc0@49.812C gpu@51.437C tj@51.437C soc1@49.687C VDD_IN 4815mW/5164mW VDD_CPU_GPU_CV 1324mW/1514mW VDD_SOC 1404mW/1458mW"
car_video.mp4,114,5297,7620,0,"07-04-2026 16:34:26 RAM 5297/7620MB (lfb 1x4MB) SWAP 10/3810MB (cached 0MB) CPU [0%@729,1%@729,1%@729,26%@729,55%@1497,0%@1497] GR3D_FREQ 0% cpu@50.312C soc2@49.781C soc0@49.843C gpu@51.468C tj@51.468C soc1@49.687C VDD_IN 4903mW/5162mW VDD_CPU_GPU_CV 1406mW/1513mW VDD_SOC 1406mW/1457mW"
car_video.mp4,115,5298,7620,83,"07-04-2026 16:34:27 RAM 5298/7620MB (lfb 1x4MB) SWAP 10/3810MB (cached 0MB) CPU [53%@806,0%@806,1%@806,12%@806,30%@729,0%@729] GR3D_FREQ 83% cpu@50.125C soc2@49.843C soc0@49.843C gpu@52.187C tj@52.187C soc1@49.75C VDD_IN 5497mW/5165mW VDD_CPU_GPU_CV 1762mW/1515mW VDD_SOC 1484mW/1458mW"
car_video.mp4,116,5298,7620,0,"07-04-2026 16:34:28 RAM 5298/7620MB (lfb 1x4MB) SWAP 10/3810MB (cached 0MB) CPU [1%@729,2%@729,2%@729,21%@729,71%@1497,1%@1497] GR3D_FREQ 0% cpu@50.062C soc2@49.843C soc0@49.937C gpu@51.75C tj@51.75C soc1@49.906C VDD_IN 4830mW/5162mW VDD_CPU_GPU_CV 1366mW/1514mW VDD_SOC 1406mW/1457mW"
car_video.mp4,117,5299,7620,99,"07-04-2026 16:34:29 RAM 5299/7620MB (lfb 1x4MB) SWAP 10/3810MB (cached 0MB) CPU [1%@729,0%@729,1%@729,72%@729,12%@729,2%@729] GR3D_FREQ 99% cpu@50.125C soc2@49.875C soc0@49.843C gpu@52.156C tj@52.156C soc1@49.625C VDD_IN 6450mW/5173mW VDD_CPU_GPU_CV 2160mW/1519mW VDD_SOC 1720mW/1459mW"
car_video.mp4,118,5298,7620,0,"07-04-2026 16:34:30 RAM 5298/7620MB (lfb 1x4MB) SWAP 10/3810MB (cached 0MB) CPU [0%@1497,13%@1497,0%@1497,12%@1497,0%@1497,75%@1497] GR3D_FREQ 0% cpu@50.343C soc2@49.75C soc0@49.875C gpu@51.437C tj@51.437C soc1@49.718C VDD_IN 4823mW/5170mW VDD_CPU_GPU_CV 1324mW/1518mW VDD_SOC 1404mW/1459mW"
car_video.mp4,119,5300,7620,0,"07-04-2026 16:34:31 RAM 5300/7620MB (lfb 1x4MB) SWAP 10/3810MB (cached 0MB) CPU [1%@729,9%@729,1%@729,49%@729,23%@1497,2%@1497] GR3D_FREQ 0% cpu@50.343C soc2@49.812C soc0@49.937C gpu@51.531C tj@51.531C soc1@49.812C VDD_IN 5417mW/5172mW VDD_CPU_GPU_CV 1602mW/1518mW VDD_SOC 1484mW/1459mW"
car_video.mp4,120,5299,7620,0,"07-04-2026 16:34:32 RAM 5299/7620MB (lfb 1x4MB) SWAP 10/3810MB (cached 0MB) CPU [42%@1497,1%@1497,0%@1497,0%@1497,59%@883,1%@883] GR3D_FREQ 0% cpu@50.25C soc2@49.968C soc0@49.968C gpu@51.437C tj@51.437C soc1@49.781C VDD_IN 4709mW/5168mW VDD_CPU_GPU_CV 1286mW/1516mW VDD_SOC 1368mW/1458mW"
car_video.mp4,121,5298,7620,0,"07-04-2026 16:34:33 RAM 5298/7620MB (lfb 1x4MB) SWAP 10/3810MB (cached 0MB) CPU [13%@729,2%@729,5%@729,29%@729,43%@1497,0%@1497] GR3D_FREQ 0% cpu@50.25C soc2@49.843C soc0@49.843C gpu@51.406C tj@51.406C soc1@49.718C VDD_IN 5064mW/5167mW VDD_CPU_GPU_CV 1444mW/1516mW VDD_SOC 1446mW/1458mW"
car_video.mp4,122,5301,7620,0,"07-04-2026 16:34:34 RAM 5301/7620MB (lfb 1x4MB) SWAP 10/3810MB (cached 0MB) CPU [53%@1344,1%@1344,1%@1344,5%@1344,45%@729,2%@729] GR3D_FREQ 0% cpu@50.437C soc2@49.812C soc0@49.75C gpu@51.375C tj@51.375C soc1@49.625C VDD_IN 4702mW/5164mW VDD_CPU_GPU_CV 1286mW/1514mW VDD_SOC 1366mW/1458mW"
car_video.mp4,123,5301,7620,0,"07-04-2026 16:34:35 RAM 5301/7620MB (lfb 1x4MB) SWAP 10/3810MB (cached 0MB) CPU [1%@729,0%@729,0%@729,25%@729,56%@1497,0%@1497] GR3D_FREQ 0% cpu@50.093C soc2@49.812C soc0@49.968C gpu@51.343C tj@51.531C soc1@49.75C VDD_IN 4911mW/5162mW VDD_CPU_GPU_CV 1366mW/1513mW VDD_SOC 1406mW/1457mW"
car_video.mp4,124,5298,7620,97,"07-04-2026 16:34:36 RAM 5298/7620MB (lfb 2x4MB) SWAP 10/3810MB (cached 0MB) CPU [10%@729,9%@729,2%@729,12%@729,71%@729,2%@729] GR3D_FREQ 97% cpu@50.062C soc2@49.812C soc0@50C gpu@51.968C tj@51.968C soc1@49.875C VDD_IN 5497mW/5164mW VDD_CPU_GPU_CV 1762mW/1515mW VDD_SOC 1484mW/1457mW"
car_video.mp4,125,5298,7620,0,"07-04-2026 16:34:37 RAM 5298/7620MB (lfb 2x4MB) SWAP 10/3810MB (cached 0MB) CPU [0%@729,0%@729,1%@729,18%@729,71%@1497,0%@1497] GR3D_FREQ 0% cpu@50.125C soc2@49.812C soc0@49.906C gpu@51.531C tj@51.531C soc1@49.718C VDD_IN 4750mW/5161mW VDD_CPU_GPU_CV 1326mW/1513mW VDD_SOC 1368mW/1457mW"
car_video.mp4,126,5299,7620,99,"07-04-2026 16:34:38 RAM 5299/7620MB (lfb 2x4MB) SWAP 10/3810MB (cached 0MB) CPU [2%@729,5%@729,4%@729,4%@729,16%@729,68%@729] GR3D_FREQ 99% cpu@50.281C soc2@49.875C soc0@49.875C gpu@52.156C tj@52.156C soc1@49.718C VDD_IN 6370mW/5171mW VDD_CPU_GPU_CV 2120mW/1518mW VDD_SOC 1680mW/1458mW"
car_video.mp4,127,5296,7620,0,"07-04-2026 16:34:39 RAM 5296/7620MB (lfb 2x4MB) SWAP 10/3810MB (cached 0MB) CPU [1%@729,1%@729,1%@729,2%@729,82%@1497,18%@1497] GR3D_FREQ 0% cpu@50.25C soc2@49.781C soc0@49.875C gpu@51.375C tj@51.375C soc1@49.781C VDD_IN 4823mW/5168mW VDD_CPU_GPU_CV 1326mW/1516mW VDD_SOC 1406mW/1458mW"
car_video.mp4,128,5299,7620,0,"07-04-2026 16:34:40 RAM 5299/7620MB (lfb 2x4MB) SWAP 10/3810MB (cached 0MB) CPU [1%@729,2%@729,0%@729,0%@729,6%@883,76%@883] GR3D_FREQ 0% cpu@50.125C soc2@49.812C soc0@50C gpu@51.5C tj@51.5C soc1@49.812C VDD_IN 5969mW/5174mW VDD_CPU_GPU_CV 1840mW/1519mW VDD_SOC 1602mW/1459mW"
car_video.mp4,129,5293,7620,0,"07-04-2026 16:34:41 RAM 5293/7620MB (lfb 2x4MB) SWAP 10/3810MB (cached 0MB) CPU [1%@1497,1%@1497,26%@1497,1%@1497,76%@729,0%@729] GR3D_FREQ 0% cpu@50.5C soc2@49.812C soc0@49.937C gpu@51.437C tj@51.437C soc1@49.937C VDD_IN 4750mW/5171mW VDD_CPU_GPU_CV 1326mW/1517mW VDD_SOC 1406mW/1459mW"
car_video.mp4,130,5293,7620,0,"07-04-2026 16:34:42 RAM 5293/7620MB (lfb 2x4MB) SWAP 10/3810MB (cached 0MB) CPU [3%@729,0%@729,28%@729,0%@729,23%@1497,32%@1497] GR3D_FREQ 0% cpu@50.125C soc2@49.812C soc0@49.875C gpu@51.468C tj@51.468C soc1@49.718C VDD_IN 5377mW/5172mW VDD_CPU_GPU_CV 1564mW/1518mW VDD_SOC 1484mW/1459mW"
car_video.mp4,131,5296,7620,0,"07-04-2026 16:34:43 RAM 5296/7620MB (lfb 2x4MB) SWAP 10/3810MB (cached 0MB) CPU [2%@1497,42%@1497,4%@1497,1%@1497,61%@883,0%@883] GR3D_FREQ 0% cpu@50.375C soc2@49.843C soc0@49.843C gpu@51.375C tj@51.375C soc1@49.718C VDD_IN 4709mW/5169mW VDD_CPU_GPU_CV 1326mW/1516mW VDD_SOC 1366mW/1458mW"
car_video.mp4,132,5297,7620,0,"07-04-2026 16:34:44 RAM 5297/7620MB (lfb 2x4MB) SWAP 10/3810MB (cached 0MB) CPU [3%@729,26%@729,2%@729,1%@729,25%@1497,32%@1497] GR3D_FREQ 0% cpu@50.312C soc2@49.812C soc0@49.875C gpu@51.375C tj@51.687C soc1@49.718C VDD_IN 5064mW/5168mW VDD_CPU_GPU_CV 1444mW/1516mW VDD_SOC 1446mW/1458mW"
car_video.mp4,133,5294,7620,0,"07-04-2026 16:34:45 RAM 5294/7620MB (lfb 2x4MB) SWAP 10/3810MB (cached 0MB) CPU [2%@1497,53%@1497,1%@1497,1%@1497,48%@1420,1%@1420] GR3D_FREQ 0% cpu@50.25C soc2@49.75C soc0@49.906C gpu@51.625C tj@51.625C soc1@49.875C VDD_IN 4742mW/5165mW VDD_CPU_GPU_CV 1286mW/1514mW VDD_SOC 1406mW/1458mW"
car_video.mp4,134,5298,7620,0,"07-04-2026 16:34:46 RAM 5298/7620MB (lfb 2x4MB) SWAP 10/3810MB (cached 0MB) CPU [1%@729,0%@729,1%@729,1%@729,13%@1497,68%@1497] GR3D_FREQ 0% cpu@50C soc2@49.843C soc0@49.968C gpu@51.562C tj@51.562C soc1@49.843C VDD_IN 4943mW/5163mW VDD_CPU_GPU_CV 1406mW/1513mW VDD_SOC 1406mW/1457mW"
car_video.mp4,135,5293,7620,75,"07-04-2026 16:34:47 RAM 5293/7620MB (lfb 2x4MB) SWAP 10/3810MB (cached 0MB) CPU [2%@729,5%@729,1%@729,52%@729,17%@806,34%@806] GR3D_FREQ 75% cpu@50.125C soc2@49.812C soc0@49.781C gpu@52.187C tj@52.187C soc1@49.718C VDD_IN 5337mW/5164mW VDD_CPU_GPU_CV 1682mW/1515mW VDD_SOC 1444mW/1457mW"
car_video.mp4,136,5295,7620,0,"07-04-2026 16:34:48 RAM 5295/7620MB (lfb 2x4MB) SWAP 10/3810MB (cached 0MB) CPU [3%@729,3%@729,3%@729,1%@729,69%@1497,19%@1497] GR3D_FREQ 0% cpu@50.375C soc2@49.75C soc0@49.937C gpu@51.75C tj@51.75C soc1@49.75C VDD_IN 4830mW/5162mW VDD_CPU_GPU_CV 1366mW/1513mW VDD_SOC 1406mW/1457mW"
car_video.mp4,137,5291,7620,99,"07-04-2026 16:34:49 RAM 5291/7620MB (lfb 2x4MB) SWAP 10/3810MB (cached 0MB) CPU [3%@729,1%@729,2%@729,52%@729,14%@729,19%@729] GR3D_FREQ 99% cpu@50.031C soc2@49.875C soc0@49.968C gpu@52.062C tj@52.062C soc1@49.718C VDD_IN 6249mW/5170mW VDD_CPU_GPU_CV 2080mW/1518mW VDD_SOC 1642mW/1458mW"
car_video.mp4,138,5288,7620,0,"07-04-2026 16:34:50 RAM 5288/7620MB (lfb 2x4MB) SWAP 10/3810MB (cached 0MB) CPU [8%@1497,1%@1497,1%@1497,1%@1497,83%@1497,12%@1497] GR3D_FREQ 0% cpu@50.718C soc2@49.843C soc0@50C gpu@51.437C tj@51.437C soc1@49.906C VDD_IN 4823mW/5167mW VDD_CPU_GPU_CV 1326mW/1516mW VDD_SOC 1406mW/1458mW"
car_video.mp4,139,5288,7620,0,"07-04-2026 16:34:51 RAM 5288/7620MB (lfb 2x4MB) SWAP 10/3810MB (cached 0MB) CPU [50%@729,0%@729,1%@729,0%@729,3%@1497,32%@1497] GR3D_FREQ 0% cpu@50.125C soc2@49.781C soc0@49.875C gpu@51.656C tj@51.656C soc1@49.718C VDD_IN 6089mW/5174mW VDD_CPU_GPU_CV 1880mW/1519mW VDD_SOC 1640mW/1459mW"
car_video.mp4,140,5291,7620,0,"07-04-2026 16:34:52 RAM 5291/7620MB (lfb 2x4MB) SWAP 10/3810MB (cached 0MB) CPU [21%@1497,1%@1497,1%@1497,0%@1497,80%@1497,0%@1497] GR3D_FREQ 0% cpu@50.312C soc2@49.875C soc0@49.906C gpu@51.406C tj@51.406C soc1@49.781C VDD_IN 4782mW/5171mW VDD_CPU_GPU_CV 1324mW/1517mW VDD_SOC 1406mW/1459mW"
car_video.mp4,141,5292,7620,0,"07-04-2026 16:34:53 RAM 5292/7620MB (lfb 2x4MB) SWAP 10/3810MB (cached 0MB) CPU [34%@729,4%@729,1%@729,2%@729,19%@1497,28%@1497] GR3D_FREQ 0% cpu@50.375C soc2@49.843C soc0@49.968C gpu@51.531C tj@51.531C soc1@49.75C VDD_IN 5537mW/5174mW VDD_CPU_GPU_CV 1642mW/1518mW VDD_SOC 1522mW/1459mW"
car_video.mp4,142,5292,7620,0,"07-04-2026 16:34:54 RAM 5292/7620MB (lfb 2x4MB) SWAP 10/3810MB (cached 0MB) CPU [37%@1497,1%@1497,1%@1497,2%@1497,64%@1113,0%@1113] GR3D_FREQ 0% cpu@50.281C soc2@49.937C soc0@49.968C gpu@51.781C tj@51.781C soc1@49.781C VDD_IN 4709mW/5171mW VDD_CPU_GPU_CV 1326mW/1517mW VDD_SOC 1368mW/1459mW"
car_video.mp4,143,5294,7620,0,"07-04-2026 16:34:55 RAM 5294/7620MB (lfb 2x4MB) SWAP 10/3810MB (cached 0MB) CPU [17%@729,2%@729,2%@729,1%@729,45%@1497,21%@1497] GR3D_FREQ 0% cpu@50.062C soc2@49.843C soc0@50C gpu@51.437C tj@51.437C soc1@50C VDD_IN 5144mW/5170mW VDD_CPU_GPU_CV 1484mW/1517mW VDD_SOC 1444mW/1458mW"
car_video.mp4,144,5290,7620,0,"07-04-2026 16:34:56 RAM 5290/7620MB (lfb 2x4MB) SWAP 10/3810MB (cached 0MB) CPU [52%@1497,8%@1497,3%@1497,3%@1497,52%@729,0%@729] GR3D_FREQ 0% cpu@50.5C soc2@49.937C soc0@49.875C gpu@51.375C tj@51.375C soc1@49.687C VDD_IN 4782mW/5168mW VDD_CPU_GPU_CV 1324mW/1515mW VDD_SOC 1406mW/1458mW"
car_video.mp4,145,5290,7620,0,"07-04-2026 16:34:57 RAM 5290/7620MB (lfb 2x4MB) SWAP 10/3810MB (cached 0MB) CPU [3%@729,0%@729,1%@729,1%@729,49%@1497,30%@1497] GR3D_FREQ 0% cpu@50.218C soc2@49.75C soc0@49.843C gpu@51.437C tj@51.437C soc1@49.718C VDD_IN 4983mW/5166mW VDD_CPU_GPU_CV 1404mW/1515mW VDD_SOC 1406mW/1458mW"
car_video.mp4,146,5289,7620,96,"07-04-2026 16:34:58 RAM 5289/7620MB (lfb 2x4MB) SWAP 10/3810MB (cached 0MB) CPU [5%@729,6%@729,3%@729,54%@729,50%@806,3%@806] GR3D_FREQ 96% cpu@50.312C soc2@49.843C soc0@49.968C gpu@51.531C tj@51.656C soc1@49.718C VDD_IN 4815mW/5164mW VDD_CPU_GPU_CV 1364mW/1514mW VDD_SOC 1364mW/1457mW"
car_video.mp4,147,5290,7620,0,"07-04-2026 16:34:59 RAM 5290/7620MB (lfb 2x4MB) SWAP 10/3810MB (cached 0MB) CPU [1%@729,1%@729,1%@729,1%@729,24%@1497,61%@1497] GR3D_FREQ 0% cpu@50C soc2@49.843C soc0@50C gpu@51.531C tj@51.531C soc1@49.843C VDD_IN 4870mW/5162mW VDD_CPU_GPU_CV 1366mW/1513mW VDD_SOC 1406mW/1457mW"
car_video.mp4,148,5292,7620,99,"07-04-2026 16:35:00 RAM 5292/7620MB (lfb 2x4MB) SWAP 10/3810MB (cached 0MB) CPU [18%@729,2%@729,12%@729,0%@729,50%@960,26%@960] GR3D_FREQ 99% cpu@50.031C soc2@49.906C soc0@49.875C gpu@51.968C tj@51.968C soc1@49.937C VDD_IN 5729mW/5166mW VDD_CPU_GPU_CV 1883mW/1515mW VDD_SOC 1522mW/1457mW"
car_video.mp4,149,5292,7620,0,"07-04-2026 16:35:01 RAM 5292/7620MB (lfb 2x4MB) SWAP 10/3810MB (cached 0MB) CPU [0%@729,0%@729,1%@729,1%@729,79%@1497,13%@1497] GR3D_FREQ 0% cpu@50.343C soc2@49.781C soc0@49.843C gpu@51.625C tj@51.625C soc1@49.781C VDD_IN 4790mW/5163mW VDD_CPU_GPU_CV 1326mW/1514mW VDD_SOC 1406mW/1457mW"
car_video.mp4,150,5293,7620,0,"07-04-2026 16:35:02 RAM 5293/7620MB (lfb 2x4MB) SWAP 10/3810MB (cached 0MB) CPU [1%@729,53%@729,1%@729,1%@729,3%@1497,29%@1497] GR3D_FREQ 0% cpu@50.343C soc2@49.843C soc0@50.031C gpu@51.593C tj@51.593C soc1@49.781C VDD_IN 6129mW/5170mW VDD_CPU_GPU_CV 1960mW/1517mW VDD_SOC 1640mW/1458mW"
car_video.mp4,151,5291,7620,0,"07-04-2026 16:35:03 RAM 5291/7620MB (lfb 2x4MB) SWAP 10/3810MB (cached 0MB) CPU [24%@1497,1%@1497,3%@1497,1%@1497,0%@1497,82%@1497] GR3D_FREQ 0% cpu@50.312C soc2@50.031C soc0@49.968C gpu@51.468C tj@51.468C soc1@49.843C VDD_IN 4782mW/5167mW VDD_CPU_GPU_CV 1326mW/1516mW VDD_SOC 1406mW/1458mW"
car_video.mp4,152,5291,7620,0,"07-04-2026 16:35:04 RAM 5291/7620MB (lfb 2x4MB) SWAP 10/3810MB (cached 0MB) CPU [33%@729,2%@729,2%@729,1%@729,38%@1497,13%@1497] GR3D_FREQ 0% cpu@50.031C soc2@49.906C soc0@49.843C gpu@51.468C tj@51.468C soc1@49.875C VDD_IN 5457mW/5169mW VDD_CPU_GPU_CV 1602mW/1516mW VDD_SOC 1524mW/1458mW"
car_video.mp4,153,5287,7620,0,"07-04-2026 16:35:05 RAM 5287/7620MB (lfb 2x4MB) SWAP 10/3810MB (cached 0MB) CPU [1%@1497,36%@1497,1%@1497,1%@1497,66%@729,0%@729] GR3D_FREQ 0% cpu@50.218C soc2@49.812C soc0@49.937C gpu@51.531C tj@51.531C soc1@49.718C VDD_IN 4709mW/5166mW VDD_CPU_GPU_CV 1286mW/1515mW VDD_SOC 1368mW/1458mW"
car_video.mp4,154,5287,7620,0,"07-04-2026 16:35:06 RAM 5287/7620MB (lfb 2x4MB) SWAP 10/3810MB (cached 0MB) CPU [1%@729,18%@729,3%@729,0%@729,36%@1497,30%@1497] GR3D_FREQ 0% cpu@50.312C soc2@49.843C soc0@50C gpu@51.593C tj@51.593C soc1@49.687C VDD_IN 5184mW/5166mW VDD_CPU_GPU_CV 1524mW/1515mW VDD_SOC 1446mW/1458mW"
car_video.mp4,155,5290,7620,0,"07-04-2026 16:35:07 RAM 5290/7620MB (lfb 2x4MB) SWAP 10/3810MB (cached 0MB) CPU [52%@1497,0%@1497,0%@1497,1%@1497,50%@729,0%@729] GR3D_FREQ 0% cpu@50.281C soc2@49.937C soc0@49.906C gpu@51.625C tj@51.625C soc1@49.781C VDD_IN 4742mW/5163mW VDD_CPU_GPU_CV 1286mW/1513mW VDD_SOC 1406mW/1457mW"
car_video.mp4,156,5290,7620,0,"07-04-2026 16:35:08 RAM 5290/7620MB (lfb 2x4MB) SWAP 10/3810MB (cached 0MB) CPU [3%@729,4%@729,2%@729,4%@729,49%@1497,32%@1497] GR3D_FREQ 0% cpu@50.468C soc2@49.875C soc0@50.031C gpu@51.593C tj@51.593C soc1@49.812C VDD_IN 4943mW/5162mW VDD_CPU_GPU_CV 1406mW/1513mW VDD_SOC 1406mW/1457mW"
car_video.mp4,157,5296,7620,92,"07-04-2026 16:35:09 RAM 5296/7620MB (lfb 2x4MB) SWAP 10/3810MB (cached 0MB) CPU [2%@729,26%@729,1%@729,8%@729,70%@1344,1%@1344] GR3D_FREQ 92% cpu@50.031C soc2@49.812C soc0@49.843C gpu@52.062C tj@52.062C soc1@49.718C VDD_IN 5056mW/5161mW VDD_CPU_GPU_CV 1524mW/1513mW VDD_SOC 1404mW/1457mW"
car_video.mp4,158,5294,7620,0,"07-04-2026 16:35:10 RAM 5294/7620MB (lfb 2x4MB) SWAP 10/3810MB (cached 0MB) CPU [2%@729,1%@729,1%@729,1%@729,66%@1497,21%@1497] GR3D_FREQ 0% cpu@50.218C soc2@49.781C soc0@49.968C gpu@51.437C tj@51.437C soc1@49.718C VDD_IN 4830mW/5159mW VDD_CPU_GPU_CV 1366mW/1512mW VDD_SOC 1406mW/1456mW"
car_video.mp4,159,5296,7620,99,"07-04-2026 16:35:11 RAM 5296/7620MB (lfb 2x4MB) SWAP 10/3810MB (cached 0MB) CPU [2%@729,1%@729,3%@729,1%@729,20%@729,68%@729] GR3D_FREQ 99% cpu@50.156C soc2@49.812C soc0@50C gpu@52.093C tj@52.093C soc1@49.781C VDD_IN 5969mW/5164mW VDD_CPU_GPU_CV 2040mW/1515mW VDD_SOC 1562mW/1457mW"
car_video.mp4,160,5295,7620,0,"07-04-2026 16:35:12 RAM 5295/7620MB (lfb 2x4MB) SWAP 10/3810MB (cached 0MB) CPU [1%@729,1%@729,1%@729,0%@729,82%@1497,12%@1497] GR3D_FREQ 0% cpu@50.25C soc2@49.75C soc0@50C gpu@51.406C tj@51.406C soc1@49.906C VDD_IN 4750mW/5162mW VDD_CPU_GPU_CV 1286mW/1514mW VDD_SOC 1408mW/1457mW"
car_video.mp4,161,5295,7620,0,"07-04-2026 16:35:14 RAM 5295/7620MB (lfb 2x4MB) SWAP 10/3810MB (cached 0MB) CPU [2%@729,3%@729,2%@729,52%@729,5%@1497,28%@1497] GR3D_FREQ 0% cpu@50C soc2@49.906C soc0@49.937C gpu@51.687C tj@51.687C soc1@49.937C VDD_IN 6129mW/5168mW VDD_CPU_GPU_CV 1960mW/1516mW VDD_SOC 1640mW/1458mW"
car_video.mp4,162,5294,7620,0,"07-04-2026 16:35:15 RAM 5294/7620MB (lfb 2x4MB) SWAP 10/3810MB (cached 0MB) CPU [1%@1497,0%@1497,3%@1497,16%@1497,83%@1497,2%@1497] GR3D_FREQ 0% cpu@50.343C soc2@49.718C soc0@49.906C gpu@51.593C tj@51.593C soc1@49.781C VDD_IN 4782mW/5165mW VDD_CPU_GPU_CV 1326mW/1515mW VDD_SOC 1406mW/1457mW"
car_video.mp4,163,5295,7620,0,"07-04-2026 16:35:16 RAM 5295/7620MB (lfb 1x4MB) SWAP 10/3810MB (cached 0MB) CPU [0%@729,0%@729,0%@729,39%@729,12%@1497,31%@1497] GR3D_FREQ 0% cpu@50.312C soc2@49.812C soc0@49.968C gpu@51.687C tj@51.687C soc1@49.687C VDD_IN 5568mW/5168mW VDD_CPU_GPU_CV 1642mW/1516mW VDD_SOC 1522mW/1458mW"
car_video.mp4,164,5291,7620,0,"07-04-2026 16:35:17 RAM 5291/7620MB (lfb 1x4MB) SWAP 10/3810MB (cached 0MB) CPU [3%@1497,32%@1497,1%@1497,0%@1497,70%@729,0%@729] GR3D_FREQ 0% cpu@50.218C soc2@49.75C soc0@49.937C gpu@51.687C tj@51.687C soc1@49.812C VDD_IN 4702mW/5165mW VDD_CPU_GPU_CV 1286mW/1515mW VDD_SOC 1366mW/1457mW"
car_video.mp4,165,5291,7620,0,"07-04-2026 16:35:18 RAM 5291/7620MB (lfb 1x4MB) SWAP 10/3810MB (cached 0MB) CPU [1%@729,18%@729,2%@729,0%@729,36%@1497,30%@1497] GR3D_FREQ 0% cpu@50.125C soc2@49.875C soc0@50.031C gpu@51.781C tj@51.781C soc1@49.781C VDD_IN 5184mW/5165mW VDD_CPU_GPU_CV 1484mW/1514mW VDD_SOC 1444mW/1457mW"
car_video.mp4,166,5295,7620,0,"07-04-2026 16:35:19 RAM 5295/7620MB (lfb 1x4MB) SWAP 10/3810MB (cached 0MB) CPU [18%@729,4%@729,4%@729,1%@729,83%@1497,2%@1497] GR3D_FREQ 0% cpu@49.968C soc2@49.781C soc0@49.937C gpu@51.437C tj@51.437C soc1@49.718C VDD_IN 4742mW/5163mW VDD_CPU_GPU_CV 1284mW/1513mW VDD_SOC 1406mW/1457mW"
car_video.mp4,167,5293,7620,0,"07-04-2026 16:35:20 RAM 5293/7620MB (lfb 1x4MB) SWAP 10/3810MB (cached 0MB) CPU [2%@729,1%@729,2%@729,1%@729,56%@1497,25%@1497] GR3D_FREQ 0% cpu@50.218C soc2@49.781C soc0@49.906C gpu@51.531C tj@51.531C soc1@49.75C VDD_IN 4943mW/5161mW VDD_CPU_GPU_CV 1364mW/1512mW VDD_SOC 1406mW/1457mW"
car_video.mp4,168,5287,7620,99,"07-04-2026 16:35:21 RAM 5287/7620MB (lfb 1x4MB) SWAP 10/3810MB (cached 0MB) CPU [2%@729,3%@729,3%@729,12%@729,36%@1113,62%@1113] GR3D_FREQ 99% cpu@50.25C soc2@49.812C soc0@49.937C gpu@51.906C tj@51.906C soc1@49.75C VDD_IN 5144mW/5161mW VDD_CPU_GPU_CV 1524mW/1512mW VDD_SOC 1444mW/1456mW"
car_video.mp4,169,5287,7620,0,"07-04-2026 16:35:22 RAM 5287/7620MB (lfb 1x4MB) SWAP 10/3810MB (cached 0MB) CPU [3%@729,3%@729,3%@729,3%@729,64%@1497,23%@1497] GR3D_FREQ 0% cpu@50.531C soc2@49.875C soc0@50.062C gpu@51.781C tj@51.781C soc1@49.875C VDD_IN 4943mW/5160mW VDD_CPU_GPU_CV 1404mW/1511mW VDD_SOC 1406mW/1456mW"
car_video.mp4,170,5290,7620,84,"07-04-2026 16:35:23 RAM 5290/7620MB (lfb 1x4MB) SWAP 10/3810MB (cached 0MB) CPU [2%@729,54%@729,2%@729,1%@729,22%@1267,18%@1267] GR3D_FREQ 84% cpu@49.968C soc2@49.937C soc0@49.968C gpu@51.843C tj@51.843C soc1@49.718C VDD_IN 5698mW/5163mW VDD_CPU_GPU_CV 1883mW/1514mW VDD_SOC 1524mW/1457mW"
car_video.mp4,171,5290,7620,0,"07-04-2026 16:35:24 RAM 5290/7620MB (lfb 1x4MB) SWAP 10/3810MB (cached 0MB) CPU [3%@729,3%@729,3%@729,1%@729,74%@1497,13%@1497] GR3D_FREQ 0% cpu@50.437C soc2@49.75C soc0@50C gpu@51.406C tj@51.531C soc1@49.718C VDD_IN 4750mW/5161mW VDD_CPU_GPU_CV 1326mW/1513mW VDD_SOC 1408mW/1456mW"
car_video.mp4,172,5291,7620,99,"07-04-2026 16:35:25 RAM 5291/7620MB (lfb 1x4MB) SWAP 10/3810MB (cached 0MB) CPU [1%@729,1%@729,2%@729,54%@729,13%@729,19%@729] GR3D_FREQ 99% cpu@50.406C soc2@49.906C soc0@49.968C gpu@52.187C tj@52.187C soc1@49.812C VDD_IN 6410mW/5168mW VDD_CPU_GPU_CV 2120mW/1516mW VDD_SOC 1680mW/1458mW"
car_video.mp4,173,5289,7620,0,"07-04-2026 16:35:26 RAM 5289/7620MB (lfb 1x4MB) SWAP 10/3810MB (cached 0MB) CPU [2%@1497,2%@1497,1%@1497,3%@1497,84%@1497,13%@1497] GR3D_FREQ 0% cpu@50.437C soc2@49.812C soc0@50.031C gpu@51.562C tj@51.562C soc1@49.906C VDD_IN 4782mW/5166mW VDD_CPU_GPU_CV 1286mW/1515mW VDD_SOC 1406mW/1457mW"
car_video.mp4,174,5289,7620,0,"07-04-2026 16:35:27 RAM 5289/7620MB (lfb 1x4MB) SWAP 10/3810MB (cached 0MB) CPU [2%@729,1%@729,2%@729,50%@729,3%@1497,30%@1497] GR3D_FREQ 0% cpu@50.062C soc2@49.843C soc0@49.968C gpu@51.687C tj@51.687C soc1@49.687C VDD_IN 6089mW/5171mW VDD_CPU_GPU_CV 1880mW/1517mW VDD_SOC 1640mW/1458mW"
car_video.mp4,175,5285,7620,0,"07-04-2026 16:35:28 RAM 5285/7620MB (lfb 1x4MB) SWAP 10/3810MB (cached 0MB) CPU [1%@1497,0%@1497,1%@1497,20%@1497,82%@729,0%@729] GR3D_FREQ 0% cpu@50.312C soc2@49.781C soc0@49.875C gpu@51.562C tj@51.562C soc1@49.75C VDD_IN 4742mW/5169mW VDD_CPU_GPU_CV 1286mW/1516mW VDD_SOC 1406mW/1458mW"
car_video.mp4,176,5293,7620,0,"07-04-2026 16:35:29 RAM 5293/7620MB (lfb 1x4MB) SWAP 10/3810MB (cached 0MB) CPU [6%@729,4%@729,5%@729,43%@729,18%@1497,31%@1497] GR3D_FREQ 0% cpu@50.437C soc2@49.812C soc0@50C gpu@51.5C tj@51.5C soc1@49.812C VDD_IN 5698mW/5172mW VDD_CPU_GPU_CV 1762mW/1517mW VDD_SOC 1522mW/1458mW"
car_video.mp4,177,5295,7620,0,"07-04-2026 16:35:30 RAM 5295/7620MB (lfb 1x4MB) SWAP 10/3810MB (cached 0MB) CPU [2%@1497,38%@1497,3%@1497,2%@1497,63%@729,0%@729] GR3D_FREQ 0% cpu@50.156C soc2@49.843C soc0@50C gpu@51.437C tj@51.437C soc1@49.875C VDD_IN 4742mW/5169mW VDD_CPU_GPU_CV 1326mW/1516mW VDD_SOC 1366mW/1458mW"
car_video.mp4,178,5295,7620,0,"07-04-2026 16:35:31 RAM 5295/7620MB (lfb 1x4MB) SWAP 10/3810MB (cached 0MB) CPU [3%@729,14%@729,13%@729,0%@729,42%@1497,30%@1497] GR3D_FREQ 0% cpu@50.187C soc2@49.843C soc0@50.093C gpu@51.437C tj@51.437C soc1@49.906C VDD_IN 5144mW/5169mW VDD_CPU_GPU_CV 1484mW/1516mW VDD_SOC 1446mW/1458mW"
car_video.mp4,179,5291,7620,0,"07-04-2026 16:35:32 RAM 5291/7620MB (lfb 1x4MB) SWAP 10/3810MB (cached 0MB) CPU [55%@1497,0%@1497,2%@1497,1%@1497,47%@1497,1%@1497] GR3D_FREQ 0% cpu@50.281C soc2@49.968C soc0@49.937C gpu@51.468C tj@51.468C soc1@49.781C VDD_IN 4702mW/5166mW VDD_CPU_GPU_CV 1286mW/1514mW VDD_SOC 1406mW/1458mW"
car_video.mp4,180,5295,7620,0,"07-04-2026 16:35:33 RAM 5295/7620MB (lfb 1x4MB) SWAP 10/3810MB (cached 0MB) CPU [0%@729,1%@729,0%@729,1%@729,54%@1497,29%@1497] GR3D_FREQ 0% cpu@50.531C soc2@49.875C soc0@49.968C gpu@51.468C tj@51.468C soc1@49.812C VDD_IN 5024mW/5166mW VDD_CPU_GPU_CV 1444mW/1514mW VDD_SOC 1446mW/1457mW"
car_video.mp4,181,5298,7620,0,"07-04-2026 16:35:34 RAM 5298/7620MB (lfb 1x4MB) SWAP 10/3810MB (cached 0MB) CPU [26%@729,2%@729,17%@729,3%@729,19%@1497,28%@1497] GR3D_FREQ 0% cpu@50.281C soc2@49.875C soc0@50C gpu@51.562C tj@51.687C soc1@49.906C VDD_IN 5337mW/5167mW VDD_CPU_GPU_CV 1562mW/1514mW VDD_SOC 1484mW/1458mW"
car_video.mp4,182,5294,7620,0,"07-04-2026 16:35:35 RAM 5294/7620MB (lfb 1x4MB) SWAP 10/3810MB (cached 0MB) CPU [1%@1497,1%@1497,2%@1497,41%@1497,0%@883,61%@883] GR3D_FREQ 0% cpu@50.312C soc2@49.843C soc0@50.031C gpu@51.593C tj@51.593C soc1@49.906C VDD_IN 4702mW/5164mW VDD_CPU_GPU_CV 1286mW/1513mW VDD_SOC 1366mW/1457mW"
car_video.mp4,183,5294,7620,0,"07-04-2026 16:35:36 RAM 5294/7620MB (lfb 1x4MB) SWAP 10/3810MB (cached 0MB) CPU [14%@729,17%@729,0%@729,12%@729,1%@1497,39%@1497] GR3D_FREQ 0% cpu@50.093C soc2@49.906C soc0@49.968C gpu@51.75C tj@51.75C soc1@49.968C VDD_IN 5104mW/5164mW VDD_CPU_GPU_CV 1444mW/1513mW VDD_SOC 1446mW/1457mW"
car_video.mp4,184,5291,7620,0,"07-04-2026 16:35:37 RAM 5291/7620MB (lfb 1x4MB) SWAP 10/3810MB (cached 0MB) CPU [1%@1497,55%@1497,0%@1497,1%@1497,1%@729,47%@729] GR3D_FREQ 0% cpu@50.312C soc2@49.843C soc0@49.906C gpu@51.687C tj@51.687C soc1@49.718C VDD_IN 4702mW/5161mW VDD_CPU_GPU_CV 1286mW/1511mW VDD_SOC 1406mW/1457mW"
car_video.mp4,185,5291,7620,0,"07-04-2026 16:35:38 RAM 5291/7620MB (lfb 1x4MB) SWAP 10/3810MB (cached 0MB) CPU [2%@729,24%@729,1%@729,2%@729,0%@1497,57%@1497] GR3D_FREQ 0% cpu@50.281C soc2@49.781C soc0@50.031C gpu@51.656C tj@51.656C soc1@49.843C VDD_IN 4903mW/5160mW VDD_CPU_GPU_CV 1406mW/1511mW VDD_SOC 1406mW/1456mW"
car_video.mp4,186,5295,7620,78,"07-04-2026 16:35:39 RAM 5295/7620MB (lfb 1x4MB) SWAP 10/3810MB (cached 0MB) CPU [1%@883,68%@883,3%@883,2%@883,0%@729,27%@729] GR3D_FREQ 78% cpu@50.25C soc2@49.968C soc0@50C gpu@52C tj@52C soc1@49.812C VDD_IN 5497mW/5162mW VDD_CPU_GPU_CV 1762mW/1512mW VDD_SOC 1484mW/1457mW"
car_video.mp4,187,5295,7620,0,"07-04-2026 16:35:40 RAM 5295/7620MB (lfb 1x4MB) SWAP 10/3810MB (cached 0MB) CPU [12%@729,6%@729,2%@729,0%@729,0%@1497,72%@1497] GR3D_FREQ 0% cpu@50.375C soc2@49.843C soc0@50.031C gpu@51.468C tj@51.468C soc1@50.062C VDD_IN 4750mW/5159mW VDD_CPU_GPU_CV 1326mW/1511mW VDD_SOC 1406mW/1456mW"
car_video.mp4,188,5297,7620,99,"07-04-2026 16:35:41 RAM 5297/7620MB (lfb 1x4MB) SWAP 10/3810MB (cached 0MB) CPU [68%@729,1%@729,11%@729,1%@729,6%@729,14%@729] GR3D_FREQ 99% cpu@50.031C soc2@50.031C soc0@49.968C gpu@52.25C tj@52.25C soc1@49.781C VDD_IN 6249mW/5165mW VDD_CPU_GPU_CV 2160mW/1515mW VDD_SOC 1640mW/1457mW"
car_video.mp4,189,5296,7620,0,"07-04-2026 16:35:42 RAM 5296/7620MB (lfb 2x4MB) SWAP 10/3810MB (cached 0MB) CPU [0%@1497,5%@1497,2%@1497,1%@1497,14%@1420,80%@1420] GR3D_FREQ 0% cpu@50.343C soc2@49.781C soc0@50C gpu@51.562C tj@51.562C soc1@49.781C VDD_IN 4823mW/5163mW VDD_CPU_GPU_CV 1326mW/1514mW VDD_SOC 1406mW/1457mW"
car_video.mp4,190,5296,7620,0,"07-04-2026 16:35:43 RAM 5296/7620MB (lfb 2x4MB) SWAP 10/3810MB (cached 0MB) CPU [22%@729,27%@729,10%@729,1%@729,30%@729,7%@729] GR3D_FREQ 0% cpu@50.343C soc2@49.968C soc0@49.968C gpu@51.906C tj@51.906C soc1@49.843C VDD_IN 6009mW/5168mW VDD_CPU_GPU_CV 1880mW/1516mW VDD_SOC 1640mW/1458mW"
car_video.mp4,191,5297,7620,0,"07-04-2026 16:35:44 RAM 5297/7620MB (lfb 2x4MB) SWAP 10/3810MB (cached 0MB) CPU [1%@729,2%@729,2%@729,4%@729,22%@1497,79%@1497] GR3D_FREQ 0% cpu@50.468C soc2@49.875C soc0@50.062C gpu@51.812C tj@51.812C soc1@49.875C VDD_IN 4750mW/5166mW VDD_CPU_GPU_CV 1326mW/1515mW VDD_SOC 1406mW/1458mW"
car_video.mp4,192,5299,7620,0,"07-04-2026 16:35:45 RAM 5299/7620MB (lfb 2x4MB) SWAP 10/3810MB (cached 0MB) CPU [12%@729,21%@729,2%@729,0%@729,32%@1497,20%@1497] GR3D_FREQ 0% cpu@50.031C soc2@49.843C soc0@50.093C gpu@51.875C tj@51.875C soc1@49.75C VDD_IN 5337mW/5166mW VDD_CPU_GPU_CV 1562mW/1515mW VDD_SOC 1484mW/1458mW"
car_video.mp4,193,5295,7620,0,"07-04-2026 16:35:46 RAM 5295/7620MB (lfb 2x4MB) SWAP 10/3810MB (cached 0MB) CPU [0%@1497,36%@1497,1%@1497,1%@1497,0%@1190,65%@1190] GR3D_FREQ 0% cpu@50.218C soc2@49.843C soc0@50C gpu@51.781C tj@51.781C soc1@49.781C VDD_IN 4709mW/5164mW VDD_CPU_GPU_CV 1286mW/1514mW VDD_SOC 1366mW/1457mW"
car_video.mp4,194,5297,7620,0,"07-04-2026 16:35:47 RAM 5297/7620MB (lfb 2x4MB) SWAP 10/3810MB (cached 0MB) CPU [2%@729,48%@729,3%@729,0%@729,1%@1497,34%@1497] GR3D_FREQ 0% cpu@50.125C soc2@49.843C soc0@50C gpu@51.562C tj@51.562C soc1@49.812C VDD_IN 5104mW/5164mW VDD_CPU_GPU_CV 1484mW/1514mW VDD_SOC 1444mW/1457mW"
car_video.mp4,195,5290,7620,0,"07-04-2026 16:35:48 RAM 5290/7620MB (lfb 2x4MB) SWAP 10/3810MB (cached 0MB) CPU [0%@1497,50%@1497,1%@1497,1%@1497,0%@729,51%@729] GR3D_FREQ 0% cpu@50.468C soc2@49.875C soc0@50C gpu@51.593C tj@51.593C soc1@49.781C VDD_IN 4742mW/5162mW VDD_CPU_GPU_CV 1286mW/1512mW VDD_SOC 1406mW/1457mW"
car_video.mp4,196,5292,7620,0,"07-04-2026 16:35:49 RAM 5292/7620MB (lfb 2x4MB) SWAP 10/3810MB (cached 0MB) CPU [3%@729,34%@729,4%@729,2%@729,0%@1497,51%@1497] GR3D_FREQ 0% cpu@50.031C soc2@49.937C soc0@50.031C gpu@51.468C tj@51.468C soc1@49.906C VDD_IN 5024mW/5161mW VDD_CPU_GPU_CV 1444mW/1512mW VDD_SOC 1446mW/1457mW"
car_video.mp4,197,5289,7620,95,"07-04-2026 16:35:50 RAM 5289/7620MB (lfb 2x4MB) SWAP 10/3810MB (cached 0MB) CPU [59%@806,13%@806,4%@806,1%@806,0%@729,36%@729] GR3D_FREQ 95% cpu@50.093C soc2@49.968C soc0@49.906C gpu@52C tj@52C soc1@49.843C VDD_IN 5144mW/5161mW VDD_CPU_GPU_CV 1524mW/1512mW VDD_SOC 1444mW/1457mW"
car_video.mp4,198,5289,7620,0,"07-04-2026 16:35:51 RAM 5289/7620MB (lfb 2x4MB) SWAP 10/3810MB (cached 0MB) CPU [1%@729,22%@729,2%@729,1%@729,0%@1497,65%@1497] GR3D_FREQ 0% cpu@50.218C soc2@49.781C soc0@49.906C gpu@51.375C tj@51.375C soc1@49.812C VDD_IN 4830mW/5159mW VDD_CPU_GPU_CV 1366mW/1511mW VDD_SOC 1406mW/1457mW"
car_video.mp4,199,5292,7620,99,"07-04-2026 16:35:52 RAM 5292/7620MB (lfb 2x4MB) SWAP 10/3810MB (cached 0MB) CPU [1%@883,39%@883,11%@883,1%@883,34%@729,20%@729] GR3D_FREQ 99% cpu@50C soc2@49.906C soc0@50C gpu@51.781C tj@51.781C soc1@49.875C VDD_IN 5617mW/5162mW VDD_CPU_GPU_CV 1842mW/1513mW VDD_SOC 1442mW/1457mW"
car_video.mp4,200,5292,7620,0,"07-04-2026 16:35:53 RAM 5292/7620MB (lfb 2x4MB) SWAP 10/3810MB (cached 0MB) CPU [1%@729,13%@729,1%@729,1%@729,0%@1497,78%@1497] GR3D_FREQ 0% cpu@50.062C soc2@49.781C soc0@50.156C gpu@51.343C tj@51.562C soc1@49.906C VDD_IN 4709mW/5159mW VDD_CPU_GPU_CV 1326mW/1512mW VDD_SOC 1368mW/1456mW"
car_video.mp4,201,5295,7620,0,"07-04-2026 16:35:54 RAM 5295/7620MB (lfb 2x4MB) SWAP 10/3810MB (cached 0MB) CPU [5%@1036,34%@1036,3%@1036,3%@1036,54%@729,9%@729] GR3D_FREQ 0% cpu@50.093C soc2@49.906C soc0@49.875C gpu@51.968C tj@51.968C soc1@49.812C VDD_IN 6360mW/5165mW VDD_CPU_GPU_CV 2116mW/1515mW VDD_SOC 1680mW/1457mW"
car_video.mp4,202,5291,7620,0,"07-04-2026 16:35:55 RAM 5291/7620MB (lfb 2x4MB) SWAP 10/3810MB (cached 0MB) CPU [1%@729,9%@729,3%@729,2%@729,4%@1497,90%@1497] GR3D_FREQ 0% cpu@50.281C soc2@49.812C soc0@49.906C gpu@51.562C tj@51.562C soc1@49.843C VDD_IN 4823mW/5164mW VDD_CPU_GPU_CV 1326mW/1514mW VDD_SOC 1406mW/1457mW"
car_video.mp4,203,5292,7620,0,"07-04-2026 16:35:56 RAM 5292/7620MB (lfb 2x4MB) SWAP 10/3810MB (cached 0MB) CPU [2%@729,16%@729,7%@729,0%@729,17%@1036,44%@1036] GR3D_FREQ 0% cpu@50.468C soc2@49.875C soc0@50C gpu@51.625C tj@51.625C soc1@49.812C VDD_IN 5849mW/5167mW VDD_CPU_GPU_CV 1760mW/1515mW VDD_SOC 1602mW/1458mW"
car_video.mp4,204,5296,7620,0,"07-04-2026 16:35:57 RAM 5296/7620MB (lfb 2x4MB) SWAP 10/3810MB (cached 0MB) CPU [2%@729,2%@729,78%@729,0%@729,20%@1497,0%@1497] GR3D_FREQ 0% cpu@50.218C soc2@49.812C soc0@50.062C gpu@51.343C tj@51.343C soc1@49.875C VDD_IN 4750mW/5165mW VDD_CPU_GPU_CV 1286mW/1514mW VDD_SOC 1406mW/1458mW"
car_video.mp4,205,5297,7620,0,"07-04-2026 16:35:58 RAM 5297/7620MB (lfb 2x4MB) SWAP 10/3810MB (cached 0MB) CPU [1%@1497,21%@1497,2%@1497,26%@1497,36%@1036,4%@1036] GR3D_FREQ 0% cpu@50.312C soc2@49.937C soc0@49.906C gpu@51.5C tj@51.5C soc1@49.687C VDD_IN 5497mW/5166mW VDD_CPU_GPU_CV 1642mW/1515mW VDD_SOC 1524mW/1458mW"
car_video.mp4,206,5288,7620,0,"07-04-2026 16:35:59 RAM 5288/7620MB (lfb 2x4MB) SWAP 10/3810MB (cached 0MB) CPU [39%@1497,2%@1497,2%@1497,3%@1497,60%@729,0%@729] GR3D_FREQ 0% cpu@50.281C soc2@49.937C soc0@49.875C gpu@51.5C tj@51.5C soc1@49.781C VDD_IN 4709mW/5164mW VDD_CPU_GPU_CV 1286mW/1514mW VDD_SOC 1368mW/1457mW"
car_video.mp4,207,5288,7620,0,"07-04-2026 16:36:00 RAM 5288/7620MB (lfb 2x4MB) SWAP 10/3810MB (cached 0MB) CPU [15%@729,2%@729,2%@729,31%@729,38%@1497,0%@1497] GR3D_FREQ 0% cpu@50.468C soc2@49.781C soc0@49.906C gpu@51.437C tj@51.437C soc1@49.812C VDD_IN 5064mW/5164mW VDD_CPU_GPU_CV 1444mW/1513mW VDD_SOC 1446mW/1457mW"
car_video.mp4,208,5291,7620,0,"07-04-2026 16:36:01 RAM 5291/7620MB (lfb 2x4MB) SWAP 10/3810MB (cached 0MB) CPU [2%@1420,5%@1420,12%@1420,3%@1420,93%@1497,3%@1497] GR3D_FREQ 0% cpu@50.312C soc2@49.75C soc0@49.968C gpu@51.343C tj@51.343C soc1@49.812C VDD_IN 4782mW/5162mW VDD_CPU_GPU_CV 1324mW/1512mW VDD_SOC 1406mW/1457mW"
car_video.mp4,209,5291,7620,0,"07-04-2026 16:36:02 RAM 5291/7620MB (lfb 2x4MB) SWAP 10/3810MB (cached 0MB) CPU [1%@1497,2%@1497,1%@1497,41%@1497,52%@1497,0%@1497] GR3D_FREQ 0% cpu@50.218C soc2@49.812C soc0@50.062C gpu@51.562C tj@51.562C soc1@49.781C VDD_IN 5024mW/5161mW VDD_CPU_GPU_CV 1444mW/1512mW VDD_SOC 1404mW/1457mW"
car_video.mp4,210,5287,7620,84,"07-04-2026 16:36:03 RAM 5287/7620MB (lfb 2x4MB) SWAP 10/3810MB (cached 0MB) CPU [5%@1113,2%@1113,1%@1113,13%@1113,34%@729,53%@729] GR3D_FREQ 84% cpu@50.125C soc2@49.906C soc0@49.906C gpu@52.187C tj@52.187C soc1@49.75C VDD_IN 5184mW/5161mW VDD_CPU_GPU_CV 1645mW/1513mW VDD_SOC 1444mW/1457mW"
car_video.mp4,211,5287,7620,0,"07-04-2026 16:36:04 RAM 5287/7620MB (lfb 2x4MB) SWAP 10/3810MB (cached 0MB) CPU [6%@1497,1%@1497,12%@1497,22%@1497,58%@1497,0%@1497] GR3D_FREQ 0% cpu@50.718C soc2@49.906C soc0@49.843C gpu@51.656C tj@51.656C soc1@49.781C VDD_IN 4983mW/5161mW VDD_CPU_GPU_CV 1444mW/1512mW VDD_SOC 1404mW/1457mW"
car_video.mp4,212,5287,7620,0,"07-04-2026 16:36:05 RAM 5287/7620MB (lfb 2x4MB) SWAP 10/3810MB (cached 0MB) CPU [3%@729,1%@729,17%@729,32%@729,37%@1497,1%@1497] GR3D_FREQ 0% cpu@50.343C soc2@49.781C soc0@50C gpu@51.781C tj@51.781C soc1@49.812C VDD_IN 5144mW/5160mW VDD_CPU_GPU_CV 1484mW/1512mW VDD_SOC 1444mW/1456mW"
car_video.mp4,213,5290,7620,0,"07-04-2026 16:36:06 RAM 5290/7620MB (lfb 2x4MB) SWAP 10/3810MB (cached 0MB) CPU [50%@1497,2%@1497,1%@1497,0%@1497,51%@729,0%@729] GR3D_FREQ 0% cpu@50.5C soc2@49.968C soc0@50.062C gpu@51.437C tj@51.437C soc1@49.875C VDD_IN 4742mW/5159mW VDD_CPU_GPU_CV 1286mW/1511mW VDD_SOC 1406mW/1456mW"
car_video.mp4,214,5293,7620,0,"07-04-2026 16:36:07 RAM 5293/7620MB (lfb 2x4MB) SWAP 10/3810MB (cached 0MB) CPU [3%@729,0%@729,2%@729,30%@729,0%@1497,49%@1497] GR3D_FREQ 0% cpu@50.062C soc2@49.843C soc0@50.031C gpu@51.468C tj@51.468C soc1@49.718C VDD_IN 4903mW/5157mW VDD_CPU_GPU_CV 1406mW/1511mW VDD_SOC 1406mW/1456mW"
car_video.mp4,215,5289,7620,83,"07-04-2026 16:36:08 RAM 5289/7620MB (lfb 2x4MB) SWAP 10/3810MB (cached 0MB) CPU [6%@1190,54%@1190,3%@1190,8%@1190,2%@729,38%@729] GR3D_FREQ 83% cpu@50.312C soc2@49.843C soc0@49.875C gpu@51.625C tj@51.625C soc1@49.718C VDD_IN 4782mW/5156mW VDD_CPU_GPU_CV 1324mW/1510mW VDD_SOC 1366mW/1456mW"
car_video.mp4,216,5289,7620,0,"07-04-2026 16:36:09 RAM 5289/7620MB (lfb 2x4MB) SWAP 10/3810MB (cached 0MB) CPU [1%@729,2%@729,1%@729,22%@729,0%@1497,62%@1497] GR3D_FREQ 0% cpu@50.156C soc2@49.781C soc0@49.937C gpu@51.468C tj@51.468C soc1@49.75C VDD_IN 4870mW/5154mW VDD_CPU_GPU_CV 1366mW/1509mW VDD_SOC 1406mW/1455mW"
car_video.mp4,217,5292,7620,98,"07-04-2026 16:36:10 RAM 5292/7620MB (lfb 2x4MB) SWAP 10/3810MB (cached 0MB) CPU [1%@1267,1%@1267,0%@1267,70%@1267,0%@729,23%@729] GR3D_FREQ 98% cpu@50.531C soc2@49.875C soc0@49.968C gpu@51.875C tj@52.031C soc1@49.75C VDD_IN 5577mW/5156mW VDD_CPU_GPU_CV 1842mW/1511mW VDD_SOC 1484mW/1455mW"
car_video.mp4,218,5292,7620,0,"07-04-2026 16:36:11 RAM 5292/7620MB (lfb 2x4MB) SWAP 10/3810MB (cached 0MB) CPU [1%@729,1%@729,3%@729,10%@729,0%@1497,79%@1497] GR3D_FREQ 0% cpu@50C soc2@49.843C soc0@50C gpu@51.687C tj@51.687C soc1@49.843C VDD_IN 4750mW/5154mW VDD_CPU_GPU_CV 1326mW/1510mW VDD_SOC 1408mW/1455mW"
car_video.mp4,219,5288,7620,0,"07-04-2026 16:36:12 RAM 5288/7620MB (lfb 2x4MB) SWAP 10/3810MB (cached 0MB) CPU [14%@1267,1%@1267,3%@1267,65%@1267,0%@729,6%@729] GR3D_FREQ 0% cpu@50.281C soc2@49.937C soc0@49.875C gpu@52C tj@52C soc1@49.75C VDD_IN 6290mW/5160mW VDD_CPU_GPU_CV 2000mW/1512mW VDD_SOC 1680mW/1456mW"
car_video.mp4,220,5291,7620,0,"07-04-2026 16:36:13 RAM 5291/7620MB (lfb 2x4MB) SWAP 10/3810MB (cached 0MB) CPU [10%@1497,1%@1497,2%@1497,25%@1497,0%@729,84%@729] GR3D_FREQ 0% cpu@50.562C soc2@49.781C soc0@50C gpu@51.75C tj@51.75C soc1@49.875C VDD_IN 4903mW/5158mW VDD_CPU_GPU_CV 1364mW/1511mW VDD_SOC 1406mW/1456mW"
car_video.mp4,221,5292,7620,0,"07-04-2026 16:36:14 RAM 5292/7620MB (lfb 2x4MB) SWAP 10/3810MB (cached 0MB) CPU [33%@729,2%@729,1%@729,42%@729,1%@883,10%@883] GR3D_FREQ 0% cpu@50.062C soc2@49.906C soc0@49.968C gpu@51.906C tj@51.906C soc1@49.718C VDD_IN 5729mW/5161mW VDD_CPU_GPU_CV 1720mW/1512mW VDD_SOC 1562mW/1457mW"
car_video.mp4,222,5292,7620,98,"07-04-2026 16:36:15 RAM 5292/7620MB (lfb 2x4MB) SWAP 10/3810MB (cached 0MB) CPU [4%@729,27%@729,2%@729,0%@729,25%@1036,55%@1036] GR3D_FREQ 98% cpu@50.187C soc2@49.906C soc0@50.062C gpu@52C tj@52C soc1@49.812C VDD_IN 5729mW/5163mW VDD_CPU_GPU_CV 1920mW/1514mW VDD_SOC 1482mW/1457mW"
car_video.mp4,223,5295,7620,0,"07-04-2026 16:36:16 RAM 5295/7620MB (lfb 1x4MB) SWAP 10/3810MB (cached 0MB) CPU [3%@729,1%@729,4%@729,4%@729,79%@1497,13%@1497] GR3D_FREQ 0% cpu@50.218C soc2@49.906C soc0@50.093C gpu@51.5C tj@51.5C soc1@49.718C VDD_IN 4863mW/5162mW VDD_CPU_GPU_CV 1364mW/1514mW VDD_SOC 1406mW/1456mW"
forest.mp4,0,5347,7620,0,"07-04-2026 16:57:17 RAM 5347/7620MB (lfb 6x4MB) SWAP 13/3810MB (cached 0MB) CPU [6%@1190,35%@1190,5%@1190,4%@1190,0%@1497,44%@1497] GR3D_FREQ 0% cpu@50.343C soc2@49.812C soc0@50C gpu@51.468C tj@51.468C soc1@49.875C VDD_IN 5064mW/5064mW VDD_CPU_GPU_CV 1444mW/1444mW VDD_SOC 1446mW/1446mW"
forest.mp4,1,5378,7620,0,"07-04-2026 16:57:18 RAM 5378/7620MB (lfb 6x4MB) SWAP 13/3810MB (cached 0MB) CPU [8%@1497,7%@1497,8%@1497,59%@1497,0%@729,46%@729] GR3D_FREQ 0% cpu@50.375C soc2@49.875C soc0@50C gpu@51.5C tj@51.5C soc1@49.968C VDD_IN 4823mW/4944mW VDD_CPU_GPU_CV 1324mW/1384mW VDD_SOC 1404mW/1425mW"
forest.mp4,2,5378,7620,0,"07-04-2026 16:57:19 RAM 5378/7620MB (lfb 6x4MB) SWAP 13/3810MB (cached 0MB) CPU [2%@729,18%@729,2%@729,12%@729,13%@1497,52%@1497] GR3D_FREQ 0% cpu@50.093C soc2@49.843C soc0@49.937C gpu@51.625C tj@51.625C soc1@49.781C VDD_IN 5064mW/4984mW VDD_CPU_GPU_CV 1484mW/1417mW VDD_SOC 1444mW/1431mW"
forest.mp4,3,5378,7620,99,"07-04-2026 16:57:20 RAM 5378/7620MB (lfb 6x4MB) SWAP 13/3810MB (cached 0MB) CPU [3%@729,42%@729,2%@729,2%@729,19%@729,25%@729] GR3D_FREQ 99% cpu@50.156C soc2@49.968C soc0@49.968C gpu@52.187C tj@52.187C soc1@49.718C VDD_IN 6089mW/5260mW VDD_CPU_GPU_CV 2080mW/1583mW VDD_SOC 1602mW/1474mW"
forest.mp4,4,5388,7620,0,"07-04-2026 16:57:21 RAM 5388/7620MB (lfb 6x4MB) SWAP 13/3810MB (cached 0MB) CPU [1%@1497,0%@1497,1%@1497,0%@1497,11%@1497,84%@1497] GR3D_FREQ 0% cpu@50.406C soc2@49.75C soc0@49.906C gpu@51.406C tj@51.406C soc1@49.812C VDD_IN 4830mW/5174mW VDD_CPU_GPU_CV 1326mW/1532mW VDD_SOC 1406mW/1460mW"
forest.mp4,5,5378,7620,0,"07-04-2026 16:57:22 RAM 5378/7620MB (lfb 6x4MB) SWAP 13/3810MB (cached 0MB) CPU [68%@1267,1%@1267,1%@1267,1%@1267,12%@729,1%@729] GR3D_FREQ 0% cpu@50.218C soc2@49.906C soc0@50.093C gpu@51.812C tj@51.812C soc1@49.968C VDD_IN 6249mW/5353mW VDD_CPU_GPU_CV 2000mW/1610mW VDD_SOC 1680mW/1497mW"
forest.mp4,6,5379,7620,0,"07-04-2026 16:57:23 RAM 5379/7620MB (lfb 6x4MB) SWAP 13/3810MB (cached 0MB) CPU [9%@1497,12%@1497,4%@1497,1%@1497,0%@729,88%@729] GR3D_FREQ 0% cpu@50.093C soc2@49.875C soc0@50C gpu@51.406C tj@51.406C soc1@50C VDD_IN 4823mW/5277mW VDD_CPU_GPU_CV 1324mW/1569mW VDD_SOC 1406mW/1484mW"
forest.mp4,7,5378,7620,0,"07-04-2026 16:57:24 RAM 5378/7620MB (lfb 6x4MB) SWAP 13/3810MB (cached 0MB) CPU [12%@960,68%@960,0%@960,1%@960,0%@729,3%@729] GR3D_FREQ 0% cpu@50.093C soc2@49.843C soc0@49.937C gpu@51.625C tj@51.625C soc1@49.75C VDD_IN 5969mW/5364mW VDD_CPU_GPU_CV 1840mW/1603mW VDD_SOC 1642mW/1504mW"
forest.mp4,8,5379,7620,0,"07-04-2026 16:57:25 RAM 5379/7620MB (lfb 6x4MB) SWAP 13/3810MB (cached 0MB) CPU [0%@1497,16%@1497,2%@1497,1%@1497,0%@729,86%@729] GR3D_FREQ 0% cpu@50.281C soc2@49.812C soc0@49.906C gpu@51.531C tj@51.531C soc1@49.781C VDD_IN 4750mW/5296mW VDD_CPU_GPU_CV 1286mW/1568mW VDD_SOC 1406mW/1493mW"
forest.mp4,9,5381,7620,0,"07-04-2026 16:57:26 RAM 5381/7620MB (lfb 6x4MB) SWAP 13/3810MB (cached 0MB) CPU [14%@1497,35%@1497,1%@1497,2%@1497,34%@729,0%@729] GR3D_FREQ 0% cpu@50.125C soc2@49.875C soc0@49.875C gpu@51.718C tj@51.718C soc1@49.812C VDD_IN 5577mW/5324mW VDD_CPU_GPU_CV 1642mW/1575mW VDD_SOC 1522mW/1496mW"
forest.mp4,10,5382,7620,0,"07-04-2026 16:57:27 RAM 5382/7620MB (lfb 6x4MB) SWAP 13/3810MB (cached 0MB) CPU [6%@729,1%@729,1%@729,1%@729,68%@1497,28%@1497] GR3D_FREQ 0% cpu@50.218C soc2@49.812C soc0@49.937C gpu@51.531C tj@51.531C soc1@49.812C VDD_IN 4709mW/5268mW VDD_CPU_GPU_CV 1286mW/1549mW VDD_SOC 1408mW/1488mW"
forest.mp4,11,5382,7620,0,"07-04-2026 16:57:28 RAM 5382/7620MB (lfb 6x4MB) SWAP 13/3810MB (cached 0MB) CPU [3%@729,31%@729,7%@729,3%@729,25%@1497,26%@1497] GR3D_FREQ 0% cpu@50.187C soc2@49.781C soc0@49.875C gpu@51.656C tj@51.656C soc1@49.718C VDD_IN 5337mW/5274mW VDD_CPU_GPU_CV 1564mW/1550mW VDD_SOC 1484mW/1488mW"
forest.mp4,12,5385,7620,0,"07-04-2026 16:57:29 RAM 5385/7620MB (lfb 6x4MB) SWAP 13/3810MB (cached 0MB) CPU [2%@1497,37%@1497,0%@1497,4%@1497,64%@729,0%@729] GR3D_FREQ 0% cpu@50.156C soc2@49.843C soc0@49.875C gpu@51.531C tj@51.531C soc1@49.812C VDD_IN 4709mW/5230mW VDD_CPU_GPU_CV 1286mW/1530mW VDD_SOC 1366mW/1478mW"
forest.mp4,13,5387,7620,0,"07-04-2026 16:57:30 RAM 5387/7620MB (lfb 6x4MB) SWAP 13/3810MB (cached 0MB) CPU [0%@729,43%@729,2%@729,10%@729,6%@1497,34%@1497] GR3D_FREQ 0% cpu@50.187C soc2@49.843C soc0@50C gpu@51.468C tj@51.468C soc1@49.781C VDD_IN 5184mW/5227mW VDD_CPU_GPU_CV 1524mW/1529mW VDD_SOC 1444mW/1476mW"
forest.mp4,14,5383,7620,0,"07-04-2026 16:57:31 RAM 5383/7620MB (lfb 6x4MB) SWAP 13/3810MB (cached 0MB) CPU [49%@1497,2%@1497,2%@1497,1%@1497,0%@729,53%@729] GR3D_FREQ 0% cpu@50.656C soc2@49.937C soc0@50.062C gpu@51.406C tj@51.406C soc1@49.75C VDD_IN 4742mW/5195mW VDD_CPU_GPU_CV 1286mW/1513mW VDD_SOC 1406mW/1471mW"
forest.mp4,15,5383,7620,0,"07-04-2026 16:57:32 RAM 5383/7620MB (lfb 6x4MB) SWAP 13/3810MB (cached 0MB) CPU [0%@729,11%@729,3%@729,1%@729,20%@1497,50%@1497] GR3D_FREQ 0% cpu@50.062C soc2@49.875C soc0@50C gpu@51.468C tj@51.468C soc1@50.031C VDD_IN 5024mW/5184mW VDD_CPU_GPU_CV 1444mW/1509mW VDD_SOC 1446mW/1470mW"
forest.mp4,16,5383,7620,91,"07-04-2026 16:57:33 RAM 5383/7620MB (lfb 6x4MB) SWAP 13/3810MB (cached 0MB) CPU [35%@729,3%@729,3%@729,2%@729,26%@960,35%@960] GR3D_FREQ 91% cpu@50.093C soc2@49.906C soc0@49.937C gpu@51.968C tj@51.968C soc1@49.75C VDD_IN 5617mW/5209mW VDD_CPU_GPU_CV 1802mW/1526mW VDD_SOC 1522mW/1473mW"
forest.mp4,17,5384,7620,0,"07-04-2026 16:57:34 RAM 5384/7620MB (lfb 6x4MB) SWAP 13/3810MB (cached 0MB) CPU [2%@729,1%@729,3%@729,2%@729,18%@1497,69%@1497] GR3D_FREQ 0% cpu@50.375C soc2@49.781C soc0@49.906C gpu@51.656C tj@51.656C soc1@49.843C VDD_IN 4823mW/5188mW VDD_CPU_GPU_CV 1366mW/1517mW VDD_SOC 1406mW/1469mW"
forest.mp4,18,5383,7620,99,"07-04-2026 16:57:35 RAM 5383/7620MB (lfb 6x4MB) SWAP 13/3810MB (cached 0MB) CPU [0%@729,1%@729,2%@729,0%@729,61%@1420,22%@1420] GR3D_FREQ 99% cpu@50.218C soc2@49.875C soc0@50C gpu@52.375C tj@52.375C soc1@49.843C VDD_IN 6530mW/5259mW VDD_CPU_GPU_CV 2160mW/1551mW VDD_SOC 1720mW/1482mW"
forest.mp4,19,5382,7620,0,"07-04-2026 16:57:36 RAM 5382/7620MB (lfb 6x4MB) SWAP 13/3810MB (cached 0MB) CPU [0%@729,0%@729,2%@729,1%@729,85%@1497,15%@1497] GR3D_FREQ 0% cpu@50.25C soc2@49.781C soc0@50C gpu@51.75C tj@51.75C soc1@49.937C VDD_IN 4823mW/5237mW VDD_CPU_GPU_CV 1326mW/1540mW VDD_SOC 1406mW/1478mW"
forest.mp4,20,5381,7620,0,"07-04-2026 16:57:37 RAM 5381/7620MB (lfb 6x4MB) SWAP 13/3810MB (cached 0MB) CPU [1%@729,2%@729,1%@729,2%@729,1%@1190,80%@1190] GR3D_FREQ 0% cpu@49.968C soc2@49.812C soc0@50C gpu@51.937C tj@51.937C soc1@49.718C VDD_IN 6049mW/5275mW VDD_CPU_GPU_CV 1880mW/1556mW VDD_SOC 1642mW/1486mW"
forest.mp4,21,5378,7620,0,"07-04-2026 16:57:38 RAM 5378/7620MB (lfb 6x4MB) SWAP 13/3810MB (cached 0MB) CPU [2%@729,3%@729,3%@729,87%@729,1%@1497,14%@1497] GR3D_FREQ 0% cpu@50.125C soc2@49.781C soc0@49.875C gpu@51.5C tj@51.5C soc1@49.812C VDD_IN 4823mW/5255mW VDD_CPU_GPU_CV 1324mW/1545mW VDD_SOC 1406mW/1482mW"
forest.mp4,22,5380,7620,0,"07-04-2026 16:57:39 RAM 5380/7620MB (lfb 6x4MB) SWAP 13/3810MB (cached 0MB) CPU [1%@1267,2%@1267,12%@1267,2%@1267,1%@960,70%@960] GR3D_FREQ 0% cpu@50.5C soc2@49.875C soc0@49.937C gpu@51.562C tj@51.562C soc1@49.781C VDD_IN 5689mW/5274mW VDD_CPU_GPU_CV 1682mW/1551mW VDD_SOC 1562mW/1486mW"
forest.mp4,23,5379,7620,0,"07-04-2026 16:57:40 RAM 5379/7620MB (lfb 6x4MB) SWAP 13/3810MB (cached 0MB) CPU [3%@729,13%@729,37%@729,5%@729,39%@1497,24%@1497] GR3D_FREQ 0% cpu@50.218C soc2@49.812C soc0@49.937C gpu@51.5C tj@51.5C soc1@49.843C VDD_IN 4823mW/5255mW VDD_CPU_GPU_CV 1364mW/1544mW VDD_SOC 1404mW/1483mW"
forest.mp4,24,5381,7620,0,"07-04-2026 16:57:41 RAM 5381/7620MB (lfb 6x4MB) SWAP 13/3810MB (cached 0MB) CPU [0%@729,1%@729,1%@729,2%@729,23%@1497,59%@1497] GR3D_FREQ 0% cpu@50.125C soc2@49.875C soc0@50.031C gpu@51.562C tj@51.562C soc1@49.968C VDD_IN 5337mW/5258mW VDD_CPU_GPU_CV 1562mW/1544mW VDD_SOC 1484mW/1483mW"
forest.mp4,25,5381,7620,0,"07-04-2026 16:57:42 RAM 5381/7620MB (lfb 6x4MB) SWAP 13/3810MB (cached 0MB) CPU [2%@729,1%@729,1%@729,1%@729,58%@1497,43%@1497] GR3D_FREQ 0% cpu@50.156C soc2@49.718C soc0@49.812C gpu@51.25C tj@51.25C soc1@49.781C VDD_IN 4782mW/5240mW VDD_CPU_GPU_CV 1284mW/1534mW VDD_SOC 1406mW/1480mW"
forest.mp4,26,5382,7620,0,"07-04-2026 16:57:43 RAM 5382/7620MB (lfb 6x4MB) SWAP 13/3810MB (cached 0MB) CPU [2%@1497,3%@1497,2%@1497,53%@1497,1%@729,29%@729] GR3D_FREQ 0% cpu@50.375C soc2@49.843C soc0@49.937C gpu@51.437C tj@51.437C soc1@49.75C VDD_IN 4983mW/5230mW VDD_CPU_GPU_CV 1406mW/1529mW VDD_SOC 1446mW/1478mW"
forest.mp4,27,5383,7620,99,"07-04-2026 16:57:44 RAM 5383/7620MB (lfb 6x4MB) SWAP 13/3810MB (cached 0MB) CPU [4%@729,1%@729,3%@729,34%@729,0%@806,62%@806] GR3D_FREQ 99% cpu@50.156C soc2@49.75C soc0@49.937C gpu@51.812C tj@51.812C soc1@49.718C VDD_IN 4983mW/5222mW VDD_CPU_GPU_CV 1444mW/1526mW VDD_SOC 1406mW/1476mW"
forest.mp4,28,5384,7620,0,"07-04-2026 16:57:45 RAM 5384/7620MB (lfb 6x4MB) SWAP 13/3810MB (cached 0MB) CPU [44%@729,1%@729,1%@729,0%@729,22%@1497,22%@1497] GR3D_FREQ 0% cpu@50.125C soc2@49.843C soc0@50.031C gpu@51.406C tj@51.406C soc1@49.906C VDD_IN 4870mW/5209mW VDD_CPU_GPU_CV 1366mW/1521mW VDD_SOC 1446mW/1475mW"
forest.mp4,29,5386,7620,79,"07-04-2026 16:57:46 RAM 5386/7620MB (lfb 6x4MB) SWAP 13/3810MB (cached 0MB) CPU [2%@729,1%@729,3%@729,1%@729,23%@1267,70%@1267] GR3D_FREQ 79% cpu@50.031C soc2@49.968C soc0@49.843C gpu@51.968C tj@51.968C soc1@49.906C VDD_IN 5818mW/5230mW VDD_CPU_GPU_CV 1963mW/1536mW VDD_SOC 1562mW/1478mW"
forest.mp4,30,5386,7620,0,"07-04-2026 16:57:47 RAM 5386/7620MB (lfb 6x4MB) SWAP 13/3810MB (cached 0MB) CPU [0%@1497,0%@1497,81%@1497,0%@1497,0%@729,12%@729] GR3D_FREQ 0% cpu@50.75C soc2@49.718C soc0@49.968C gpu@51.562C tj@51.562C soc1@49.781C VDD_IN 4830mW/5217mW VDD_CPU_GPU_CV 1326mW/1529mW VDD_SOC 1408mW/1475mW"
forest.mp4,31,5387,7620,0,"07-04-2026 16:57:48 RAM 5387/7620MB (lfb 6x4MB) SWAP 13/3810MB (cached 0MB) CPU [4%@729,6%@729,7%@729,4%@729,2%@1344,74%@1344] GR3D_FREQ 0% cpu@50.343C soc2@49.906C soc0@49.968C gpu@51.906C tj@51.906C soc1@49.718C VDD_IN 6400mW/5254mW VDD_CPU_GPU_CV 2116mW/1547mW VDD_SOC 1720mW/1483mW"
forest.mp4,32,5381,7620,0,"07-04-2026 16:57:49 RAM 5381/7620MB (lfb 6x4MB) SWAP 13/3810MB (cached 0MB) CPU [13%@1497,85%@1497,2%@1497,1%@1497,0%@729,5%@729] GR3D_FREQ 0% cpu@50.531C soc2@50C soc0@50C gpu@51.531C tj@51.531C soc1@49.937C VDD_IN 4823mW/5241mW VDD_CPU_GPU_CV 1324mW/1540mW VDD_SOC 1406mW/1481mW"
forest.mp4,33,5381,7620,0,"07-04-2026 16:57:50 RAM 5381/7620MB (lfb 6x4MB) SWAP 13/3810MB (cached 0MB) CPU [44%@1420,13%@1420,10%@1420,2%@1420,1%@806,31%@806] GR3D_FREQ 0% cpu@50.437C soc2@49.906C soc0@50.062C gpu@51.75C tj@51.75C soc1@49.906C VDD_IN 5889mW/5260mW VDD_CPU_GPU_CV 1840mW/1549mW VDD_SOC 1602mW/1484mW"
forest.mp4,34,5383,7620,0,"07-04-2026 16:57:51 RAM 5383/7620MB (lfb 6x4MB) SWAP 13/3810MB (cached 0MB) CPU [1%@729,2%@729,75%@729,1%@729,24%@1497,0%@1497] GR3D_FREQ 0% cpu@50.218C soc2@49.812C soc0@49.906C gpu@51.406C tj@51.406C soc1@49.718C VDD_IN 4742mW/5245mW VDD_CPU_GPU_CV 1286mW/1542mW VDD_SOC 1406mW/1482mW"
forest.mp4,35,5383,7620,0,"07-04-2026 16:57:52 RAM 5383/7620MB (lfb 6x4MB) SWAP 13/3810MB (cached 0MB) CPU [4%@1497,25%@1497,1%@1497,1%@1497,30%@729,31%@729] GR3D_FREQ 0% cpu@50.281C soc2@49.812C soc0@49.906C gpu@51.468C tj@51.468C soc1@49.718C VDD_IN 5337mW/5248mW VDD_CPU_GPU_CV 1602mW/1543mW VDD_SOC 1484mW/1482mW"
forest.mp4,36,5378,7620,0,"07-04-2026 16:57:53 RAM 5378/7620MB (lfb 6x4MB) SWAP 13/3810MB (cached 0MB) CPU [5%@729,52%@729,4%@729,1%@729,12%@1497,36%@1497] GR3D_FREQ 0% cpu@50.375C soc2@49.781C soc0@49.937C gpu@51.281C tj@51.281C soc1@49.781C VDD_IN 4742mW/5234mW VDD_CPU_GPU_CV 1286mW/1536mW VDD_SOC 1366mW/1479mW"
forest.mp4,37,5378,7620,0,"07-04-2026 16:57:54 RAM 5378/7620MB (lfb 6x4MB) SWAP 13/3810MB (cached 0MB) CPU [5%@729,2%@729,2%@729,3%@729,34%@1497,46%@1497] GR3D_FREQ 0% cpu@50.531C soc2@49.781C soc0@50C gpu@51.625C tj@51.625C soc1@49.875C VDD_IN 5256mW/5235mW VDD_CPU_GPU_CV 1524mW/1536mW VDD_SOC 1484mW/1479mW"
forest.mp4,38,5374,7620,0,"07-04-2026 16:57:55 RAM 5374/7620MB (lfb 6x4MB) SWAP 13/3810MB (cached 0MB) CPU [3%@1497,2%@1497,51%@1497,1%@1497,52%@883,0%@883] GR3D_FREQ 0% cpu@50.781C soc2@49.812C soc0@49.843C gpu@51.656C tj@51.656C soc1@49.718C VDD_IN 4742mW/5222mW VDD_CPU_GPU_CV 1286mW/1530mW VDD_SOC 1406mW/1477mW"
forest.mp4,39,5375,7620,0,"07-04-2026 16:57:56 RAM 5375/7620MB (lfb 6x4MB) SWAP 13/3810MB (cached 0MB) CPU [4%@729,2%@729,4%@729,4%@729,48%@1497,31%@1497] GR3D_FREQ 0% cpu@50.375C soc2@49.781C soc0@49.875C gpu@51.625C tj@51.625C soc1@49.75C VDD_IN 5064mW/5218mW VDD_CPU_GPU_CV 1444mW/1528mW VDD_SOC 1446mW/1476mW"
forest.mp4,40,5378,7620,93,"07-04-2026 16:57:57 RAM 5378/7620MB (lfb 6x4MB) SWAP 13/3810MB (cached 0MB) CPU [54%@729,1%@729,4%@729,2%@729,46%@1267,1%@1267] GR3D_FREQ 93% cpu@50.218C soc2@49.781C soc0@49.843C gpu@51.75C tj@51.75C soc1@49.75C VDD_IN 4782mW/5207mW VDD_CPU_GPU_CV 1326mW/1523mW VDD_SOC 1406mW/1475mW"
forest.mp4,41,5378,7620,0,"07-04-2026 16:57:58 RAM 5378/7620MB (lfb 6x4MB) SWAP 13/3810MB (cached 0MB) CPU [1%@729,4%@729,2%@729,4%@729,64%@1497,20%@1497] GR3D_FREQ 0% cpu@50.25C soc2@49.718C soc0@49.968C gpu@51.375C tj@51.375C soc1@49.937C VDD_IN 4903mW/5200mW VDD_CPU_GPU_CV 1366mW/1519mW VDD_SOC 1406mW/1473mW"
forest.mp4,42,5381,7620,97,"07-04-2026 16:57:59 RAM 5381/7620MB (lfb 6x4MB) SWAP 13/3810MB (cached 0MB) CPU [54%@729,3%@729,2%@729,2%@729,26%@729,15%@729] GR3D_FREQ 97% cpu@49.875C soc2@49.875C soc0@49.906C gpu@51.75C tj@51.75C soc1@49.968C VDD_IN 5377mW/5204mW VDD_CPU_GPU_CV 1722mW/1524mW VDD_SOC 1444mW/1472mW"
forest.mp4,43,5382,7620,0,"07-04-2026 16:58:00 RAM 5382/7620MB (lfb 6x4MB) SWAP 13/3810MB (cached 0MB) CPU [12%@729,4%@729,3%@729,5%@729,78%@1497,16%@1497] GR3D_FREQ 0% cpu@50.437C soc2@49.843C soc0@49.843C gpu@51.468C tj@51.468C soc1@49.781C VDD_IN 4903mW/5197mW VDD_CPU_GPU_CV 1404mW/1521mW VDD_SOC 1406mW/1471mW"
forest.mp4,44,5378,7620,99,"07-04-2026 16:58:01 RAM 5378/7620MB (lfb 6x4MB) SWAP 13/3810MB (cached 0MB) CPU [55%@729,3%@729,0%@729,9%@729,16%@729,19%@729] GR3D_FREQ 99% cpu@50.375C soc2@49.812C soc0@49.937C gpu@52.343C tj@52.343C soc1@49.781C VDD_IN 6009mW/5215mW VDD_CPU_GPU_CV 2040mW/1532mW VDD_SOC 1562mW/1473mW"
forest.mp4,45,5378,7620,0,"07-04-2026 16:58:02 RAM 5378/7620MB (lfb 6x4MB) SWAP 13/3810MB (cached 0MB) CPU [3%@729,1%@729,2%@729,0%@729,81%@1497,11%@1497] GR3D_FREQ 0% cpu@50.375C soc2@49.843C soc0@50C gpu@51.75C tj@51.75C soc1@49.781C VDD_IN 4750mW/5205mW VDD_CPU_GPU_CV 1286mW/1527mW VDD_SOC 1406mW/1471mW"
forest.mp4,46,5379,7620,0,"07-04-2026 16:58:03 RAM 5379/7620MB (lfb 6x4MB) SWAP 13/3810MB (cached 0MB) CPU [11%@729,5%@729,5%@729,10%@729,61%@1036,15%@1036] GR3D_FREQ 0% cpu@50.031C soc2@49.968C soc0@50.031C gpu@52C tj@52C soc1@49.937C VDD_IN 6400mW/5231mW VDD_CPU_GPU_CV 2076mW/1539mW VDD_SOC 1720mW/1477mW"
forest.mp4,47,5381,7620,0,"07-04-2026 16:58:04 RAM 5381/7620MB (lfb 6x4MB) SWAP 13/3810MB (cached 0MB) CPU [6%@729,1%@729,6%@729,4%@729,85%@1497,16%@1497] GR3D_FREQ 0% cpu@50.156C soc2@49.875C soc0@49.906C gpu@51.656C tj@51.656C soc1@49.781C VDD_IN 4903mW/5224mW VDD_CPU_GPU_CV 1364mW/1535mW VDD_SOC 1444mW/1476mW"
forest.mp4,48,5381,7620,0,"07-04-2026 16:58:05 RAM 5381/7620MB (lfb 6x4MB) SWAP 13/3810MB (cached 0MB) CPU [2%@729,1%@729,2%@729,3%@729,7%@960,73%@960] GR3D_FREQ 0% cpu@50.093C soc2@49.875C soc0@49.968C gpu@51.531C tj@51.531C soc1@49.718C VDD_IN 5849mW/5237mW VDD_CPU_GPU_CV 1760mW/1540mW VDD_SOC 1602mW/1479mW"
forest.mp4,49,5383,7620,0,"07-04-2026 16:58:06 RAM 5383/7620MB (lfb 6x4MB) SWAP 13/3810MB (cached 0MB) CPU [0%@1497,0%@1497,1%@1497,23%@1497,79%@1497,0%@1497] GR3D_FREQ 0% cpu@50.531C soc2@49.843C soc0@49.937C gpu@51.468C tj@51.468C soc1@49.812C VDD_IN 4750mW/5227mW VDD_CPU_GPU_CV 1286mW/1535mW VDD_SOC 1406mW/1477mW"
forest.mp4,50,5383,7620,0,"07-04-2026 16:58:07 RAM 5383/7620MB (lfb 6x4MB) SWAP 13/3810MB (cached 0MB) CPU [1%@729,1%@729,4%@729,32%@729,28%@1497,22%@1497] GR3D_FREQ 0% cpu@50.062C soc2@49.875C soc0@50C gpu@51.5C tj@51.5C soc1@49.843C VDD_IN 5537mW/5233mW VDD_CPU_GPU_CV 1642mW/1537mW VDD_SOC 1522mW/1478mW"
forest.mp4,51,5382,7620,0,"07-04-2026 16:58:08 RAM 5382/7620MB (lfb 6x4MB) SWAP 13/3810MB (cached 0MB) CPU [38%@1497,2%@1497,2%@1497,2%@1497,67%@1190,0%@1190] GR3D_FREQ 0% cpu@50.343C soc2@49.968C soc0@49.812C gpu@51.5C tj@51.5C soc1@49.812C VDD_IN 4742mW/5224mW VDD_CPU_GPU_CV 1326mW/1533mW VDD_SOC 1406mW/1477mW"
forest.mp4,52,5383,7620,0,"07-04-2026 16:58:09 RAM 5383/7620MB (lfb 6x4MB) SWAP 13/3810MB (cached 0MB) CPU [20%@729,1%@729,3%@729,0%@729,30%@1497,32%@1497] GR3D_FREQ 0% cpu@50.25C soc2@49.781C soc0@49.937C gpu@51.437C tj@51.437C soc1@49.812C VDD_IN 5216mW/5223mW VDD_CPU_GPU_CV 1484mW/1532mW VDD_SOC 1444mW/1476mW"
forest.mp4,53,5385,7620,0,"07-04-2026 16:58:10 RAM 5385/7620MB (lfb 6x4MB) SWAP 13/3810MB (cached 0MB) CPU [19%@729,2%@729,3%@729,2%@729,82%@1497,1%@1497] GR3D_FREQ 0% cpu@50.218C soc2@49.781C soc0@49.843C gpu@51.312C tj@51.312C soc1@49.937C VDD_IN 4782mW/5215mW VDD_CPU_GPU_CV 1284mW/1527mW VDD_SOC 1404mW/1475mW"
forest.mp4,54,5384,7620,0,"07-04-2026 16:58:11 RAM 5384/7620MB (lfb 6x4MB) SWAP 13/3810MB (cached 0MB) CPU [22%@729,1%@729,3%@729,13%@729,4%@1497,57%@1497] GR3D_FREQ 0% cpu@50.187C soc2@49.812C soc0@49.937C gpu@51.375C tj@51.375C soc1@49.781C VDD_IN 4903mW/5210mW VDD_CPU_GPU_CV 1366mW/1524mW VDD_SOC 1406mW/1473mW"
forest.mp4,55,5379,7620,93,"07-04-2026 16:58:12 RAM 5379/7620MB (lfb 6x4MB) SWAP 13/3810MB (cached 0MB) CPU [15%@960,38%@960,1%@960,1%@960,13%@729,33%@729] GR3D_FREQ 93% cpu@49.937C soc2@49.937C soc0@49.906C gpu@51.843C tj@51.843C soc1@49.937C VDD_IN 5224mW/5210mW VDD_CPU_GPU_CV 1605mW/1526mW VDD_SOC 1444mW/1473mW"
forest.mp4,56,5380,7620,0,"07-04-2026 16:58:13 RAM 5380/7620MB (lfb 6x4MB) SWAP 13/3810MB (cached 0MB) CPU [21%@729,4%@729,3%@729,3%@729,0%@1497,68%@1497] GR3D_FREQ 0% cpu@49.968C soc2@49.656C soc0@49.968C gpu@51.406C tj@51.468C soc1@49.687C VDD_IN 4830mW/5203mW VDD_CPU_GPU_CV 1326mW/1522mW VDD_SOC 1406mW/1472mW"
forest.mp4,57,5377,7620,99,"07-04-2026 16:58:14 RAM 5377/7620MB (lfb 6x4MB) SWAP 13/3810MB (cached 0MB) CPU [18%@960,54%@960,3%@960,9%@960,0%@729,21%@729] GR3D_FREQ 99% cpu@50.281C soc2@49.843C soc0@49.843C gpu@51.812C tj@51.812C soc1@49.781C VDD_IN 5497mW/5208mW VDD_CPU_GPU_CV 1802mW/1527mW VDD_SOC 1444mW/1471mW"
forest.mp4,58,5377,7620,0,"07-04-2026 16:58:15 RAM 5377/7620MB (lfb 6x4MB) SWAP 13/3810MB (cached 0MB) CPU [3%@729,1%@729,2%@729,5%@729,14%@1497,76%@1497] GR3D_FREQ 0% cpu@50.312C soc2@49.781C soc0@49.968C gpu@51.5C tj@51.5C soc1@49.75C VDD_IN 4790mW/5201mW VDD_CPU_GPU_CV 1326mW/1524mW VDD_SOC 1408mW/1470mW"
forest.mp4,59,5371,7620,99,"07-04-2026 16:58:16 RAM 5371/7620MB (lfb 6x4MB) SWAP 13/3810MB (cached 0MB) CPU [1%@729,2%@729,1%@729,53%@729,12%@1113,18%@1113] GR3D_FREQ 99% cpu@49.968C soc2@49.875C soc0@49.937C gpu@52.218C tj@51.843C soc1@49.937C VDD_IN 6490mW/5223mW VDD_CPU_GPU_CV 2160mW/1534mW VDD_SOC 1720mW/1474mW"
forest.mp4,60,5368,7620,0,"07-04-2026 16:58:17 RAM 5368/7620MB (lfb 6x4MB) SWAP 13/3810MB (cached 0MB) CPU [7%@1497,0%@1497,1%@1497,0%@1497,84%@883,11%@883] GR3D_FREQ 0% cpu@50.406C soc2@49.937C soc0@49.843C gpu@51.343C tj@51.343C soc1@49.718C VDD_IN 4823mW/5216mW VDD_CPU_GPU_CV 1326mW/1531mW VDD_SOC 1406mW/1473mW"
forest.mp4,61,5370,7620,0,"07-04-2026 16:58:18 RAM 5370/7620MB (lfb 6x4MB) SWAP 13/3810MB (cached 0MB) CPU [38%@729,4%@729,4%@729,2%@729,23%@1344,21%@1344] GR3D_FREQ 0% cpu@50.093C soc2@49.781C soc0@49.812C gpu@51.593C tj@51.593C soc1@49.718C VDD_IN 6089mW/5230mW VDD_CPU_GPU_CV 1880mW/1536mW VDD_SOC 1640mW/1476mW"
forest.mp4,62,5367,7620,0,"07-04-2026 16:58:19 RAM 5367/7620MB (lfb 6x4MB) SWAP 13/3810MB (cached 0MB) CPU [1%@729,1%@729,0%@729,1%@729,82%@1497,19%@1497] GR3D_FREQ 0% cpu@50.218C soc2@49.843C soc0@49.906C gpu@51.375C tj@51.375C soc1@49.75C VDD_IN 4790mW/5223mW VDD_CPU_GPU_CV 1286mW/1532mW VDD_SOC 1406mW/1475mW"
forest.mp4,63,5372,7620,0,"07-04-2026 16:58:20 RAM 5372/7620MB (lfb 6x4MB) SWAP 13/3810MB (cached 0MB) CPU [6%@729,9%@729,9%@729,12%@729,17%@1497,67%@1497] GR3D_FREQ 0% cpu@50.156C soc2@49.718C soc0@50C gpu@51.437C tj@51.437C soc1@49.781C VDD_IN 5649mW/5230mW VDD_CPU_GPU_CV 1722mW/1535mW VDD_SOC 1522mW/1476mW"
forest.mp4,64,5375,7620,0,"07-04-2026 16:58:21 RAM 5375/7620MB (lfb 6x4MB) SWAP 13/3810MB (cached 0MB) CPU [33%@1497,4%@1497,4%@1497,4%@1497,72%@729,0%@729] GR3D_FREQ 0% cpu@50.25C soc2@49.937C soc0@50C gpu@51.375C tj@51.375C soc1@49.906C VDD_IN 4823mW/5224mW VDD_CPU_GPU_CV 1364mW/1533mW VDD_SOC 1406mW/1475mW"
forest.mp4,65,5377,7620,0,"07-04-2026 16:58:22 RAM 5377/7620MB (lfb 6x4MB) SWAP 13/3810MB (cached 0MB) CPU [25%@729,1%@729,4%@729,12%@729,40%@1497,33%@1497] GR3D_FREQ 0% cpu@50.218C soc2@49.781C soc0@49.937C gpu@51.656C tj@51.656C soc1@49.75C VDD_IN 5417mW/5226mW VDD_CPU_GPU_CV 1642mW/1534mW VDD_SOC 1482mW/1475mW"
forest.mp4,66,5376,7620,0,"07-04-2026 16:58:23 RAM 5376/7620MB (lfb 6x4MB) SWAP 13/3810MB (cached 0MB) CPU [5%@729,3%@729,4%@729,1%@729,61%@1497,41%@1497] GR3D_FREQ 0% cpu@50.281C soc2@49.687C soc0@49.875C gpu@51.562C tj@51.562C soc1@49.718C VDD_IN 4742mW/5219mW VDD_CPU_GPU_CV 1326mW/1531mW VDD_SOC 1366mW/1473mW"
forest.mp4,67,5376,7620,0,"07-04-2026 16:58:25 RAM 5376/7620MB (lfb 6x4MB) SWAP 13/3810MB (cached 0MB) CPU [5%@729,2%@729,2%@729,1%@729,36%@1497,45%@1497] GR3D_FREQ 0% cpu@50.312C soc2@49.875C soc0@49.843C gpu@51.687C tj@51.687C soc1@49.781C VDD_IN 5136mW/5218mW VDD_CPU_GPU_CV 1484mW/1531mW VDD_SOC 1444mW/1473mW"
forest.mp4,68,5376,7620,0,"07-04-2026 16:58:26 RAM 5376/7620MB (lfb 6x4MB) SWAP 13/3810MB (cached 0MB) CPU [4%@729,2%@729,5%@729,4%@729,51%@1497,49%@1497] GR3D_FREQ 0% cpu@50.031C soc2@49.812C soc0@49.968C gpu@51.343C tj@51.343C soc1@49.781C VDD_IN 4742mW/5211mW VDD_CPU_GPU_CV 1284mW/1527mW VDD_SOC 1406mW/1472mW"
forest.mp4,69,5379,7620,0,"07-04-2026 16:58:27 RAM 5379/7620MB (lfb 6x4MB) SWAP 13/3810MB (cached 0MB) CPU [5%@729,6%@729,16%@729,4%@729,49%@1497,34%@1497] GR3D_FREQ 0% cpu@50.156C soc2@49.843C soc0@49.875C gpu@51.437C tj@51.437C soc1@49.718C VDD_IN 5064mW/5209mW VDD_CPU_GPU_CV 1444mW/1526mW VDD_SOC 1444mW/1471mW"
forest.mp4,70,5384,7620,0,"07-04-2026 16:58:28 RAM 5384/7620MB (lfb 6x4MB) SWAP 13/3810MB (cached 0MB) CPU [3%@729,4%@729,4%@729,53%@729,47%@1420,1%@1420] GR3D_FREQ 0% cpu@50.25C soc2@49.718C soc0@49.906C gpu@51.437C tj@51.437C soc1@49.781C VDD_IN 4702mW/5202mW VDD_CPU_GPU_CV 1284mW/1522mW VDD_SOC 1366mW/1470mW"
forest.mp4,71,5405,7620,0,"07-04-2026 16:58:29 RAM 5405/7620MB (lfb 6x4MB) SWAP 13/3810MB (cached 0MB) CPU [14%@729,14%@729,13%@729,16%@729,69%@1497,23%@1497] GR3D_FREQ 0% cpu@50.468C soc2@49.75C soc0@49.906C gpu@51.5C tj@51.5C soc1@49.843C VDD_IN 5176mW/5202mW VDD_CPU_GPU_CV 1562mW/1523mW VDD_SOC 1442mW/1469mW"
forest.mp4,72,5403,7620,0,"07-04-2026 16:58:30 RAM 5403/7620MB (lfb 6x4MB) SWAP 13/3810MB (cached 0MB) CPU [10%@1113,12%@1113,11%@1113,46%@1113,30%@1344,13%@1344] GR3D_FREQ 0% cpu@50.125C soc2@49.968C soc0@50C gpu@52.093C tj@52.093C soc1@49.875C VDD_IN 6680mW/5222mW VDD_CPU_GPU_CV 2316mW/1534mW VDD_SOC 1717mW/1473mW"
forest.mp4,73,5427,7620,0,"07-04-2026 16:58:31 RAM 5427/7620MB (lfb 4x4MB) SWAP 13/3810MB (cached 0MB) CPU [6%@1497,100%@1497,12%@1497,6%@1497,85%@729,7%@729] GR3D_FREQ 0% cpu@50.812C soc2@49.906C soc0@49.906C gpu@51.812C tj@51.812C soc1@50.062C VDD_IN 5560mW/5226mW VDD_CPU_GPU_CV 1916mW/1539mW VDD_SOC 1440mW/1472mW"
forest.mp4,74,5447,7620,0,"07-04-2026 16:58:32 RAM 5447/7620MB (lfb 1x4MB) SWAP 13/3810MB (cached 0MB) CPU [9%@729,18%@729,47%@729,2%@729,67%@1497,30%@1497] GR3D_FREQ 0% cpu@50.437C soc2@49.937C soc0@49.875C gpu@51.937C tj@51.937C soc1@49.812C VDD_IN 6440mW/5243mW VDD_CPU_GPU_CV 2316mW/1549mW VDD_SOC 1640mW/1475mW"
forest.mp4,75,5433,7620,0,"07-04-2026 16:58:33 RAM 5433/7620MB (lfb 1x4MB) SWAP 14/3810MB (cached 0MB) CPU [8%@729,24%@729,7%@729,6%@729,76%@1497,27%@1497] GR3D_FREQ 0% cpu@50.187C soc2@49.906C soc0@49.906C gpu@51.5C tj@51.5C soc1@49.906C VDD_IN 5248mW/5243mW VDD_CPU_GPU_CV 1520mW/1549mW VDD_SOC 1440mW/1474mW"
forest.mp4,76,5437,7620,0,"07-04-2026 16:58:34 RAM 5437/7620MB (lfb 1x4MB) SWAP 14/3810MB (cached 0MB) CPU [22%@729,5%@729,12%@729,9%@729,23%@1497,60%@1497] GR3D_FREQ 0% cpu@50.468C soc2@49.781C soc0@50C gpu@51.593C tj@51.593C soc1@49.937C VDD_IN 5760mW/5249mW VDD_CPU_GPU_CV 1637mW/1550mW VDD_SOC 1520mW/1475mW"
forest.mp4,77,5396,7620,0,"07-04-2026 16:58:35 RAM 5396/7620MB (lfb 7x4MB) SWAP 14/3810MB (cached 0MB) CPU [16%@729,7%@729,11%@729,6%@729,65%@1497,36%@1497] GR3D_FREQ 0% cpu@50.031C soc2@49.875C soc0@50.031C gpu@51.5C tj@51.5C soc1@49.75C VDD_IN 4927mW/5245mW VDD_CPU_GPU_CV 1400mW/1548mW VDD_SOC 1402mW/1474mW"
forest.mp4,78,5401,7620,0,"07-04-2026 16:58:36 RAM 5401/7620MB (lfb 7x4MB) SWAP 14/3810MB (cached 0MB) CPU [15%@729,8%@729,6%@729,6%@729,35%@1497,47%@1497] GR3D_FREQ 0% cpu@50.218C soc2@49.843C soc0@49.906C gpu@51.906C tj@51.906C soc1@49.718C VDD_IN 5328mW/5246mW VDD_CPU_GPU_CV 1562mW/1548mW VDD_SOC 1482mW/1474mW"
forest.mp4,79,5400,7620,0,"07-04-2026 16:58:37 RAM 5400/7620MB (lfb 7x4MB) SWAP 14/3810MB (cached 0MB) CPU [6%@729,2%@729,8%@729,5%@729,50%@1497,50%@1497] GR3D_FREQ 0% cpu@50.375C soc2@49.781C soc0@49.906C gpu@51.343C tj@51.343C soc1@49.875C VDD_IN 4815mW/5241mW VDD_CPU_GPU_CV 1362mW/1546mW VDD_SOC 1404mW/1473mW"
forest.mp4,80,5400,7620,0,"07-04-2026 16:58:38 RAM 5400/7620MB (lfb 7x4MB) SWAP 14/3810MB (cached 0MB) CPU [6%@729,3%@729,5%@729,4%@729,50%@1497,34%@1497] GR3D_FREQ 0% cpu@50.218C soc2@49.875C soc0@50C gpu@51.468C tj@51.468C soc1@49.937C VDD_IN 5024mW/5238mW VDD_CPU_GPU_CV 1444mW/1545mW VDD_SOC 1444mW/1473mW"
forest.mp4,81,5397,7620,7,"07-04-2026 16:58:39 RAM 5397/7620MB (lfb 7x4MB) SWAP 14/3810MB (cached 0MB) CPU [8%@729,10%@729,17%@729,5%@729,37%@1497,59%@1497] GR3D_FREQ 7% cpu@50C soc2@49.812C soc0@50.062C gpu@51.343C tj@51.343C soc1@49.812C VDD_IN 4855mW/5233mW VDD_CPU_GPU_CV 1362mW/1543mW VDD_SOC 1404mW/1472mW"
forest.mp4,82,5398,7620,0,"07-04-2026 16:58:40 RAM 5398/7620MB (lfb 7x4MB) SWAP 14/3810MB (cached 0MB) CPU [7%@729,51%@729,8%@729,6%@729,14%@1497,24%@1497] GR3D_FREQ 0% cpu@50.25C soc2@49.812C soc0@50C gpu@51.5C tj@51.5C soc1@49.812C VDD_IN 4975mW/5230mW VDD_CPU_GPU_CV 1444mW/1541mW VDD_SOC 1404mW/1471mW"
forest.mp4,83,5399,7620,0,"07-04-2026 16:58:41 RAM 5399/7620MB (lfb 6x4MB) SWAP 14/3810MB (cached 0MB) CPU [2%@729,4%@729,9%@729,6%@729,20%@1420,65%@1420] GR3D_FREQ 0% cpu@50.468C soc2@49.906C soc0@50C gpu@51.968C tj@51.968C soc1@49.812C VDD_IN 6640mW/5247mW VDD_CPU_GPU_CV 2236mW/1550mW VDD_SOC 1757mW/1474mW"
forest.mp4,84,5399,7620,0,"07-04-2026 16:58:42 RAM 5399/7620MB (lfb 6x4MB) SWAP 14/3810MB (cached 0MB) CPU [4%@1497,23%@1497,3%@1497,5%@1497,75%@729,6%@729] GR3D_FREQ 0% cpu@50.375C soc2@49.843C soc0@50C gpu@51.562C tj@51.562C soc1@49.843C VDD_IN 4895mW/5243mW VDD_CPU_GPU_CV 1362mW/1547mW VDD_SOC 1404mW/1474mW"
forest.mp4,85,5399,7620,0,"07-04-2026 16:58:43 RAM 5399/7620MB (lfb 6x4MB) SWAP 14/3810MB (cached 0MB) CPU [6%@729,7%@729,7%@729,13%@729,39%@1497,33%@1497] GR3D_FREQ 0% cpu@50.281C soc2@49.875C soc0@50.031C gpu@51.625C tj@51.625C soc1@50C VDD_IN 5296mW/5244mW VDD_CPU_GPU_CV 1562mW/1548mW VDD_SOC 1484mW/1474mW"
forest.mp4,86,5401,7620,0,"07-04-2026 16:58:44 RAM 5401/7620MB (lfb 6x4MB) SWAP 14/3810MB (cached 0MB) CPU [7%@729,5%@729,7%@729,8%@729,56%@1497,45%@1497] GR3D_FREQ 0% cpu@50.125C soc2@49.906C soc0@49.906C gpu@51.625C tj@51.437C soc1@49.718C VDD_IN 4775mW/5238mW VDD_CPU_GPU_CV 1324mW/1545mW VDD_SOC 1404mW/1473mW"
forest.mp4,87,5400,7620,0,"07-04-2026 16:58:45 RAM 5400/7620MB (lfb 6x4MB) SWAP 14/3810MB (cached 0MB) CPU [14%@1497,14%@1497,14%@1497,47%@1497,12%@729,37%@729] GR3D_FREQ 0% cpu@50.531C soc2@49.937C soc0@50C gpu@51.5C tj@51.5C soc1@49.812C VDD_IN 5288mW/5239mW VDD_CPU_GPU_CV 1562mW/1545mW VDD_SOC 1442mW/1473mW"
forest.mp4,88,5399,7620,87,"07-04-2026 16:58:46 RAM 5399/7620MB (lfb 6x4MB) SWAP 14/3810MB (cached 0MB) CPU [12%@1036,6%@1036,14%@1036,46%@1036,44%@883,21%@883] GR3D_FREQ 87% cpu@50.5C soc2@50C soc0@50C gpu@52.125C tj@52.125C soc1@49.875C VDD_IN 5880mW/5246mW VDD_CPU_GPU_CV 1996mW/1550mW VDD_SOC 1520mW/1473mW"
forest.mp4,89,5400,7620,0,"07-04-2026 16:58:47 RAM 5400/7620MB (lfb 6x4MB) SWAP 14/3810MB (cached 0MB) CPU [17%@1497,12%@1497,13%@1497,76%@1497,3%@729,18%@729] GR3D_FREQ 0% cpu@50.468C soc2@49.906C soc0@50C gpu@51.5C tj@51.5C soc1@49.968C VDD_IN 5096mW/5244mW VDD_CPU_GPU_CV 1482mW/1550mW VDD_SOC 1442mW/1473mW"
forest.mp4,90,5403,7620,99,"07-04-2026 16:58:48 RAM 5403/7620MB (lfb 6x4MB) SWAP 14/3810MB (cached 0MB) CPU [14%@729,14%@729,14%@729,26%@729,54%@729,25%@729] GR3D_FREQ 99% cpu@50.156C soc2@49.968C soc0@50.093C gpu@52.406C tj@52.406C soc1@49.906C VDD_IN 6320mW/5256mW VDD_CPU_GPU_CV 2236mW/1557mW VDD_SOC 1600mW/1474mW"
forest.mp4,91,5414,7620,0,"07-04-2026 16:58:49 RAM 5414/7620MB (lfb 6x4MB) SWAP 14/3810MB (cached 0MB) CPU [13%@1497,8%@1497,14%@1497,87%@1497,3%@729,13%@729] GR3D_FREQ 0% cpu@50.968C soc2@49.937C soc0@50C gpu@51.687C tj@51.687C soc1@49.812C VDD_IN 4975mW/5253mW VDD_CPU_GPU_CV 1444mW/1556mW VDD_SOC 1444mW/1474mW"
forest.mp4,92,5399,7620,0,"07-04-2026 16:58:50 RAM 5399/7620MB (lfb 6x4MB) SWAP 14/3810MB (cached 0MB) CPU [61%@729,17%@729,14%@729,13%@729,8%@1344,31%@1344] GR3D_FREQ 0% cpu@50.281C soc2@50C soc0@49.968C gpu@51.843C tj@51.843C soc1@49.906C VDD_IN 6600mW/5268mW VDD_CPU_GPU_CV 2236mW/1563mW VDD_SOC 1717mW/1476mW"
forest.mp4,93,5401,7620,0,"07-04-2026 16:58:51 RAM 5401/7620MB (lfb 6x4MB) SWAP 14/3810MB (cached 0MB) CPU [11%@883,13%@883,90%@883,8%@883,6%@1497,18%@1497] GR3D_FREQ 0% cpu@50.625C soc2@50C soc0@50.125C gpu@51.593C tj@51.593C soc1@50C VDD_IN 5056mW/5265mW VDD_CPU_GPU_CV 1482mW/1562mW VDD_SOC 1442mW/1476mW"
forest.mp4,94,5401,7620,0,"07-04-2026 16:58:52 RAM 5401/7620MB (lfb 6x4MB) SWAP 14/3810MB (cached 0MB) CPU [15%@729,13%@729,17%@729,15%@729,4%@1497,79%@1497] GR3D_FREQ 0% cpu@50.218C soc2@49.968C soc0@49.968C gpu@51.718C tj@51.718C soc1@49.875C VDD_IN 6200mW/5275mW VDD_CPU_GPU_CV 1956mW/1566mW VDD_SOC 1680mW/1478mW"
forest.mp4,95,5397,7620,0,"07-04-2026 16:58:53 RAM 5397/7620MB (lfb 6x4MB) SWAP 14/3810MB (cached 0MB) CPU [13%@729,12%@729,87%@729,9%@729,6%@1497,17%@1497] GR3D_FREQ 0% cpu@50.437C soc2@49.937C soc0@50C gpu@51.718C tj@51.718C soc1@49.843C VDD_IN 5016mW/5272mW VDD_CPU_GPU_CV 1442mW/1565mW VDD_SOC 1442mW/1478mW"
forest.mp4,96,5397,7620,0,"07-04-2026 16:58:54 RAM 5397/7620MB (lfb 6x4MB) SWAP 14/3810MB (cached 0MB) CPU [26%@729,18%@729,18%@729,11%@729,7%@960,70%@960] GR3D_FREQ 0% cpu@50.375C soc2@49.968C soc0@50.093C gpu@51.906C tj@51.906C soc1@49.968C VDD_IN 5889mW/5279mW VDD_CPU_GPU_CV 1800mW/1568mW VDD_SOC 1600mW/1479mW"
forest.mp4,97,5399,7620,0,"07-04-2026 16:58:55 RAM 5399/7620MB (lfb 6x4MB) SWAP 14/3810MB (cached 0MB) CPU [17%@729,12%@729,15%@729,15%@729,77%@1497,30%@1497] GR3D_FREQ 0% cpu@50.156C soc2@49.968C soc0@50.187C gpu@51.75C tj@51.75C soc1@49.937C VDD_IN 5048mW/5276mW VDD_CPU_GPU_CV 1482mW/1567mW VDD_SOC 1442mW/1479mW"
forest.mp4,98,5409,7620,0,"07-04-2026 16:58:56 RAM 5409/7620MB (lfb 6x4MB) SWAP 14/3810MB (cached 0MB) CPU [18%@729,10%@729,13%@729,22%@729,21%@1497,65%@1497] GR3D_FREQ 0% cpu@50.281C soc2@49.906C soc0@50.156C gpu@51.687C tj@51.687C soc1@49.812C VDD_IN 5689mW/5281mW VDD_CPU_GPU_CV 1760mW/1569mW VDD_SOC 1522mW/1479mW"
forest.mp4,99,5400,7620,0,"07-04-2026 16:58:57 RAM 5400/7620MB (lfb 6x4MB) SWAP 14/3810MB (cached 0MB) CPU [8%@1497,16%@1497,7%@1497,47%@1497,5%@729,68%@729] GR3D_FREQ 0% cpu@50.718C soc2@49.968C soc0@50C gpu@51.531C tj@51.531C soc1@49.937C VDD_IN 4967mW/5277mW VDD_CPU_GPU_CV 1480mW/1568mW VDD_SOC 1402mW/1478mW"
forest.mp4,100,5401,7620,0,"07-04-2026 16:58:58 RAM 5401/7620MB (lfb 6x4MB) SWAP 14/3810MB (cached 0MB) CPU [22%@960,17%@960,12%@960,26%@960,44%@1497,29%@1497] GR3D_FREQ 0% cpu@50.5C soc2@49.968C soc0@50.093C gpu@51.687C tj@51.687C soc1@49.937C VDD_IN 5408mW/5279mW VDD_CPU_GPU_CV 1640mW/1569mW VDD_SOC 1482mW/1478mW"
forest.mp4,101,5398,7620,0,"07-04-2026 16:58:59 RAM 5398/7620MB (lfb 6x4MB) SWAP 14/3810MB (cached 0MB) CPU [32%@729,14%@729,9%@729,10%@729,82%@1497,3%@1497] GR3D_FREQ 0% cpu@50.812C soc2@49.968C soc0@50.062C gpu@51.562C tj@51.562C soc1@50.031C VDD_IN 4967mW/5276mW VDD_CPU_GPU_CV 1440mW/1567mW VDD_SOC 1402mW/1478mW"
forest.mp4,102,5398,7620,0,"07-04-2026 16:59:00 RAM 5398/7620MB (lfb 6x4MB) SWAP 14/3810MB (cached 0MB) CPU [22%@729,10%@729,14%@729,11%@729,52%@1497,21%@1497] GR3D_FREQ 0% cpu@50.375C soc2@49.968C soc0@50.218C gpu@51.937C tj@51.937C soc1@49.937C VDD_IN 5288mW/5276mW VDD_CPU_GPU_CV 1562mW/1567mW VDD_SOC 1482mW/1478mW"
forest.mp4,103,5394,7620,0,"07-04-2026 16:59:01 RAM 5394/7620MB (lfb 6x4MB) SWAP 14/3810MB (cached 0MB) CPU [9%@1497,55%@1497,10%@1497,10%@1497,55%@729,14%@729] GR3D_FREQ 0% cpu@50.406C soc2@49.968C soc0@50.031C gpu@52.031C tj@52.031C soc1@49.906C VDD_IN 4967mW/5273mW VDD_CPU_GPU_CV 1442mW/1566mW VDD_SOC 1402mW/1477mW"
forest.mp4,104,5395,7620,0,"07-04-2026 16:59:02 RAM 5395/7620MB (lfb 6x4MB) SWAP 14/3810MB (cached 0MB) CPU [6%@729,3%@729,12%@729,6%@729,60%@1497,24%@1497] GR3D_FREQ 0% cpu@50.562C soc2@49.875C soc0@50.031C gpu@51.968C tj@51.968C soc1@49.875C VDD_IN 5064mW/5271mW VDD_CPU_GPU_CV 1484mW/1565mW VDD_SOC 1444mW/1477mW"
forest.mp4,105,5398,7620,91,"07-04-2026 16:59:03 RAM 5398/7620MB (lfb 6x4MB) SWAP 14/3810MB (cached 0MB) CPU [6%@729,50%@729,7%@729,4%@729,36%@883,11%@883] GR3D_FREQ 91% cpu@50.281C soc2@49.906C soc0@50.062C gpu@52.187C tj@52.187C soc1@50C VDD_IN 5448mW/5273mW VDD_CPU_GPU_CV 1762mW/1567mW VDD_SOC 1482mW/1477mW"
forest.mp4,106,5399,7620,0,"07-04-2026 16:59:04 RAM 5399/7620MB (lfb 6x4MB) SWAP 14/3810MB (cached 0MB) CPU [10%@729,6%@729,8%@729,3%@729,69%@1497,19%@1497] GR3D_FREQ 0% cpu@50.281C soc2@49.937C soc0@50.218C gpu@51.625C tj@51.625C soc1@50C VDD_IN 4903mW/5269mW VDD_CPU_GPU_CV 1404mW/1566mW VDD_SOC 1406mW/1476mW"
forest.mp4,107,5396,7620,99,"07-04-2026 16:59:05 RAM 5396/7620MB (lfb 6x4MB) SWAP 14/3810MB (cached 0MB) CPU [11%@729,12%@729,54%@729,7%@729,23%@729,24%@729] GR3D_FREQ 99% cpu@50.281C soc2@50C soc0@50.093C gpu@52.281C tj@52.281C soc1@49.843C VDD_IN 6520mW/5281mW VDD_CPU_GPU_CV 2236mW/1572mW VDD_SOC 1680mW/1478mW"
forest.mp4,108,5411,7620,0,"07-04-2026 16:59:06 RAM 5411/7620MB (lfb 6x4MB) SWAP 14/3810MB (cached 0MB) CPU [5%@1497,7%@1497,71%@1497,6%@1497,22%@1497,14%@1497] GR3D_FREQ 0% cpu@50.937C soc2@49.937C soc0@50.062C gpu@51.656C tj@51.656C soc1@50C VDD_IN 4943mW/5278mW VDD_CPU_GPU_CV 1404mW/1570mW VDD_SOC 1444mW/1478mW"
forest.mp4,109,5398,7620,0,"07-04-2026 16:59:07 RAM 5398/7620MB (lfb 6x4MB) SWAP 14/3810MB (cached 0MB) CPU [7%@729,6%@729,55%@729,6%@729,3%@1267,29%@1267] GR3D_FREQ 0% cpu@50.218C soc2@49.968C soc0@50.187C gpu@51.812C tj@51.812C soc1@50C VDD_IN 6280mW/5287mW VDD_CPU_GPU_CV 2036mW/1574mW VDD_SOC 1680mW/1479mW"
forest.mp4,110,5398,7620,0,"07-04-2026 16:59:08 RAM 5398/7620MB (lfb 6x4MB) SWAP 14/3810MB (cached 0MB) CPU [23%@1497,34%@1497,25%@1497,10%@1497,87%@729,13%@729] GR3D_FREQ 0% cpu@50.843C soc2@50.062C soc0@50.156C gpu@51.562C tj@51.562C soc1@50.156C VDD_IN 5408mW/5288mW VDD_CPU_GPU_CV 1640mW/1575mW VDD_SOC 1440mW/1479mW"
forest.mp4,111,5401,7620,0,"07-04-2026 16:59:09 RAM 5401/7620MB (lfb 6x4MB) SWAP 14/3810MB (cached 0MB) CPU [37%@1420,57%@1420,59%@1420,27%@1420,47%@1497,46%@1497] GR3D_FREQ 0% cpu@50.656C soc2@50.281C soc0@50.062C gpu@51.781C tj@51.781C soc1@49.968C VDD_IN 7108mW/5304mW VDD_CPU_GPU_CV 2631mW/1584mW VDD_SOC 1714mW/1481mW"
forest.mp4,112,5399,7620,0,"07-04-2026 16:59:10 RAM 5399/7620MB (lfb 6x4MB) SWAP 14/3810MB (cached 0MB) CPU [35%@1497,12%@1497,14%@1497,9%@1497,7%@729,73%@729] GR3D_FREQ 0% cpu@50.718C soc2@50.093C soc0@50.093C gpu@51.625C tj@51.625C soc1@50.031C VDD_IN 5128mW/5302mW VDD_CPU_GPU_CV 1560mW/1584mW VDD_SOC 1442mW/1481mW"
forest.mp4,113,5398,7620,0,"07-04-2026 16:59:11 RAM 5398/7620MB (lfb 6x4MB) SWAP 14/3810MB (cached 0MB) CPU [45%@883,17%@883,20%@883,13%@883,33%@1497,31%@1497] GR3D_FREQ 0% cpu@50.656C soc2@49.968C soc0@50.156C gpu@51.812C tj@51.812C soc1@50.062C VDD_IN 5689mW/5306mW VDD_CPU_GPU_CV 1760mW/1586mW VDD_SOC 1522mW/1481mW"
forest.mp4,114,5397,7620,0,"07-04-2026 16:59:12 RAM 5397/7620MB (lfb 6x4MB) SWAP 14/3810MB (cached 0MB) CPU [14%@1497,18%@1497,14%@1497,45%@1497,16%@729,70%@729] GR3D_FREQ 0% cpu@50.593C soc2@50.031C soc0@50.125C gpu@51.718C tj@51.718C soc1@50.062C VDD_IN 5088mW/5304mW VDD_CPU_GPU_CV 1560mW/1586mW VDD_SOC 1402mW/1481mW"
forest.mp4,115,5399,7620,0,"07-04-2026 16:59:13 RAM 5399/7620MB (lfb 6x4MB) SWAP 14/3810MB (cached 0MB) CPU [39%@1190,17%@1190,12%@1190,28%@1190,10%@1497,47%@1497] GR3D_FREQ 0% cpu@50.531C soc2@50.062C soc0@50.312C gpu@51.875C tj@51.875C soc1@50.218C VDD_IN 5568mW/5306mW VDD_CPU_GPU_CV 1720mW/1587mW VDD_SOC 1522mW/1481mW"
forest.mp4,116,5398,7620,0,"07-04-2026 16:59:14 RAM 5398/7620MB (lfb 6x4MB) SWAP 14/3810MB (cached 0MB) CPU [18%@1497,8%@1497,58%@1497,9%@1497,0%@729,54%@729] GR3D_FREQ 0% cpu@51.156C soc2@50.031C soc0@50.093C gpu@51.843C tj@51.843C soc1@50C VDD_IN 4895mW/5303mW VDD_CPU_GPU_CV 1402mW/1585mW VDD_SOC 1404mW/1480mW"
forest.mp4,117,5399,7620,0,"07-04-2026 16:59:15 RAM 5399/7620MB (lfb 6x4MB) SWAP 14/3810MB (cached 0MB) CPU [4%@729,5%@729,9%@729,6%@729,56%@1497,21%@1497] GR3D_FREQ 0% cpu@50.5C soc2@49.906C soc0@50.093C gpu@51.656C tj@51.656C soc1@50.031C VDD_IN 5104mW/5301mW VDD_CPU_GPU_CV 1484mW/1584mW VDD_SOC 1444mW/1480mW"
forest.mp4,118,5397,7620,0,"07-04-2026 16:59:16 RAM 5397/7620MB (lfb 6x4MB) SWAP 14/3810MB (cached 0MB) CPU [4%@729,53%@729,3%@729,3%@729,45%@1344,6%@1344] GR3D_FREQ 0% cpu@50.468C soc2@50.031C soc0@50.187C gpu@51.593C tj@51.593C soc1@50.031C VDD_IN 4742mW/5296mW VDD_CPU_GPU_CV 1284mW/1582mW VDD_SOC 1364mW/1479mW"
forest.mp4,119,5397,7620,0,"07-04-2026 16:59:17 RAM 5397/7620MB (lfb 6x4MB) SWAP 14/3810MB (cached 0MB) CPU [26%@729,3%@729,7%@729,6%@729,56%@1497,4%@1497] GR3D_FREQ 0% cpu@50.406C soc2@50.031C soc0@50.218C gpu@51.687C tj@51.687C soc1@50.125C VDD_IN 4983mW/5294mW VDD_CPU_GPU_CV 1404mW/1580mW VDD_SOC 1404mW/1478mW"
forest.mp4,120,5396,7620,93,"07-04-2026 16:59:18 RAM 5396/7620MB (lfb 6x4MB) SWAP 14/3810MB (cached 0MB) CPU [17%@1497,55%@1497,7%@1497,7%@1497,33%@729,0%@729] GR3D_FREQ 93% cpu@50.531C soc2@50.031C soc0@50.093C gpu@52.375C tj@52.375C soc1@50.031C VDD_IN 5256mW/5293mW VDD_CPU_GPU_CV 1642mW/1581mW VDD_SOC 1442mW/1478mW"
forest.mp4,121,5396,7620,0,"07-04-2026 16:59:19 RAM 5396/7620MB (lfb 6x4MB) SWAP 14/3810MB (cached 0MB) CPU [22%@729,2%@729,8%@729,3%@729,72%@1497,0%@1497] GR3D_FREQ 0% cpu@50.687C soc2@49.968C soc0@50.187C gpu@51.812C tj@51.812C soc1@50C VDD_IN 4943mW/5291mW VDD_CPU_GPU_CV 1404mW/1579mW VDD_SOC 1406mW/1477mW"
forest.mp4,122,5402,7620,99,"07-04-2026 16:59:20 RAM 5402/7620MB (lfb 6x4MB) SWAP 14/3810MB (cached 0MB) CPU [53%@1497,38%@1497,21%@1497,31%@1497,48%@729,12%@729] GR3D_FREQ 99% cpu@50.781C soc2@50.281C soc0@50.156C gpu@52.75C tj@52.75C soc1@50.187C VDD_IN 7547mW/5309mW VDD_CPU_GPU_CV 2826mW/1589mW VDD_SOC 1834mW/1480mW"
forest.mp4,123,5404,7620,0,"07-04-2026 16:59:21 RAM 5404/7620MB (lfb 6x4MB) SWAP 14/3810MB (cached 0MB) CPU [26%@1497,36%@1497,21%@1497,29%@1497,91%@1497,17%@1497] GR3D_FREQ 0% cpu@50.781C soc2@50.187C soc0@50.25C gpu@51.687C tj@51.687C soc1@50.218C VDD_IN 5368mW/5309mW VDD_CPU_GPU_CV 1640mW/1590mW VDD_SOC 1480mW/1480mW"
forest.mp4,124,5404,7620,0,"07-04-2026 16:59:22 RAM 5404/7620MB (lfb 6x4MB) SWAP 14/3810MB (cached 0MB) CPU [36%@1113,5%@1113,10%@1113,51%@1113,3%@729,5%@729] GR3D_FREQ 0% cpu@50.593C soc2@50.187C soc0@50.156C gpu@51.906C tj@51.906C soc1@50.031C VDD_IN 6240mW/5317mW VDD_CPU_GPU_CV 1956mW/1593mW VDD_SOC 1677mW/1482mW"
forest.mp4,125,5404,7620,0,"07-04-2026 16:59:23 RAM 5404/7620MB (lfb 6x4MB) SWAP 14/3810MB (cached 0MB) CPU [18%@1497,16%@1497,35%@1497,27%@1497,16%@1113,88%@1113] GR3D_FREQ 0% cpu@50.968C soc2@50.093C soc0@50.156C gpu@51.75C tj@51.75C soc1@50.062C VDD_IN 5360mW/5317mW VDD_CPU_GPU_CV 1640mW/1593mW VDD_SOC 1440mW/1482mW"
forest.mp4,126,5405,7620,0,"07-04-2026 16:59:24 RAM 5405/7620MB (lfb 6x4MB) SWAP 14/3810MB (cached 0MB) CPU [15%@1497,11%@1497,12%@1497,64%@1497,16%@883,19%@883] GR3D_FREQ 0% cpu@50.625C soc2@50.187C soc0@50.187C gpu@51.843C tj@51.843C soc1@50.125C VDD_IN 6000mW/5323mW VDD_CPU_GPU_CV 1876mW/1595mW VDD_SOC 1600mW/1482mW"
forest.mp4,127,5388,7620,0,"07-04-2026 16:59:25 RAM 5388/7620MB (lfb 6x4MB) SWAP 14/3810MB (cached 0MB) CPU [11%@729,18%@729,19%@729,12%@729,19%@1497,79%@1497] GR3D_FREQ 0% cpu@50.593C soc2@50.187C soc0@50.187C gpu@51.718C tj@51.718C soc1@50.187C VDD_IN 5056mW/5320mW VDD_CPU_GPU_CV 1482mW/1595mW VDD_SOC 1402mW/1482mW"
forest.mp4,128,5388,7620,0,"07-04-2026 16:59:26 RAM 5388/7620MB (lfb 6x4MB) SWAP 14/3810MB (cached 0MB) CPU [12%@729,1%@729,4%@729,24%@729,49%@1497,0%@1497] GR3D_FREQ 0% cpu@50.375C soc2@50.156C soc0@50.125C gpu@52.062C tj@52.062C soc1@50.187C VDD_IN 5377mW/5321mW VDD_CPU_GPU_CV 1562mW/1594mW VDD_SOC 1484mW/1482mW"
forest.mp4,129,5395,7620,0,"07-04-2026 16:59:27 RAM 5395/7620MB (lfb 6x4MB) SWAP 14/3810MB (cached 0MB) CPU [7%@729,4%@729,22%@729,41%@729,71%@1497,31%@1497] GR3D_FREQ 0% cpu@50.781C soc2@50.093C soc0@50.187C gpu@52C tj@52C soc1@50.062C VDD_IN 5288mW/5321mW VDD_CPU_GPU_CV 1720mW/1595mW VDD_SOC 1400mW/1481mW"
forest.mp4,130,5413,7620,0,"07-04-2026 16:59:28 RAM 5413/7620MB (lfb 6x4MB) SWAP 14/3810MB (cached 0MB) CPU [27%@729,33%@729,12%@729,40%@729,14%@1497,24%@1497] GR3D_FREQ 0% cpu@50.781C soc2@50.187C soc0@50.25C gpu@52.187C tj@52.187C soc1@50.187C VDD_IN 5528mW/5322mW VDD_CPU_GPU_CV 1720mW/1596mW VDD_SOC 1522mW/1482mW"
forest.mp4,131,5415,7620,0,"07-04-2026 16:59:29 RAM 5415/7620MB (lfb 6x4MB) SWAP 14/3810MB (cached 0MB) CPU [1%@1497,1%@1497,46%@1497,0%@1497,57%@729,0%@729] GR3D_FREQ 0% cpu@50.968C soc2@50.187C soc0@50.156C gpu@52.093C tj@52.093C soc1@50.156C VDD_IN 4782mW/5318mW VDD_CPU_GPU_CV 1324mW/1594mW VDD_SOC 1404mW/1481mW"
forest.mp4,132,5415,7620,0,"07-04-2026 16:59:30 RAM 5415/7620MB (lfb 6x4MB) SWAP 14/3810MB (cached 0MB) CPU [19%@1497,20%@1497,64%@1497,39%@1497,17%@729,37%@729] GR3D_FREQ 0% cpu@50.906C soc2@50.187C soc0@50.437C gpu@51.75C tj@51.75C soc1@50.25C VDD_IN 5457mW/5319mW VDD_CPU_GPU_CV 1725mW/1595mW VDD_SOC 1484mW/1481mW"
forest.mp4,133,5416,7620,99,"07-04-2026 16:59:31 RAM 5416/7620MB (lfb 6x4MB) SWAP 14/3810MB (cached 0MB) CPU [54%@1497,2%@1497,38%@1497,10%@1497,2%@729,3%@729] GR3D_FREQ 99% cpu@50.468C soc2@50.156C soc0@50.156C gpu@52.031C tj@52.031C soc1@50.281C VDD_IN 4903mW/5316mW VDD_CPU_GPU_CV 1364mW/1593mW VDD_SOC 1406mW/1480mW"
forest.mp4,134,5417,7620,0,"07-04-2026 16:59:32 RAM 5417/7620MB (lfb 6x4MB) SWAP 14/3810MB (cached 0MB) CPU [1%@1497,1%@1497,2%@1497,84%@1497,0%@729,0%@729] GR3D_FREQ 0% cpu@50.781C soc2@50.062C soc0@50.156C gpu@51.843C tj@51.843C soc1@50.062C VDD_IN 4903mW/5313mW VDD_CPU_GPU_CV 1406mW/1592mW VDD_SOC 1406mW/1480mW"
forest.mp4,135,5417,7620,98,"07-04-2026 16:59:33 RAM 5417/7620MB (lfb 6x4MB) SWAP 14/3810MB (cached 0MB) CPU [62%@1497,10%@1497,3%@1497,33%@1497,12%@729,5%@729] GR3D_FREQ 98% cpu@51.062C soc2@50.375C soc0@50.25C gpu@52.687C tj@52.687C soc1@50.187C VDD_IN 6410mW/5321mW VDD_CPU_GPU_CV 2400mW/1598mW VDD_SOC 1602mW/1481mW"
forest.mp4,136,5417,7620,0,"07-04-2026 16:59:34 RAM 5417/7620MB (lfb 6x4MB) SWAP 14/3810MB (cached 0MB) CPU [2%@1497,2%@1497,82%@1497,11%@1497,0%@729,2%@729] GR3D_FREQ 0% cpu@51.062C soc2@50.156C soc0@50.25C gpu@51.906C tj@51.906C soc1@50.25C VDD_IN 4903mW/5318mW VDD_CPU_GPU_CV 1406mW/1597mW VDD_SOC 1446mW/1481mW"
forest.mp4,137,5418,7620,0,"07-04-2026 16:59:35 RAM 5418/7620MB (lfb 6x4MB) SWAP 14/3810MB (cached 0MB) CPU [11%@1113,11%@1113,5%@1113,27%@1113,47%@729,0%@729] GR3D_FREQ 0% cpu@50.5C soc2@50.312C soc0@50.406C gpu@52.187C tj@52.187C soc1@50.187C VDD_IN 6320mW/5325mW VDD_CPU_GPU_CV 2036mW/1600mW VDD_SOC 1680mW/1482mW"
forest.mp4,138,5419,7620,0,"07-04-2026 16:59:36 RAM 5419/7620MB (lfb 6x4MB) SWAP 14/3810MB (cached 0MB) CPU [1%@960,0%@960,3%@960,7%@960,90%@1497,3%@1497] GR3D_FREQ 0% cpu@50.531C soc2@50.031C soc0@50.375C gpu@51.906C tj@51.906C soc1@50.093C VDD_IN 4823mW/5322mW VDD_CPU_GPU_CV 1324mW/1598mW VDD_SOC 1406mW/1481mW"
forest.mp4,139,5418,7620,0,"07-04-2026 16:59:37 RAM 5418/7620MB (lfb 6x4MB) SWAP 14/3810MB (cached 0MB) CPU [5%@883,0%@883,3%@883,34%@883,46%@729,1%@729] GR3D_FREQ 0% cpu@50.593C soc2@50.187C soc0@50.187C gpu@51.843C tj@51.843C soc1@50.156C VDD_IN 5929mW/5326mW VDD_CPU_GPU_CV 1800mW/1599mW VDD_SOC 1642mW/1483mW"
forest.mp4,140,5418,7620,0,"07-04-2026 16:59:38 RAM 5418/7620MB (lfb 6x4MB) SWAP 14/3810MB (cached 0MB) CPU [84%@729,3%@729,1%@729,1%@729,17%@1497,0%@1497] GR3D_FREQ 0% cpu@50.937C soc2@50.031C soc0@50.218C gpu@51.781C tj@51.781C soc1@50.187C VDD_IN 4823mW/5322mW VDD_CPU_GPU_CV 1324mW/1597mW VDD_SOC 1406mW/1482mW"
forest.mp4,141,5419,7620,0,"07-04-2026 16:59:39 RAM 5419/7620MB (lfb 6x4MB) SWAP 14/3810MB (cached 0MB) CPU [18%@1497,3%@1497,3%@1497,11%@1497,55%@729,2%@729] GR3D_FREQ 0% cpu@50.531C soc2@50.187C soc0@50.343C gpu@51.812C tj@51.812C soc1@50.187C VDD_IN 5537mW/5324mW VDD_CPU_GPU_CV 1642mW/1598mW VDD_SOC 1522mW/1482mW"
forest.mp4,142,5417,7620,0,"07-04-2026 16:59:40 RAM 5417/7620MB (lfb 6x4MB) SWAP 14/3810MB (cached 0MB) CPU [71%@729,1%@729,2%@729,0%@729,0%@1497,30%@1497] GR3D_FREQ 0% cpu@50.375C soc2@50.093C soc0@50.375C gpu@51.906C tj@51.906C soc1@50.312C VDD_IN 4742mW/5320mW VDD_CPU_GPU_CV 1286mW/1595mW VDD_SOC 1406mW/1482mW"
forest.mp4,143,5417,7620,0,"07-04-2026 16:59:41 RAM 5417/7620MB (lfb 6x4MB) SWAP 14/3810MB (cached 0MB) CPU [28%@1497,1%@1497,3%@1497,2%@1497,11%@729,44%@729] GR3D_FREQ 0% cpu@50.687C soc2@50.218C soc0@50.281C gpu@51.968C tj@51.968C soc1@50.156C VDD_IN 5256mW/5319mW VDD_CPU_GPU_CV 1524mW/1595mW VDD_SOC 1484mW/1482mW"
forest.mp4,144,5412,7620,0,"07-04-2026 16:59:42 RAM 5412/7620MB (lfb 6x4MB) SWAP 14/3810MB (cached 0MB) CPU [14%@1497,7%@1497,8%@1497,41%@1497,60%@729,0%@729] GR3D_FREQ 0% cpu@50.75C soc2@50C soc0@50.281C gpu@51.937C tj@51.937C soc1@50.218C VDD_IN 4855mW/5316mW VDD_CPU_GPU_CV 1402mW/1594mW VDD_SOC 1404mW/1481mW"
forest.mp4,145,5415,7620,0,"07-04-2026 16:59:43 RAM 5415/7620MB (lfb 6x4MB) SWAP 14/3810MB (cached 0MB) CPU [1%@729,2%@729,5%@729,13%@729,41%@1497,30%@1497] GR3D_FREQ 0% cpu@50.843C soc2@50C soc0@50.25C gpu@52.062C tj@52.062C soc1@50.25C VDD_IN 5176mW/5315mW VDD_CPU_GPU_CV 1522mW/1593mW VDD_SOC 1484mW/1481mW"
forest.mp4,146,5416,7620,0,"07-04-2026 16:59:44 RAM 5416/7620MB (lfb 6x4MB) SWAP 14/3810MB (cached 0MB) CPU [7%@729,12%@729,4%@729,2%@729,97%@1497,2%@1497] GR3D_FREQ 0% cpu@50.531C soc2@50.031C soc0@50.343C gpu@51.875C tj@51.687C soc1@50.218C VDD_IN 4823mW/5312mW VDD_CPU_GPU_CV 1324mW/1591mW VDD_SOC 1404mW/1481mW"
forest.mp4,147,5416,7620,0,"07-04-2026 16:59:45 RAM 5416/7620MB (lfb 6x4MB) SWAP 14/3810MB (cached 0MB) CPU [1%@729,1%@729,1%@729,2%@729,60%@1497,21%@1497] GR3D_FREQ 0% cpu@50.531C soc2@50.25C soc0@50.437C gpu@51.812C tj@51.812C soc1@50.125C VDD_IN 4943mW/5309mW VDD_CPU_GPU_CV 1404mW/1590mW VDD_SOC 1446mW/1481mW"
forest.mp4,148,5414,7620,57,"07-04-2026 16:59:46 RAM 5414/7620MB (lfb 6x4MB) SWAP 14/3810MB (cached 0MB) CPU [3%@729,1%@729,5%@729,13%@729,88%@1113,8%@1113] GR3D_FREQ 57% cpu@50.468C soc2@50.062C soc0@50.187C gpu@51.781C tj@51.781C soc1@50.125C VDD_IN 4702mW/5305mW VDD_CPU_GPU_CV 1284mW/1588mW VDD_SOC 1326mW/1479mW"
forest.mp4,149,5414,7620,0,"07-04-2026 16:59:47 RAM 5414/7620MB (lfb 6x4MB) SWAP 14/3810MB (cached 0MB) CPU [2%@1497,2%@1497,60%@1497,0%@1497,0%@729,25%@729] GR3D_FREQ 0% cpu@50.718C soc2@50.093C soc0@50.281C gpu@51.781C tj@51.781C soc1@50.125C VDD_IN 4863mW/5302mW VDD_CPU_GPU_CV 1366mW/1586mW VDD_SOC 1406mW/1479mW"
forest.mp4,150,5416,7620,80,"07-04-2026 16:59:48 RAM 5416/7620MB (lfb 6x4MB) SWAP 14/3810MB (cached 0MB) CPU [4%@729,2%@729,29%@729,2%@729,54%@729,14%@729] GR3D_FREQ 80% cpu@50.5C soc2@50.156C soc0@50.218C gpu@52.343C tj@52.343C soc1@50.156C VDD_IN 5417mW/5303mW VDD_CPU_GPU_CV 1762mW/1588mW VDD_SOC 1484mW/1479mW"
forest.mp4,151,5418,7620,0,"07-04-2026 16:59:49 RAM 5418/7620MB (lfb 6x4MB) SWAP 14/3810MB (cached 0MB) CPU [3%@729,1%@729,1%@729,14%@729,59%@1497,18%@1497] GR3D_FREQ 0% cpu@50.437C soc2@50.093C soc0@50.281C gpu@52.031C tj@52.031C soc1@50.218C VDD_IN 4823mW/5300mW VDD_CPU_GPU_CV 1326mW/1586mW VDD_SOC 1406mW/1479mW"
forest.mp4,152,5417,7620,99,"07-04-2026 16:59:50 RAM 5417/7620MB (lfb 6x4MB) SWAP 14/3810MB (cached 0MB) CPU [1%@729,1%@729,2%@729,52%@729,20%@1036,19%@1036] GR3D_FREQ 99% cpu@50.343C soc2@50.125C soc0@50.187C gpu@52.562C tj@52.562C soc1@50.093C VDD_IN 5769mW/5303mW VDD_CPU_GPU_CV 1923mW/1588mW VDD_SOC 1522mW/1479mW"
forest.mp4,153,5419,7620,0,"07-04-2026 16:59:51 RAM 5419/7620MB (lfb 6x4MB) SWAP 14/3810MB (cached 0MB) CPU [1%@729,0%@729,0%@729,1%@729,80%@1497,12%@1497] GR3D_FREQ 0% cpu@50.75C soc2@50.031C soc0@50.187C gpu@52C tj@52C soc1@50.031C VDD_IN 4750mW/5299mW VDD_CPU_GPU_CV 1326mW/1586mW VDD_SOC 1408mW/1478mW"
forest.mp4,154,5420,7620,0,"07-04-2026 16:59:52 RAM 5420/7620MB (lfb 6x4MB) SWAP 14/3810MB (cached 0MB) CPU [54%@729,2%@729,4%@729,2%@729,7%@1036,23%@1036] GR3D_FREQ 0% cpu@50.593C soc2@50.093C soc0@50.218C gpu@52.312C tj@52.312C soc1@50.187C VDD_IN 6290mW/5306mW VDD_CPU_GPU_CV 2040mW/1589mW VDD_SOC 1680mW/1480mW"
forest.mp4,155,5419,7620,0,"07-04-2026 16:59:53 RAM 5419/7620MB (lfb 6x4MB) SWAP 14/3810MB (cached 0MB) CPU [2%@1497,2%@1497,2%@1497,8%@1497,86%@806,10%@806] GR3D_FREQ 0% cpu@50.656C soc2@50.062C soc0@50.343C gpu@51.843C tj@51.843C soc1@50.281C VDD_IN 4863mW/5303mW VDD_CPU_GPU_CV 1324mW/1588mW VDD_SOC 1404mW/1479mW"
forest.mp4,156,5416,7620,0,"07-04-2026 16:59:54 RAM 5416/7620MB (lfb 6x4MB) SWAP 14/3810MB (cached 0MB) CPU [2%@729,12%@729,0%@729,46%@729,6%@729,31%@729] GR3D_FREQ 0% cpu@50.468C soc2@50.093C soc0@50.218C gpu@52C tj@52C soc1@50.031C VDD_IN 6049mW/5308mW VDD_CPU_GPU_CV 1920mW/1590mW VDD_SOC 1640mW/1480mW"
forest.mp4,157,5417,7620,0,"07-04-2026 16:59:55 RAM 5417/7620MB (lfb 6x4MB) SWAP 14/3810MB (cached 0MB) CPU [1%@1497,1%@1497,3%@1497,20%@1497,83%@729,0%@729] GR3D_FREQ 0% cpu@50.906C soc2@50.062C soc0@50.156C gpu@51.843C tj@51.843C soc1@50.093C VDD_IN 4823mW/5305mW VDD_CPU_GPU_CV 1324mW/1588mW VDD_SOC 1404mW/1480mW"
forest.mp4,158,5417,7620,0,"07-04-2026 16:59:56 RAM 5417/7620MB (lfb 6x4MB) SWAP 14/3810MB (cached 0MB) CPU [2%@729,2%@729,3%@729,34%@729,19%@1497,30%@1497] GR3D_FREQ 0% cpu@50.625C soc2@50.125C soc0@50.25C gpu@52.125C tj@52.125C soc1@50.093C VDD_IN 5528mW/5306mW VDD_CPU_GPU_CV 1642mW/1588mW VDD_SOC 1522mW/1480mW"
forest.mp4,159,5415,7620,0,"07-04-2026 16:59:57 RAM 5415/7620MB (lfb 6x4MB) SWAP 14/3810MB (cached 0MB) CPU [18%@729,10%@729,2%@729,0%@729,85%@1497,0%@1497] GR3D_FREQ 0% cpu@50.531C soc2@50.093C soc0@50.218C gpu@51.687C tj@51.687C soc1@50.187C VDD_IN 4823mW/5303mW VDD_CPU_GPU_CV 1364mW/1587mW VDD_SOC 1406mW/1480mW"
forest.mp4,160,5415,7620,0,"07-04-2026 16:59:58 RAM 5415/7620MB (lfb 6x4MB) SWAP 14/3810MB (cached 0MB) CPU [2%@729,3%@729,7%@729,0%@729,60%@1497,23%@1497] GR3D_FREQ 0% cpu@50.593C soc2@50.187C soc0@50.187C gpu@51.75C tj@51.75C soc1@50.25C VDD_IN 5377mW/5304mW VDD_CPU_GPU_CV 1602mW/1587mW VDD_SOC 1484mW/1480mW"
forest.mp4,161,5415,7620,0,"07-04-2026 16:59:59 RAM 5415/7620MB (lfb 6x4MB) SWAP 14/3810MB (cached 0MB) CPU [1%@1497,1%@1497,1%@1497,42%@1497,59%@883,0%@883] GR3D_FREQ 0% cpu@50.812C soc2@50.031C soc0@50.156C gpu@51.562C tj@51.562C soc1@50.125C VDD_IN 4702mW/5300mW VDD_CPU_GPU_CV 1326mW/1585mW VDD_SOC 1366mW/1479mW"
forest.mp4,162,5419,7620,0,"07-04-2026 17:00:00 RAM 5419/7620MB (lfb 6x4MB) SWAP 14/3810MB (cached 0MB) CPU [5%@729,1%@729,2%@729,22%@729,14%@1497,59%@1497] GR3D_FREQ 0% cpu@50.625C soc2@50.125C soc0@50.281C gpu@51.875C tj@51.875C soc1@50.25C VDD_IN 5144mW/5299mW VDD_CPU_GPU_CV 1484mW/1585mW VDD_SOC 1444mW/1479mW"
forest.mp4,163,5419,7620,0,"07-04-2026 17:00:01 RAM 5419/7620MB (lfb 6x4MB) SWAP 14/3810MB (cached 0MB) CPU [51%@1497,2%@1497,1%@1497,2%@1497,0%@729,50%@729] GR3D_FREQ 0% cpu@50.781C soc2@50.25C soc0@50.218C gpu@51.843C tj@51.843C soc1@50.218C VDD_IN 4782mW/5296mW VDD_CPU_GPU_CV 1324mW/1583mW VDD_SOC 1406mW/1478mW"
forest.mp4,164,5419,7620,0,"07-04-2026 17:00:02 RAM 5419/7620MB (lfb 6x4MB) SWAP 14/3810MB (cached 0MB) CPU [3%@729,1%@729,3%@729,1%@729,48%@1497,32%@1497] GR3D_FREQ 0% cpu@50.468C soc2@50.093C soc0@50.375C gpu@51.937C tj@51.937C soc1@50.281C VDD_IN 5024mW/5294mW VDD_CPU_GPU_CV 1404mW/1582mW VDD_SOC 1446mW/1478mW"
forest.mp4,165,5418,7620,89,"07-04-2026 17:00:03 RAM 5418/7620MB (lfb 6x4MB) SWAP 14/3810MB (cached 0MB) CPU [2%@729,53%@729,4%@729,2%@729,40%@1497,8%@1497] GR3D_FREQ 89% cpu@50.312C soc2@50.125C soc0@50.187C gpu@51.937C tj@51.937C soc1@50.125C VDD_IN 4742mW/5291mW VDD_CPU_GPU_CV 1284mW/1580mW VDD_SOC 1364mW/1477mW"
forest.mp4,166,5419,7620,0,"07-04-2026 17:00:04 RAM 5419/7620MB (lfb 6x4MB) SWAP 14/3810MB (cached 0MB) CPU [1%@729,1%@729,1%@729,1%@729,58%@1497,25%@1497] GR3D_FREQ 0% cpu@50.625C soc2@50.062C soc0@50.218C gpu@51.906C tj@51.656C soc1@50.156C VDD_IN 4903mW/5288mW VDD_CPU_GPU_CV 1364mW/1579mW VDD_SOC 1406mW/1477mW"
forest.mp4,167,5419,7620,86,"07-04-2026 17:00:05 RAM 5419/7620MB (lfb 6x4MB) SWAP 14/3810MB (cached 0MB) CPU [1%@729,11%@729,7%@729,1%@729,77%@729,8%@729] GR3D_FREQ 86% cpu@50.5C soc2@50.062C soc0@50.25C gpu@52.25C tj@52.25C soc1@50.156C VDD_IN 5537mW/5290mW VDD_CPU_GPU_CV 1802mW/1580mW VDD_SOC 1482mW/1477mW"
forest.mp4,168,5419,7620,0,"07-04-2026 17:00:06 RAM 5419/7620MB (lfb 6x4MB) SWAP 14/3810MB (cached 0MB) CPU [1%@729,0%@729,1%@729,1%@729,69%@1497,19%@1497] GR3D_FREQ 0% cpu@50.5C soc2@50.031C soc0@50.281C gpu@51.625C tj@51.625C soc1@50.218C VDD_IN 4790mW/5287mW VDD_CPU_GPU_CV 1326mW/1579mW VDD_SOC 1406mW/1476mW"
forest.mp4,169,5420,7620,99,"07-04-2026 17:00:07 RAM 5420/7620MB (lfb 6x4MB) SWAP 14/3810MB (cached 0MB) CPU [2%@729,1%@729,4%@729,1%@729,18%@1344,67%@1344] GR3D_FREQ 99% cpu@50.375C soc2@50.281C soc0@50.093C gpu@52.312C tj@52.312C soc1@50.031C VDD_IN 6520mW/5294mW VDD_CPU_GPU_CV 2196mW/1583mW VDD_SOC 1720mW/1478mW"
forest.mp4,170,5418,7620,0,"07-04-2026 17:00:08 RAM 5418/7620MB (lfb 6x4MB) SWAP 14/3810MB (cached 0MB) CPU [2%@1497,5%@1497,3%@1497,7%@1497,85%@1036,10%@1036] GR3D_FREQ 0% cpu@50.937C soc2@50C soc0@50.187C gpu@51.718C tj@51.718C soc1@50.125C VDD_IN 4943mW/5292mW VDD_CPU_GPU_CV 1364mW/1581mW VDD_SOC 1444mW/1478mW"
forest.mp4,171,5416,7620,0,"07-04-2026 17:00:09 RAM 5416/7620MB (lfb 6x4MB) SWAP 14/3810MB (cached 0MB) CPU [2%@729,7%@729,2%@729,49%@729,34%@1420,4%@1420] GR3D_FREQ 0% cpu@50.656C soc2@50.125C soc0@50.187C gpu@52.156C tj@52.156C soc1@50.125C VDD_IN 6120mW/5297mW VDD_CPU_GPU_CV 1916mW/1583mW VDD_SOC 1640mW/1479mW"
forest.mp4,172,5443,7620,0,"07-04-2026 17:00:10 RAM 5443/7620MB (lfb 6x4MB) SWAP 14/3810MB (cached 0MB) CPU [48%@1497,59%@1497,37%@1497,27%@1497,25%@729,82%@729] GR3D_FREQ 0% cpu@51.031C soc2@50.406C soc0@50.218C gpu@52C tj@52C soc1@50.25C VDD_IN 5600mW/5299mW VDD_CPU_GPU_CV 1840mW/1585mW VDD_SOC 1480mW/1479mW"
forest.mp4,173,5440,7620,0,"07-04-2026 17:00:11 RAM 5440/7620MB (lfb 6x4MB) SWAP 14/3810MB (cached 0MB) CPU [31%@729,1%@729,25%@729,2%@729,9%@1497,22%@1497] GR3D_FREQ 0% cpu@50.406C soc2@50.218C soc0@50.375C gpu@52.156C tj@52.156C soc1@50.25C VDD_IN 5537mW/5300mW VDD_CPU_GPU_CV 1642mW/1585mW VDD_SOC 1522mW/1479mW"
forest.mp4,174,5442,7620,0,"07-04-2026 17:00:12 RAM 5442/7620MB (lfb 6x4MB) SWAP 14/3810MB (cached 0MB) CPU [2%@1497,1%@1497,6%@1497,37%@1497,3%@729,64%@729] GR3D_FREQ 0% cpu@50.812C soc2@50.187C soc0@50.218C gpu@52.031C tj@52.031C soc1@50.187C VDD_IN 4815mW/5297mW VDD_CPU_GPU_CV 1362mW/1584mW VDD_SOC 1404mW/1479mW"
forest.mp4,175,5442,7620,0,"07-04-2026 17:00:13 RAM 5442/7620MB (lfb 6x4MB) SWAP 14/3810MB (cached 0MB) CPU [4%@729,2%@729,35%@729,16%@729,1%@1497,37%@1497] GR3D_FREQ 0% cpu@50.5C soc2@50.093C soc0@50.218C gpu@51.968C tj@51.968C soc1@50.031C VDD_IN 5216mW/5297mW VDD_CPU_GPU_CV 1524mW/1583mW VDD_SOC 1444mW/1478mW"
forest.mp4,176,5443,7620,0,"07-04-2026 17:00:14 RAM 5443/7620MB (lfb 6x4MB) SWAP 14/3810MB (cached 0MB) CPU [3%@1497,5%@1497,5%@1497,47%@1497,0%@729,50%@729] GR3D_FREQ 0% cpu@50.843C soc2@50.093C soc0@50.312C gpu@52.031C tj@52.031C soc1@50.125C VDD_IN 4742mW/5294mW VDD_CPU_GPU_CV 1284mW/1582mW VDD_SOC 1406mW/1478mW"
forest.mp4,177,5444,7620,0,"07-04-2026 17:00:15 RAM 5444/7620MB (lfb 6x4MB) SWAP 14/3810MB (cached 0MB) CPU [1%@729,11%@729,9%@729,21%@729,0%@1497,54%@1497] GR3D_FREQ 0% cpu@50.687C soc2@50.093C soc0@50.312C gpu@51.781C tj@51.781C soc1@50.187C VDD_IN 5024mW/5292mW VDD_CPU_GPU_CV 1444mW/1581mW VDD_SOC 1444mW/1478mW"
forest.mp4,178,5442,7620,87,"07-04-2026 17:00:16 RAM 5442/7620MB (lfb 6x4MB) SWAP 14/3810MB (cached 0MB) CPU [2%@729,55%@729,0%@729,11%@729,0%@729,32%@729] GR3D_FREQ 87% cpu@50.437C soc2@50.125C soc0@50.375C gpu@52.281C tj@52.281C soc1@50.281C VDD_IN 5136mW/5291mW VDD_CPU_GPU_CV 1564mW/1581mW VDD_SOC 1444mW/1478mW"
forest.mp4,179,5442,7620,0,"07-04-2026 17:00:17 RAM 5442/7620MB (lfb 6x4MB) SWAP 14/3810MB (cached 0MB) CPU [0%@729,0%@729,1%@729,22%@729,0%@1497,65%@1497] GR3D_FREQ 0% cpu@50.437C soc2@50.031C soc0@50.187C gpu@51.812C tj@51.812C soc1@50.125C VDD_IN 4830mW/5289mW VDD_CPU_GPU_CV 1326mW/1579mW VDD_SOC 1406mW/1477mW"
forest.mp4,180,5440,7620,98,"07-04-2026 17:00:18 RAM 5440/7620MB (lfb 6x4MB) SWAP 14/3810MB (cached 0MB) CPU [54%@1036,2%@1036,4%@1036,20%@1036,0%@729,22%@729] GR3D_FREQ 98% cpu@50.656C soc2@50.125C soc0@50.187C gpu@52.343C tj@52.343C soc1@50.156C VDD_IN 5568mW/5290mW VDD_CPU_GPU_CV 1842mW/1581mW VDD_SOC 1482mW/1477mW"
forest.mp4,181,5440,7620,0,"07-04-2026 17:00:19 RAM 5440/7620MB (lfb 6x4MB) SWAP 14/3810MB (cached 0MB) CPU [1%@729,1%@729,2%@729,14%@729,0%@1497,77%@1497] GR3D_FREQ 0% cpu@50.75C soc2@50.062C soc0@50.312C gpu@52C tj@52C soc1@50.187C VDD_IN 4790mW/5288mW VDD_CPU_GPU_CV 1326mW/1579mW VDD_SOC 1406mW/1477mW"
forest.mp4,182,5442,7620,39,"07-04-2026 17:00:20 RAM 5442/7620MB (lfb 6x4MB) SWAP 14/3810MB (cached 0MB) CPU [2%@1113,2%@1113,1%@1113,73%@1113,12%@729,11%@729] GR3D_FREQ 39% cpu@50.593C soc2@50.25C soc0@50.312C gpu@52.625C tj@52.625C soc1@50.375C VDD_IN 6560mW/5295mW VDD_CPU_GPU_CV 2196mW/1583mW VDD_SOC 1720mW/1478mW"
forest.mp4,183,5445,7620,0,"07-04-2026 17:00:21 RAM 5445/7620MB (lfb 6x4MB) SWAP 14/3810MB (cached 0MB) CPU [7%@1497,1%@1497,1%@1497,10%@1497,86%@1036,0%@1036] GR3D_FREQ 0% cpu@50.75C soc2@50.125C soc0@50.218C gpu@51.687C tj@51.75C soc1@50.093C VDD_IN 4863mW/5292mW VDD_CPU_GPU_CV 1324mW/1581mW VDD_SOC 1406mW/1478mW"
forest.mp4,184,5444,7620,0,"07-04-2026 17:00:22 RAM 5444/7620MB (lfb 6x4MB) SWAP 14/3810MB (cached 0MB) CPU [48%@1497,0%@1497,0%@1497,32%@1497,3%@729,0%@729] GR3D_FREQ 0% cpu@50.75C soc2@50.218C soc0@50.187C gpu@52C tj@52C soc1@50.093C VDD_IN 6089mW/5297mW VDD_CPU_GPU_CV 1920mW/1583mW VDD_SOC 1640mW/1479mW"
forest.mp4,185,5444,7620,0,"07-04-2026 17:00:23 RAM 5444/7620MB (lfb 6x4MB) SWAP 14/3810MB (cached 0MB) CPU [19%@1497,3%@1497,2%@1497,0%@1497,85%@1497,0%@1497] GR3D_FREQ 0% cpu@50.781C soc2@50.281C soc0@50.281C gpu@51.843C tj@51.843C soc1@50.156C VDD_IN 4823mW/5294mW VDD_CPU_GPU_CV 1324mW/1582mW VDD_SOC 1406mW/1478mW"
forest.mp4,186,5444,7620,0,"07-04-2026 17:00:24 RAM 5444/7620MB (lfb 6x4MB) SWAP 14/3810MB (cached 0MB) CPU [39%@729,1%@729,4%@729,34%@729,11%@960,0%@960] GR3D_FREQ 0% cpu@50.468C soc2@50.093C soc0@50.156C gpu@51.875C tj@51.875C soc1@50.25C VDD_IN 5608mW/5296mW VDD_CPU_GPU_CV 1642mW/1582mW VDD_SOC 1522mW/1478mW"
forest.mp4,187,5442,7620,0,"07-04-2026 17:00:25 RAM 5442/7620MB (lfb 6x4MB) SWAP 14/3810MB (cached 0MB) CPU [24%@1497,2%@1497,1%@1497,0%@1497,77%@729,0%@729] GR3D_FREQ 0% cpu@50.656C soc2@50.25C soc0@50.312C gpu@51.812C tj@51.812C soc1@50.312C VDD_IN 4742mW/5293mW VDD_CPU_GPU_CV 1286mW/1581mW VDD_SOC 1406mW/1478mW"
forest.mp4,188,5441,7620,0,"07-04-2026 17:00:26 RAM 5441/7620MB (lfb 6x4MB) SWAP 14/3810MB (cached 0MB) CPU [31%@729,11%@729,1%@729,12%@729,22%@1497,19%@1497] GR3D_FREQ 0% cpu@50.468C soc2@50.031C soc0@50.156C gpu@51.875C tj@51.875C soc1@50.125C VDD_IN 5457mW/5294mW VDD_CPU_GPU_CV 1602mW/1581mW VDD_SOC 1522mW/1478mW"
forest.mp4,189,5443,7620,0,"07-04-2026 17:00:27 RAM 5443/7620MB (lfb 6x4MB) SWAP 14/3810MB (cached 0MB) CPU [8%@729,1%@729,2%@729,0%@729,27%@1497,65%@1497] GR3D_FREQ 0% cpu@50.625C soc2@50.031C soc0@50.093C gpu@51.625C tj@51.625C soc1@50.093C VDD_IN 4702mW/5290mW VDD_CPU_GPU_CV 1286mW/1579mW VDD_SOC 1366mW/1478mW"
forest.mp4,190,5443,7620,0,"07-04-2026 17:00:28 RAM 5443/7620MB (lfb 6x4MB) SWAP 14/3810MB (cached 0MB) CPU [4%@729,2%@729,4%@729,15%@729,35%@1497,36%@1497] GR3D_FREQ 0% cpu@50.437C soc2@50.093C soc0@50.218C gpu@51.656C tj@51.656C soc1@50.125C VDD_IN 5224mW/5290mW VDD_CPU_GPU_CV 1524mW/1579mW VDD_SOC 1484mW/1478mW"
forest.mp4,191,5442,7620,0,"07-04-2026 17:00:29 RAM 5442/7620MB (lfb 6x4MB) SWAP 14/3810MB (cached 0MB) CPU [1%@729,1%@729,1%@729,0%@729,51%@1497,50%@1497] GR3D_FREQ 0% cpu@50.75C soc2@50.031C soc0@50.218C gpu@51.656C tj@51.656C soc1@50.218C VDD_IN 4742mW/5287mW VDD_CPU_GPU_CV 1286mW/1577mW VDD_SOC 1406mW/1477mW"
forest.mp4,192,5441,7620,0,"07-04-2026 17:00:30 RAM 5441/7620MB (lfb 6x4MB) SWAP 14/3810MB (cached 0MB) CPU [1%@729,3%@729,3%@729,34%@729,4%@1497,47%@1497] GR3D_FREQ 0% cpu@50.406C soc2@50.093C soc0@50.125C gpu@51.656C tj@51.656C soc1@50.062C VDD_IN 4983mW/5286mW VDD_CPU_GPU_CV 1404mW/1576mW VDD_SOC 1406mW/1477mW"
forest.mp4,193,5442,7620,0,"07-04-2026 17:00:31 RAM 5442/7620MB (lfb 6x4MB) SWAP 14/3810MB (cached 0MB) CPU [9%@1497,16%@1497,4%@1497,7%@1497,54%@1344,42%@1344] GR3D_FREQ 0% cpu@50.718C soc2@50.031C soc0@50.156C gpu@51.812C tj@51.812C soc1@50.125C VDD_IN 4815mW/5283mW VDD_CPU_GPU_CV 1324mW/1575mW VDD_SOC 1404mW/1477mW"
forest.mp4,194,5442,7620,0,"07-04-2026 17:00:32 RAM 5442/7620MB (lfb 6x4MB) SWAP 14/3810MB (cached 0MB) CPU [1%@729,2%@729,1%@1497,25%@1497,0%@1497,58%@1497] GR3D_FREQ 0% cpu@50.531C soc2@50.031C soc0@50.187C gpu@51.781C tj@51.781C soc1@50.187C VDD_IN 4903mW/5281mW VDD_CPU_GPU_CV 1404mW/1574mW VDD_SOC 1406mW/1476mW"
forest.mp4,195,5443,7620,99,"07-04-2026 17:00:33 RAM 5443/7620MB (lfb 6x4MB) SWAP 14/3810MB (cached 0MB) CPU [5%@729,1%@729,5%@729,21%@729,43%@729,21%@729] GR3D_FREQ 99% cpu@50.375C soc2@50.187C soc0@50.281C gpu@52.593C tj@52.593C soc1@50.156C VDD_IN 6520mW/5288mW VDD_CPU_GPU_CV 2156mW/1577mW VDD_SOC 1720mW/1477mW"
forest.mp4,196,5444,7620,0,"07-04-2026 17:00:34 RAM 5444/7620MB (lfb 6x4MB) SWAP 14/3810MB (cached 0MB) CPU [2%@729,16%@729,3%@729,12%@729,12%@1497,78%@1497] GR3D_FREQ 0% cpu@50.593C soc2@50.093C soc0@50.312C gpu@51.937C tj@51.937C soc1@50.218C VDD_IN 5016mW/5286mW VDD_CPU_GPU_CV 1442mW/1577mW VDD_SOC 1444mW/1477mW"
forest.mp4,197,5443,7620,0,"07-04-2026 17:00:35 RAM 5443/7620MB (lfb 6x4MB) SWAP 14/3810MB (cached 0MB) CPU [1%@729,3%@729,20%@729,12%@729,29%@1497,22%@1497] GR3D_FREQ 0% cpu@50.468C soc2@50.062C soc0@50.218C gpu@51.75C tj@51.75C soc1@50.031C VDD_IN 5457mW/5287mW VDD_CPU_GPU_CV 1602mW/1577mW VDD_SOC 1524mW/1478mW"
forest.mp4,198,5445,7620,0,"07-04-2026 17:00:36 RAM 5445/7620MB (lfb 6x4MB) SWAP 14/3810MB (cached 0MB) CPU [1%@729,12%@729,3%@729,0%@729,37%@1497,64%@1497] GR3D_FREQ 0% cpu@50.593C soc2@50.031C soc0@50.156C gpu@51.625C tj@51.625C soc1@50.093C VDD_IN 4782mW/5285mW VDD_CPU_GPU_CV 1364mW/1576mW VDD_SOC 1406mW/1477mW"
forest.mp4,199,5446,7620,0,"07-04-2026 17:00:37 RAM 5446/7620MB (lfb 6x4MB) SWAP 14/3810MB (cached 0MB) CPU [1%@729,0%@729,1%@729,0%@729,51%@1497,32%@1497] GR3D_FREQ 0% cpu@50.656C soc2@50.093C soc0@50.218C gpu@51.781C tj@51.781C soc1@50.156C VDD_IN 5184mW/5284mW VDD_CPU_GPU_CV 1484mW/1575mW VDD_SOC 1484mW/1477mW"
forest.mp4,200,5446,7620,99,"07-04-2026 17:00:38 RAM 5446/7620MB (lfb 6x4MB) SWAP 14/3810MB (cached 0MB) CPU [3%@729,3%@729,5%@729,43%@729,44%@729,10%@729] GR3D_FREQ 99% cpu@50.25C soc2@50C soc0@50.25C gpu@52.281C tj@52.281C soc1@50.218C VDD_IN 4975mW/5283mW VDD_CPU_GPU_CV 1442mW/1574mW VDD_SOC 1404mW/1477mW"
forest.mp4,201,5447,7620,0,"07-04-2026 17:00:39 RAM 5447/7620MB (lfb 6x4MB) SWAP 14/3810MB (cached 0MB) CPU [1%@729,1%@729,1%@729,0%@729,65%@1497,23%@1497] GR3D_FREQ 0% cpu@50.625C soc2@50.062C soc0@50.187C gpu@51.937C tj@51.937C soc1@50.093C VDD_IN 4863mW/5280mW VDD_CPU_GPU_CV 1366mW/1573mW VDD_SOC 1406mW/1476mW"
forest.mp4,202,5445,7620,0,"07-04-2026 17:00:40 RAM 5445/7620MB (lfb 6x4MB) SWAP 14/3810MB (cached 0MB) CPU [2%@729,2%@729,5%@729,41%@729,15%@1497,29%@1497] GR3D_FREQ 0% cpu@50.625C soc2@50.156C soc0@50.25C gpu@52.187C tj@52.187C soc1@50.125C VDD_IN 6200mW/5285mW VDD_CPU_GPU_CV 1956mW/1575mW VDD_SOC 1680mW/1477mW"
forest.mp4,203,5444,7620,0,"07-04-2026 17:00:41 RAM 5444/7620MB (lfb 6x4MB) SWAP 14/3810MB (cached 0MB) CPU [0%@1497,15%@1497,3%@1497,0%@1497,84%@729,1%@729] GR3D_FREQ 0% cpu@50.468C soc2@50.062C soc0@50.25C gpu@51.687C tj@51.687C soc1@50.125C VDD_IN 4823mW/5283mW VDD_CPU_GPU_CV 1324mW/1574mW VDD_SOC 1406mW/1477mW"
forest.mp4,204,5444,7620,0,"07-04-2026 17:00:42 RAM 5444/7620MB (lfb 6x4MB) SWAP 14/3810MB (cached 0MB) CPU [4%@729,39%@729,8%@729,3%@729,43%@1497,1%@1497] GR3D_FREQ 0% cpu@50.718C soc2@50.125C soc0@50.281C gpu@51.843C tj@51.843C soc1@50.156C VDD_IN 5649mW/5284mW VDD_CPU_GPU_CV 1682mW/1575mW VDD_SOC 1522mW/1477mW"
forest.mp4,205,5444,7620,0,"07-04-2026 17:00:43 RAM 5444/7620MB (lfb 6x4MB) SWAP 14/3810MB (cached 0MB) CPU [1%@729,4%@729,2%@729,1%@729,72%@1497,29%@1497] GR3D_FREQ 0% cpu@50.468C soc2@50.093C soc0@50.125C gpu@51.687C tj@51.687C soc1@50.156C VDD_IN 4782mW/5282mW VDD_CPU_GPU_CV 1326mW/1573mW VDD_SOC 1406mW/1477mW"
forest.mp4,206,5446,7620,0,"07-04-2026 17:00:44 RAM 5446/7620MB (lfb 6x4MB) SWAP 14/3810MB (cached 0MB) CPU [2%@729,34%@729,3%@729,3%@729,2%@1497,48%@1497] GR3D_FREQ 0% cpu@50.593C soc2@50.031C soc0@50.156C gpu@52.031C tj@52.031C soc1@50.125C VDD_IN 5216mW/5282mW VDD_CPU_GPU_CV 1524mW/1573mW VDD_SOC 1444mW/1477mW"
forest.mp4,207,5447,7620,0,"07-04-2026 17:00:45 RAM 5447/7620MB (lfb 6x4MB) SWAP 14/3810MB (cached 0MB) CPU [2%@1497,0%@1497,0%@1497,38%@1497,0%@729,63%@729] GR3D_FREQ 0% cpu@50.75C soc2@50C soc0@50.218C gpu@52.031C tj@52.031C soc1@50.187C VDD_IN 4709mW/5279mW VDD_CPU_GPU_CV 1286mW/1572mW VDD_SOC 1366mW/1476mW"
forest.mp4,208,5448,7620,0,"07-04-2026 17:00:46 RAM 5448/7620MB (lfb 6x4MB) SWAP 14/3810MB (cached 0MB) CPU [2%@729,33%@729,2%@729,17%@729,0%@1497,34%@1497] GR3D_FREQ 0% cpu@50.593C soc2@49.968C soc0@50.312C gpu@52.062C tj@52.062C soc1@50.25C VDD_IN 5104mW/5278mW VDD_CPU_GPU_CV 1444mW/1571mW VDD_SOC 1444mW/1476mW"
forest.mp4,209,5459,7620,0,"07-04-2026 17:00:47 RAM 5459/7620MB (lfb 6x4MB) SWAP 14/3810MB (cached 0MB) CPU [12%@729,25%@729,9%@729,11%@729,46%@1497,54%@1497] GR3D_FREQ 0% cpu@50.687C soc2@50.156C soc0@50.187C gpu@52C tj@52C soc1@50.25C VDD_IN 4935mW/5277mW VDD_CPU_GPU_CV 1444mW/1571mW VDD_SOC 1404mW/1476mW"
forest.mp4,210,5460,7620,0,"07-04-2026 17:00:48 RAM 5460/7620MB (lfb 6x4MB) SWAP 14/3810MB (cached 0MB) CPU [2%@729,32%@729,10%@729,2%@729,6%@1497,46%@1497] GR3D_FREQ 0% cpu@50.468C soc2@50.062C soc0@50.218C gpu@51.718C tj@51.718C soc1@50.187C VDD_IN 5056mW/5275mW VDD_CPU_GPU_CV 1444mW/1570mW VDD_SOC 1444mW/1476mW"
forest.mp4,211,5457,7620,0,"07-04-2026 17:00:49 RAM 5457/7620MB (lfb 6x4MB) SWAP 14/3810MB (cached 0MB) CPU [2%@1420,6%@1420,53%@1420,3%@1420,1%@729,43%@729] GR3D_FREQ 0% cpu@50.625C soc2@50.062C soc0@50.25C gpu@51.75C tj@51.75C soc1@50.062C VDD_IN 4702mW/5273mW VDD_CPU_GPU_CV 1286mW/1569mW VDD_SOC 1366mW/1475mW"
forest.mp4,212,5456,7620,0,"07-04-2026 17:00:50 RAM 5456/7620MB (lfb 6x4MB) SWAP 14/3810MB (cached 0MB) CPU [2%@729,2%@729,0%@729,2%@729,60%@1497,20%@1497] GR3D_FREQ 0% cpu@50.625C soc2@50C soc0@50.187C gpu@51.718C tj@51.718C soc1@50.218C VDD_IN 4903mW/5271mW VDD_CPU_GPU_CV 1366mW/1568mW VDD_SOC 1406mW/1475mW"
forest.mp4,213,5455,7620,92,"07-04-2026 17:00:51 RAM 5455/7620MB (lfb 6x4MB) SWAP 14/3810MB (cached 0MB) CPU [13%@729,1%@729,3%@729,2%@729,80%@883,6%@883] GR3D_FREQ 92% cpu@50.343C soc2@50.093C soc0@50.187C gpu@52.343C tj@52.343C soc1@50.25C VDD_IN 5417mW/5272mW VDD_CPU_GPU_CV 1682mW/1568mW VDD_SOC 1484mW/1475mW"
forest.mp4,214,5457,7620,0,"07-04-2026 17:00:52 RAM 5457/7620MB (lfb 6x4MB) SWAP 14/3810MB (cached 0MB) CPU [0%@729,2%@729,3%@729,1%@729,69%@1497,19%@1497] GR3D_FREQ 0% cpu@50.562C soc2@49.968C soc0@50.156C gpu@51.625C tj@51.625C soc1@50.031C VDD_IN 4863mW/5270mW VDD_CPU_GPU_CV 1366mW/1567mW VDD_SOC 1406mW/1475mW"
forest.mp4,215,5457,7620,0,"07-04-2026 17:00:53 RAM 5457/7620MB (lfb 6x4MB) SWAP 14/3810MB (cached 0MB) CPU [4%@729,12%@729,4%@729,2%@729,60%@1497,24%@1497] GR3D_FREQ 0% cpu@50.5C soc2@50.156C soc0@50.156C gpu@51.812C tj@51.812C soc1@50.093C VDD_IN 6240mW/5274mW VDD_CPU_GPU_CV 1996mW/1569mW VDD_SOC 1680mW/1476mW"
forest.mp4,216,5456,7620,0,"07-04-2026 17:00:54 RAM 5456/7620MB (lfb 6x4MB) SWAP 14/3810MB (cached 0MB) CPU [2%@729,2%@729,3%@729,1%@729,76%@1497,25%@1497] GR3D_FREQ 0% cpu@50.593C soc2@50.031C soc0@50.218C gpu@51.718C tj@51.718C soc1@50.187C VDD_IN 4815mW/5272mW VDD_CPU_GPU_CV 1324mW/1568mW VDD_SOC 1404mW/1475mW"
forest.mp4,217,5457,7620,0,"07-04-2026 17:00:55 RAM 5457/7620MB (lfb 6x4MB) SWAP 14/3810MB (cached 0MB) CPU [2%@729,0%@729,1%@729,1%@729,37%@1497,46%@1497] GR3D_FREQ 0% cpu@50.531C soc2@50.031C soc0@50.312C gpu@51.687C tj@51.687C soc1@50.187C VDD_IN 5224mW/5272mW VDD_CPU_GPU_CV 1524mW/1568mW VDD_SOC 1484mW/1475mW"
forest.mp4,218,5456,7620,0,"07-04-2026 17:00:56 RAM 5456/7620MB (lfb 6x4MB) SWAP 14/3810MB (cached 0MB) CPU [0%@729,0%@729,2%@729,1%@729,48%@1497,53%@1497] GR3D_FREQ 0% cpu@50.468C soc2@50.218C soc0@50.187C gpu@51.812C tj@51.812C soc1@50.125C VDD_IN 4742mW/5270mW VDD_CPU_GPU_CV 1286mW/1567mW VDD_SOC 1406mW/1475mW"
forest.mp4,219,5457,7620,0,"07-04-2026 17:00:57 RAM 5457/7620MB (lfb 6x4MB) SWAP 14/3810MB (cached 0MB) CPU [1%@729,0%@729,0%@729,0%@729,49%@1497,31%@1497] GR3D_FREQ 0% cpu@50.593C soc2@50.062C soc0@50.156C gpu@51.937C tj@51.937C soc1@50.125C VDD_IN 4983mW/5268mW VDD_CPU_GPU_CV 1404mW/1566mW VDD_SOC 1446mW/1475mW"
forest.mp4,220,5455,7620,99,"07-04-2026 17:00:58 RAM 5455/7620MB (lfb 6x4MB) SWAP 14/3810MB (cached 0MB) CPU [55%@729,5%@729,3%@729,3%@729,39%@883,8%@883] GR3D_FREQ 99% cpu@50.281C soc2@50.062C soc0@50.156C gpu@51.875C tj@51.875C soc1@50.156C VDD_IN 4782mW/5266mW VDD_CPU_GPU_CV 1324mW/1565mW VDD_SOC 1406mW/1474mW"
forest.mp4,221,5457,7620,0,"07-04-2026 17:00:59 RAM 5457/7620MB (lfb 6x4MB) SWAP 14/3810MB (cached 0MB) CPU [0%@729,1%@729,1%@729,2%@729,62%@1497,23%@1497] GR3D_FREQ 0% cpu@50.593C soc2@50.062C soc0@50.281C gpu@51.687C tj@51.687C soc1@50.25C VDD_IN 4943mW/5265mW VDD_CPU_GPU_CV 1404mW/1564mW VDD_SOC 1406mW/1474mW"
forest.mp4,222,5456,7620,0,"07-04-2026 17:01:00 RAM 5456/7620MB (lfb 6x4MB) SWAP 14/3810MB (cached 0MB) CPU [18%@729,3%@729,2%@729,13%@729,55%@1190,15%@1190] GR3D_FREQ 0% cpu@50.437C soc2@50.187C soc0@50.156C gpu@51.875C tj@51.875C soc1@49.937C VDD_IN 6360mW/5269mW VDD_CPU_GPU_CV 2036mW/1566mW VDD_SOC 1720mW/1475mW"
forest.mp4,223,5458,7620,0,"07-04-2026 17:01:01 RAM 5458/7620MB (lfb 6x4MB) SWAP 14/3810MB (cached 0MB) CPU [1%@729,1%@729,2%@729,7%@729,86%@1497,15%@1497] GR3D_FREQ 0% cpu@50.531C soc2@50C soc0@50.125C gpu@51.687C tj@51.687C soc1@50C VDD_IN 4863mW/5268mW VDD_CPU_GPU_CV 1324mW/1565mW VDD_SOC 1406mW/1475mW"
hamilton.mp4,0,5481,7620,99,"07-04-2026 17:11:20 RAM 5481/7620MB (lfb 1x4MB) SWAP 14/3810MB (cached 0MB) CPU [24%@1190,29%@1190,14%@1190,7%@1190,3%@729,3%@729] GR3D_FREQ 99% cpu@49.968C soc2@49.718C soc0@49.968C gpu@51.562C tj@51.562C soc1@49.718C VDD_IN 4581mW/4581mW VDD_CPU_GPU_CV 1125mW/1125mW VDD_SOC 1245mW/1245mW"
hamilton.mp4,1,5490,7620,0,"07-04-2026 17:11:21 RAM 5490/7620MB (lfb 1x4MB) SWAP 14/3810MB (cached 0MB) CPU [13%@1036,4%@1036,11%@1036,4%@1036,15%@1497,80%@1497] GR3D_FREQ 0% cpu@50.031C soc2@49.593C soc0@49.687C gpu@51.281C tj@51.281C soc1@49.718C VDD_IN 4742mW/4662mW VDD_CPU_GPU_CV 1326mW/1226mW VDD_SOC 1366mW/1306mW"
hamilton.mp4,2,5502,7620,0,"07-04-2026 17:11:22 RAM 5502/7620MB (lfb 6x2MB) SWAP 14/3810MB (cached 0MB) CPU [4%@1113,9%@1113,55%@1113,5%@1113,30%@1267,6%@1267] GR3D_FREQ 0% cpu@50.218C soc2@49.812C soc0@49.781C gpu@51.781C tj@51.781C soc1@49.75C VDD_IN 6400mW/5241mW VDD_CPU_GPU_CV 2076mW/1509mW VDD_SOC 1680mW/1430mW"
hamilton.mp4,3,5503,7620,0,"07-04-2026 17:11:23 RAM 5503/7620MB (lfb 8x2MB) SWAP 14/3810MB (cached 0MB) CPU [14%@1497,4%@1497,5%@1497,7%@1497,9%@729,82%@729] GR3D_FREQ 0% cpu@50.437C soc2@49.843C soc0@49.843C gpu@51.406C tj@51.406C soc1@49.75C VDD_IN 4895mW/5155mW VDD_CPU_GPU_CV 1364mW/1473mW VDD_SOC 1404mW/1424mW"
hamilton.mp4,4,5508,7620,0,"07-04-2026 17:11:24 RAM 5508/7620MB (lfb 7x2MB) SWAP 14/3810MB (cached 0MB) CPU [11%@729,4%@729,5%@729,5%@729,48%@883,24%@883] GR3D_FREQ 0% cpu@50.062C soc2@49.843C soc0@50C gpu@51.812C tj@51.812C soc1@49.781C VDD_IN 6009mW/5325mW VDD_CPU_GPU_CV 1840mW/1546mW VDD_SOC 1640mW/1467mW"
hamilton.mp4,5,5502,7620,0,"07-04-2026 17:11:25 RAM 5502/7620MB (lfb 10x2MB) SWAP 14/3810MB (cached 0MB) CPU [4%@729,5%@729,2%@729,1%@729,81%@1497,21%@1497] GR3D_FREQ 0% cpu@50.031C soc2@49.718C soc0@49.812C gpu@51.375C tj@51.375C soc1@49.687C VDD_IN 4782mW/5235mW VDD_CPU_GPU_CV 1324mW/1509mW VDD_SOC 1406mW/1457mW"
hamilton.mp4,6,5516,7620,0,"07-04-2026 17:11:26 RAM 5516/7620MB (lfb 7x2MB) SWAP 14/3810MB (cached 0MB) CPU [3%@729,1%@729,2%@729,2%@729,14%@1497,67%@1497] GR3D_FREQ 0% cpu@50.093C soc2@49.718C soc0@49.875C gpu@51.406C tj@51.406C soc1@49.687C VDD_IN 5608mW/5288mW VDD_CPU_GPU_CV 1640mW/1528mW VDD_SOC 1562mW/1472mW"
hamilton.mp4,7,5510,7620,0,"07-04-2026 17:11:27 RAM 5510/7620MB (lfb 8x2MB) SWAP 14/3810MB (cached 0MB) CPU [1%@1497,32%@1497,3%@1497,1%@1497,71%@1190,0%@1190] GR3D_FREQ 0% cpu@50.187C soc2@49.687C soc0@49.937C gpu@51.375C tj@51.375C soc1@49.75C VDD_IN 4742mW/5220mW VDD_CPU_GPU_CV 1286mW/1498mW VDD_SOC 1406mW/1464mW"
hamilton.mp4,8,5492,7620,0,"07-04-2026 17:11:28 RAM 5492/7620MB (lfb 2x4MB) SWAP 14/3810MB (cached 0MB) CPU [4%@729,4%@729,4%@729,4%@729,37%@1497,45%@1497] GR3D_FREQ 0% cpu@50.281C soc2@49.687C soc0@49.875C gpu@51.312C tj@51.312C soc1@49.75C VDD_IN 5377mW/5237mW VDD_CPU_GPU_CV 1562mW/1505mW VDD_SOC 1524mW/1470mW"
hamilton.mp4,9,5509,7620,0,"07-04-2026 17:11:29 RAM 5509/7620MB (lfb 8x2MB) SWAP 14/3810MB (cached 0MB) CPU [6%@729,5%@729,2%@729,6%@729,44%@1497,57%@1497] GR3D_FREQ 0% cpu@50.25C soc2@49.687C soc0@49.937C gpu@51.343C tj@51.343C soc1@49.75C VDD_IN 4742mW/5188mW VDD_CPU_GPU_CV 1324mW/1487mW VDD_SOC 1406mW/1464mW"
hamilton.mp4,10,5516,7620,0,"07-04-2026 17:11:30 RAM 5516/7620MB (lfb 7x2MB) SWAP 14/3810MB (cached 0MB) CPU [2%@729,4%@729,3%@729,2%@729,23%@1497,60%@1497] GR3D_FREQ 0% cpu@50C soc2@49.531C soc0@49.875C gpu@51.406C tj@51.406C soc1@49.656C VDD_IN 5064mW/5177mW VDD_CPU_GPU_CV 1444mW/1483mW VDD_SOC 1444mW/1462mW"
hamilton.mp4,11,5481,7620,0,"07-04-2026 17:11:31 RAM 5481/7620MB (lfb 1x4MB) SWAP 14/3810MB (cached 0MB) CPU [4%@1497,57%@1497,2%@1497,3%@1497,0%@729,45%@729] GR3D_FREQ 0% cpu@50.281C soc2@49.718C soc0@49.812C gpu@51.406C tj@51.406C soc1@49.687C VDD_IN 4742mW/5140mW VDD_CPU_GPU_CV 1284mW/1466mW VDD_SOC 1406mW/1457mW"
hamilton.mp4,12,5493,7620,0,"07-04-2026 17:11:32 RAM 5493/7620MB (lfb 9x2MB) SWAP 14/3810MB (cached 0MB) CPU [19%@729,12%@729,0%@729,0%@729,0%@1497,50%@1497] GR3D_FREQ 0% cpu@50C soc2@49.687C soc0@49.875C gpu@51.406C tj@51.406C soc1@49.718C VDD_IN 4943mW/5125mW VDD_CPU_GPU_CV 1406mW/1462mW VDD_SOC 1406mW/1453mW"
hamilton.mp4,13,5500,7620,0,"07-04-2026 17:11:33 RAM 5500/7620MB (lfb 9x2MB) SWAP 14/3810MB (cached 0MB) CPU [5%@729,13%@729,3%@729,29%@729,22%@1497,32%@1497] GR3D_FREQ 0% cpu@50.156C soc2@49.812C soc0@49.937C gpu@51.468C tj@51.468C soc1@49.843C VDD_IN 5729mW/5168mW VDD_CPU_GPU_CV 1720mW/1480mW VDD_SOC 1562mW/1461mW"
hamilton.mp4,14,5514,7620,0,"07-04-2026 17:11:34 RAM 5514/7620MB (lfb 7x2MB) SWAP 14/3810MB (cached 0MB) CPU [2%@1497,33%@1497,6%@1497,3%@1497,0%@729,71%@729] GR3D_FREQ 0% cpu@50C soc2@49.687C soc0@49.781C gpu@51.25C tj@51.25C soc1@49.625C VDD_IN 4742mW/5140mW VDD_CPU_GPU_CV 1326mW/1470mW VDD_SOC 1406mW/1458mW"
hamilton.mp4,15,5484,7620,0,"07-04-2026 17:11:35 RAM 5484/7620MB (lfb 2x4MB) SWAP 14/3810MB (cached 0MB) CPU [2%@729,25%@729,1%@729,1%@729,34%@1497,23%@1497] GR3D_FREQ 0% cpu@49.968C soc2@49.656C soc0@49.875C gpu@51.375C tj@51.375C soc1@49.656C VDD_IN 5377mW/5155mW VDD_CPU_GPU_CV 1562mW/1476mW VDD_SOC 1484mW/1459mW"
hamilton.mp4,16,5507,7620,0,"07-04-2026 17:11:36 RAM 5507/7620MB (lfb 7x2MB) SWAP 14/3810MB (cached 0MB) CPU [1%@729,14%@729,0%@729,1%@729,25%@1497,61%@1497] GR3D_FREQ 0% cpu@50.281C soc2@49.625C soc0@49.843C gpu@51.468C tj@51.468C soc1@49.75C VDD_IN 4709mW/5128mW VDD_CPU_GPU_CV 1286mW/1464mW VDD_SOC 1366mW/1454mW"
hamilton.mp4,17,5487,7620,0,"07-04-2026 17:11:37 RAM 5487/7620MB (lfb 13x2MB) SWAP 14/3810MB (cached 0MB) CPU [1%@729,0%@729,3%@729,1%@729,46%@1497,38%@1497] GR3D_FREQ 0% cpu@49.906C soc2@49.656C soc0@49.937C gpu@51.5C tj@51.5C soc1@49.718C VDD_IN 5144mW/5129mW VDD_CPU_GPU_CV 1484mW/1466mW VDD_SOC 1444mW/1453mW"
hamilton.mp4,18,5510,7620,0,"07-04-2026 17:11:38 RAM 5510/7620MB (lfb 6x2MB) SWAP 14/3810MB (cached 0MB) CPU [2%@729,0%@729,8%@729,1%@729,43%@1497,51%@1497] GR3D_FREQ 0% cpu@50.187C soc2@49.75C soc0@49.937C gpu@51.468C tj@51.468C soc1@49.625C VDD_IN 4709mW/5107mW VDD_CPU_GPU_CV 1286mW/1456mW VDD_SOC 1366mW/1449mW"
hamilton.mp4,19,5490,7620,0,"07-04-2026 17:11:39 RAM 5490/7620MB (lfb 1x4MB) SWAP 14/3810MB (cached 0MB) CPU [10%@729,9%@729,7%@729,2%@729,29%@1497,45%@1497] GR3D_FREQ 0% cpu@50C soc2@49.531C soc0@49.75C gpu@51.437C tj@51.437C soc1@49.718C VDD_IN 5104mW/5107mW VDD_CPU_GPU_CV 1484mW/1457mW VDD_SOC 1444mW/1448mW"
hamilton.mp4,20,5491,7620,0,"07-04-2026 17:11:40 RAM 5491/7620MB (lfb 13x2MB) SWAP 14/3810MB (cached 0MB) CPU [6%@1497,4%@1497,5%@1497,56%@1497,5%@1497,55%@1497] GR3D_FREQ 0% cpu@50.093C soc2@49.75C soc0@49.812C gpu@51.343C tj@51.343C soc1@49.718C VDD_IN 4935mW/5099mW VDD_CPU_GPU_CV 1404mW/1455mW VDD_SOC 1404mW/1446mW"
hamilton.mp4,21,5497,7620,0,"07-04-2026 17:11:41 RAM 5497/7620MB (lfb 13x2MB) SWAP 14/3810MB (cached 0MB) CPU [6%@729,7%@729,6%@729,6%@729,52%@1497,31%@1497] GR3D_FREQ 0% cpu@50.343C soc2@49.718C soc0@49.937C gpu@51.312C tj@51.312C soc1@49.718C VDD_IN 5096mW/5099mW VDD_CPU_GPU_CV 1482mW/1456mW VDD_SOC 1444mW/1446mW"
hamilton.mp4,22,5495,7620,95,"07-04-2026 17:11:42 RAM 5495/7620MB (lfb 1x4MB) SWAP 14/3810MB (cached 0MB) CPU [6%@729,2%@729,6%@729,57%@729,37%@883,9%@883] GR3D_FREQ 95% cpu@49.937C soc2@49.781C soc0@49.75C gpu@51.687C tj@51.687C soc1@49.781C VDD_IN 4975mW/5093mW VDD_CPU_GPU_CV 1442mW/1456mW VDD_SOC 1404mW/1444mW"
hamilton.mp4,23,5503,7620,0,"07-04-2026 17:11:43 RAM 5503/7620MB (lfb 1x4MB) SWAP 14/3810MB (cached 0MB) CPU [5%@1344,7%@1344,7%@1344,2%@1344,63%@1497,26%@1497] GR3D_FREQ 0% cpu@50.093C soc2@49.625C soc0@49.812C gpu@51.406C tj@51.406C soc1@49.656C VDD_IN 4935mW/5087mW VDD_CPU_GPU_CV 1444mW/1455mW VDD_SOC 1404mW/1443mW"
hamilton.mp4,24,5499,7620,97,"07-04-2026 17:11:44 RAM 5499/7620MB (lfb 1x4MB) SWAP 14/3810MB (cached 0MB) CPU [9%@729,7%@729,7%@729,55%@729,43%@729,3%@729] GR3D_FREQ 97% cpu@49.968C soc2@49.75C soc0@49.875C gpu@52C tj@52C soc1@49.656C VDD_IN 5608mW/5108mW VDD_CPU_GPU_CV 1880mW/1472mW VDD_SOC 1482mW/1444mW"
hamilton.mp4,25,5503,7620,0,"07-04-2026 17:11:45 RAM 5503/7620MB (lfb 1x4MB) SWAP 14/3810MB (cached 0MB) CPU [12%@729,11%@729,10%@729,10%@729,19%@1497,73%@1497] GR3D_FREQ 0% cpu@50.156C soc2@49.718C soc0@49.906C gpu@51.656C tj@51.656C soc1@49.718C VDD_IN 4975mW/5103mW VDD_CPU_GPU_CV 1442mW/1471mW VDD_SOC 1404mW/1443mW"
hamilton.mp4,26,5493,7620,99,"07-04-2026 17:11:46 RAM 5493/7620MB (lfb 2x4MB) SWAP 14/3810MB (cached 0MB) CPU [13%@729,60%@729,14%@729,11%@729,7%@729,36%@729] GR3D_FREQ 99% cpu@50C soc2@49.906C soc0@49.812C gpu@52.062C tj@52.062C soc1@49.843C VDD_IN 6120mW/5140mW VDD_CPU_GPU_CV 2116mW/1495mW VDD_SOC 1560mW/1447mW"
hamilton.mp4,27,5500,7620,0,"07-04-2026 17:11:47 RAM 5500/7620MB (lfb 2x4MB) SWAP 14/3810MB (cached 0MB) CPU [14%@729,12%@729,9%@729,7%@729,81%@1497,15%@1497] GR3D_FREQ 0% cpu@50.437C soc2@49.781C soc0@49.875C gpu@51.437C tj@51.437C soc1@49.687C VDD_IN 4975mW/5134mW VDD_CPU_GPU_CV 1442mW/1493mW VDD_SOC 1404mW/1445mW"
hamilton.mp4,28,5497,7620,0,"07-04-2026 17:11:48 RAM 5497/7620MB (lfb 1x4MB) SWAP 14/3810MB (cached 0MB) CPU [17%@1497,21%@1497,14%@1497,64%@1497,19%@1344,25%@1344] GR3D_FREQ 0% cpu@50.562C soc2@49.843C soc0@49.843C gpu@51.75C tj@51.75C soc1@49.687C VDD_IN 6789mW/5191mW VDD_CPU_GPU_CV 2392mW/1524mW VDD_SOC 1717mW/1455mW"
hamilton.mp4,29,5521,7620,0,"07-04-2026 17:11:49 RAM 5521/7620MB (lfb 5x2MB) SWAP 14/3810MB (cached 0MB) CPU [14%@1497,16%@1497,8%@1497,86%@1497,8%@729,17%@729] GR3D_FREQ 0% cpu@50.468C soc2@49.812C soc0@49.875C gpu@51.562C tj@51.562C soc1@49.812C VDD_IN 5208mW/5192mW VDD_CPU_GPU_CV 1520mW/1524mW VDD_SOC 1442mW/1454mW"
hamilton.mp4,30,5504,7620,0,"07-04-2026 17:11:50 RAM 5504/7620MB (lfb 1x4MB) SWAP 14/3810MB (cached 0MB) CPU [13%@729,54%@729,10%@729,9%@729,16%@1497,36%@1497] GR3D_FREQ 0% cpu@50.218C soc2@49.812C soc0@49.937C gpu@51.687C tj@51.687C soc1@49.906C VDD_IN 6360mW/5230mW VDD_CPU_GPU_CV 2076mW/1542mW VDD_SOC 1677mW/1462mW"
hamilton.mp4,31,5516,7620,0,"07-04-2026 17:11:51 RAM 5516/7620MB (lfb 7x2MB) SWAP 14/3810MB (cached 0MB) CPU [9%@1497,9%@1497,24%@1497,86%@1497,11%@729,12%@729] GR3D_FREQ 0% cpu@50.468C soc2@49.875C soc0@50C gpu@51.75C tj@51.75C soc1@49.781C VDD_IN 5048mW/5224mW VDD_CPU_GPU_CV 1440mW/1538mW VDD_SOC 1442mW/1461mW"
hamilton.mp4,32,5498,7620,0,"07-04-2026 17:11:52 RAM 5498/7620MB (lfb 2x4MB) SWAP 14/3810MB (cached 0MB) CPU [14%@1036,8%@1036,52%@1036,18%@1036,7%@729,38%@729] GR3D_FREQ 0% cpu@50.406C soc2@49.781C soc0@49.875C gpu@51.562C tj@51.562C soc1@49.781C VDD_IN 5920mW/5245mW VDD_CPU_GPU_CV 1840mW/1548mW VDD_SOC 1560mW/1464mW"
hamilton.mp4,33,5523,7620,0,"07-04-2026 17:11:53 RAM 5523/7620MB (lfb 3x2MB) SWAP 14/3810MB (cached 0MB) CPU [9%@729,24%@729,10%@729,80%@729,15%@1497,8%@1497] GR3D_FREQ 0% cpu@50.593C soc2@49.812C soc0@49.937C gpu@51.406C tj@51.406C soc1@49.812C VDD_IN 5048mW/5239mW VDD_CPU_GPU_CV 1480mW/1546mW VDD_SOC 1402mW/1462mW"
hamilton.mp4,34,5503,7620,0,"07-04-2026 17:11:54 RAM 5503/7620MB (lfb 3x4MB) SWAP 14/3810MB (cached 0MB) CPU [37%@1497,20%@1497,24%@1497,15%@1497,34%@729,35%@729] GR3D_FREQ 0% cpu@50.281C soc2@49.937C soc0@49.937C gpu@51.406C tj@51.406C soc1@49.75C VDD_IN 5920mW/5259mW VDD_CPU_GPU_CV 1876mW/1555mW VDD_SOC 1560mW/1465mW"
hamilton.mp4,35,5522,7620,0,"07-04-2026 17:11:55 RAM 5522/7620MB (lfb 5x2MB) SWAP 14/3810MB (cached 0MB) CPU [73%@806,11%@806,9%@806,10%@806,12%@1497,34%@1497] GR3D_FREQ 0% cpu@50.093C soc2@49.812C soc0@49.968C gpu@51.531C tj@51.531C soc1@49.906C VDD_IN 5008mW/5252mW VDD_CPU_GPU_CV 1480mW/1553mW VDD_SOC 1402mW/1463mW"
hamilton.mp4,36,5504,7620,0,"07-04-2026 17:11:56 RAM 5504/7620MB (lfb 1x4MB) SWAP 14/3810MB (cached 0MB) CPU [35%@1497,25%@1497,20%@1497,16%@1497,8%@729,44%@729] GR3D_FREQ 0% cpu@50.312C soc2@50C soc0@49.906C gpu@51.625C tj@51.625C soc1@49.75C VDD_IN 5649mW/5262mW VDD_CPU_GPU_CV 1720mW/1557mW VDD_SOC 1520mW/1465mW"
hamilton.mp4,37,5519,7620,0,"07-04-2026 17:11:57 RAM 5519/7620MB (lfb 9x1MB) SWAP 14/3810MB (cached 0MB) CPU [22%@729,44%@729,8%@729,10%@729,56%@1497,10%@1497] GR3D_FREQ 0% cpu@50.156C soc2@49.812C soc0@49.875C gpu@51.468C tj@51.468C soc1@49.812C VDD_IN 4927mW/5254mW VDD_CPU_GPU_CV 1442mW/1554mW VDD_SOC 1402mW/1463mW"
hamilton.mp4,38,5500,7620,0,"07-04-2026 17:11:58 RAM 5500/7620MB (lfb 9x2MB) SWAP 14/3810MB (cached 0MB) CPU [16%@729,36%@729,20%@729,18%@729,28%@1497,36%@1497] GR3D_FREQ 0% cpu@50.406C soc2@49.875C soc0@49.968C gpu@51.562C tj@51.562C soc1@49.812C VDD_IN 5568mW/5262mW VDD_CPU_GPU_CV 1720mW/1559mW VDD_SOC 1520mW/1465mW"
hamilton.mp4,39,5521,7620,0,"07-04-2026 17:11:59 RAM 5521/7620MB (lfb 8x1MB) SWAP 14/3810MB (cached 0MB) CPU [58%@1497,15%@1497,15%@1497,9%@1497,7%@729,59%@729] GR3D_FREQ 0% cpu@50.375C soc2@49.937C soc0@49.937C gpu@51.593C tj@51.437C soc1@49.843C VDD_IN 5008mW/5255mW VDD_CPU_GPU_CV 1480mW/1557mW VDD_SOC 1402mW/1463mW"
hamilton.mp4,40,5497,7620,0,"07-04-2026 17:12:00 RAM 5497/7620MB (lfb 1x4MB) SWAP 14/3810MB (cached 0MB) CPU [19%@729,33%@729,19%@729,5%@729,2%@1497,44%@1497] GR3D_FREQ 0% cpu@50C soc2@49.875C soc0@50.062C gpu@51.5C tj@51.5C soc1@49.968C VDD_IN 5176mW/5253mW VDD_CPU_GPU_CV 1524mW/1556mW VDD_SOC 1444mW/1463mW"
hamilton.mp4,41,5490,7620,0,"07-04-2026 17:12:01 RAM 5490/7620MB (lfb 1x4MB) SWAP 14/3810MB (cached 0MB) CPU [3%@1497,53%@1497,6%@1497,7%@1497,5%@806,53%@806] GR3D_FREQ 0% cpu@50.75C soc2@49.875C soc0@49.875C gpu@51.406C tj@51.406C soc1@49.812C VDD_IN 4975mW/5247mW VDD_CPU_GPU_CV 1442mW/1553mW VDD_SOC 1404mW/1461mW"
hamilton.mp4,42,5499,7620,0,"07-04-2026 17:12:02 RAM 5499/7620MB (lfb 1x4MB) SWAP 14/3810MB (cached 0MB) CPU [13%@729,19%@729,16%@729,10%@729,59%@1497,28%@1497] GR3D_FREQ 0% cpu@50.343C soc2@49.812C soc0@49.937C gpu@51.437C tj@51.437C soc1@49.75C VDD_IN 5288mW/5248mW VDD_CPU_GPU_CV 1602mW/1554mW VDD_SOC 1482mW/1462mW"
hamilton.mp4,43,5481,7620,0,"07-04-2026 17:12:03 RAM 5481/7620MB (lfb 1x4MB) SWAP 14/3810MB (cached 0MB) CPU [48%@729,2%@729,4%@729,4%@729,53%@1497,3%@1497] GR3D_FREQ 0% cpu@50.437C soc2@49.781C soc0@49.875C gpu@51.406C tj@51.406C soc1@49.843C VDD_IN 4823mW/5238mW VDD_CPU_GPU_CV 1324mW/1549mW VDD_SOC 1404mW/1460mW"
hamilton.mp4,44,5492,7620,0,"07-04-2026 17:12:04 RAM 5492/7620MB (lfb 1x4MB) SWAP 14/3810MB (cached 0MB) CPU [16%@729,4%@729,3%@729,2%@729,15%@1497,51%@1497] GR3D_FREQ 0% cpu@49.968C soc2@49.843C soc0@50C gpu@51.593C tj@51.593C soc1@49.906C VDD_IN 5024mW/5233mW VDD_CPU_GPU_CV 1444mW/1547mW VDD_SOC 1446mW/1460mW"
hamilton.mp4,45,5487,7620,99,"07-04-2026 17:12:05 RAM 5487/7620MB (lfb 1x4MB) SWAP 14/3810MB (cached 0MB) CPU [6%@729,1%@729,3%@729,2%@729,64%@1036,32%@1036] GR3D_FREQ 99% cpu@49.968C soc2@49.906C soc0@49.937C gpu@52.125C tj@52.125C soc1@49.75C VDD_IN 5136mW/5231mW VDD_CPU_GPU_CV 1522mW/1546mW VDD_SOC 1444mW/1460mW"
hamilton.mp4,46,5494,7620,0,"07-04-2026 17:12:06 RAM 5494/7620MB (lfb 1x4MB) SWAP 14/3810MB (cached 0MB) CPU [0%@729,0%@729,1%@729,11%@729,25%@1497,63%@1497] GR3D_FREQ 0% cpu@50.156C soc2@49.781C soc0@49.843C gpu@51.625C tj@51.625C soc1@49.781C VDD_IN 4870mW/5224mW VDD_CPU_GPU_CV 1366mW/1542mW VDD_SOC 1406mW/1458mW"
hamilton.mp4,47,5484,7620,98,"07-04-2026 17:12:07 RAM 5484/7620MB (lfb 2x2MB) SWAP 14/3810MB (cached 0MB) CPU [1%@883,2%@883,12%@883,63%@883,0%@729,20%@729] GR3D_FREQ 98% cpu@50.125C soc2@49.875C soc0@49.968C gpu@52.093C tj@52.093C soc1@49.718C VDD_IN 5689mW/5233mW VDD_CPU_GPU_CV 1880mW/1549mW VDD_SOC 1522mW/1460mW"
hamilton.mp4,48,5495,7620,0,"07-04-2026 17:12:08 RAM 5495/7620MB (lfb 2x2MB) SWAP 14/3810MB (cached 0MB) CPU [4%@729,1%@729,3%@729,15%@729,0%@1497,77%@1497] GR3D_FREQ 0% cpu@50.187C soc2@49.812C soc0@49.937C gpu@51.406C tj@51.406C soc1@49.843C VDD_IN 4782mW/5224mW VDD_CPU_GPU_CV 1326mW/1545mW VDD_SOC 1406mW/1459mW"
hamilton.mp4,49,5466,7620,99,"07-04-2026 17:12:09 RAM 5466/7620MB (lfb 12x2MB) SWAP 14/3810MB (cached 0MB) CPU [2%@729,1%@729,5%@729,74%@729,0%@729,9%@729] GR3D_FREQ 99% cpu@50.031C soc2@49.875C soc0@49.843C gpu@52.187C tj@52.187C soc1@49.968C VDD_IN 6530mW/5250mW VDD_CPU_GPU_CV 2160mW/1557mW VDD_SOC 1720mW/1464mW"
hamilton.mp4,50,5473,7620,0,"07-04-2026 17:12:10 RAM 5473/7620MB (lfb 13x2MB) SWAP 14/3810MB (cached 0MB) CPU [1%@1497,1%@1497,1%@1497,15%@1497,0%@1497,85%@1497] GR3D_FREQ 0% cpu@50.218C soc2@49.812C soc0@49.843C gpu@51.406C tj@51.406C soc1@49.718C VDD_IN 4782mW/5241mW VDD_CPU_GPU_CV 1326mW/1553mW VDD_SOC 1406mW/1463mW"
hamilton.mp4,51,5473,7620,0,"07-04-2026 17:12:11 RAM 5473/7620MB (lfb 11x2MB) SWAP 14/3810MB (cached 0MB) CPU [3%@1497,2%@1497,2%@1497,81%@1497,0%@729,2%@729] GR3D_FREQ 0% cpu@50.375C soc2@49.875C soc0@49.906C gpu@51.625C tj@51.625C soc1@49.75C VDD_IN 6169mW/5259mW VDD_CPU_GPU_CV 1960mW/1560mW VDD_SOC 1680mW/1467mW"
hamilton.mp4,52,5498,7620,0,"07-04-2026 17:12:12 RAM 5498/7620MB (lfb 8x1MB) SWAP 14/3810MB (cached 0MB) CPU [11%@1497,1%@1497,2%@1497,4%@1497,0%@729,86%@729] GR3D_FREQ 0% cpu@50.468C soc2@49.906C soc0@49.906C gpu@51.468C tj@51.468C soc1@49.843C VDD_IN 4782mW/5250mW VDD_CPU_GPU_CV 1284mW/1555mW VDD_SOC 1406mW/1466mW"
hamilton.mp4,53,5482,7620,0,"07-04-2026 17:12:13 RAM 5482/7620MB (lfb 9x2MB) SWAP 14/3810MB (cached 0MB) CPU [47%@729,1%@729,2%@729,7%@729,33%@1497,5%@1497] GR3D_FREQ 0% cpu@50.25C soc2@49.937C soc0@50.031C gpu@51.593C tj@51.875C soc1@49.843C VDD_IN 6120mW/5266mW VDD_CPU_GPU_CV 1916mW/1562mW VDD_SOC 1640mW/1469mW"
hamilton.mp4,54,5505,7620,0,"07-04-2026 17:12:14 RAM 5505/7620MB (lfb 12x1MB) SWAP 14/3810MB (cached 0MB) CPU [26%@1497,4%@1497,2%@1497,5%@1497,0%@1497,81%@1497] GR3D_FREQ 0% cpu@50.312C soc2@49.968C soc0@50.062C gpu@51.687C tj@51.687C soc1@49.875C VDD_IN 4863mW/5259mW VDD_CPU_GPU_CV 1364mW/1558mW VDD_SOC 1406mW/1468mW"
hamilton.mp4,55,5480,7620,0,"07-04-2026 17:12:15 RAM 5480/7620MB (lfb 11x2MB) SWAP 14/3810MB (cached 0MB) CPU [66%@729,1%@729,1%@729,1%@729,1%@1344,16%@1344] GR3D_FREQ 0% cpu@49.968C soc2@49.843C soc0@49.937C gpu@51.875C tj@51.875C soc1@49.718C VDD_IN 5457mW/5262mW VDD_CPU_GPU_CV 1602mW/1559mW VDD_SOC 1482mW/1468mW"
hamilton.mp4,56,5504,7620,0,"07-04-2026 17:12:16 RAM 5504/7620MB (lfb 13x1MB) SWAP 14/3810MB (cached 0MB) CPU [1%@1497,2%@1497,1%@1497,29%@1497,0%@1497,72%@1497] GR3D_FREQ 0% cpu@50.468C soc2@49.687C soc0@49.812C gpu@51.312C tj@51.312C soc1@49.75C VDD_IN 4709mW/5252mW VDD_CPU_GPU_CV 1286mW/1554mW VDD_SOC 1406mW/1467mW"
hamilton.mp4,57,5483,7620,0,"07-04-2026 17:12:17 RAM 5483/7620MB (lfb 5x2MB) SWAP 14/3810MB (cached 0MB) CPU [15%@729,4%@729,2%@729,29%@729,24%@1497,23%@1497] GR3D_FREQ 0% cpu@50.187C soc2@49.781C soc0@50C gpu@51.531C tj@51.531C soc1@49.812C VDD_IN 5497mW/5257mW VDD_CPU_GPU_CV 1642mW/1556mW VDD_SOC 1524mW/1468mW"
hamilton.mp4,58,5503,7620,0,"07-04-2026 17:12:18 RAM 5503/7620MB (lfb 14x1MB) SWAP 14/3810MB (cached 0MB) CPU [1%@1497,3%@1497,2%@1497,39%@1497,0%@729,62%@729] GR3D_FREQ 0% cpu@50.218C soc2@49.812C soc0@49.843C gpu@51.375C tj@51.375C soc1@49.937C VDD_IN 4742mW/5248mW VDD_CPU_GPU_CV 1326mW/1552mW VDD_SOC 1406mW/1467mW"
hamilton.mp4,59,5482,7620,0,"07-04-2026 17:12:19 RAM 5482/7620MB (lfb 6x2MB) SWAP 14/3810MB (cached 0MB) CPU [1%@729,1%@729,2%@729,18%@729,34%@1497,32%@1497] GR3D_FREQ 0% cpu@50.062C soc2@49.687C soc0@49.875C gpu@51.5C tj@51.5C soc1@49.718C VDD_IN 5256mW/5248mW VDD_CPU_GPU_CV 1524mW/1551mW VDD_SOC 1484mW/1467mW"
hamilton.mp4,60,5502,7620,0,"07-04-2026 17:12:20 RAM 5502/7620MB (lfb 14x1MB) SWAP 14/3810MB (cached 0MB) CPU [49%@1497,1%@1497,0%@1497,0%@1497,0%@729,52%@729] GR3D_FREQ 0% cpu@50.5C soc2@49.843C soc0@49.718C gpu@51.406C tj@51.406C soc1@49.687C VDD_IN 4702mW/5239mW VDD_CPU_GPU_CV 1286mW/1547mW VDD_SOC 1366mW/1466mW"
hamilton.mp4,61,5480,7620,0,"07-04-2026 17:12:21 RAM 5480/7620MB (lfb 7x2MB) SWAP 14/3810MB (cached 0MB) CPU [7%@729,2%@729,3%@729,0%@729,35%@1497,42%@1497] GR3D_FREQ 0% cpu@50.031C soc2@49.75C soc0@49.875C gpu@51.437C tj@51.437C soc1@49.718C VDD_IN 5064mW/5236mW VDD_CPU_GPU_CV 1444mW/1545mW VDD_SOC 1446mW/1465mW"
hamilton.mp4,62,5483,7620,0,"07-04-2026 17:12:22 RAM 5483/7620MB (lfb 6x2MB) SWAP 14/3810MB (cached 0MB) CPU [1%@1190,2%@1190,1%@1190,54%@1190,3%@1497,44%@1497] GR3D_FREQ 0% cpu@50.125C soc2@49.75C soc0@49.968C gpu@51.343C tj@51.343C soc1@49.812C VDD_IN 4742mW/5228mW VDD_CPU_GPU_CV 1284mW/1541mW VDD_SOC 1406mW/1464mW"
hamilton.mp4,63,5504,7620,0,"07-04-2026 17:12:23 RAM 5504/7620MB (lfb 12x1MB) SWAP 14/3810MB (cached 0MB) CPU [1%@729,1%@729,2%@729,3%@729,54%@1497,28%@1497] GR3D_FREQ 0% cpu@50.031C soc2@49.718C soc0@49.937C gpu@51.281C tj@51.281C soc1@49.656C VDD_IN 4983mW/5225mW VDD_CPU_GPU_CV 1404mW/1539mW VDD_SOC 1446mW/1464mW"
hamilton.mp4,64,5505,7620,92,"07-04-2026 17:12:24 RAM 5505/7620MB (lfb 12x1MB) SWAP 14/3810MB (cached 0MB) CPU [3%@729,1%@729,1%@729,56%@729,37%@1497,10%@1497] GR3D_FREQ 92% cpu@49.968C soc2@49.656C soc0@49.687C gpu@51.406C tj@51.406C soc1@49.625C VDD_IN 4823mW/5218mW VDD_CPU_GPU_CV 1364mW/1536mW VDD_SOC 1404mW/1463mW"
hamilton.mp4,65,5502,7620,0,"07-04-2026 17:12:25 RAM 5502/7620MB (lfb 11x1MB) SWAP 14/3810MB (cached 0MB) CPU [0%@729,2%@729,2%@729,0%@729,59%@1497,24%@1497] GR3D_FREQ 0% cpu@50.406C soc2@49.562C soc0@49.812C gpu@51.218C tj@51.218C soc1@49.625C VDD_IN 4870mW/5213mW VDD_CPU_GPU_CV 1366mW/1534mW VDD_SOC 1406mW/1462mW"
hamilton.mp4,66,5505,7620,79,"07-04-2026 17:12:26 RAM 5505/7620MB (lfb 9x1MB) SWAP 14/3810MB (cached 0MB) CPU [56%@729,1%@729,1%@729,0%@729,30%@1036,12%@1036] GR3D_FREQ 79% cpu@49.781C soc2@49.656C soc0@49.875C gpu@52.031C tj@52.031C soc1@49.687C VDD_IN 5144mW/5212mW VDD_CPU_GPU_CV 1564mW/1534mW VDD_SOC 1404mW/1461mW"
hamilton.mp4,67,5503,7620,0,"07-04-2026 17:12:27 RAM 5503/7620MB (lfb 9x1MB) SWAP 14/3810MB (cached 0MB) CPU [1%@729,0%@729,0%@729,0%@729,64%@1497,24%@1497] GR3D_FREQ 0% cpu@50C soc2@49.625C soc0@49.937C gpu@51.437C tj@51.437C soc1@49.812C VDD_IN 4830mW/5206mW VDD_CPU_GPU_CV 1326mW/1531mW VDD_SOC 1406mW/1461mW"
hamilton.mp4,68,5513,7620,98,"07-04-2026 17:12:28 RAM 5513/7620MB (lfb 7x1MB) SWAP 14/3810MB (cached 0MB) CPU [3%@729,3%@729,6%@729,56%@729,26%@729,19%@729] GR3D_FREQ 98% cpu@49.812C soc2@49.687C soc0@49.718C gpu@51.906C tj@51.906C soc1@49.562C VDD_IN 5537mW/5211mW VDD_CPU_GPU_CV 1842mW/1536mW VDD_SOC 1482mW/1461mW"
hamilton.mp4,69,5513,7620,0,"07-04-2026 17:12:29 RAM 5513/7620MB (lfb 7x1MB) SWAP 14/3810MB (cached 0MB) CPU [0%@729,1%@729,1%@729,0%@729,74%@1497,16%@1497] GR3D_FREQ 0% cpu@50C soc2@49.593C soc0@49.75C gpu@51.25C tj@51.25C soc1@49.656C VDD_IN 4790mW/5205mW VDD_CPU_GPU_CV 1326mW/1533mW VDD_SOC 1408mW/1460mW"
hamilton.mp4,70,5535,7620,68,"07-04-2026 17:12:30 RAM 5535/7620MB (lfb 5x1MB) SWAP 14/3810MB (cached 0MB) CPU [1%@729,2%@729,1%@729,55%@729,8%@1344,20%@1344] GR3D_FREQ 68% cpu@50C soc2@49.843C soc0@49.843C gpu@51.687C tj@51.687C soc1@49.625C VDD_IN 6450mW/5223mW VDD_CPU_GPU_CV 2120mW/1541mW VDD_SOC 1720mW/1464mW"
hamilton.mp4,71,5539,7620,0,"07-04-2026 17:12:31 RAM 5539/7620MB (lfb 5x1MB) SWAP 14/3810MB (cached 0MB) CPU [8%@1497,1%@1497,0%@1497,0%@1497,83%@729,11%@729] GR3D_FREQ 0% cpu@50.156C soc2@49.687C soc0@49.906C gpu@51.312C tj@51.312C soc1@49.718C VDD_IN 4823mW/5217mW VDD_CPU_GPU_CV 1324mW/1538mW VDD_SOC 1406mW/1463mW"
hamilton.mp4,72,5508,7620,0,"07-04-2026 17:12:32 RAM 5508/7620MB (lfb 8x1MB) SWAP 14/3810MB (cached 0MB) CPU [48%@729,1%@729,2%@729,0%@729,2%@1497,31%@1497] GR3D_FREQ 0% cpu@49.781C soc2@49.718C soc0@49.718C gpu@51.5C tj@51.5C soc1@49.531C VDD_IN 5969mW/5228mW VDD_CPU_GPU_CV 1800mW/1542mW VDD_SOC 1642mW/1465mW"
hamilton.mp4,73,5546,7620,0,"07-04-2026 17:12:33 RAM 5546/7620MB (lfb 3x1MB) SWAP 14/3810MB (cached 0MB) CPU [12%@1497,2%@1497,86%@1497,3%@1497,1%@729,5%@729] GR3D_FREQ 0% cpu@50.218C soc2@49.781C soc0@49.687C gpu@51.218C tj@51.218C soc1@49.468C VDD_IN 4782mW/5222mW VDD_CPU_GPU_CV 1284mW/1538mW VDD_SOC 1406mW/1465mW"
hamilton.mp4,74,5530,7620,0,"07-04-2026 17:12:34 RAM 5530/7620MB (lfb 4x1MB) SWAP 14/3810MB (cached 0MB) CPU [47%@729,0%@729,6%@729,3%@729,1%@1497,34%@1497] GR3D_FREQ 0% cpu@50.093C soc2@49.687C soc0@49.718C gpu@51.656C tj@51.656C soc1@49.562C VDD_IN 5969mW/5231mW VDD_CPU_GPU_CV 1840mW/1542mW VDD_SOC 1640mW/1467mW"
hamilton.mp4,75,5553,7620,0,"07-04-2026 17:12:35 RAM 5553/7620MB (lfb 3x1MB) SWAP 14/3810MB (cached 0MB) CPU [18%@1497,1%@1497,82%@1497,0%@1497,0%@729,0%@729] GR3D_FREQ 0% cpu@50.343C soc2@49.812C soc0@49.812C gpu@51.531C tj@51.531C soc1@49.625C VDD_IN 4750mW/5225mW VDD_CPU_GPU_CV 1286mW/1539mW VDD_SOC 1406mW/1466mW"
hamilton.mp4,76,5528,7620,0,"07-04-2026 17:12:36 RAM 5528/7620MB (lfb 5x1MB) SWAP 14/3810MB (cached 0MB) CPU [37%@1497,1%@1497,2%@1497,17%@1497,2%@729,30%@729] GR3D_FREQ 0% cpu@49.937C soc2@49.625C soc0@49.843C gpu@51.406C tj@51.406C soc1@49.718C VDD_IN 5497mW/5229mW VDD_CPU_GPU_CV 1642mW/1540mW VDD_SOC 1484mW/1466mW"
hamilton.mp4,77,5556,7620,0,"07-04-2026 17:12:37 RAM 5556/7620MB (lfb 4x1MB) SWAP 14/3810MB (cached 0MB) CPU [1%@1497,1%@1497,31%@1497,70%@1497,1%@729,0%@729] GR3D_FREQ 0% cpu@50.156C soc2@49.593C soc0@49.687C gpu@51.437C tj@51.437C soc1@49.468C VDD_IN 4709mW/5222mW VDD_CPU_GPU_CV 1286mW/1537mW VDD_SOC 1408mW/1466mW"
hamilton.mp4,78,5531,7620,0,"07-04-2026 17:12:38 RAM 5531/7620MB (lfb 4x1MB) SWAP 14/3810MB (cached 0MB) CPU [3%@1497,15%@1497,28%@1497,3%@1497,24%@729,32%@729] GR3D_FREQ 0% cpu@50.312C soc2@49.656C soc0@49.656C gpu@51.562C tj@51.562C soc1@49.5C VDD_IN 5457mW/5225mW VDD_CPU_GPU_CV 1602mW/1538mW VDD_SOC 1484mW/1466mW"
hamilton.mp4,79,5559,7620,0,"07-04-2026 17:12:39 RAM 5559/7620MB (lfb 2x1MB) SWAP 14/3810MB (cached 0MB) CPU [1%@729,0%@729,63%@729,1%@729,38%@1497,0%@1497] GR3D_FREQ 0% cpu@49.906C soc2@49.5C soc0@49.687C gpu@51.218C tj@51.218C soc1@49.531C VDD_IN 4709mW/5219mW VDD_CPU_GPU_CV 1286mW/1535mW VDD_SOC 1368mW/1465mW"
hamilton.mp4,80,5532,7620,0,"07-04-2026 17:12:40 RAM 5532/7620MB (lfb 1x2MB) SWAP 14/3810MB (cached 0MB) CPU [2%@1497,1%@1497,33%@1497,2%@1497,17%@729,34%@729] GR3D_FREQ 0% cpu@50.125C soc2@49.5C soc0@49.75C gpu@51.218C tj@51.218C soc1@49.593C VDD_IN 5224mW/5219mW VDD_CPU_GPU_CV 1484mW/1534mW VDD_SOC 1444mW/1464mW"
hamilton.mp4,81,5547,7620,0,"07-04-2026 17:12:41 RAM 5547/7620MB (lfb 3x1MB) SWAP 14/3810MB (cached 0MB) CPU [1%@729,3%@729,53%@729,0%@729,1%@1497,47%@1497] GR3D_FREQ 0% cpu@49.718C soc2@49.562C soc0@49.625C gpu@51.156C tj@51.156C soc1@49.718C VDD_IN 4742mW/5213mW VDD_CPU_GPU_CV 1284mW/1531mW VDD_SOC 1406mW/1464mW"
hamilton.mp4,82,5550,7620,0,"07-04-2026 17:12:42 RAM 5550/7620MB (lfb 3x1MB) SWAP 14/3810MB (cached 0MB) CPU [1%@1497,54%@1497,1%@1497,0%@1497,1%@729,29%@729] GR3D_FREQ 0% cpu@49.875C soc2@49.5C soc0@49.5C gpu@51.187C tj@51.187C soc1@49.468C VDD_IN 4903mW/5209mW VDD_CPU_GPU_CV 1366mW/1529mW VDD_SOC 1406mW/1463mW"
hamilton.mp4,83,5531,7620,94,"07-04-2026 17:12:43 RAM 5531/7620MB (lfb 2x1MB) SWAP 14/3810MB (cached 0MB) CPU [2%@729,34%@729,5%@729,3%@729,1%@1113,62%@1113] GR3D_FREQ 94% cpu@49.781C soc2@49.5C soc0@49.562C gpu@51.656C tj@51.656C soc1@49.5C VDD_IN 5176mW/5209mW VDD_CPU_GPU_CV 1564mW/1529mW VDD_SOC 1444mW/1463mW"
hamilton.mp4,84,5531,7620,0,"07-04-2026 17:12:44 RAM 5531/7620MB (lfb 2x1MB) SWAP 14/3810MB (cached 0MB) CPU [2%@1497,64%@1497,2%@1497,1%@1497,0%@729,24%@729] GR3D_FREQ 0% cpu@50.031C soc2@49.5C soc0@49.593C gpu@51.062C tj@51.062C soc1@49.562C VDD_IN 4830mW/5204mW VDD_CPU_GPU_CV 1326mW/1527mW VDD_SOC 1406mW/1462mW"
hamilton.mp4,85,5534,7620,96,"07-04-2026 17:12:45 RAM 5534/7620MB (lfb 2x1MB) SWAP 14/3810MB (cached 0MB) CPU [0%@729,23%@729,2%@729,1%@729,1%@883,69%@883] GR3D_FREQ 96% cpu@49.562C soc2@49.562C soc0@49.656C gpu@51.406C tj@51.406C soc1@49.593C VDD_IN 5497mW/5208mW VDD_CPU_GPU_CV 1762mW/1530mW VDD_SOC 1484mW/1462mW"
hamilton.mp4,86,5534,7620,0,"07-04-2026 17:12:46 RAM 5534/7620MB (lfb 2x1MB) SWAP 14/3810MB (cached 0MB) CPU [1%@1497,75%@1497,1%@1497,1%@1497,0%@729,17%@729] GR3D_FREQ 0% cpu@49.812C soc2@49.5C soc0@49.5C gpu@51.062C tj@51.062C soc1@49.343C VDD_IN 4750mW/5202mW VDD_CPU_GPU_CV 1326mW/1527mW VDD_SOC 1408mW/1462mW"
hamilton.mp4,87,5534,7620,99,"07-04-2026 17:12:47 RAM 5534/7620MB (lfb 2x1MB) SWAP 14/3810MB (cached 0MB) CPU [2%@729,12%@729,1%@729,1%@729,2%@729,73%@729] GR3D_FREQ 99% cpu@49.906C soc2@49.531C soc0@49.593C gpu@51.812C tj@51.812C soc1@49.343C VDD_IN 6290mW/5215mW VDD_CPU_GPU_CV 2120mW/1534mW VDD_SOC 1682mW/1464mW"
hamilton.mp4,88,5534,7620,0,"07-04-2026 17:12:48 RAM 5534/7620MB (lfb 2x1MB) SWAP 14/3810MB (cached 0MB) CPU [2%@1497,85%@1497,1%@1497,3%@1497,2%@729,22%@729] GR3D_FREQ 0% cpu@50.031C soc2@49.562C soc0@49.593C gpu@51.218C tj@51.218C soc1@49.406C VDD_IN 4895mW/5211mW VDD_CPU_GPU_CV 1404mW/1533mW VDD_SOC 1404mW/1464mW"
hamilton.mp4,89,5532,7620,0,"07-04-2026 17:12:49 RAM 5532/7620MB (lfb 2x1MB) SWAP 14/3810MB (cached 0MB) CPU [1%@729,3%@729,2%@729,0%@729,3%@1036,79%@1036] GR3D_FREQ 0% cpu@49.875C soc2@49.562C soc0@49.625C gpu@51.437C tj@51.437C soc1@49.562C VDD_IN 6330mW/5224mW VDD_CPU_GPU_CV 2040mW/1538mW VDD_SOC 1680mW/1466mW"
hamilton.mp4,90,5563,7620,0,"07-04-2026 17:12:50 RAM 5563/7620MB (lfb 2x1MB) SWAP 14/3810MB (cached 0MB) CPU [3%@729,10%@729,0%@729,2%@729,76%@1497,15%@1497] GR3D_FREQ 0% cpu@49.656C soc2@49.5C soc0@49.531C gpu@51.125C tj@51.125C soc1@49.531C VDD_IN 4782mW/5219mW VDD_CPU_GPU_CV 1284mW/1535mW VDD_SOC 1406mW/1465mW"
hamilton.mp4,91,5536,7620,0,"07-04-2026 17:12:51 RAM 5536/7620MB (lfb 2x1MB) SWAP 14/3810MB (cached 0MB) CPU [2%@729,0%@729,0%@729,1%@729,8%@1497,73%@1497] GR3D_FREQ 0% cpu@49.75C soc2@49.406C soc0@49.562C gpu@51.312C tj@51.312C soc1@49.312C VDD_IN 5969mW/5227mW VDD_CPU_GPU_CV 1840mW/1539mW VDD_SOC 1642mW/1467mW"
hamilton.mp4,92,5564,7620,0,"07-04-2026 17:12:52 RAM 5564/7620MB (lfb 2x1MB) SWAP 14/3810MB (cached 0MB) CPU [19%@1497,1%@1497,3%@1497,1%@1497,0%@729,81%@729] GR3D_FREQ 0% cpu@50.062C soc2@49.531C soc0@49.531C gpu@50.968C tj@50.968C soc1@49.375C VDD_IN 4782mW/5222mW VDD_CPU_GPU_CV 1326mW/1536mW VDD_SOC 1406mW/1467mW"
hamilton.mp4,93,5538,7620,0,"07-04-2026 17:12:53 RAM 5538/7620MB (lfb 2x1MB) SWAP 14/3810MB (cached 0MB) CPU [49%@729,3%@729,6%@729,3%@729,16%@1497,16%@1497] GR3D_FREQ 0% cpu@49.718C soc2@49.531C soc0@49.562C gpu@51.156C tj@51.156C soc1@49.531C VDD_IN 5658mW/5227mW VDD_CPU_GPU_CV 1722mW/1538mW VDD_SOC 1562mW/1468mW"
hamilton.mp4,94,5563,7620,0,"07-04-2026 17:12:54 RAM 5563/7620MB (lfb 2x1MB) SWAP 14/3810MB (cached 0MB) CPU [34%@1497,3%@1497,1%@1497,1%@1497,0%@729,68%@729] GR3D_FREQ 0% cpu@50.25C soc2@49.625C soc0@49.593C gpu@51.031C tj@51.031C soc1@49.5C VDD_IN 4750mW/5222mW VDD_CPU_GPU_CV 1286mW/1536mW VDD_SOC 1406mW/1467mW"
hamilton.mp4,95,5534,7620,0,"07-04-2026 17:12:55 RAM 5534/7620MB (lfb 1x2MB) SWAP 14/3810MB (cached 0MB) CPU [22%@729,1%@729,1%@729,1%@729,33%@1497,28%@1497] GR3D_FREQ 0% cpu@49.531C soc2@49.468C soc0@49.718C gpu@51.062C tj@51.062C soc1@49.5C VDD_IN 5265mW/5222mW VDD_CPU_GPU_CV 1524mW/1536mW VDD_SOC 1484mW/1467mW"
hamilton.mp4,96,5565,7620,0,"07-04-2026 17:12:56 RAM 5565/7620MB (lfb 2x1MB) SWAP 14/3810MB (cached 0MB) CPU [45%@1497,1%@1497,0%@1497,0%@1497,0%@729,58%@729] GR3D_FREQ 0% cpu@49.906C soc2@49.5C soc0@49.5C gpu@50.968C tj@50.968C soc1@49.406C VDD_IN 4669mW/5216mW VDD_CPU_GPU_CV 1286mW/1533mW VDD_SOC 1368mW/1466mW"
hamilton.mp4,97,5541,7620,0,"07-04-2026 17:12:57 RAM 5541/7620MB (lfb 2x1MB) SWAP 14/3810MB (cached 0MB) CPU [13%@729,0%@729,2%@729,0%@729,47%@1497,22%@1497] GR3D_FREQ 0% cpu@49.843C soc2@49.437C soc0@49.562C gpu@51.062C tj@51.062C soc1@49.406C VDD_IN 5104mW/5215mW VDD_CPU_GPU_CV 1444mW/1532mW VDD_SOC 1446mW/1466mW"
hamilton.mp4,98,5538,7620,0,"07-04-2026 17:12:58 RAM 5538/7620MB (lfb 2x1MB) SWAP 14/3810MB (cached 0MB) CPU [54%@1497,1%@1497,5%@1497,1%@1497,47%@729,0%@729] GR3D_FREQ 0% cpu@49.937C soc2@49.5C soc0@49.625C gpu@51.218C tj@51.218C soc1@49.5C VDD_IN 4782mW/5211mW VDD_CPU_GPU_CV 1286mW/1530mW VDD_SOC 1406mW/1465mW"
hamilton.mp4,99,5539,7620,0,"07-04-2026 17:12:59 RAM 5539/7620MB (lfb 2x1MB) SWAP 14/3810MB (cached 0MB) CPU [5%@729,0%@729,1%@729,12%@729,52%@1497,29%@1497] GR3D_FREQ 0% cpu@49.656C soc2@49.437C soc0@49.593C gpu@51.218C tj@51.218C soc1@49.437C VDD_IN 4983mW/5209mW VDD_CPU_GPU_CV 1446mW/1529mW VDD_SOC 1446mW/1465mW"
hamilton.mp4,100,5532,7620,75,"07-04-2026 17:13:00 RAM 5532/7620MB (lfb 2x1MB) SWAP 14/3810MB (cached 0MB) CPU [3%@729,2%@729,1%@729,56%@729,45%@1497,5%@1497] GR3D_FREQ 75% cpu@49.5C soc2@49.5C soc0@49.656C gpu@51.312C tj@51.312C soc1@49.343C VDD_IN 4823mW/5205mW VDD_CPU_GPU_CV 1324mW/1527mW VDD_SOC 1404mW/1465mW"
hamilton.mp4,101,5532,7620,0,"07-04-2026 17:13:01 RAM 5532/7620MB (lfb 2x1MB) SWAP 14/3810MB (cached 0MB) CPU [1%@729,0%@729,2%@729,0%@729,59%@1497,25%@1497] GR3D_FREQ 0% cpu@49.718C soc2@49.406C soc0@49.5C gpu@51.25C tj@51.25C soc1@49.281C VDD_IN 4870mW/5202mW VDD_CPU_GPU_CV 1366mW/1525mW VDD_SOC 1406mW/1464mW"
hamilton.mp4,102,5535,7620,92,"07-04-2026 17:13:02 RAM 5535/7620MB (lfb 2x1MB) SWAP 14/3810MB (cached 0MB) CPU [56%@729,2%@729,2%@729,2%@729,27%@883,12%@883] GR3D_FREQ 92% cpu@49.781C soc2@49.375C soc0@49.531C gpu@51.937C tj@51.937C soc1@49.281C VDD_IN 5457mW/5204mW VDD_CPU_GPU_CV 1722mW/1527mW VDD_SOC 1484mW/1464mW"
hamilton.mp4,103,5538,7620,0,"07-04-2026 17:13:03 RAM 5538/7620MB (lfb 2x1MB) SWAP 14/3810MB (cached 0MB) CPU [2%@729,6%@729,7%@729,4%@729,70%@1497,20%@1497] GR3D_FREQ 0% cpu@49.718C soc2@49.406C soc0@49.625C gpu@51.031C tj@51.031C soc1@49.406C VDD_IN 4943mW/5202mW VDD_CPU_GPU_CV 1404mW/1526mW VDD_SOC 1406mW/1464mW"
hamilton.mp4,104,5536,7620,99,"07-04-2026 17:13:04 RAM 5536/7620MB (lfb 2x1MB) SWAP 14/3810MB (cached 0MB) CPU [2%@729,5%@729,1%@729,55%@729,16%@806,18%@806] GR3D_FREQ 99% cpu@49.531C soc2@49.375C soc0@49.593C gpu@51.531C tj@51.531C soc1@49.437C VDD_IN 5818mW/5207mW VDD_CPU_GPU_CV 1923mW/1530mW VDD_SOC 1522mW/1464mW"
hamilton.mp4,105,5536,7620,0,"07-04-2026 17:13:05 RAM 5536/7620MB (lfb 2x1MB) SWAP 14/3810MB (cached 0MB) CPU [0%@729,1%@729,0%@729,0%@729,80%@1497,12%@1497] GR3D_FREQ 0% cpu@49.875C soc2@49.25C soc0@49.406C gpu@50.968C tj@50.968C soc1@49.281C VDD_IN 4750mW/5203mW VDD_CPU_GPU_CV 1326mW/1528mW VDD_SOC 1408mW/1464mW"
hamilton.mp4,106,5536,7620,0,"07-04-2026 17:13:06 RAM 5536/7620MB (lfb 2x1MB) SWAP 14/3810MB (cached 0MB) CPU [55%@1267,20%@1267,0%@1267,0%@1267,9%@729,1%@729] GR3D_FREQ 0% cpu@49.593C soc2@49.468C soc0@49.5C gpu@51.218C tj@51.218C soc1@49.343C VDD_IN 6209mW/5212mW VDD_CPU_GPU_CV 1960mW/1532mW VDD_SOC 1682mW/1466mW"
hamilton.mp4,107,5563,7620,0,"07-04-2026 17:13:07 RAM 5563/7620MB (lfb 2x1MB) SWAP 14/3810MB (cached 0MB) CPU [10%@1497,7%@1497,1%@1497,1%@1497,0%@729,85%@729] GR3D_FREQ 0% cpu@49.937C soc2@49.437C soc0@49.531C gpu@51.281C tj@51.281C soc1@49.281C VDD_IN 4782mW/5208mW VDD_CPU_GPU_CV 1286mW/1530mW VDD_SOC 1406mW/1465mW"
hamilton.mp4,108,5536,7620,0,"07-04-2026 17:13:08 RAM 5536/7620MB (lfb 2x1MB) SWAP 14/3810MB (cached 0MB) CPU [45%@883,32%@883,6%@883,2%@883,0%@729,5%@729] GR3D_FREQ 0% cpu@49.5C soc2@49.375C soc0@49.531C gpu@51.093C tj@51.093C soc1@49.406C VDD_IN 5969mW/5215mW VDD_CPU_GPU_CV 1840mW/1532mW VDD_SOC 1600mW/1466mW"
hamilton.mp4,109,5560,7620,0,"07-04-2026 17:13:09 RAM 5560/7620MB (lfb 2x1MB) SWAP 14/3810MB (cached 0MB) CPU [24%@1344,1%@1344,7%@1344,3%@1344,6%@1497,83%@1497] GR3D_FREQ 0% cpu@49.968C soc2@49.468C soc0@49.593C gpu@50.875C tj@50.875C soc1@49.437C VDD_IN 4863mW/5212mW VDD_CPU_GPU_CV 1364mW/1531mW VDD_SOC 1404mW/1466mW"
hamilton.mp4,110,5561,7620,0,"07-04-2026 17:13:10 RAM 5561/7620MB (lfb 2x1MB) SWAP 14/3810MB (cached 0MB) CPU [1%@729,33%@729,6%@729,1%@729,37%@1497,15%@1497] GR3D_FREQ 0% cpu@49.531C soc2@49.406C soc0@49.437C gpu@51.031C tj@51.031C soc1@49.25C VDD_IN 5577mW/5216mW VDD_CPU_GPU_CV 1642mW/1532mW VDD_SOC 1522mW/1466mW"
hamilton.mp4,111,5557,7620,0,"07-04-2026 17:13:11 RAM 5557/7620MB (lfb 3x1MB) SWAP 16/3810MB (cached 0MB) CPU [1%@729,2%@729,2%@729,1%@729,28%@1497,72%@1497] GR3D_FREQ 0% cpu@49.718C soc2@49.312C soc0@49.406C gpu@51C tj@51C soc1@49.281C VDD_IN 4750mW/5211mW VDD_CPU_GPU_CV 1286mW/1530mW VDD_SOC 1406mW/1466mW"
hamilton.mp4,112,5559,7620,0,"07-04-2026 17:13:12 RAM 5559/7620MB (lfb 2x1MB) SWAP 16/3810MB (cached 0MB) CPU [3%@729,16%@729,6%@729,4%@729,41%@1497,28%@1497] GR3D_FREQ 0% cpu@49.656C soc2@49.343C soc0@49.5C gpu@51.093C tj@51.093C soc1@49.375C VDD_IN 5256mW/5212mW VDD_CPU_GPU_CV 1524mW/1530mW VDD_SOC 1484mW/1466mW"
hamilton.mp4,113,5557,7620,0,"07-04-2026 17:13:13 RAM 5557/7620MB (lfb 2x1MB) SWAP 16/3810MB (cached 0MB) CPU [2%@1497,3%@1497,1%@1497,44%@1497,0%@729,59%@729] GR3D_FREQ 0% cpu@49.687C soc2@49.343C soc0@49.343C gpu@50.968C tj@50.968C soc1@49.468C VDD_IN 4709mW/5207mW VDD_CPU_GPU_CV 1286mW/1528mW VDD_SOC 1366mW/1465mW"
hamilton.mp4,114,5537,7620,0,"07-04-2026 17:13:14 RAM 5537/7620MB (lfb 2x1MB) SWAP 16/3810MB (cached 0MB) CPU [2%@729,25%@729,2%@729,13%@729,23%@1497,23%@1497] GR3D_FREQ 0% cpu@49.625C soc2@49.343C soc0@49.437C gpu@50.812C tj@50.812C soc1@49.156C VDD_IN 5024mW/5206mW VDD_CPU_GPU_CV 1404mW/1526mW VDD_SOC 1446mW/1465mW"
hamilton.mp4,115,5561,7620,0,"07-04-2026 17:13:15 RAM 5561/7620MB (lfb 2x1MB) SWAP 16/3810MB (cached 0MB) CPU [0%@1497,0%@1497,0%@1497,50%@1497,51%@729,0%@729] GR3D_FREQ 0% cpu@50.093C soc2@49.312C soc0@49.375C gpu@50.906C tj@50.906C soc1@49.25C VDD_IN 4702mW/5201mW VDD_CPU_GPU_CV 1286mW/1524mW VDD_SOC 1366mW/1464mW"
hamilton.mp4,116,5535,7620,0,"07-04-2026 17:13:16 RAM 5535/7620MB (lfb 3x1MB) SWAP 16/3810MB (cached 0MB) CPU [2%@729,1%@729,1%@729,6%@729,47%@1497,31%@1497] GR3D_FREQ 0% cpu@49.687C soc2@49.343C soc0@49.5C gpu@50.937C tj@50.937C soc1@49.375C VDD_IN 5024mW/5200mW VDD_CPU_GPU_CV 1446mW/1524mW VDD_SOC 1446mW/1464mW"
hamilton.mp4,117,5560,7620,41,"07-04-2026 17:13:17 RAM 5560/7620MB (lfb 3x1MB) SWAP 16/3810MB (cached 0MB) CPU [1%@729,1%@729,1%@729,55%@729,39%@1497,6%@1497] GR3D_FREQ 41% cpu@49.468C soc2@49.343C soc0@49.5C gpu@51.031C tj@51.031C soc1@49.343C VDD_IN 4742mW/5196mW VDD_CPU_GPU_CV 1286mW/1522mW VDD_SOC 1406mW/1463mW"
hamilton.mp4,118,5560,7620,0,"07-04-2026 17:13:18 RAM 5560/7620MB (lfb 3x1MB) SWAP 16/3810MB (cached 0MB) CPU [4%@729,3%@729,6%@729,3%@729,60%@1497,25%@1497] GR3D_FREQ 0% cpu@49.656C soc2@49.406C soc0@49.562C gpu@50.843C tj@50.843C soc1@49.281C VDD_IN 4903mW/5194mW VDD_CPU_GPU_CV 1406mW/1521mW VDD_SOC 1406mW/1463mW"
hamilton.mp4,119,5535,7620,93,"07-04-2026 17:13:19 RAM 5535/7620MB (lfb 3x1MB) SWAP 16/3810MB (cached 0MB) CPU [2%@729,0%@729,10%@729,55%@729,27%@729,12%@729] GR3D_FREQ 93% cpu@49.468C soc2@49.312C soc0@49.375C gpu@51.437C tj@51.437C soc1@49.281C VDD_IN 5417mW/5195mW VDD_CPU_GPU_CV 1722mW/1522mW VDD_SOC 1444mW/1463mW"
hamilton.mp4,120,5535,7620,0,"07-04-2026 17:13:20 RAM 5535/7620MB (lfb 3x1MB) SWAP 16/3810MB (cached 0MB) CPU [0%@729,1%@729,2%@729,1%@729,69%@1497,20%@1497] GR3D_FREQ 0% cpu@49.75C soc2@49.312C soc0@49.437C gpu@51.062C tj@51.062C soc1@49.312C VDD_IN 4830mW/5192mW VDD_CPU_GPU_CV 1326mW/1521mW VDD_SOC 1406mW/1462mW"
hamilton.mp4,121,5534,7620,99,"07-04-2026 17:13:21 RAM 5534/7620MB (lfb 3x1MB) SWAP 16/3810MB (cached 0MB) CPU [3%@729,1%@729,0%@729,56%@729,16%@729,18%@729] GR3D_FREQ 99% cpu@49.687C soc2@49.312C soc0@49.468C gpu@51.718C tj@51.718C soc1@49.343C VDD_IN 6169mW/5200mW VDD_CPU_GPU_CV 2120mW/1526mW VDD_SOC 1642mW/1464mW"
hamilton.mp4,122,5541,7620,0,"07-04-2026 17:13:22 RAM 5541/7620MB (lfb 3x1MB) SWAP 16/3810MB (cached 0MB) CPU [1%@729,0%@729,1%@729,2%@729,83%@1497,12%@1497] GR3D_FREQ 0% cpu@49.812C soc2@49.375C soc0@49.406C gpu@51.156C tj@50.937C soc1@49.437C VDD_IN 4790mW/5197mW VDD_CPU_GPU_CV 1326mW/1524mW VDD_SOC 1406mW/1463mW"
hamilton.mp4,123,5559,7620,0,"07-04-2026 17:13:23 RAM 5559/7620MB (lfb 3x1MB) SWAP 16/3810MB (cached 0MB) CPU [2%@729,1%@729,4%@729,54%@729,3%@1344,29%@1344] GR3D_FREQ 0% cpu@49.625C soc2@49.312C soc0@49.375C gpu@51.25C tj@51.25C soc1@49.218C VDD_IN 6240mW/5205mW VDD_CPU_GPU_CV 2000mW/1528mW VDD_SOC 1680mW/1465mW"
hamilton.mp4,124,5561,7620,0,"07-04-2026 17:13:24 RAM 5561/7620MB (lfb 3x1MB) SWAP 16/3810MB (cached 0MB) CPU [2%@1497,2%@1497,2%@1497,13%@1497,85%@1497,5%@1497] GR3D_FREQ 0% cpu@50.062C soc2@49.312C soc0@49.375C gpu@50.906C tj@50.906C soc1@49.281C VDD_IN 4823mW/5202mW VDD_CPU_GPU_CV 1324mW/1526mW VDD_SOC 1406mW/1465mW"
hamilton.mp4,125,5536,7620,0,"07-04-2026 17:13:25 RAM 5536/7620MB (lfb 3x1MB) SWAP 16/3810MB (cached 0MB) CPU [2%@729,1%@729,1%@729,44%@729,6%@960,30%@960] GR3D_FREQ 0% cpu@49.625C soc2@49.312C soc0@49.437C gpu@51.093C tj@51.093C soc1@49.343C VDD_IN 5889mW/5208mW VDD_CPU_GPU_CV 1760mW/1528mW VDD_SOC 1602mW/1466mW"
hamilton.mp4,126,5561,7620,0,"07-04-2026 17:13:26 RAM 5561/7620MB (lfb 3x1MB) SWAP 16/3810MB (cached 0MB) CPU [1%@1497,1%@1497,1%@1497,22%@1497,79%@729,0%@729] GR3D_FREQ 0% cpu@49.75C soc2@49.312C soc0@49.468C gpu@51C tj@51C soc1@49.343C VDD_IN 4750mW/5204mW VDD_CPU_GPU_CV 1286mW/1526mW VDD_SOC 1406mW/1465mW"
hamilton.mp4,127,5535,7620,0,"07-04-2026 17:13:27 RAM 5535/7620MB (lfb 3x1MB) SWAP 16/3810MB (cached 0MB) CPU [1%@729,1%@729,0%@729,32%@729,20%@1497,30%@1497] GR3D_FREQ 0% cpu@49.781C soc2@49.406C soc0@49.312C gpu@51.062C tj@51.062C soc1@49.25C VDD_IN 5537mW/5207mW VDD_CPU_GPU_CV 1642mW/1527mW VDD_SOC 1524mW/1466mW"
hamilton.mp4,128,5526,7620,0,"07-04-2026 17:13:28 RAM 5526/7620MB (lfb 6x1MB) SWAP 16/3810MB (cached 0MB) CPU [40%@1497,3%@1497,2%@1497,5%@1497,63%@729,0%@729] GR3D_FREQ 0% cpu@49.843C soc2@49.531C soc0@49.312C gpu@51.187C tj@51.187C soc1@49.218C VDD_IN 4782mW/5204mW VDD_CPU_GPU_CV 1324mW/1526mW VDD_SOC 1406mW/1465mW"
hamilton.mp4,129,5532,7620,0,"07-04-2026 17:13:29 RAM 5532/7620MB (lfb 6x1MB) SWAP 16/3810MB (cached 0MB) CPU [48%@729,2%@729,3%@729,1%@729,1%@1497,32%@1497] GR3D_FREQ 0% cpu@49.718C soc2@49.343C soc0@49.5C gpu@51.25C tj@51.25C soc1@49.218C VDD_IN 5104mW/5203mW VDD_CPU_GPU_CV 1444mW/1525mW VDD_SOC 1444mW/1465mW"
hamilton.mp4,130,5537,7620,0,"07-04-2026 17:13:30 RAM 5537/7620MB (lfb 6x1MB) SWAP 16/3810MB (cached 0MB) CPU [46%@1497,14%@1497,0%@1497,1%@1497,1%@729,55%@729] GR3D_FREQ 0% cpu@49.843C soc2@49.5C soc0@49.5C gpu@51.218C tj@51.218C soc1@49.25C VDD_IN 4702mW/5199mW VDD_CPU_GPU_CV 1326mW/1523mW VDD_SOC 1366mW/1464mW"
hamilton.mp4,131,5511,7620,0,"07-04-2026 17:13:31 RAM 5511/7620MB (lfb 6x1MB) SWAP 16/3810MB (cached 0MB) CPU [41%@729,0%@729,1%@729,0%@729,0%@1497,40%@1497] GR3D_FREQ 0% cpu@49.5C soc2@49.312C soc0@49.437C gpu@51.25C tj@51.25C soc1@49.406C VDD_IN 5024mW/5198mW VDD_CPU_GPU_CV 1404mW/1522mW VDD_SOC 1446mW/1464mW"
hamilton.mp4,132,5511,7620,0,"07-04-2026 17:13:33 RAM 5511/7620MB (lfb 6x1MB) SWAP 16/3810MB (cached 0MB) CPU [53%@1497,0%@1497,1%@1497,1%@1497,0%@729,48%@729] GR3D_FREQ 0% cpu@49.968C soc2@49.406C soc0@49.437C gpu@50.843C tj@50.843C soc1@49.281C VDD_IN 4702mW/5194mW VDD_CPU_GPU_CV 1286mW/1521mW VDD_SOC 1406mW/1464mW"
hamilton.mp4,133,5512,7620,0,"07-04-2026 17:13:34 RAM 5512/7620MB (lfb 6x1MB) SWAP 16/3810MB (cached 0MB) CPU [34%@729,3%@729,3%@729,4%@729,0%@1497,50%@1497] GR3D_FREQ 0% cpu@49.531C soc2@49.343C soc0@49.468C gpu@50.968C tj@50.968C soc1@49.25C VDD_IN 4983mW/5192mW VDD_CPU_GPU_CV 1406mW/1520mW VDD_SOC 1446mW/1464mW"
hamilton.mp4,134,5510,7620,0,"07-04-2026 17:13:35 RAM 5510/7620MB (lfb 6x1MB) SWAP 16/3810MB (cached 0MB) CPU [5%@1497,2%@1497,2%@1497,57%@1497,1%@729,44%@729] GR3D_FREQ 0% cpu@49.906C soc2@49.312C soc0@49.468C gpu@50.968C tj@50.968C soc1@49.343C VDD_IN 4742mW/5189mW VDD_CPU_GPU_CV 1284mW/1518mW VDD_SOC 1406mW/1463mW"
hamilton.mp4,135,5510,7620,0,"07-04-2026 17:13:36 RAM 5510/7620MB (lfb 6x1MB) SWAP 16/3810MB (cached 0MB) CPU [10%@729,2%@729,1%@729,0%@729,19%@1497,51%@1497] GR3D_FREQ 0% cpu@49.437C soc2@49.343C soc0@49.5C gpu@51C tj@51C soc1@49.375C VDD_IN 4903mW/5187mW VDD_CPU_GPU_CV 1366mW/1517mW VDD_SOC 1406mW/1463mW"
hamilton.mp4,136,5511,7620,90,"07-04-2026 17:13:37 RAM 5511/7620MB (lfb 6x1MB) SWAP 16/3810MB (cached 0MB) CPU [2%@729,1%@729,1%@729,56%@729,7%@883,34%@883] GR3D_FREQ 90% cpu@49.468C soc2@49.406C soc0@49.281C gpu@51C tj@51C soc1@49.25C VDD_IN 4629mW/5183mW VDD_CPU_GPU_CV 1245mW/1515mW VDD_SOC 1366mW/1462mW"
hamilton.mp4,137,5511,7620,0,"07-04-2026 17:13:38 RAM 5511/7620MB (lfb 6x1MB) SWAP 16/3810MB (cached 0MB) CPU [2%@729,24%@729,2%@729,0%@729,0%@1497,61%@1497] GR3D_FREQ 0% cpu@49.593C soc2@49.281C soc0@49.406C gpu@50.906C tj@50.906C soc1@49.281C VDD_IN 4830mW/5180mW VDD_CPU_GPU_CV 1326mW/1514mW VDD_SOC 1406mW/1462mW"
hamilton.mp4,138,5504,7620,96,"07-04-2026 17:13:39 RAM 5504/7620MB (lfb 6x1MB) SWAP 16/3810MB (cached 0MB) CPU [3%@806,23%@806,3%@806,5%@806,48%@729,26%@729] GR3D_FREQ 96% cpu@49.531C soc2@49.375C soc0@49.437C gpu@51.281C tj@51.281C soc1@49.343C VDD_IN 5457mW/5182mW VDD_CPU_GPU_CV 1762mW/1515mW VDD_SOC 1484mW/1462mW"
hamilton.mp4,139,5509,7620,0,"07-04-2026 17:13:40 RAM 5509/7620MB (lfb 6x1MB) SWAP 16/3810MB (cached 0MB) CPU [0%@729,19%@729,2%@729,0%@729,0%@1497,71%@1497] GR3D_FREQ 0% cpu@49.75C soc2@49.343C soc0@49.5C gpu@50.906C tj@50.906C soc1@49.406C VDD_IN 4750mW/5179mW VDD_CPU_GPU_CV 1326mW/1514mW VDD_SOC 1408mW/1461mW"
hamilton.mp4,140,5511,7620,98,"07-04-2026 17:13:41 RAM 5511/7620MB (lfb 6x1MB) SWAP 16/3810MB (cached 0MB) CPU [44%@1113,20%@1113,11%@1113,1%@1113,14%@729,17%@729] GR3D_FREQ 98% cpu@49.531C soc2@49.5C soc0@49.375C gpu@51.437C tj@51.437C soc1@49.312C VDD_IN 5577mW/5182mW VDD_CPU_GPU_CV 1842mW/1516mW VDD_SOC 1482mW/1461mW"
hamilton.mp4,141,5513,7620,0,"07-04-2026 17:13:42 RAM 5513/7620MB (lfb 6x1MB) SWAP 16/3810MB (cached 0MB) CPU [2%@729,14%@729,2%@729,1%@729,0%@1497,78%@1497] GR3D_FREQ 0% cpu@49.656C soc2@49.25C soc0@49.375C gpu@51C tj@51C soc1@49.281C VDD_IN 4782mW/5179mW VDD_CPU_GPU_CV 1366mW/1515mW VDD_SOC 1406mW/1461mW"
hamilton.mp4,142,5516,7620,99,"07-04-2026 17:13:43 RAM 5516/7620MB (lfb 6x1MB) SWAP 16/3810MB (cached 0MB) CPU [4%@729,20%@729,5%@729,59%@729,0%@729,9%@729] GR3D_FREQ 99% cpu@49.75C soc2@49.5C soc0@49.375C gpu@51.593C tj@51.593C soc1@49.312C VDD_IN 6249mW/5187mW VDD_CPU_GPU_CV 2160mW/1520mW VDD_SOC 1642mW/1462mW"
hamilton.mp4,143,5517,7620,0,"07-04-2026 17:13:44 RAM 5517/7620MB (lfb 6x1MB) SWAP 16/3810MB (cached 0MB) CPU [3%@729,12%@729,2%@729,1%@729,6%@1497,83%@1497] GR3D_FREQ 0% cpu@49.875C soc2@49.312C soc0@49.5C gpu@50.937C tj@50.937C soc1@49.5C VDD_IN 4790mW/5184mW VDD_CPU_GPU_CV 1326mW/1518mW VDD_SOC 1406mW/1462mW"
hamilton.mp4,144,5516,7620,0,"07-04-2026 17:13:45 RAM 5516/7620MB (lfb 6x1MB) SWAP 16/3810MB (cached 0MB) CPU [6%@729,2%@729,5%@729,57%@729,33%@1267,4%@1267] GR3D_FREQ 0% cpu@49.718C soc2@49.468C soc0@49.343C gpu@51.218C tj@51.218C soc1@49.468C VDD_IN 6360mW/5192mW VDD_CPU_GPU_CV 2076mW/1522mW VDD_SOC 1680mW/1463mW"
hamilton.mp4,145,5539,7620,0,"07-04-2026 17:13:46 RAM 5539/7620MB (lfb 6x1MB) SWAP 16/3810MB (cached 0MB) CPU [15%@729,3%@729,9%@729,10%@729,17%@1497,74%@1497] GR3D_FREQ 0% cpu@49.781C soc2@49.375C soc0@49.406C gpu@51.062C tj@51.062C soc1@49.218C VDD_IN 4903mW/5190mW VDD_CPU_GPU_CV 1404mW/1522mW VDD_SOC 1404mW/1463mW"
hamilton.mp4,146,5542,7620,0,"07-04-2026 17:13:47 RAM 5542/7620MB (lfb 6x1MB) SWAP 16/3810MB (cached 0MB) CPU [20%@1497,14%@1497,3%@1497,5%@1497,61%@1497,1%@1497] GR3D_FREQ 0% cpu@50C soc2@49.375C soc0@49.531C gpu@51.156C tj@51.156C soc1@49.312C VDD_IN 5528mW/5192mW VDD_CPU_GPU_CV 1680mW/1523mW VDD_SOC 1522mW/1463mW"
hamilton.mp4,147,5555,7620,0,"07-04-2026 17:13:48 RAM 5555/7620MB (lfb 6x1MB) SWAP 16/3810MB (cached 0MB) CPU [5%@729,6%@729,3%@729,1%@729,56%@1497,45%@1497] GR3D_FREQ 0% cpu@49.781C soc2@49.281C soc0@49.406C gpu@51.093C tj@51.093C soc1@49.343C VDD_IN 4782mW/5190mW VDD_CPU_GPU_CV 1324mW/1521mW VDD_SOC 1406mW/1463mW"
hamilton.mp4,148,5526,7620,0,"07-04-2026 17:13:49 RAM 5526/7620MB (lfb 6x1MB) SWAP 16/3810MB (cached 0MB) CPU [31%@729,3%@729,2%@729,6%@729,46%@1497,6%@1497] GR3D_FREQ 0% cpu@49.687C soc2@49.406C soc0@49.312C gpu@50.968C tj@50.968C soc1@49.468C VDD_IN 5024mW/5188mW VDD_CPU_GPU_CV 1444mW/1521mW VDD_SOC 1446mW/1463mW"
hamilton.mp4,149,5552,7620,99,"07-04-2026 17:13:50 RAM 5552/7620MB (lfb 6x1MB) SWAP 16/3810MB (cached 0MB) CPU [8%@1190,2%@1190,2%@1190,1%@1190,38%@729,53%@729] GR3D_FREQ 99% cpu@49.593C soc2@49.25C soc0@49.468C gpu@51.031C tj@51.031C soc1@49.281C VDD_IN 4742mW/5186mW VDD_CPU_GPU_CV 1286mW/1519mW VDD_SOC 1406mW/1463mW"
hamilton.mp4,150,5555,7620,0,"07-04-2026 17:13:51 RAM 5555/7620MB (lfb 6x1MB) SWAP 16/3810MB (cached 0MB) CPU [3%@729,1%@729,0%@729,6%@729,23%@1497,60%@1497] GR3D_FREQ 0% cpu@49.843C soc2@49.281C soc0@49.437C gpu@50.937C tj@50.937C soc1@49.406C VDD_IN 4903mW/5184mW VDD_CPU_GPU_CV 1404mW/1518mW VDD_SOC 1406mW/1462mW"
hamilton.mp4,151,5525,7620,81,"07-04-2026 17:13:52 RAM 5525/7620MB (lfb 6x1MB) SWAP 16/3810MB (cached 0MB) CPU [2%@729,2%@729,3%@729,8%@729,67%@729,26%@729] GR3D_FREQ 81% cpu@49.562C soc2@49.437C soc0@49.437C gpu@51.656C tj@51.656C soc1@49.375C VDD_IN 5417mW/5185mW VDD_CPU_GPU_CV 1722mW/1520mW VDD_SOC 1484mW/1462mW"
hamilton.mp4,152,5525,7620,0,"07-04-2026 17:13:53 RAM 5525/7620MB (lfb 6x1MB) SWAP 16/3810MB (cached 0MB) CPU [2%@729,1%@729,2%@729,0%@729,0%@1497,90%@1497] GR3D_FREQ 0% cpu@49.406C soc2@49.312C soc0@49.593C gpu@51.218C tj@51.218C soc1@49.5C VDD_IN 4895mW/5183mW VDD_CPU_GPU_CV 1123mW/1517mW VDD_SOC 1484mW/1462mW"
hamilton.mp4,153,5541,7620,0,"07-04-2026 17:13:54 RAM 5541/7620MB (lfb 6x1MB) SWAP 16/3810MB (cached 0MB) CPU [2%@729,1%@729,2%@729,3%@729,83%@1497,16%@1497] GR3D_FREQ 0% cpu@49.937C soc2@49.25C soc0@49.406C gpu@51.125C tj@51.125C soc1@49.218C VDD_IN 4669mW/5180mW VDD_CPU_GPU_CV 1205mW/1515mW VDD_SOC 1406mW/1462mW"
hamilton.mp4,154,5528,7620,0,"07-04-2026 17:13:55 RAM 5528/7620MB (lfb 6x1MB) SWAP 16/3810MB (cached 0MB) CPU [3%@729,2%@729,2%@729,1%@729,1%@1113,80%@1113] GR3D_FREQ 0% cpu@49.593C soc2@49.343C soc0@49.375C gpu@51.156C tj@51.156C soc1@49.312C VDD_IN 6290mW/5187mW VDD_CPU_GPU_CV 2000mW/1518mW VDD_SOC 1680mW/1464mW"
hamilton.mp4,155,5556,7620,0,"07-04-2026 17:13:56 RAM 5556/7620MB (lfb 6x1MB) SWAP 16/3810MB (cached 0MB) CPU [1%@729,3%@729,0%@729,1%@729,84%@1497,15%@1497] GR3D_FREQ 0% cpu@49.937C soc2@49.281C soc0@49.375C gpu@50.906C tj@50.906C soc1@49.343C VDD_IN 4782mW/5184mW VDD_CPU_GPU_CV 1286mW/1517mW VDD_SOC 1406mW/1463mW"
hamilton.mp4,156,5511,7620,0,"07-04-2026 17:13:57 RAM 5511/7620MB (lfb 6x1MB) SWAP 16/3810MB (cached 0MB) CPU [1%@729,1%@729,1%@729,1%@729,2%@1497,81%@1497] GR3D_FREQ 0% cpu@49.562C soc2@49.406C soc0@49.5C gpu@51.093C tj@51.093C soc1@49.156C VDD_IN 6009mW/5190mW VDD_CPU_GPU_CV 1840mW/1519mW VDD_SOC 1642mW/1464mW"
hamilton.mp4,157,5545,7620,0,"07-04-2026 17:13:58 RAM 5545/7620MB (lfb 6x1MB) SWAP 16/3810MB (cached 0MB) CPU [14%@1497,1%@1497,2%@1497,29%@1497,59%@1497,0%@1497] GR3D_FREQ 0% cpu@49.937C soc2@49.5C soc0@49.343C gpu@50.937C tj@50.937C soc1@49.218C VDD_IN 4742mW/5187mW VDD_CPU_GPU_CV 1286mW/1517mW VDD_SOC 1406mW/1464mW"
hamilton.mp4,158,5509,7620,0,"07-04-2026 17:13:59 RAM 5509/7620MB (lfb 6x1MB) SWAP 16/3810MB (cached 0MB) CPU [21%@729,5%@729,4%@729,1%@729,37%@1344,27%@1344] GR3D_FREQ 0% cpu@49.781C soc2@49.312C soc0@49.437C gpu@51.343C tj@51.343C soc1@49.218C VDD_IN 5809mW/5191mW VDD_CPU_GPU_CV 1760mW/1519mW VDD_SOC 1602mW/1465mW"
hamilton.mp4,159,5541,7620,0,"07-04-2026 17:14:00 RAM 5541/7620MB (lfb 6x1MB) SWAP 16/3810MB (cached 0MB) CPU [1%@1190,2%@1190,10%@1190,2%@1190,80%@1497,20%@1497] GR3D_FREQ 0% cpu@49.906C soc2@49.406C soc0@49.406C gpu@51.187C tj@51.187C soc1@49.312C VDD_IN 4823mW/5189mW VDD_CPU_GPU_CV 1364mW/1518mW VDD_SOC 1404mW/1464mW"
hamilton.mp4,160,5513,7620,0,"07-04-2026 17:14:01 RAM 5513/7620MB (lfb 6x1MB) SWAP 16/3810MB (cached 0MB) CPU [2%@729,2%@729,4%@729,3%@729,12%@1497,70%@1497] GR3D_FREQ 0% cpu@49.531C soc2@49.312C soc0@49.437C gpu@51.25C tj@51.25C soc1@49.343C VDD_IN 5577mW/5191mW VDD_CPU_GPU_CV 1642mW/1519mW VDD_SOC 1522mW/1465mW"
hamilton.mp4,161,5539,7620,0,"07-04-2026 17:14:02 RAM 5539/7620MB (lfb 6x1MB) SWAP 16/3810MB (cached 0MB) CPU [2%@729,0%@729,2%@729,12%@729,77%@1497,24%@1497] GR3D_FREQ 0% cpu@49.468C soc2@49.312C soc0@49.375C gpu@50.875C tj@50.875C soc1@49.437C VDD_IN 4782mW/5188mW VDD_CPU_GPU_CV 1326mW/1518mW VDD_SOC 1406mW/1464mW"
hamilton.mp4,162,5514,7620,0,"07-04-2026 17:14:03 RAM 5514/7620MB (lfb 2x2MB) SWAP 16/3810MB (cached 0MB) CPU [0%@729,4%@729,1%@729,2%@729,14%@1497,66%@1497] GR3D_FREQ 0% cpu@49.781C soc2@49.312C soc0@49.437C gpu@50.937C tj@50.937C soc1@49.281C VDD_IN 5457mW/5190mW VDD_CPU_GPU_CV 1562mW/1518mW VDD_SOC 1522mW/1465mW"
hamilton.mp4,163,5539,7620,0,"07-04-2026 17:14:04 RAM 5539/7620MB (lfb 6x1MB) SWAP 16/3810MB (cached 0MB) CPU [2%@729,4%@729,1%@729,2%@729,72%@1497,30%@1497] GR3D_FREQ 0% cpu@49.687C soc2@49.25C soc0@49.375C gpu@50.937C tj@50.937C soc1@49.281C VDD_IN 4709mW/5187mW VDD_CPU_GPU_CV 1286mW/1516mW VDD_SOC 1406mW/1464mW"
hamilton.mp4,164,5514,7620,0,"07-04-2026 17:14:05 RAM 5514/7620MB (lfb 1x2MB) SWAP 16/3810MB (cached 0MB) CPU [1%@729,2%@729,1%@729,2%@729,25%@1497,57%@1497] GR3D_FREQ 0% cpu@49.875C soc2@49.343C soc0@49.468C gpu@51.031C tj@51.031C soc1@49.343C VDD_IN 5337mW/5188mW VDD_CPU_GPU_CV 1562mW/1517mW VDD_SOC 1484mW/1465mW"
hamilton.mp4,165,5546,7620,0,"07-04-2026 17:14:06 RAM 5546/7620MB (lfb 6x1MB) SWAP 16/3810MB (cached 0MB) CPU [2%@1497,38%@1497,1%@1497,0%@1497,63%@729,0%@729] GR3D_FREQ 0% cpu@49.656C soc2@49.375C soc0@49.437C gpu@50.937C tj@50.937C soc1@49.437C VDD_IN 4709mW/5185mW VDD_CPU_GPU_CV 1286mW/1515mW VDD_SOC 1368mW/1464mW"
hamilton.mp4,166,5517,7620,0,"07-04-2026 17:14:07 RAM 5517/7620MB (lfb 7x1MB) SWAP 16/3810MB (cached 0MB) CPU [1%@729,21%@729,0%@729,0%@729,33%@1497,30%@1497] GR3D_FREQ 0% cpu@49.562C soc2@49.343C soc0@49.281C gpu@50.937C tj@50.937C soc1@49.281C VDD_IN 5224mW/5185mW VDD_CPU_GPU_CV 1524mW/1515mW VDD_SOC 1484mW/1464mW"
hamilton.mp4,167,5545,7620,0,"07-04-2026 17:14:08 RAM 5545/7620MB (lfb 6x1MB) SWAP 16/3810MB (cached 0MB) CPU [0%@729,45%@729,1%@729,1%@729,56%@883,0%@883] GR3D_FREQ 0% cpu@49.781C soc2@49.343C soc0@49.468C gpu@50.875C tj@50.875C soc1@49.187C VDD_IN 4669mW/5182mW VDD_CPU_GPU_CV 1286mW/1514mW VDD_SOC 1368mW/1463mW"
hamilton.mp4,168,5521,7620,0,"07-04-2026 17:14:09 RAM 5521/7620MB (lfb 6x1MB) SWAP 16/3810MB (cached 0MB) CPU [2%@729,3%@729,3%@729,3%@729,60%@1497,21%@1497] GR3D_FREQ 0% cpu@49.75C soc2@49.312C soc0@49.437C gpu@50.968C tj@50.968C soc1@49.437C VDD_IN 5104mW/5182mW VDD_CPU_GPU_CV 1444mW/1514mW VDD_SOC 1446mW/1463mW"
hamilton.mp4,169,5514,7620,0,"07-04-2026 17:14:10 RAM 5514/7620MB (lfb 2x2MB) SWAP 16/3810MB (cached 0MB) CPU [53%@1497,0%@1497,3%@1497,0%@1497,49%@729,0%@729] GR3D_FREQ 0% cpu@49.843C soc2@49.468C soc0@49.5C gpu@51.031C tj@51.031C soc1@49.468C VDD_IN 4702mW/5179mW VDD_CPU_GPU_CV 1286mW/1512mW VDD_SOC 1406mW/1463mW"
hamilton.mp4,170,5519,7620,0,"07-04-2026 17:14:11 RAM 5519/7620MB (lfb 7x1MB) SWAP 16/3810MB (cached 0MB) CPU [1%@729,7%@729,0%@729,3%@729,44%@1497,34%@1497] GR3D_FREQ 0% cpu@49.718C soc2@49.312C soc0@49.406C gpu@51.093C tj@51.093C soc1@49.25C VDD_IN 5024mW/5178mW VDD_CPU_GPU_CV 1404mW/1512mW VDD_SOC 1446mW/1463mW"
hamilton.mp4,171,5525,7620,0,"07-04-2026 17:14:12 RAM 5525/7620MB (lfb 6x1MB) SWAP 16/3810MB (cached 0MB) CPU [4%@729,43%@729,2%@729,10%@729,58%@1497,0%@1497] GR3D_FREQ 0% cpu@49.781C soc2@49.343C soc0@49.312C gpu@51.031C tj@51.031C soc1@49.25C VDD_IN 4823mW/5176mW VDD_CPU_GPU_CV 1324mW/1510mW VDD_SOC 1404mW/1463mW"
hamilton.mp4,172,5529,7620,0,"07-04-2026 17:14:13 RAM 5529/7620MB (lfb 6x1MB) SWAP 16/3810MB (cached 0MB) CPU [1%@729,0%@729,1%@729,2%@729,61%@1497,21%@1497] GR3D_FREQ 0% cpu@49.781C soc2@49.312C soc0@49.406C gpu@51.062C tj@51.062C soc1@49.312C VDD_IN 4943mW/5175mW VDD_CPU_GPU_CV 1406mW/1510mW VDD_SOC 1446mW/1463mW"
hamilton.mp4,173,5529,7620,64,"07-04-2026 17:14:14 RAM 5529/7620MB (lfb 7x1MB) SWAP 16/3810MB (cached 0MB) CPU [3%@729,4%@729,2%@729,1%@729,33%@1497,64%@1497] GR3D_FREQ 64% cpu@49.656C soc2@49.343C soc0@49.375C gpu@50.843C tj@50.843C soc1@49.406C VDD_IN 4742mW/5172mW VDD_CPU_GPU_CV 1286mW/1509mW VDD_SOC 1406mW/1462mW"
hamilton.mp4,174,5530,7620,0,"07-04-2026 17:14:15 RAM 5530/7620MB (lfb 7x1MB) SWAP 16/3810MB (cached 0MB) CPU [1%@729,1%@729,2%@729,2%@729,61%@1497,24%@1497] GR3D_FREQ 0% cpu@49.718C soc2@49.312C soc0@49.312C gpu@50.906C tj@50.906C soc1@49.218C VDD_IN 4870mW/5170mW VDD_CPU_GPU_CV 1366mW/1508mW VDD_SOC 1406mW/1462mW"
hamilton.mp4,175,5527,7620,88,"07-04-2026 17:14:16 RAM 5527/7620MB (lfb 1x2MB) SWAP 16/3810MB (cached 0MB) CPU [1%@729,1%@729,5%@729,33%@729,57%@729,1%@729] GR3D_FREQ 88% cpu@49.562C soc2@49.312C soc0@49.406C gpu@51.406C tj@51.406C soc1@49.281C VDD_IN 5345mW/5171mW VDD_CPU_GPU_CV 1645mW/1509mW VDD_SOC 1484mW/1462mW"
hamilton.mp4,176,5533,7620,0,"07-04-2026 17:14:17 RAM 5533/7620MB (lfb 6x1MB) SWAP 16/3810MB (cached 0MB) CPU [1%@729,1%@729,16%@729,0%@729,6%@1497,65%@1497] GR3D_FREQ 0% cpu@49.718C soc2@49.312C soc0@49.437C gpu@50.875C tj@50.875C soc1@49.312C VDD_IN 4830mW/5170mW VDD_CPU_GPU_CV 1326mW/1508mW VDD_SOC 1406mW/1462mW"
hamilton.mp4,177,5534,7620,99,"07-04-2026 17:14:18 RAM 5534/7620MB (lfb 4x1MB) SWAP 16/3810MB (cached 0MB) CPU [0%@729,58%@729,2%@729,2%@729,12%@883,23%@883] GR3D_FREQ 99% cpu@49.312C soc2@49.406C soc0@49.437C gpu@51.5C tj@51.5C soc1@49.343C VDD_IN 5537mW/5172mW VDD_CPU_GPU_CV 1802mW/1509mW VDD_SOC 1484mW/1462mW"
hamilton.mp4,178,5534,7620,0,"07-04-2026 17:14:19 RAM 5534/7620MB (lfb 4x1MB) SWAP 16/3810MB (cached 0MB) CPU [4%@729,2%@729,2%@729,1%@729,75%@1497,15%@1497] GR3D_FREQ 0% cpu@49.75C soc2@49.375C soc0@49.531C gpu@51.187C tj@51.187C soc1@49.25C VDD_IN 4790mW/5169mW VDD_CPU_GPU_CV 1326mW/1508mW VDD_SOC 1408mW/1462mW"
hamilton.mp4,179,5528,7620,99,"07-04-2026 17:14:20 RAM 5528/7620MB (lfb 5x1MB) SWAP 16/3810MB (cached 0MB) CPU [1%@729,1%@729,2%@729,58%@729,11%@729,23%@729] GR3D_FREQ 99% cpu@49.562C soc2@49.343C soc0@49.312C gpu@51.937C tj@51.937C soc1@49.25C VDD_IN 6009mW/5174mW VDD_CPU_GPU_CV 2040mW/1511mW VDD_SOC 1562mW/1462mW"
hamilton.mp4,180,5530,7620,0,"07-04-2026 17:14:21 RAM 5530/7620MB (lfb 5x1MB) SWAP 16/3810MB (cached 0MB) CPU [1%@729,1%@729,1%@729,0%@729,83%@1497,12%@1497] GR3D_FREQ 0% cpu@49.937C soc2@49.343C soc0@49.375C gpu@51.156C tj@51.156C soc1@49.281C VDD_IN 4750mW/5172mW VDD_CPU_GPU_CV 1286mW/1510mW VDD_SOC 1408mW/1462mW"
hamilton.mp4,181,5515,7620,0,"07-04-2026 17:14:22 RAM 5515/7620MB (lfb 15x1MB) SWAP 16/3810MB (cached 0MB) CPU [2%@729,1%@729,58%@729,1%@729,4%@1190,22%@1190] GR3D_FREQ 0% cpu@49.625C soc2@49.437C soc0@49.437C gpu@51.437C tj@51.437C soc1@49.25C VDD_IN 6450mW/5179mW VDD_CPU_GPU_CV 2120mW/1513mW VDD_SOC 1720mW/1463mW"
hamilton.mp4,182,5516,7620,0,"07-04-2026 17:14:23 RAM 5516/7620MB (lfb 2x2MB) SWAP 16/3810MB (cached 0MB) CPU [2%@1497,3%@1497,5%@1497,12%@1497,86%@1497,12%@1497] GR3D_FREQ 0% cpu@50.031C soc2@49.343C soc0@49.437C gpu@50.875C tj@50.875C soc1@49.375C VDD_IN 4823mW/5177mW VDD_CPU_GPU_CV 1326mW/1512mW VDD_SOC 1406mW/1463mW"
hamilton.mp4,183,5514,7620,0,"07-04-2026 17:14:24 RAM 5514/7620MB (lfb 1x2MB) SWAP 16/3810MB (cached 0MB) CPU [4%@729,7%@729,53%@729,1%@729,4%@1344,26%@1344] GR3D_FREQ 0% cpu@49.406C soc2@49.375C soc0@49.343C gpu@51.187C tj@51.187C soc1@49.218C VDD_IN 6169mW/5182mW VDD_CPU_GPU_CV 2000mW/1515mW VDD_SOC 1642mW/1464mW"
hamilton.mp4,184,5549,7620,0,"07-04-2026 17:14:25 RAM 5549/7620MB (lfb 7x1MB) SWAP 16/3810MB (cached 0MB) CPU [5%@1497,2%@1497,10%@1497,2%@1497,86%@729,7%@729] GR3D_FREQ 0% cpu@50.062C soc2@49.343C soc0@49.343C gpu@50.937C tj@50.937C soc1@49.218C VDD_IN 4823mW/5180mW VDD_CPU_GPU_CV 1326mW/1514mW VDD_SOC 1406mW/1464mW"
hamilton.mp4,185,5514,7620,0,"07-04-2026 17:14:26 RAM 5514/7620MB (lfb 1x2MB) SWAP 16/3810MB (cached 0MB) CPU [0%@729,2%@729,48%@729,0%@729,14%@1497,21%@1497] GR3D_FREQ 0% cpu@49.75C soc2@49.312C soc0@49.406C gpu@51.062C tj@51.062C soc1@49.281C VDD_IN 6009mW/5185mW VDD_CPU_GPU_CV 1840mW/1516mW VDD_SOC 1642mW/1464mW"
hamilton.mp4,186,5547,7620,0,"07-04-2026 17:14:27 RAM 5547/7620MB (lfb 7x1MB) SWAP 16/3810MB (cached 0MB) CPU [1%@1497,1%@1497,15%@1497,2%@1497,84%@729,1%@729] GR3D_FREQ 0% cpu@50C soc2@49.312C soc0@49.406C gpu@51.156C tj@51.156C soc1@49.312C VDD_IN 4742mW/5182mW VDD_CPU_GPU_CV 1286mW/1514mW VDD_SOC 1406mW/1464mW"
hamilton.mp4,187,5510,7620,0,"07-04-2026 17:14:28 RAM 5510/7620MB (lfb 2x2MB) SWAP 16/3810MB (cached 0MB) CPU [3%@1113,1%@1113,43%@1113,2%@1113,7%@883,32%@883] GR3D_FREQ 0% cpu@49.406C soc2@49.437C soc0@49.531C gpu@51.343C tj@51.343C soc1@49.312C VDD_IN 5809mW/5186mW VDD_CPU_GPU_CV 1760mW/1516mW VDD_SOC 1602mW/1465mW"
hamilton.mp4,188,5552,7620,0,"07-04-2026 17:14:29 RAM 5552/7620MB (lfb 7x1MB) SWAP 16/3810MB (cached 0MB) CPU [3%@1497,4%@1497,27%@1497,8%@1497,81%@1497,0%@1497] GR3D_FREQ 0% cpu@49.968C soc2@49.281C soc0@49.437C gpu@50.812C tj@50.812C soc1@49.343C VDD_IN 4823mW/5184mW VDD_CPU_GPU_CV 1326mW/1515mW VDD_SOC 1406mW/1465mW"
hamilton.mp4,189,5513,7620,0,"07-04-2026 17:14:30 RAM 5513/7620MB (lfb 1x2MB) SWAP 16/3810MB (cached 0MB) CPU [0%@729,2%@729,36%@729,1%@729,13%@1420,33%@1420] GR3D_FREQ 0% cpu@49.687C soc2@49.312C soc0@49.375C gpu@50.937C tj@50.937C soc1@49.218C VDD_IN 5577mW/5186mW VDD_CPU_GPU_CV 1642mW/1515mW VDD_SOC 1522mW/1465mW"
hamilton.mp4,190,5547,7620,0,"07-04-2026 17:14:31 RAM 5547/7620MB (lfb 7x1MB) SWAP 16/3810MB (cached 0MB) CPU [1%@1497,2%@1497,1%@1497,23%@1497,77%@729,0%@729] GR3D_FREQ 0% cpu@50.093C soc2@49.25C soc0@49.468C gpu@50.968C tj@50.968C soc1@49.218C VDD_IN 4709mW/5183mW VDD_CPU_GPU_CV 1286mW/1514mW VDD_SOC 1406mW/1465mW"
hamilton.mp4,191,5513,7620,0,"07-04-2026 17:14:32 RAM 5513/7620MB (lfb 1x2MB) SWAP 16/3810MB (cached 0MB) CPU [1%@729,1%@729,2%@729,33%@729,10%@1267,41%@1267] GR3D_FREQ 0% cpu@49.5C soc2@49.437C soc0@49.468C gpu@51.093C tj@51.093C soc1@49.25C VDD_IN 5457mW/5185mW VDD_CPU_GPU_CV 1602mW/1515mW VDD_SOC 1484mW/1465mW"
hamilton.mp4,192,5545,7620,0,"07-04-2026 17:14:33 RAM 5545/7620MB (lfb 7x1MB) SWAP 16/3810MB (cached 0MB) CPU [25%@1497,11%@1497,2%@1497,4%@1497,2%@1497,75%@1497] GR3D_FREQ 0% cpu@49.937C soc2@49.5C soc0@49.5C gpu@51C tj@51C soc1@49.218C VDD_IN 4823mW/5183mW VDD_CPU_GPU_CV 1364mW/1514mW VDD_SOC 1404mW/1464mW"
hamilton.mp4,193,5514,7620,0,"07-04-2026 17:14:34 RAM 5514/7620MB (lfb 2x2MB) SWAP 16/3810MB (cached 0MB) CPU [1%@1113,2%@1113,3%@1113,13%@1113,60%@1497,25%@1497] GR3D_FREQ 0% cpu@49.656C soc2@49.406C soc0@49.375C gpu@51.062C tj@51.062C soc1@49.218C VDD_IN 5497mW/5185mW VDD_CPU_GPU_CV 1642mW/1514mW VDD_SOC 1524mW/1465mW"
hamilton.mp4,194,5551,7620,0,"07-04-2026 17:14:35 RAM 5551/7620MB (lfb 7x1MB) SWAP 16/3810MB (cached 0MB) CPU [1%@729,0%@729,2%@729,1%@729,66%@1497,34%@1497] GR3D_FREQ 0% cpu@49.593C soc2@49.312C soc0@49.437C gpu@51C tj@51C soc1@49.25C VDD_IN 4709mW/5182mW VDD_CPU_GPU_CV 1286mW/1513mW VDD_SOC 1366mW/1464mW"
hamilton.mp4,195,5516,7620,0,"07-04-2026 17:14:36 RAM 5516/7620MB (lfb 1x2MB) SWAP 16/3810MB (cached 0MB) CPU [3%@729,2%@729,1%@729,0%@729,27%@1497,55%@1497] GR3D_FREQ 0% cpu@49.875C soc2@49.437C soc0@49.375C gpu@51.218C tj@51.218C soc1@49.312C VDD_IN 5337mW/5183mW VDD_CPU_GPU_CV 1564mW/1514mW VDD_SOC 1524mW/1464mW"
hamilton.mp4,196,5541,7620,0,"07-04-2026 17:14:37 RAM 5541/7620MB (lfb 7x1MB) SWAP 16/3810MB (cached 0MB) CPU [0%@729,0%@729,1%@729,2%@729,58%@1497,43%@1497] GR3D_FREQ 0% cpu@49.468C soc2@49.281C soc0@49.5C gpu@50.843C tj@50.843C soc1@49.343C VDD_IN 4709mW/5181mW VDD_CPU_GPU_CV 1286mW/1512mW VDD_SOC 1366mW/1464mW"
hamilton.mp4,197,5517,7620,0,"07-04-2026 17:14:38 RAM 5517/7620MB (lfb 2x2MB) SWAP 16/3810MB (cached 0MB) CPU [3%@806,4%@806,4%@806,2%@806,36%@1497,46%@1497] GR3D_FREQ 0% cpu@49.781C soc2@49.406C soc0@49.312C gpu@50.937C tj@50.937C soc1@49.218C VDD_IN 5176mW/5181mW VDD_CPU_GPU_CV 1524mW/1512mW VDD_SOC 1444mW/1464mW"
hamilton.mp4,198,5550,7620,0,"07-04-2026 17:14:39 RAM 5550/7620MB (lfb 7x1MB) SWAP 16/3810MB (cached 0MB) CPU [1%@729,2%@729,3%@729,0%@729,51%@1497,49%@1497] GR3D_FREQ 0% cpu@49.718C soc2@49.281C soc0@49.406C gpu@50.875C tj@50.875C soc1@49.218C VDD_IN 4709mW/5178mW VDD_CPU_GPU_CV 1286mW/1511mW VDD_SOC 1366mW/1463mW"
hamilton.mp4,199,5511,7620,0,"07-04-2026 17:14:40 RAM 5511/7620MB (lfb 3x2MB) SWAP 16/3810MB (cached 0MB) CPU [4%@729,1%@729,0%@729,0%@729,41%@1497,41%@1497] GR3D_FREQ 0% cpu@49.812C soc2@49.343C soc0@49.531C gpu@51.125C tj@51.125C soc1@49.375C VDD_IN 5024mW/5177mW VDD_CPU_GPU_CV 1444mW/1511mW VDD_SOC 1446mW/1463mW"
hamilton.mp4,200,5519,7620,0,"07-04-2026 17:14:41 RAM 5519/7620MB (lfb 1x2MB) SWAP 16/3810MB (cached 0MB) CPU [1%@729,2%@729,1%@729,2%@729,46%@1497,55%@1497] GR3D_FREQ 0% cpu@49.781C soc2@49.281C soc0@49.468C gpu@51.062C tj@51.062C soc1@49.343C VDD_IN 4702mW/5175mW VDD_CPU_GPU_CV 1286mW/1510mW VDD_SOC 1406mW/1463mW"
hamilton.mp4,201,5515,7620,0,"07-04-2026 17:14:42 RAM 5515/7620MB (lfb 2x2MB) SWAP 16/3810MB (cached 0MB) CPU [1%@729,1%@729,1%@729,0%@729,49%@1497,31%@1497] GR3D_FREQ 0% cpu@49.593C soc2@49.406C soc0@49.5C gpu@51.093C tj@51.093C soc1@49.218C VDD_IN 4943mW/5174mW VDD_CPU_GPU_CV 1366mW/1509mW VDD_SOC 1406mW/1463mW"
hamilton.mp4,202,5518,7620,0,"07-04-2026 17:14:43 RAM 5518/7620MB (lfb 2x2MB) SWAP 16/3810MB (cached 0MB) CPU [4%@729,1%@729,2%@729,3%@729,37%@1497,64%@1497] GR3D_FREQ 0% cpu@49.656C soc2@49.281C soc0@49.437C gpu@51.062C tj@51.062C soc1@49.25C VDD_IN 4782mW/5172mW VDD_CPU_GPU_CV 1324mW/1508mW VDD_SOC 1406mW/1462mW"
hamilton.mp4,203,5517,7620,0,"07-04-2026 17:14:44 RAM 5517/7620MB (lfb 2x2MB) SWAP 16/3810MB (cached 0MB) CPU [2%@729,13%@729,0%@729,0%@729,55%@1497,26%@1497] GR3D_FREQ 0% cpu@49.906C soc2@49.281C soc0@49.468C gpu@51.125C tj@51.125C soc1@49.25C VDD_IN 4943mW/5171mW VDD_CPU_GPU_CV 1404mW/1508mW VDD_SOC 1406mW/1462mW"
hamilton.mp4,204,5537,7620,99,"07-04-2026 17:14:45 RAM 5537/7620MB (lfb 10x1MB) SWAP 16/3810MB (cached 0MB) CPU [3%@729,12%@729,1%@729,49%@729,23%@729,23%@729] GR3D_FREQ 99% cpu@49.531C soc2@49.375C soc0@49.468C gpu@51.656C tj@51.656C soc1@49.281C VDD_IN 6009mW/5175mW VDD_CPU_GPU_CV 2040mW/1510mW VDD_SOC 1562mW/1463mW"
hamilton.mp4,205,5532,7620,0,"07-04-2026 17:14:46 RAM 5532/7620MB (lfb 2x2MB) SWAP 16/3810MB (cached 0MB) CPU [80%@1497,1%@1497,1%@1497,0%@1497,0%@729,14%@729] GR3D_FREQ 0% cpu@50.062C soc2@49.531C soc0@49.531C gpu@51C tj@51C soc1@49.468C VDD_IN 4750mW/5173mW VDD_CPU_GPU_CV 1286mW/1509mW VDD_SOC 1408mW/1462mW"
hamilton.mp4,206,5522,7620,99,"07-04-2026 17:14:47 RAM 5522/7620MB (lfb 2x2MB) SWAP 16/3810MB (cached 0MB) CPU [59%@729,1%@729,2%@729,1%@729,8%@729,18%@729] GR3D_FREQ 99% cpu@49.468C soc2@49.406C soc0@49.437C gpu@51.687C tj@51.687C soc1@49.218C VDD_IN 6169mW/5178mW VDD_CPU_GPU_CV 2120mW/1512mW VDD_SOC 1602mW/1463mW"
hamilton.mp4,207,5518,7620,0,"07-04-2026 17:14:48 RAM 5518/7620MB (lfb 2x2MB) SWAP 16/3810MB (cached 0MB) CPU [3%@729,3%@729,1%@729,1%@729,82%@1497,14%@1497] GR3D_FREQ 0% cpu@49.812C soc2@49.312C soc0@49.406C gpu@51C tj@51C soc1@49.218C VDD_IN 4790mW/5176mW VDD_CPU_GPU_CV 1326mW/1511mW VDD_SOC 1406mW/1463mW"
hamilton.mp4,208,5512,7620,59,"07-04-2026 17:14:49 RAM 5512/7620MB (lfb 1x2MB) SWAP 16/3810MB (cached 0MB) CPU [2%@729,2%@729,3%@729,56%@729,13%@1113,13%@1113] GR3D_FREQ 59% cpu@49.656C soc2@49.5C soc0@49.406C gpu@51.718C tj@51.718C soc1@49.25C VDD_IN 6410mW/5182mW VDD_CPU_GPU_CV 2120mW/1514mW VDD_SOC 1680mW/1464mW"
hamilton.mp4,209,5536,7620,0,"07-04-2026 17:14:50 RAM 5536/7620MB (lfb 2x2MB) SWAP 16/3810MB (cached 0MB) CPU [8%@1497,2%@1497,5%@1497,6%@1497,83%@1497,15%@1497] GR3D_FREQ 0% cpu@49.75C soc2@49.343C soc0@49.437C gpu@51.218C tj@51.218C soc1@49.281C VDD_IN 4863mW/5180mW VDD_CPU_GPU_CV 1364mW/1513mW VDD_SOC 1406mW/1464mW"
hamilton.mp4,210,5537,7620,0,"07-04-2026 17:14:51 RAM 5537/7620MB (lfb 1x2MB) SWAP 16/3810MB (cached 0MB) CPU [2%@729,1%@729,1%@729,46%@729,3%@1497,33%@1497] GR3D_FREQ 0% cpu@49.468C soc2@49.406C soc0@49.562C gpu@51.312C tj@51.312C soc1@49.406C VDD_IN 5969mW/5184mW VDD_CPU_GPU_CV 1840mW/1515mW VDD_SOC 1642mW/1464mW"
hamilton.mp4,211,5547,7620,0,"07-04-2026 17:14:52 RAM 5547/7620MB (lfb 1x2MB) SWAP 16/3810MB (cached 0MB) CPU [3%@1497,17%@1497,1%@1497,0%@1497,85%@1497,0%@1497] GR3D_FREQ 0% cpu@49.718C soc2@49.281C soc0@49.281C gpu@51.218C tj@51.218C soc1@49.218C VDD_IN 4742mW/5182mW VDD_CPU_GPU_CV 1286mW/1514mW VDD_SOC 1406mW/1464mW"
hamilton.mp4,212,5515,7620,0,"07-04-2026 17:14:53 RAM 5515/7620MB (lfb 2x2MB) SWAP 16/3810MB (cached 0MB) CPU [3%@729,40%@729,1%@729,5%@729,12%@1497,35%@1497] GR3D_FREQ 0% cpu@49.687C soc2@49.281C soc0@49.468C gpu@51.031C tj@51.031C soc1@49.25C VDD_IN 5649mW/5184mW VDD_CPU_GPU_CV 1682mW/1515mW VDD_SOC 1522mW/1464mW"
hamilton.mp4,213,5550,7620,0,"07-04-2026 17:14:54 RAM 5550/7620MB (lfb 6x1MB) SWAP 16/3810MB (cached 0MB) CPU [3%@1497,24%@1497,2%@1497,2%@1497,84%@729,0%@729] GR3D_FREQ 0% cpu@49.843C soc2@49.406C soc0@49.468C gpu@50.781C tj@50.781C soc1@49.25C VDD_IN 4863mW/5183mW VDD_CPU_GPU_CV 1364mW/1514mW VDD_SOC 1404mW/1464mW"
hamilton.mp4,214,5513,7620,0,"07-04-2026 17:14:55 RAM 5513/7620MB (lfb 2x2MB) SWAP 16/3810MB (cached 0MB) CPU [3%@729,36%@729,3%@729,1%@729,12%@1190,40%@1190] GR3D_FREQ 0% cpu@49.656C soc2@49.406C soc0@49.593C gpu@50.968C tj@50.968C soc1@49.375C VDD_IN 5649mW/5185mW VDD_CPU_GPU_CV 1682mW/1515mW VDD_SOC 1522mW/1464mW"
hamilton.mp4,215,5549,7620,0,"07-04-2026 17:14:56 RAM 5549/7620MB (lfb 6x1MB) SWAP 16/3810MB (cached 0MB) CPU [25%@1497,1%@1497,1%@1497,2%@1497,78%@729,0%@729] GR3D_FREQ 0% cpu@49.812C soc2@49.5C soc0@49.562C gpu@51C tj@51C soc1@49.406C VDD_IN 4750mW/5183mW VDD_CPU_GPU_CV 1286mW/1514mW VDD_SOC 1406mW/1464mW"
hamilton.mp4,216,5513,7620,0,"07-04-2026 17:14:57 RAM 5513/7620MB (lfb 3x2MB) SWAP 16/3810MB (cached 0MB) CPU [24%@1497,5%@1497,16%@1497,12%@1497,23%@729,36%@729] GR3D_FREQ 0% cpu@49.906C soc2@49.5C soc0@49.406C gpu@51.093C tj@51.093C soc1@49.281C VDD_IN 5769mW/5185mW VDD_CPU_GPU_CV 1760mW/1515mW VDD_SOC 1562mW/1465mW"
hamilton.mp4,217,5549,7620,0,"07-04-2026 17:14:58 RAM 5549/7620MB (lfb 6x1MB) SWAP 16/3810MB (cached 0MB) CPU [73%@729,0%@729,4%@729,4%@729,28%@1497,0%@1497] GR3D_FREQ 0% cpu@49.656C soc2@49.312C soc0@49.406C gpu@51C tj@51C soc1@49.312C VDD_IN 4782mW/5184mW VDD_CPU_GPU_CV 1324mW/1514mW VDD_SOC 1406mW/1464mW"
hamilton.mp4,218,5521,7620,0,"07-04-2026 17:14:59 RAM 5521/7620MB (lfb 2x2MB) SWAP 16/3810MB (cached 0MB) CPU [16%@729,1%@729,4%@729,2%@729,33%@1497,34%@1497] GR3D_FREQ 0% cpu@49.718C soc2@49.437C soc0@49.437C gpu@51.093C tj@51.093C soc1@49.281C VDD_IN 5417mW/5185mW VDD_CPU_GPU_CV 1602mW/1514mW VDD_SOC 1484mW/1464mW"
hamilton.mp4,219,5553,7620,0,"07-04-2026 17:15:00 RAM 5553/7620MB (lfb 6x1MB) SWAP 16/3810MB (cached 0MB) CPU [6%@1497,34%@1497,1%@1497,2%@1497,73%@960,0%@960] GR3D_FREQ 0% cpu@49.531C soc2@49.437C soc0@49.5C gpu@50.781C tj@50.781C soc1@49.375C VDD_IN 4782mW/5183mW VDD_CPU_GPU_CV 1364mW/1514mW VDD_SOC 1406mW/1464mW"
hamilton.mp4,220,5515,7620,0,"07-04-2026 17:15:01 RAM 5515/7620MB (lfb 1x4MB) SWAP 16/3810MB (cached 0MB) CPU [1%@729,22%@729,2%@729,1%@729,27%@1497,35%@1497] GR3D_FREQ 0% cpu@49.625C soc2@49.375C soc0@49.5C gpu@50.968C tj@50.968C soc1@49.25C VDD_IN 5296mW/5183mW VDD_CPU_GPU_CV 1524mW/1514mW VDD_SOC 1484mW/1464mW"
hamilton.mp4,221,5543,7620,0,"07-04-2026 17:15:02 RAM 5543/7620MB (lfb 9x1MB) SWAP 16/3810MB (cached 0MB) CPU [40%@1497,1%@1497,0%@1497,1%@1497,61%@883,0%@883] GR3D_FREQ 0% cpu@49.812C soc2@49.5C soc0@49.406C gpu@50.906C tj@50.906C soc1@49.218C VDD_IN 4709mW/5181mW VDD_CPU_GPU_CV 1286mW/1513mW VDD_SOC 1368mW/1464mW"
hamilton.mp4,222,5513,7620,0,"07-04-2026 17:15:03 RAM 5513/7620MB (lfb 2x4MB) SWAP 16/3810MB (cached 0MB) CPU [17%@729,3%@729,4%@729,0%@729,32%@1497,36%@1497] GR3D_FREQ 0% cpu@49.906C soc2@49.343C soc0@49.531C gpu@51C tj@51C soc1@49.281C VDD_IN 5256mW/5181mW VDD_CPU_GPU_CV 1522mW/1513mW VDD_SOC 1484mW/1464mW"
hamilton.mp4,223,5547,7620,0,"07-04-2026 17:15:04 RAM 5547/7620MB (lfb 7x1MB) SWAP 16/3810MB (cached 0MB) CPU [47%@1497,1%@1497,2%@1497,1%@1497,54%@729,0%@729] GR3D_FREQ 0% cpu@49.968C soc2@49.5C soc0@49.437C gpu@50.937C tj@50.937C soc1@49.312C VDD_IN 4709mW/5179mW VDD_CPU_GPU_CV 1286mW/1512mW VDD_SOC 1368mW/1463mW"
humanoidrobot.mp4,0,5596,7620,0,"07-04-2026 17:27:48 RAM 5596/7620MB (lfb 3x4MB) SWAP 16/3810MB (cached 0MB) CPU [10%@1420,5%@1420,6%@1420,10%@1420,46%@1497,33%@1497] GR3D_FREQ 0% cpu@50.437C soc2@49.625C soc0@49.843C gpu@51.406C tj@51.406C soc1@49.562C VDD_IN 5176mW/5176mW VDD_CPU_GPU_CV 1522mW/1522mW VDD_SOC 1444mW/1444mW"
humanoidrobot.mp4,1,5621,7620,0,"07-04-2026 17:27:49 RAM 5621/7620MB (lfb 3x4MB) SWAP 16/3810MB (cached 0MB) CPU [57%@806,8%@806,12%@806,13%@806,41%@1497,4%@1497] GR3D_FREQ 0% cpu@49.968C soc2@49.687C soc0@49.75C gpu@51.406C tj@51.406C soc1@49.687C VDD_IN 4815mW/4996mW VDD_CPU_GPU_CV 1324mW/1423mW VDD_SOC 1404mW/1424mW"
humanoidrobot.mp4,2,5622,7620,0,"07-04-2026 17:27:50 RAM 5622/7620MB (lfb 2x4MB) SWAP 16/3810MB (cached 0MB) CPU [2%@729,2%@729,0%@729,2%@729,7%@1497,76%@1497] GR3D_FREQ 0% cpu@49.75C soc2@49.718C soc0@49.718C gpu@51.375C tj@51.375C soc1@49.75C VDD_IN 4943mW/4978mW VDD_CPU_GPU_CV 1404mW/1417mW VDD_SOC 1446mW/1431mW"
humanoidrobot.mp4,3,5619,7620,91,"07-04-2026 17:27:51 RAM 5619/7620MB (lfb 2x4MB) SWAP 16/3810MB (cached 0MB) CPU [11%@729,3%@729,5%@729,10%@729,54%@729,28%@729] GR3D_FREQ 91% cpu@50.031C soc2@49.656C soc0@49.687C gpu@51.562C tj@51.562C soc1@49.562C VDD_IN 5377mW/5078mW VDD_CPU_GPU_CV 1722mW/1493mW VDD_SOC 1482mW/1444mW"
humanoidrobot.mp4,4,5619,7620,0,"07-04-2026 17:27:52 RAM 5619/7620MB (lfb 1x4MB) SWAP 16/3810MB (cached 0MB) CPU [3%@729,2%@729,22%@729,0%@729,0%@1497,69%@1497] GR3D_FREQ 0% cpu@50.125C soc2@49.531C soc0@49.75C gpu@51.156C tj@51.156C soc1@49.687C VDD_IN 4782mW/5019mW VDD_CPU_GPU_CV 1326mW/1460mW VDD_SOC 1406mW/1436mW"
humanoidrobot.mp4,5,5622,7620,99,"07-04-2026 17:27:53 RAM 5622/7620MB (lfb 1x4MB) SWAP 16/3810MB (cached 0MB) CPU [57%@729,9%@729,10%@729,7%@729,1%@729,18%@729] GR3D_FREQ 99% cpu@49.875C soc2@49.593C soc0@49.781C gpu@51.718C tj@51.718C soc1@49.687C VDD_IN 5849mW/5157mW VDD_CPU_GPU_CV 1960mW/1543mW VDD_SOC 1522mW/1451mW"
humanoidrobot.mp4,6,5621,7620,0,"07-04-2026 17:27:54 RAM 5621/7620MB (lfb 1x4MB) SWAP 16/3810MB (cached 0MB) CPU [1%@729,14%@729,3%@729,1%@729,0%@1497,79%@1497] GR3D_FREQ 0% cpu@49.812C soc2@49.625C soc0@49.656C gpu@51.281C tj@51.281C soc1@49.531C VDD_IN 4750mW/5099mW VDD_CPU_GPU_CV 1326mW/1512mW VDD_SOC 1406mW/1444mW"
humanoidrobot.mp4,7,5612,7620,0,"07-04-2026 17:27:55 RAM 5612/7620MB (lfb 2x4MB) SWAP 16/3810MB (cached 0MB) CPU [2%@729,15%@729,0%@729,54%@729,8%@1113,9%@1113] GR3D_FREQ 0% cpu@50.031C soc2@49.687C soc0@49.687C gpu@51.781C tj@51.781C soc1@49.531C VDD_IN 6440mW/5267mW VDD_CPU_GPU_CV 2156mW/1593mW VDD_SOC 1720mW/1479mW"
humanoidrobot.mp4,8,5606,7620,0,"07-04-2026 17:27:56 RAM 5606/7620MB (lfb 1x4MB) SWAP 16/3810MB (cached 0MB) CPU [1%@1497,5%@1497,1%@1497,1%@1497,13%@1497,84%@1497] GR3D_FREQ 0% cpu@49.968C soc2@49.625C soc0@49.75C gpu@51.406C tj@51.406C soc1@49.593C VDD_IN 4823mW/5217mW VDD_CPU_GPU_CV 1284mW/1558mW VDD_SOC 1406mW/1471mW"
humanoidrobot.mp4,9,5590,7620,0,"07-04-2026 17:27:57 RAM 5590/7620MB (lfb 1x4MB) SWAP 16/3810MB (cached 0MB) CPU [15%@1497,52%@1497,3%@1497,3%@1497,19%@729,1%@729] GR3D_FREQ 0% cpu@50.437C soc2@49.781C soc0@49.687C gpu@51.718C tj@51.718C soc1@49.718C VDD_IN 6080mW/5304mW VDD_CPU_GPU_CV 1876mW/1590mW VDD_SOC 1680mW/1492mW"
humanoidrobot.mp4,10,5624,7620,0,"07-04-2026 17:27:58 RAM 5624/7620MB (lfb 1x4MB) SWAP 16/3810MB (cached 0MB) CPU [15%@1497,2%@1497,4%@1497,3%@1497,0%@729,87%@729] GR3D_FREQ 0% cpu@50C soc2@49.718C soc0@49.937C gpu@51.468C tj@51.468C soc1@49.718C VDD_IN 4823mW/5260mW VDD_CPU_GPU_CV 1364mW/1569mW VDD_SOC 1404mW/1484mW"
humanoidrobot.mp4,11,5592,7620,0,"07-04-2026 17:27:59 RAM 5592/7620MB (lfb 2x4MB) SWAP 16/3810MB (cached 0MB) CPU [46%@729,12%@729,4%@729,1%@729,13%@960,24%@960] GR3D_FREQ 0% cpu@49.812C soc2@49.625C soc0@49.656C gpu@51.375C tj@51.375C soc1@49.562C VDD_IN 5889mW/5312mW VDD_CPU_GPU_CV 1760mW/1585mW VDD_SOC 1600mW/1493mW"
humanoidrobot.mp4,12,5618,7620,0,"07-04-2026 17:28:00 RAM 5618/7620MB (lfb 1x4MB) SWAP 16/3810MB (cached 0MB) CPU [12%@729,9%@729,6%@729,1%@729,91%@1497,0%@1497] GR3D_FREQ 0% cpu@50.218C soc2@49.625C soc0@49.718C gpu@51.281C tj@51.281C soc1@49.625C VDD_IN 4855mW/5277mW VDD_CPU_GPU_CV 1364mW/1568mW VDD_SOC 1404mW/1486mW"
humanoidrobot.mp4,13,5595,7620,0,"07-04-2026 17:28:01 RAM 5595/7620MB (lfb 1x4MB) SWAP 16/3810MB (cached 0MB) CPU [2%@729,4%@729,2%@729,13%@729,59%@1497,23%@1497] GR3D_FREQ 0% cpu@50.031C soc2@49.656C soc0@49.75C gpu@51.343C tj@51.343C soc1@49.593C VDD_IN 5497mW/5293mW VDD_CPU_GPU_CV 1642mW/1574mW VDD_SOC 1522mW/1489mW"
humanoidrobot.mp4,14,5619,7620,0,"07-04-2026 17:28:02 RAM 5619/7620MB (lfb 1x4MB) SWAP 16/3810MB (cached 0MB) CPU [2%@729,1%@729,1%@729,3%@729,66%@1497,35%@1497] GR3D_FREQ 0% cpu@50.093C soc2@49.593C soc0@49.75C gpu@51.25C tj@51.25C soc1@49.656C VDD_IN 4742mW/5256mW VDD_CPU_GPU_CV 1286mW/1554mW VDD_SOC 1406mW/1483mW"
humanoidrobot.mp4,15,5587,7620,0,"07-04-2026 17:28:03 RAM 5587/7620MB (lfb 2x4MB) SWAP 16/3810MB (cached 0MB) CPU [3%@729,5%@729,6%@729,2%@729,30%@1497,53%@1497] GR3D_FREQ 0% cpu@49.968C soc2@49.625C soc0@49.781C gpu@51.562C tj@51.562C soc1@49.531C VDD_IN 5296mW/5259mW VDD_CPU_GPU_CV 1562mW/1555mW VDD_SOC 1484mW/1484mW"
humanoidrobot.mp4,16,5616,7620,0,"07-04-2026 17:28:04 RAM 5616/7620MB (lfb 1x4MB) SWAP 16/3810MB (cached 0MB) CPU [2%@1497,46%@1497,4%@1497,1%@1497,56%@883,0%@883] GR3D_FREQ 0% cpu@49.968C soc2@49.656C soc0@49.75C gpu@51.187C tj@51.187C soc1@49.625C VDD_IN 4702mW/5226mW VDD_CPU_GPU_CV 1286mW/1539mW VDD_SOC 1366mW/1477mW"
humanoidrobot.mp4,17,5593,7620,0,"07-04-2026 17:28:05 RAM 5593/7620MB (lfb 2x4MB) SWAP 16/3810MB (cached 0MB) CPU [22%@729,11%@729,2%@729,2%@729,13%@1497,39%@1497] GR3D_FREQ 0% cpu@49.968C soc2@49.562C soc0@49.718C gpu@51.187C tj@51.187C soc1@49.625C VDD_IN 5024mW/5215mW VDD_CPU_GPU_CV 1444mW/1534mW VDD_SOC 1444mW/1475mW"
humanoidrobot.mp4,18,5591,7620,0,"07-04-2026 17:28:06 RAM 5591/7620MB (lfb 3x4MB) SWAP 16/3810MB (cached 0MB) CPU [54%@1497,3%@1497,0%@1497,2%@1497,0%@729,48%@729] GR3D_FREQ 0% cpu@50.187C soc2@49.718C soc0@49.843C gpu@51.218C tj@51.218C soc1@49.718C VDD_IN 4782mW/5192mW VDD_CPU_GPU_CV 1284mW/1521mW VDD_SOC 1404mW/1471mW"
humanoidrobot.mp4,19,5591,7620,0,"07-04-2026 17:28:07 RAM 5591/7620MB (lfb 3x4MB) SWAP 16/3810MB (cached 0MB) CPU [30%@729,2%@729,1%@729,1%@729,3%@1497,49%@1497] GR3D_FREQ 0% cpu@49.968C soc2@49.656C soc0@49.781C gpu@51.218C tj@51.218C soc1@49.718C VDD_IN 4983mW/5181mW VDD_CPU_GPU_CV 1404mW/1515mW VDD_SOC 1446mW/1470mW"
humanoidrobot.mp4,20,5585,7620,99,"07-04-2026 17:28:08 RAM 5585/7620MB (lfb 1x4MB) SWAP 16/3810MB (cached 0MB) CPU [55%@729,4%@729,3%@729,3%@729,5%@883,38%@883] GR3D_FREQ 99% cpu@49.843C soc2@49.593C soc0@49.656C gpu@51.5C tj@51.5C soc1@49.593C VDD_IN 4823mW/5164mW VDD_CPU_GPU_CV 1324mW/1506mW VDD_SOC 1404mW/1467mW"
humanoidrobot.mp4,21,5586,7620,0,"07-04-2026 17:28:09 RAM 5586/7620MB (lfb 1x4MB) SWAP 16/3810MB (cached 0MB) CPU [0%@960,8%@960,3%@960,0%@960,60%@1497,23%@1497] GR3D_FREQ 0% cpu@50.062C soc2@49.562C soc0@49.687C gpu@51.343C tj@51.343C soc1@49.531C VDD_IN 4903mW/5152mW VDD_CPU_GPU_CV 1404mW/1501mW VDD_SOC 1404mW/1464mW"
humanoidrobot.mp4,22,5616,7620,97,"07-04-2026 17:28:10 RAM 5616/7620MB (lfb 1x4MB) SWAP 16/3810MB (cached 0MB) CPU [3%@729,54%@729,4%@729,4%@729,27%@883,15%@883] GR3D_FREQ 97% cpu@49.937C soc2@49.593C soc0@49.718C gpu@51.625C tj@51.625C soc1@49.656C VDD_IN 5528mW/5169mW VDD_CPU_GPU_CV 1842mW/1516mW VDD_SOC 1482mW/1465mW"
humanoidrobot.mp4,23,5617,7620,0,"07-04-2026 17:28:11 RAM 5617/7620MB (lfb 1x4MB) SWAP 16/3810MB (cached 0MB) CPU [0%@729,2%@729,2%@729,2%@729,76%@1497,15%@1497] GR3D_FREQ 0% cpu@49.968C soc2@49.718C soc0@49.781C gpu@51.281C tj@51.281C soc1@49.718C VDD_IN 4782mW/5153mW VDD_CPU_GPU_CV 1326mW/1508mW VDD_SOC 1406mW/1462mW"
humanoidrobot.mp4,24,5595,7620,99,"07-04-2026 17:28:12 RAM 5595/7620MB (lfb 2x4MB) SWAP 16/3810MB (cached 0MB) CPU [56%@1497,1%@1497,1%@1497,13%@1497,10%@729,18%@729] GR3D_FREQ 99% cpu@50.031C soc2@49.75C soc0@49.656C gpu@51.968C tj@51.968C soc1@49.562C VDD_IN 6600mW/5211mW VDD_CPU_GPU_CV 2236mW/1537mW VDD_SOC 1720mW/1472mW"
humanoidrobot.mp4,25,5602,7620,0,"07-04-2026 17:28:13 RAM 5602/7620MB (lfb 1x4MB) SWAP 16/3810MB (cached 0MB) CPU [7%@1497,4%@1497,4%@1497,3%@1497,85%@1497,14%@1497] GR3D_FREQ 0% cpu@50.125C soc2@49.5C soc0@49.781C gpu@51.281C tj@51.281C soc1@49.562C VDD_IN 4863mW/5197mW VDD_CPU_GPU_CV 1364mW/1530mW VDD_SOC 1406mW/1470mW"
humanoidrobot.mp4,26,5592,7620,0,"07-04-2026 17:28:14 RAM 5592/7620MB (lfb 2x4MB) SWAP 16/3810MB (cached 0MB) CPU [55%@729,3%@729,2%@729,4%@729,1%@1420,25%@1420] GR3D_FREQ 0% cpu@50.187C soc2@49.593C soc0@49.75C gpu@51.468C tj@51.468C soc1@49.625C VDD_IN 6200mW/5234mW VDD_CPU_GPU_CV 1956mW/1546mW VDD_SOC 1680mW/1478mW"
humanoidrobot.mp4,27,5623,7620,0,"07-04-2026 17:28:15 RAM 5623/7620MB (lfb 1x4MB) SWAP 16/3810MB (cached 0MB) CPU [11%@1497,2%@1497,2%@1497,2%@1497,84%@729,6%@729] GR3D_FREQ 0% cpu@50.093C soc2@49.656C soc0@49.75C gpu@51.312C tj@51.312C soc1@49.656C VDD_IN 4823mW/5220mW VDD_CPU_GPU_CV 1324mW/1538mW VDD_SOC 1406mW/1475mW"
humanoidrobot.mp4,28,5593,7620,0,"07-04-2026 17:28:16 RAM 5593/7620MB (lfb 1x4MB) SWAP 16/3810MB (cached 0MB) CPU [45%@729,1%@729,1%@729,4%@729,8%@1190,31%@1190] GR3D_FREQ 0% cpu@49.812C soc2@49.625C soc0@49.781C gpu@51.562C tj@51.562C soc1@49.531C VDD_IN 5889mW/5243mW VDD_CPU_GPU_CV 1800mW/1547mW VDD_SOC 1600mW/1479mW"
humanoidrobot.mp4,29,5615,7620,0,"07-04-2026 17:28:17 RAM 5615/7620MB (lfb 1x4MB) SWAP 16/3810MB (cached 0MB) CPU [1%@729,2%@729,1%@729,2%@729,79%@1497,22%@1497] GR3D_FREQ 0% cpu@50.031C soc2@49.562C soc0@49.687C gpu@51.312C tj@51.312C soc1@49.562C VDD_IN 4742mW/5226mW VDD_CPU_GPU_CV 1286mW/1539mW VDD_SOC 1406mW/1477mW"
humanoidrobot.mp4,30,5594,7620,0,"07-04-2026 17:28:18 RAM 5594/7620MB (lfb 2x4MB) SWAP 16/3810MB (cached 0MB) CPU [2%@729,1%@729,4%@729,5%@729,10%@1497,71%@1497] GR3D_FREQ 0% cpu@49.968C soc2@49.656C soc0@49.75C gpu@51.562C tj@51.562C soc1@49.687C VDD_IN 5649mW/5240mW VDD_CPU_GPU_CV 1680mW/1543mW VDD_SOC 1562mW/1480mW"
humanoidrobot.mp4,31,5619,7620,0,"07-04-2026 17:28:19 RAM 5619/7620MB (lfb 1x4MB) SWAP 16/3810MB (cached 0MB) CPU [2%@729,0%@729,3%@729,1%@729,34%@1497,67%@1497] GR3D_FREQ 0% cpu@50.218C soc2@49.562C soc0@49.75C gpu@51.187C tj@51.187C soc1@49.625C VDD_IN 4742mW/5224mW VDD_CPU_GPU_CV 1286mW/1535mW VDD_SOC 1406mW/1477mW"
humanoidrobot.mp4,32,5587,7620,0,"07-04-2026 17:28:20 RAM 5587/7620MB (lfb 2x4MB) SWAP 16/3810MB (cached 0MB) CPU [1%@729,1%@729,0%@729,3%@729,54%@1497,31%@1497] GR3D_FREQ 0% cpu@49.906C soc2@49.656C soc0@49.875C gpu@51.218C tj@51.218C soc1@49.718C VDD_IN 5216mW/5224mW VDD_CPU_GPU_CV 1484mW/1534mW VDD_SOC 1484mW/1478mW"
humanoidrobot.mp4,33,5615,7620,0,"07-04-2026 17:28:21 RAM 5615/7620MB (lfb 1x4MB) SWAP 16/3810MB (cached 0MB) CPU [48%@1497,2%@1497,1%@1497,1%@1497,0%@883,54%@883] GR3D_FREQ 0% cpu@50.093C soc2@49.625C soc0@49.656C gpu@51.25C tj@51.25C soc1@49.625C VDD_IN 4702mW/5209mW VDD_CPU_GPU_CV 1286mW/1526mW VDD_SOC 1366mW/1474mW"
humanoidrobot.mp4,34,5591,7620,0,"07-04-2026 17:28:22 RAM 5591/7620MB (lfb 1x4MB) SWAP 16/3810MB (cached 0MB) CPU [7%@729,3%@729,1%@729,5%@729,18%@1497,58%@1497] GR3D_FREQ 0% cpu@50.031C soc2@49.687C soc0@49.718C gpu@51.562C tj@51.562C soc1@49.625C VDD_IN 5064mW/5204mW VDD_CPU_GPU_CV 1444mW/1524mW VDD_SOC 1444mW/1473mW"
humanoidrobot.mp4,35,5592,7620,0,"07-04-2026 17:28:23 RAM 5592/7620MB (lfb 2x4MB) SWAP 16/3810MB (cached 0MB) CPU [4%@1113,8%@1113,3%@1113,57%@1113,3%@1497,43%@1497] GR3D_FREQ 0% cpu@50.156C soc2@49.625C soc0@49.781C gpu@51.406C tj@51.406C soc1@49.656C VDD_IN 4815mW/5194mW VDD_CPU_GPU_CV 1324mW/1518mW VDD_SOC 1404mW/1472mW"
humanoidrobot.mp4,36,5593,7620,0,"07-04-2026 17:28:24 RAM 5593/7620MB (lfb 1x4MB) SWAP 16/3810MB (cached 0MB) CPU [3%@729,6%@729,2%@729,23%@729,7%@1497,55%@1497] GR3D_FREQ 0% cpu@50.031C soc2@49.562C soc0@49.843C gpu@51.468C tj@51.468C soc1@49.687C VDD_IN 4903mW/5186mW VDD_CPU_GPU_CV 1404mW/1515mW VDD_SOC 1406mW/1470mW"
humanoidrobot.mp4,37,5586,7620,97,"07-04-2026 17:28:25 RAM 5586/7620MB (lfb 1x4MB) SWAP 16/3810MB (cached 0MB) CPU [54%@729,3%@729,2%@729,9%@729,2%@1113,32%@1113] GR3D_FREQ 97% cpu@49.937C soc2@49.718C soc0@49.718C gpu@52.093C tj@52.093C soc1@49.593C VDD_IN 5096mW/5183mW VDD_CPU_GPU_CV 1524mW/1516mW VDD_SOC 1444mW/1469mW"
humanoidrobot.mp4,38,5586,7620,0,"07-04-2026 17:28:26 RAM 5586/7620MB (lfb 1x4MB) SWAP 16/3810MB (cached 0MB) CPU [1%@729,1%@729,2%@729,5%@729,18%@1497,65%@1497] GR3D_FREQ 0% cpu@49.906C soc2@49.625C soc0@49.75C gpu@51.281C tj@51.281C soc1@49.593C VDD_IN 4823mW/5174mW VDD_CPU_GPU_CV 1366mW/1512mW VDD_SOC 1406mW/1467mW"
humanoidrobot.mp4,39,5590,7620,99,"07-04-2026 17:28:27 RAM 5590/7620MB (lfb 1x4MB) SWAP 16/3810MB (cached 0MB) CPU [0%@729,1%@729,2%@729,2%@729,64%@883,29%@883] GR3D_FREQ 99% cpu@50C soc2@49.5C soc0@49.781C gpu@51.718C tj@51.718C soc1@49.593C VDD_IN 5769mW/5189mW VDD_CPU_GPU_CV 1923mW/1522mW VDD_SOC 1562mW/1470mW"
humanoidrobot.mp4,40,5589,7620,0,"07-04-2026 17:28:28 RAM 5589/7620MB (lfb 2x4MB) SWAP 16/3810MB (cached 0MB) CPU [4%@729,1%@729,4%@729,4%@729,75%@1497,15%@1497] GR3D_FREQ 0% cpu@49.937C soc2@49.593C soc0@49.906C gpu@51.281C tj@51.281C soc1@49.687C VDD_IN 4782mW/5179mW VDD_CPU_GPU_CV 1326mW/1517mW VDD_SOC 1406mW/1468mW"
humanoidrobot.mp4,41,5592,7620,99,"07-04-2026 17:28:29 RAM 5592/7620MB (lfb 2x4MB) SWAP 16/3810MB (cached 0MB) CPU [3%@729,3%@729,2%@729,2%@729,11%@1420,70%@1420] GR3D_FREQ 99% cpu@49.937C soc2@49.812C soc0@49.875C gpu@52.187C tj@52.187C soc1@49.562C VDD_IN 6410mW/5208mW VDD_CPU_GPU_CV 2120mW/1532mW VDD_SOC 1680mW/1473mW"
humanoidrobot.mp4,42,5600,7620,0,"07-04-2026 17:28:30 RAM 5600/7620MB (lfb 1x4MB) SWAP 16/3810MB (cached 0MB) CPU [4%@1497,2%@1497,5%@1497,10%@1497,84%@1497,13%@1497] GR3D_FREQ 0% cpu@50.281C soc2@49.593C soc0@49.718C gpu@51.593C tj@51.593C soc1@49.625C VDD_IN 4903mW/5201mW VDD_CPU_GPU_CV 1364mW/1528mW VDD_SOC 1404mW/1472mW"
humanoidrobot.mp4,43,5583,7620,0,"07-04-2026 17:28:31 RAM 5583/7620MB (lfb 3x4MB) SWAP 16/3810MB (cached 0MB) CPU [2%@729,2%@729,4%@729,52%@729,2%@1267,28%@1267] GR3D_FREQ 0% cpu@50C soc2@49.656C soc0@49.781C gpu@51.406C tj@51.406C soc1@49.593C VDD_IN 6160mW/5223mW VDD_CPU_GPU_CV 1960mW/1537mW VDD_SOC 1680mW/1476mW"
humanoidrobot.mp4,44,5607,7620,0,"07-04-2026 17:28:32 RAM 5607/7620MB (lfb 1x4MB) SWAP 16/3810MB (cached 0MB) CPU [4%@1497,12%@1497,2%@1497,2%@1497,86%@1497,3%@1497] GR3D_FREQ 0% cpu@50.093C soc2@49.687C soc0@49.781C gpu@51.187C tj@51.187C soc1@49.687C VDD_IN 4782mW/5213mW VDD_CPU_GPU_CV 1324mW/1533mW VDD_SOC 1406mW/1475mW"
humanoidrobot.mp4,45,5581,7620,0,"07-04-2026 17:28:33 RAM 5581/7620MB (lfb 2x4MB) SWAP 16/3810MB (cached 0MB) CPU [4%@729,44%@729,3%@729,4%@729,8%@1113,33%@1113] GR3D_FREQ 0% cpu@49.718C soc2@49.75C soc0@50C gpu@51.375C tj@51.375C soc1@49.812C VDD_IN 5889mW/5228mW VDD_CPU_GPU_CV 1760mW/1538mW VDD_SOC 1602mW/1478mW"
humanoidrobot.mp4,46,5609,7620,0,"07-04-2026 17:28:34 RAM 5609/7620MB (lfb 1x4MB) SWAP 16/3810MB (cached 0MB) CPU [4%@729,10%@729,11%@729,3%@729,92%@1497,0%@1497] GR3D_FREQ 0% cpu@50.031C soc2@49.531C soc0@49.75C gpu@51.312C tj@51.312C soc1@49.531C VDD_IN 4895mW/5221mW VDD_CPU_GPU_CV 1364mW/1534mW VDD_SOC 1404mW/1476mW"
humanoidrobot.mp4,47,5586,7620,0,"07-04-2026 17:28:35 RAM 5586/7620MB (lfb 2x4MB) SWAP 16/3810MB (cached 0MB) CPU [2%@729,2%@729,2%@729,1%@729,57%@1497,23%@1497] GR3D_FREQ 0% cpu@50.093C soc2@49.625C soc0@49.781C gpu@51.437C tj@51.437C soc1@49.656C VDD_IN 5497mW/5227mW VDD_CPU_GPU_CV 1602mW/1535mW VDD_SOC 1522mW/1477mW"
humanoidrobot.mp4,48,5617,7620,0,"07-04-2026 17:28:36 RAM 5617/7620MB (lfb 1x4MB) SWAP 16/3810MB (cached 0MB) CPU [35%@1497,1%@1497,0%@1497,1%@1497,67%@729,0%@729] GR3D_FREQ 0% cpu@50.406C soc2@49.75C soc0@49.75C gpu@51.218C tj@51.218C soc1@49.687C VDD_IN 4702mW/5216mW VDD_CPU_GPU_CV 1286mW/1530mW VDD_SOC 1406mW/1476mW"
humanoidrobot.mp4,49,5617,7620,0,"07-04-2026 17:28:37 RAM 5617/7620MB (lfb 1x4MB) SWAP 16/3810MB (cached 0MB) CPU [20%@729,1%@729,5%@729,0%@729,29%@1497,32%@1497] GR3D_FREQ 0% cpu@49.968C soc2@49.656C soc0@49.781C gpu@51.25C tj@51.25C soc1@49.718C VDD_IN 5216mW/5216mW VDD_CPU_GPU_CV 1524mW/1530mW VDD_SOC 1484mW/1476mW"
humanoidrobot.mp4,50,5621,7620,0,"07-04-2026 17:28:38 RAM 5621/7620MB (lfb 1x4MB) SWAP 16/3810MB (cached 0MB) CPU [3%@1497,5%@1497,2%@1497,46%@1497,57%@883,0%@883] GR3D_FREQ 0% cpu@50.281C soc2@49.656C soc0@49.718C gpu@51.218C tj@51.218C soc1@49.562C VDD_IN 4742mW/5207mW VDD_CPU_GPU_CV 1324mW/1526mW VDD_SOC 1366mW/1474mW"
humanoidrobot.mp4,51,5592,7620,0,"07-04-2026 17:28:39 RAM 5592/7620MB (lfb 1x4MB) SWAP 16/3810MB (cached 0MB) CPU [2%@729,1%@729,3%@729,9%@729,43%@1497,31%@1497] GR3D_FREQ 0% cpu@50.093C soc2@49.625C soc0@49.718C gpu@51.281C tj@51.281C soc1@49.593C VDD_IN 5064mW/5204mW VDD_CPU_GPU_CV 1444mW/1525mW VDD_SOC 1444mW/1473mW"
humanoidrobot.mp4,52,5592,7620,0,"07-04-2026 17:28:40 RAM 5592/7620MB (lfb 2x4MB) SWAP 16/3810MB (cached 0MB) CPU [1%@1497,4%@1497,1%@1497,56%@1497,46%@729,1%@729] GR3D_FREQ 0% cpu@50.156C soc2@49.687C soc0@49.812C gpu@51.25C tj@51.312C soc1@49.656C VDD_IN 4742mW/5195mW VDD_CPU_GPU_CV 1284mW/1520mW VDD_SOC 1406mW/1472mW"
humanoidrobot.mp4,53,5592,7620,0,"07-04-2026 17:28:41 RAM 5592/7620MB (lfb 2x4MB) SWAP 16/3810MB (cached 0MB) CPU [1%@729,0%@729,7%@729,1%@729,43%@1497,33%@1497] GR3D_FREQ 0% cpu@50.156C soc2@49.656C soc0@49.781C gpu@51.343C tj@51.343C soc1@49.781C VDD_IN 4943mW/5191mW VDD_CPU_GPU_CV 1364mW/1517mW VDD_SOC 1406mW/1471mW"
humanoidrobot.mp4,54,5617,7620,99,"07-04-2026 17:28:42 RAM 5617/7620MB (lfb 1x4MB) SWAP 16/3810MB (cached 0MB) CPU [1%@729,2%@729,3%@729,53%@729,38%@1497,7%@1497] GR3D_FREQ 99% cpu@49.781C soc2@49.656C soc0@49.968C gpu@51.718C tj@51.718C soc1@49.781C VDD_IN 4823mW/5184mW VDD_CPU_GPU_CV 1364mW/1514mW VDD_SOC 1404mW/1469mW"
humanoidrobot.mp4,55,5621,7620,0,"07-04-2026 17:28:43 RAM 5621/7620MB (lfb 1x4MB) SWAP 16/3810MB (cached 0MB) CPU [3%@1497,5%@1497,62%@1497,0%@1497,1%@729,25%@729] GR3D_FREQ 0% cpu@50.406C soc2@49.625C soc0@49.781C gpu@51.5C tj@51.5C soc1@49.593C VDD_IN 4863mW/5178mW VDD_CPU_GPU_CV 1364mW/1512mW VDD_SOC 1406mW/1468mW"
humanoidrobot.mp4,56,5593,7620,84,"07-04-2026 17:28:44 RAM 5593/7620MB (lfb 2x4MB) SWAP 16/3810MB (cached 0MB) CPU [56%@729,3%@729,25%@729,4%@729,0%@729,13%@729] GR3D_FREQ 84% cpu@50.031C soc2@49.687C soc0@49.687C gpu@51.718C tj@51.718C soc1@49.593C VDD_IN 5497mW/5184mW VDD_CPU_GPU_CV 1762mW/1516mW VDD_SOC 1482mW/1468mW"
humanoidrobot.mp4,57,5596,7620,0,"07-04-2026 17:28:45 RAM 5596/7620MB (lfb 2x4MB) SWAP 16/3810MB (cached 0MB) CPU [1%@1497,1%@1497,1%@1497,73%@1497,0%@729,17%@729] GR3D_FREQ 0% cpu@50.093C soc2@49.687C soc0@49.906C gpu@51.312C tj@51.312C soc1@49.718C VDD_IN 4823mW/5177mW VDD_CPU_GPU_CV 1326mW/1513mW VDD_SOC 1406mW/1467mW"
humanoidrobot.mp4,58,5592,7620,99,"07-04-2026 17:28:46 RAM 5592/7620MB (lfb 3x4MB) SWAP 16/3810MB (cached 0MB) CPU [10%@729,3%@729,12%@729,16%@729,49%@729,18%@729] GR3D_FREQ 99% cpu@49.843C soc2@49.718C soc0@49.875C gpu@51.687C tj@51.687C soc1@49.75C VDD_IN 5849mW/5189mW VDD_CPU_GPU_CV 1920mW/1520mW VDD_SOC 1522mW/1468mW"
humanoidrobot.mp4,59,5592,7620,0,"07-04-2026 17:28:47 RAM 5592/7620MB (lfb 2x4MB) SWAP 16/3810MB (cached 0MB) CPU [1%@1497,0%@1497,2%@1497,79%@1497,0%@729,13%@729] GR3D_FREQ 0% cpu@50.156C soc2@49.75C soc0@49.75C gpu@51.312C tj@51.312C soc1@49.625C VDD_IN 4750mW/5182mW VDD_CPU_GPU_CV 1326mW/1516mW VDD_SOC 1406mW/1467mW"
humanoidrobot.mp4,60,5598,7620,0,"07-04-2026 17:28:48 RAM 5598/7620MB (lfb 2x4MB) SWAP 16/3810MB (cached 0MB) CPU [4%@729,6%@729,3%@729,9%@729,0%@883,75%@883] GR3D_FREQ 0% cpu@49.875C soc2@49.718C soc0@49.75C gpu@51.687C tj@51.687C soc1@49.656C VDD_IN 6440mW/5202mW VDD_CPU_GPU_CV 2120mW/1526mW VDD_SOC 1720mW/1471mW"
humanoidrobot.mp4,61,5613,7620,0,"07-04-2026 17:28:49 RAM 5613/7620MB (lfb 2x4MB) SWAP 16/3810MB (cached 0MB) CPU [3%@729,1%@729,1%@729,78%@729,0%@1497,23%@1497] GR3D_FREQ 0% cpu@50.156C soc2@49.656C soc0@49.843C gpu@51.468C tj@51.468C soc1@49.625C VDD_IN 4863mW/5197mW VDD_CPU_GPU_CV 1324mW/1523mW VDD_SOC 1404mW/1470mW"
humanoidrobot.mp4,62,5614,7620,0,"07-04-2026 17:28:50 RAM 5614/7620MB (lfb 1x4MB) SWAP 16/3810MB (cached 0MB) CPU [3%@1497,22%@1497,4%@1497,0%@1497,1%@729,61%@729] GR3D_FREQ 0% cpu@49.968C soc2@49.781C soc0@49.843C gpu@51.593C tj@51.593C soc1@49.656C VDD_IN 5497mW/5201mW VDD_CPU_GPU_CV 1602mW/1524mW VDD_SOC 1522mW/1471mW"
humanoidrobot.mp4,63,5620,7620,0,"07-04-2026 17:28:51 RAM 5620/7620MB (lfb 1x4MB) SWAP 16/3810MB (cached 0MB) CPU [36%@1497,65%@1497,1%@1497,1%@1497,0%@729,0%@729] GR3D_FREQ 0% cpu@50.187C soc2@49.875C soc0@49.968C gpu@51.625C tj@51.625C soc1@49.75C VDD_IN 4709mW/5194mW VDD_CPU_GPU_CV 1286mW/1521mW VDD_SOC 1406mW/1470mW"
humanoidrobot.mp4,64,5587,7620,0,"07-04-2026 17:28:52 RAM 5587/7620MB (lfb 2x4MB) SWAP 16/3810MB (cached 0MB) CPU [18%@1497,36%@1497,3%@1497,1%@1497,1%@729,31%@729] GR3D_FREQ 0% cpu@50.031C soc2@49.656C soc0@49.75C gpu@51.687C tj@51.687C soc1@49.718C VDD_IN 5144mW/5193mW VDD_CPU_GPU_CV 1484mW/1520mW VDD_SOC 1444mW/1470mW"
humanoidrobot.mp4,65,5616,7620,0,"07-04-2026 17:28:53 RAM 5616/7620MB (lfb 1x4MB) SWAP 16/3810MB (cached 0MB) CPU [5%@1497,53%@1497,2%@1497,50%@1497,0%@729,0%@729] GR3D_FREQ 0% cpu@50.218C soc2@49.718C soc0@49.718C gpu@51.343C tj@51.343C soc1@49.625C VDD_IN 4742mW/5186mW VDD_CPU_GPU_CV 1324mW/1517mW VDD_SOC 1404mW/1469mW"
humanoidrobot.mp4,66,5585,7620,0,"07-04-2026 17:28:54 RAM 5585/7620MB (lfb 2x4MB) SWAP 16/3810MB (cached 0MB) CPU [3%@1497,44%@1497,2%@1497,8%@1497,2%@729,31%@729] GR3D_FREQ 0% cpu@50.187C soc2@49.75C soc0@49.75C gpu@51.312C tj@51.312C soc1@49.718C VDD_IN 5024mW/5184mW VDD_CPU_GPU_CV 1404mW/1515mW VDD_SOC 1446mW/1468mW"
humanoidrobot.mp4,67,5586,7620,0,"07-04-2026 17:28:55 RAM 5586/7620MB (lfb 2x4MB) SWAP 16/3810MB (cached 0MB) CPU [56%@1497,46%@1497,0%@1497,2%@1497,0%@1497,0%@1497] GR3D_FREQ 0% cpu@50C soc2@49.812C soc0@49.812C gpu@51.343C tj@51.343C soc1@49.718C VDD_IN 4742mW/5177mW VDD_CPU_GPU_CV 1284mW/1512mW VDD_SOC 1406mW/1467mW"
humanoidrobot.mp4,68,5586,7620,0,"07-04-2026 17:28:56 RAM 5586/7620MB (lfb 2x4MB) SWAP 16/3810MB (cached 0MB) CPU [1%@729,1%@729,2%@729,1%@729,0%@1497,81%@1497] GR3D_FREQ 0% cpu@49.843C soc2@49.718C soc0@49.875C gpu@51.375C tj@51.375C soc1@49.593C VDD_IN 5056mW/5175mW VDD_CPU_GPU_CV 1201mW/1507mW VDD_SOC 1522mW/1468mW"
humanoidrobot.mp4,69,5586,7620,0,"07-04-2026 17:28:57 RAM 5586/7620MB (lfb 2x4MB) SWAP 16/3810MB (cached 0MB) CPU [2%@1497,1%@1497,70%@1497,0%@1497,0%@729,30%@729] GR3D_FREQ 0% cpu@50.375C soc2@49.625C soc0@49.75C gpu@51.375C tj@51.375C soc1@49.656C VDD_IN 4548mW/5167mW VDD_CPU_GPU_CV 1165mW/1503mW VDD_SOC 1368mW/1467mW"
humanoidrobot.mp4,70,5612,7620,99,"07-04-2026 17:28:58 RAM 5612/7620MB (lfb 1x4MB) SWAP 16/3810MB (cached 0MB) CPU [6%@729,6%@729,22%@729,53%@729,9%@806,17%@806] GR3D_FREQ 99% cpu@50.031C soc2@49.75C soc0@49.812C gpu@52C tj@52C soc1@49.656C VDD_IN 6209mW/5181mW VDD_CPU_GPU_CV 2160mW/1512mW VDD_SOC 1600mW/1469mW"
humanoidrobot.mp4,71,5614,7620,0,"07-04-2026 17:28:59 RAM 5614/7620MB (lfb 1x4MB) SWAP 16/3810MB (cached 0MB) CPU [2%@1497,81%@1497,2%@1497,1%@1497,0%@729,13%@729] GR3D_FREQ 0% cpu@50.218C soc2@49.718C soc0@49.812C gpu@51.218C tj@51.218C soc1@49.656C VDD_IN 4750mW/5175mW VDD_CPU_GPU_CV 1326mW/1509mW VDD_SOC 1406mW/1468mW"
humanoidrobot.mp4,72,5584,7620,99,"07-04-2026 17:29:00 RAM 5584/7620MB (lfb 1x4MB) SWAP 16/3810MB (cached 0MB) CPU [15%@1497,8%@1497,10%@1497,3%@1497,44%@729,20%@729] GR3D_FREQ 99% cpu@49.968C soc2@49.812C soc0@49.937C gpu@51.968C tj@51.968C soc1@49.718C VDD_IN 6480mW/5193mW VDD_CPU_GPU_CV 2156mW/1518mW VDD_SOC 1720mW/1471mW"
humanoidrobot.mp4,73,5587,7620,0,"07-04-2026 17:29:01 RAM 5587/7620MB (lfb 1x4MB) SWAP 16/3810MB (cached 0MB) CPU [1%@1497,85%@1497,1%@1497,0%@1497,0%@1497,16%@1497] GR3D_FREQ 0% cpu@50.093C soc2@49.843C soc0@49.75C gpu@51.218C tj@51.218C soc1@49.656C VDD_IN 4823mW/5188mW VDD_CPU_GPU_CV 1326mW/1516mW VDD_SOC 1406mW/1470mW"
humanoidrobot.mp4,74,5588,7620,0,"07-04-2026 17:29:02 RAM 5588/7620MB (lfb 2x4MB) SWAP 16/3810MB (cached 0MB) CPU [2%@729,2%@729,2%@729,2%@729,1%@1267,79%@1267] GR3D_FREQ 0% cpu@49.968C soc2@49.781C soc0@49.843C gpu@51.468C tj@51.468C soc1@49.625C VDD_IN 6089mW/5200mW VDD_CPU_GPU_CV 1920mW/1521mW VDD_SOC 1680mW/1473mW"
humanoidrobot.mp4,75,5616,7620,0,"07-04-2026 17:29:03 RAM 5616/7620MB (lfb 2x4MB) SWAP 16/3810MB (cached 0MB) CPU [14%@1497,87%@1497,6%@1497,3%@1497,0%@729,3%@729] GR3D_FREQ 0% cpu@50.468C soc2@49.812C soc0@49.843C gpu@51.406C tj@51.406C soc1@49.718C VDD_IN 4823mW/5195mW VDD_CPU_GPU_CV 1284mW/1518mW VDD_SOC 1406mW/1472mW"
humanoidrobot.mp4,76,5617,7620,0,"07-04-2026 17:29:04 RAM 5617/7620MB (lfb 1x4MB) SWAP 16/3810MB (cached 0MB) CPU [44%@806,7%@806,2%@806,3%@806,1%@729,31%@729] GR3D_FREQ 0% cpu@49.968C soc2@49.625C soc0@49.937C gpu@51.5C tj@51.5C soc1@49.687C VDD_IN 5849mW/5204mW VDD_CPU_GPU_CV 1760mW/1521mW VDD_SOC 1600mW/1474mW"
humanoidrobot.mp4,77,5614,7620,0,"07-04-2026 17:29:05 RAM 5614/7620MB (lfb 1x4MB) SWAP 16/3810MB (cached 0MB) CPU [1%@1497,81%@1497,20%@1497,1%@1497,0%@729,0%@729] GR3D_FREQ 0% cpu@50.312C soc2@49.75C soc0@49.937C gpu@51.468C tj@51.468C soc1@49.75C VDD_IN 4742mW/5198mW VDD_CPU_GPU_CV 1286mW/1518mW VDD_SOC 1406mW/1473mW"
humanoidrobot.mp4,78,5582,7620,0,"07-04-2026 17:29:06 RAM 5582/7620MB (lfb 3x4MB) SWAP 16/3810MB (cached 0MB) CPU [2%@1420,16%@1420,35%@1420,2%@1420,1%@729,32%@729] GR3D_FREQ 0% cpu@49.906C soc2@49.593C soc0@49.75C gpu@51.593C tj@51.343C soc1@49.656C VDD_IN 5417mW/5200mW VDD_CPU_GPU_CV 1562mW/1518mW VDD_SOC 1482mW/1473mW"
humanoidrobot.mp4,79,5613,7620,0,"07-04-2026 17:29:07 RAM 5613/7620MB (lfb 1x4MB) SWAP 16/3810MB (cached 0MB) CPU [1%@1497,73%@1497,29%@1497,1%@1497,0%@729,1%@729] GR3D_FREQ 0% cpu@50.468C soc2@49.687C soc0@49.812C gpu@51.343C tj@51.343C soc1@49.687C VDD_IN 4742mW/5195mW VDD_CPU_GPU_CV 1284mW/1516mW VDD_SOC 1406mW/1472mW"
humanoidrobot.mp4,80,5586,7620,0,"07-04-2026 17:29:08 RAM 5586/7620MB (lfb 3x4MB) SWAP 16/3810MB (cached 0MB) CPU [6%@1497,28%@1497,29%@1497,3%@1497,19%@729,19%@729] GR3D_FREQ 0% cpu@50.343C soc2@49.656C soc0@49.875C gpu@51.343C tj@51.343C soc1@49.687C VDD_IN 5337mW/5197mW VDD_CPU_GPU_CV 1562mW/1516mW VDD_SOC 1484mW/1473mW"
humanoidrobot.mp4,81,5612,7620,0,"07-04-2026 17:29:09 RAM 5612/7620MB (lfb 2x4MB) SWAP 16/3810MB (cached 0MB) CPU [6%@1497,63%@1497,40%@1497,2%@1497,12%@729,7%@729] GR3D_FREQ 0% cpu@50.5C soc2@49.687C soc0@49.843C gpu@51.312C tj@51.312C soc1@49.75C VDD_IN 4863mW/5192mW VDD_CPU_GPU_CV 1364mW/1514mW VDD_SOC 1404mW/1472mW"
humanoidrobot.mp4,82,5619,7620,0,"07-04-2026 17:29:10 RAM 5619/7620MB (lfb 1x4MB) SWAP 16/3810MB (cached 0MB) CPU [5%@1497,2%@1497,11%@1497,42%@1497,2%@729,33%@729] GR3D_FREQ 0% cpu@50.25C soc2@49.781C soc0@50C gpu@51.375C tj@51.375C soc1@49.625C VDD_IN 5104mW/5191mW VDD_CPU_GPU_CV 1444mW/1513mW VDD_SOC 1444mW/1471mW"
humanoidrobot.mp4,83,5616,7620,0,"07-04-2026 17:29:11 RAM 5616/7620MB (lfb 2x4MB) SWAP 16/3810MB (cached 0MB) CPU [3%@1036,3%@1036,53%@1036,45%@1036,0%@1497,3%@1497] GR3D_FREQ 0% cpu@50C soc2@49.593C soc0@49.781C gpu@51.25C tj@51.25C soc1@49.656C VDD_IN 4742mW/5186mW VDD_CPU_GPU_CV 1284mW/1511mW VDD_SOC 1406mW/1471mW"
humanoidrobot.mp4,84,5617,7620,0,"07-04-2026 17:29:12 RAM 5617/7620MB (lfb 1x4MB) SWAP 16/3810MB (cached 0MB) CPU [0%@1497,2%@1497,55%@1497,1%@1497,1%@729,27%@729] GR3D_FREQ 0% cpu@50.468C soc2@49.75C soc0@49.812C gpu@51.593C tj@51.593C soc1@49.625C VDD_IN 4903mW/5183mW VDD_CPU_GPU_CV 1364mW/1509mW VDD_SOC 1406mW/1470mW"
humanoidrobot.mp4,85,5611,7620,79,"07-04-2026 17:29:13 RAM 5611/7620MB (lfb 1x4MB) SWAP 16/3810MB (cached 0MB) CPU [4%@729,13%@729,33%@729,5%@729,42%@806,13%@806] GR3D_FREQ 79% cpu@50.187C soc2@49.687C soc0@49.812C gpu@52.125C tj@52.125C soc1@49.687C VDD_IN 5377mW/5185mW VDD_CPU_GPU_CV 1682mW/1511mW VDD_SOC 1482mW/1470mW"
humanoidrobot.mp4,86,5611,7620,0,"07-04-2026 17:29:14 RAM 5611/7620MB (lfb 2x4MB) SWAP 16/3810MB (cached 0MB) CPU [2%@1497,1%@1497,66%@1497,1%@1497,0%@729,23%@729] GR3D_FREQ 0% cpu@50.562C soc2@49.656C soc0@49.906C gpu@51.656C tj@51.656C soc1@49.75C VDD_IN 4823mW/5181mW VDD_CPU_GPU_CV 1324mW/1509mW VDD_SOC 1406mW/1469mW"
humanoidrobot.mp4,87,5614,7620,99,"07-04-2026 17:29:15 RAM 5614/7620MB (lfb 2x4MB) SWAP 16/3810MB (cached 0MB) CPU [2%@729,2%@729,22%@729,56%@729,1%@806,17%@806] GR3D_FREQ 99% cpu@49.875C soc2@49.593C soc0@49.75C gpu@51.968C tj@51.968C soc1@49.562C VDD_IN 5537mW/5185mW VDD_CPU_GPU_CV 1802mW/1512mW VDD_SOC 1482mW/1469mW"
humanoidrobot.mp4,88,5614,7620,0,"07-04-2026 17:29:16 RAM 5614/7620MB (lfb 1x4MB) SWAP 16/3810MB (cached 0MB) CPU [0%@1497,1%@1497,9%@1497,68%@1497,0%@729,15%@729] GR3D_FREQ 0% cpu@50.343C soc2@49.687C soc0@49.812C gpu@51.406C tj@51.406C soc1@49.625C VDD_IN 4790mW/5180mW VDD_CPU_GPU_CV 1326mW/1510mW VDD_SOC 1406mW/1469mW"
humanoidrobot.mp4,89,5579,7620,99,"07-04-2026 17:29:17 RAM 5579/7620MB (lfb 1x4MB) SWAP 16/3810MB (cached 0MB) CPU [55%@729,2%@729,2%@729,12%@729,0%@729,19%@729] GR3D_FREQ 99% cpu@49.906C soc2@49.781C soc0@49.781C gpu@52.062C tj@52.062C soc1@49.687C VDD_IN 6490mW/5195mW VDD_CPU_GPU_CV 2160mW/1517mW VDD_SOC 1720mW/1471mW"
humanoidrobot.mp4,90,5578,7620,0,"07-04-2026 17:29:18 RAM 5578/7620MB (lfb 3x4MB) SWAP 16/3810MB (cached 0MB) CPU [3%@729,3%@729,3%@729,17%@729,72%@1497,13%@1497] GR3D_FREQ 0% cpu@50.125C soc2@49.625C soc0@49.906C gpu@51.25C tj@51.25C soc1@49.687C VDD_IN 4782mW/5190mW VDD_CPU_GPU_CV 1286mW/1515mW VDD_SOC 1406mW/1471mW"
humanoidrobot.mp4,91,5580,7620,0,"07-04-2026 17:29:19 RAM 5580/7620MB (lfb 2x4MB) SWAP 16/3810MB (cached 0MB) CPU [3%@729,3%@729,2%@729,55%@729,6%@1344,25%@1344] GR3D_FREQ 0% cpu@49.843C soc2@49.718C soc0@49.937C gpu@51.562C tj@51.562C soc1@49.593C VDD_IN 6240mW/5202mW VDD_CPU_GPU_CV 2000mW/1520mW VDD_SOC 1680mW/1473mW"
humanoidrobot.mp4,92,5602,7620,0,"07-04-2026 17:29:21 RAM 5602/7620MB (lfb 2x4MB) SWAP 16/3810MB (cached 0MB) CPU [70%@1497,16%@1497,1%@1497,2%@1497,22%@729,5%@729] GR3D_FREQ 0% cpu@50.093C soc2@49.625C soc0@49.718C gpu@51.25C tj@51.25C soc1@49.656C VDD_IN 4935mW/5199mW VDD_CPU_GPU_CV 1404mW/1519mW VDD_SOC 1404mW/1472mW"
humanoidrobot.mp4,93,5606,7620,0,"07-04-2026 17:29:22 RAM 5606/7620MB (lfb 1x4MB) SWAP 16/3810MB (cached 0MB) CPU [14%@1190,2%@1190,2%@1190,1%@1190,35%@729,33%@729] GR3D_FREQ 0% cpu@50.125C soc2@49.781C soc0@49.781C gpu@51.718C tj@51.718C soc1@49.718C VDD_IN 5488mW/5202mW VDD_CPU_GPU_CV 1602mW/1520mW VDD_SOC 1522mW/1473mW"
humanoidrobot.mp4,94,5609,7620,0,"07-04-2026 17:29:23 RAM 5609/7620MB (lfb 2x4MB) SWAP 16/3810MB (cached 0MB) CPU [75%@729,1%@729,1%@729,1%@729,1%@1497,26%@1497] GR3D_FREQ 0% cpu@49.968C soc2@49.625C soc0@49.843C gpu@51.218C tj@51.218C soc1@49.718C VDD_IN 4742mW/5197mW VDD_CPU_GPU_CV 1284mW/1517mW VDD_SOC 1406mW/1472mW"
humanoidrobot.mp4,95,5582,7620,0,"07-04-2026 17:29:24 RAM 5582/7620MB (lfb 3x4MB) SWAP 16/3810MB (cached 0MB) CPU [12%@1497,17%@1497,4%@1497,3%@1497,2%@729,61%@729] GR3D_FREQ 0% cpu@50C soc2@49.687C soc0@49.937C gpu@51.218C tj@51.218C soc1@49.75C VDD_IN 5296mW/5198mW VDD_CPU_GPU_CV 1522mW/1517mW VDD_SOC 1484mW/1472mW"
humanoidrobot.mp4,96,5606,7620,0,"07-04-2026 17:29:25 RAM 5606/7620MB (lfb 1x4MB) SWAP 16/3810MB (cached 0MB) CPU [1%@1497,67%@1497,34%@1497,1%@1497,1%@729,0%@729] GR3D_FREQ 0% cpu@50.375C soc2@49.687C soc0@49.75C gpu@51.25C tj@51.25C soc1@49.593C VDD_IN 4702mW/5193mW VDD_CPU_GPU_CV 1284mW/1515mW VDD_SOC 1406mW/1472mW"
humanoidrobot.mp4,97,5580,7620,0,"07-04-2026 17:29:26 RAM 5580/7620MB (lfb 1x4MB) SWAP 16/3810MB (cached 0MB) CPU [33%@1497,1%@1497,22%@1497,1%@1497,21%@729,12%@729] GR3D_FREQ 0% cpu@50.156C soc2@49.812C soc0@49.812C gpu@51.312C tj@51.312C soc1@49.625C VDD_IN 5256mW/5194mW VDD_CPU_GPU_CV 1524mW/1515mW VDD_SOC 1484mW/1472mW"
humanoidrobot.mp4,98,5604,7620,0,"07-04-2026 17:29:27 RAM 5604/7620MB (lfb 1x4MB) SWAP 16/3810MB (cached 0MB) CPU [55%@1497,2%@1497,47%@1497,1%@1497,0%@729,2%@729] GR3D_FREQ 0% cpu@50.75C soc2@49.687C soc0@49.906C gpu@51.281C tj@51.406C soc1@49.625C VDD_IN 4742mW/5189mW VDD_CPU_GPU_CV 1286mW/1513mW VDD_SOC 1406mW/1471mW"
humanoidrobot.mp4,99,5610,7620,0,"07-04-2026 17:29:28 RAM 5610/7620MB (lfb 1x4MB) SWAP 16/3810MB (cached 0MB) CPU [12%@729,0%@729,7%@729,2%@729,44%@1497,21%@1497] GR3D_FREQ 0% cpu@50.218C soc2@49.656C soc0@49.906C gpu@51.375C tj@51.375C soc1@49.656C VDD_IN 5024mW/5188mW VDD_CPU_GPU_CV 1404mW/1512mW VDD_SOC 1446mW/1471mW"
humanoidrobot.mp4,100,5581,7620,0,"07-04-2026 17:29:29 RAM 5581/7620MB (lfb 2x4MB) SWAP 16/3810MB (cached 0MB) CPU [3%@1344,56%@1344,3%@1344,1%@1344,45%@1497,3%@1497] GR3D_FREQ 0% cpu@49.937C soc2@49.75C soc0@49.875C gpu@51.406C tj@51.406C soc1@49.75C VDD_IN 4782mW/5184mW VDD_CPU_GPU_CV 1284mW/1509mW VDD_SOC 1404mW/1470mW"
humanoidrobot.mp4,101,5578,7620,0,"07-04-2026 17:29:30 RAM 5578/7620MB (lfb 3x4MB) SWAP 16/3810MB (cached 0MB) CPU [54%@1497,1%@1497,2%@1497,1%@1497,2%@729,29%@729] GR3D_FREQ 0% cpu@50.218C soc2@49.968C soc0@49.718C gpu@51.375C tj@51.375C soc1@49.593C VDD_IN 4943mW/5181mW VDD_CPU_GPU_CV 1404mW/1508mW VDD_SOC 1406mW/1469mW"
humanoidrobot.mp4,102,5583,7620,99,"07-04-2026 17:29:31 RAM 5583/7620MB (lfb 3x4MB) SWAP 16/3810MB (cached 0MB) CPU [37%@729,57%@729,2%@729,1%@729,13%@1113,7%@1113] GR3D_FREQ 99% cpu@49.875C soc2@49.687C soc0@49.843C gpu@51.406C tj@51.406C soc1@49.656C VDD_IN 4735mW/5177mW VDD_CPU_GPU_CV 1284mW/1506mW VDD_SOC 1404mW/1469mW"
humanoidrobot.mp4,103,5583,7620,0,"07-04-2026 17:29:32 RAM 5583/7620MB (lfb 3x4MB) SWAP 16/3810MB (cached 0MB) CPU [59%@1497,1%@1497,11%@1497,2%@1497,4%@729,26%@729] GR3D_FREQ 0% cpu@50.312C soc2@49.843C soc0@49.906C gpu@51.281C tj@51.281C soc1@49.718C VDD_IN 4863mW/5174mW VDD_CPU_GPU_CV 1366mW/1505mW VDD_SOC 1406mW/1468mW"
humanoidrobot.mp4,104,5581,7620,85,"07-04-2026 17:29:33 RAM 5581/7620MB (lfb 1x4MB) SWAP 16/3810MB (cached 0MB) CPU [29%@729,1%@729,56%@729,3%@729,0%@806,10%@806] GR3D_FREQ 85% cpu@49.812C soc2@49.781C soc0@49.875C gpu@51.812C tj@51.812C soc1@49.718C VDD_IN 5457mW/5177mW VDD_CPU_GPU_CV 1722mW/1507mW VDD_SOC 1482mW/1468mW"
humanoidrobot.mp4,105,5586,7620,0,"07-04-2026 17:29:34 RAM 5586/7620MB (lfb 1x4MB) SWAP 16/3810MB (cached 0MB) CPU [2%@1497,4%@1497,69%@1497,2%@1497,2%@729,21%@729] GR3D_FREQ 0% cpu@50.468C soc2@49.718C soc0@49.937C gpu@51.406C tj@51.406C soc1@49.718C VDD_IN 4823mW/5173mW VDD_CPU_GPU_CV 1366mW/1505mW VDD_SOC 1406mW/1468mW"
humanoidrobot.mp4,106,5580,7620,99,"07-04-2026 17:29:35 RAM 5580/7620MB (lfb 3x4MB) SWAP 16/3810MB (cached 0MB) CPU [2%@729,53%@729,19%@729,3%@729,2%@729,18%@729] GR3D_FREQ 99% cpu@49.968C soc2@49.718C soc0@49.812C gpu@52C tj@52C soc1@49.625C VDD_IN 6169mW/5182mW VDD_CPU_GPU_CV 2120mW/1511mW VDD_SOC 1600mW/1469mW"
humanoidrobot.mp4,107,5580,7620,0,"07-04-2026 17:29:36 RAM 5580/7620MB (lfb 3x4MB) SWAP 16/3810MB (cached 0MB) CPU [2%@1497,0%@1497,84%@1497,0%@1497,0%@729,12%@729] GR3D_FREQ 0% cpu@50.468C soc2@49.781C soc0@49.718C gpu@51.25C tj@51.25C soc1@49.687C VDD_IN 4750mW/5178mW VDD_CPU_GPU_CV 1286mW/1509mW VDD_SOC 1406mW/1468mW"
humanoidrobot.mp4,108,5579,7620,0,"07-04-2026 17:29:37 RAM 5579/7620MB (lfb 3x4MB) SWAP 16/3810MB (cached 0MB) CPU [14%@729,1%@729,4%@729,3%@729,43%@1344,27%@1344] GR3D_FREQ 0% cpu@50.062C soc2@49.687C soc0@49.843C gpu@51.781C tj@51.781C soc1@49.718C VDD_IN 6290mW/5189mW VDD_CPU_GPU_CV 2000mW/1514mW VDD_SOC 1680mW/1470mW"
humanoidrobot.mp4,109,5605,7620,0,"07-04-2026 17:29:38 RAM 5605/7620MB (lfb 1x4MB) SWAP 16/3810MB (cached 0MB) CPU [3%@1497,7%@1497,86%@1497,0%@1497,0%@729,8%@729] GR3D_FREQ 0% cpu@50.031C soc2@49.687C soc0@49.875C gpu@51.593C tj@51.593C soc1@49.781C VDD_IN 4823mW/5185mW VDD_CPU_GPU_CV 1324mW/1512mW VDD_SOC 1406mW/1470mW"
humanoidrobot.mp4,110,5609,7620,0,"07-04-2026 17:29:39 RAM 5609/7620MB (lfb 1x4MB) SWAP 16/3810MB (cached 0MB) CPU [0%@729,46%@729,5%@729,9%@729,2%@729,33%@729] GR3D_FREQ 0% cpu@50.093C soc2@49.718C soc0@49.75C gpu@51.656C tj@51.656C soc1@49.656C VDD_IN 5960mW/5192mW VDD_CPU_GPU_CV 1800mW/1514mW VDD_SOC 1600mW/1471mW"
humanoidrobot.mp4,111,5619,7620,0,"07-04-2026 17:29:40 RAM 5619/7620MB (lfb 1x4MB) SWAP 16/3810MB (cached 0MB) CPU [25%@1497,4%@1497,7%@1497,82%@1497,1%@729,0%@729] GR3D_FREQ 0% cpu@50.343C soc2@49.812C soc0@49.687C gpu@51.562C tj@51.562C soc1@49.687C VDD_IN 4863mW/5189mW VDD_CPU_GPU_CV 1364mW/1513mW VDD_SOC 1404mW/1470mW"
humanoidrobot.mp4,112,5586,7620,0,"07-04-2026 17:29:41 RAM 5586/7620MB (lfb 1x4MB) SWAP 16/3810MB (cached 0MB) CPU [37%@1420,1%@1420,3%@1420,27%@1420,1%@729,33%@729] GR3D_FREQ 0% cpu@50.406C soc2@49.687C soc0@49.906C gpu@51.468C tj@51.468C soc1@49.718C VDD_IN 5568mW/5193mW VDD_CPU_GPU_CV 1682mW/1515mW VDD_SOC 1522mW/1471mW"
humanoidrobot.mp4,113,5613,7620,0,"07-04-2026 17:29:42 RAM 5613/7620MB (lfb 1x4MB) SWAP 16/3810MB (cached 0MB) CPU [5%@729,1%@729,2%@729,73%@729,25%@1497,0%@1497] GR3D_FREQ 0% cpu@50.531C soc2@49.687C soc0@49.875C gpu@51.281C tj@51.281C soc1@49.875C VDD_IN 4742mW/5189mW VDD_CPU_GPU_CV 1284mW/1513mW VDD_SOC 1404mW/1470mW"
humanoidrobot.mp4,114,5586,7620,0,"07-04-2026 17:29:43 RAM 5586/7620MB (lfb 2x4MB) SWAP 16/3810MB (cached 0MB) CPU [5%@1497,2%@1497,35%@1497,4%@1497,22%@729,35%@729] GR3D_FREQ 0% cpu@50.281C soc2@49.718C soc0@49.906C gpu@51.437C tj@51.437C soc1@49.812C VDD_IN 5377mW/5190mW VDD_CPU_GPU_CV 1602mW/1513mW VDD_SOC 1482mW/1470mW"
humanoidrobot.mp4,115,5613,7620,0,"07-04-2026 17:29:44 RAM 5613/7620MB (lfb 1x4MB) SWAP 16/3810MB (cached 0MB) CPU [4%@1497,40%@1497,66%@1497,3%@1497,3%@729,1%@729] GR3D_FREQ 0% cpu@49.968C soc2@49.75C soc0@49.718C gpu@51.375C tj@51.375C soc1@49.687C VDD_IN 4742mW/5187mW VDD_CPU_GPU_CV 1326mW/1512mW VDD_SOC 1406mW/1470mW"
humanoidrobot.mp4,116,5586,7620,0,"07-04-2026 17:29:45 RAM 5586/7620MB (lfb 3x4MB) SWAP 16/3810MB (cached 0MB) CPU [4%@1497,21%@1497,31%@1497,2%@1497,1%@729,33%@729] GR3D_FREQ 0% cpu@50.468C soc2@49.718C soc0@49.843C gpu@51.468C tj@51.468C soc1@49.687C VDD_IN 5176mW/5186mW VDD_CPU_GPU_CV 1484mW/1512mW VDD_SOC 1444mW/1470mW"
humanoidrobot.mp4,117,5609,7620,0,"07-04-2026 17:29:46 RAM 5609/7620MB (lfb 1x4MB) SWAP 16/3810MB (cached 0MB) CPU [2%@1497,2%@1497,59%@1497,43%@1497,0%@729,0%@729] GR3D_FREQ 0% cpu@50.625C soc2@49.593C soc0@49.843C gpu@51.312C tj@51.312C soc1@49.625C VDD_IN 4702mW/5182mW VDD_CPU_GPU_CV 1286mW/1510mW VDD_SOC 1366mW/1469mW"
humanoidrobot.mp4,118,5576,7620,0,"07-04-2026 17:29:47 RAM 5576/7620MB (lfb 4x4MB) SWAP 16/3810MB (cached 0MB) CPU [2%@1497,3%@1497,40%@1497,12%@1497,0%@729,32%@729] GR3D_FREQ 0% cpu@50.593C soc2@49.656C soc0@49.875C gpu@51.468C tj@51.687C soc1@49.75C VDD_IN 5104mW/5182mW VDD_CPU_GPU_CV 1444mW/1509mW VDD_SOC 1444mW/1468mW"
humanoidrobot.mp4,119,5577,7620,0,"07-04-2026 17:29:48 RAM 5577/7620MB (lfb 3x4MB) SWAP 16/3810MB (cached 0MB) CPU [1%@1497,51%@1497,50%@1497,1%@1497,0%@729,0%@729] GR3D_FREQ 0% cpu@50.093C soc2@49.843C soc0@50C gpu@51.281C tj@51.281C soc1@49.843C VDD_IN 4735mW/5178mW VDD_CPU_GPU_CV 1284mW/1507mW VDD_SOC 1404mW/1468mW"
humanoidrobot.mp4,120,5579,7620,0,"07-04-2026 17:29:49 RAM 5579/7620MB (lfb 3x4MB) SWAP 16/3810MB (cached 0MB) CPU [5%@1497,5%@1497,47%@1497,1%@1497,1%@729,34%@729] GR3D_FREQ 0% cpu@50.406C soc2@49.687C soc0@49.843C gpu@51.281C tj@51.281C soc1@49.593C VDD_IN 4943mW/5176mW VDD_CPU_GPU_CV 1404mW/1506mW VDD_SOC 1406mW/1467mW"
humanoidrobot.mp4,121,5580,7620,0,"07-04-2026 17:29:50 RAM 5580/7620MB (lfb 4x4MB) SWAP 16/3810MB (cached 0MB) CPU [3%@1497,2%@1497,45%@1497,57%@1497,0%@1497,2%@1497] GR3D_FREQ 0% cpu@50.187C soc2@49.625C soc0@49.875C gpu@51.312C tj@51.312C soc1@49.562C VDD_IN 4742mW/5172mW VDD_CPU_GPU_CV 1284mW/1505mW VDD_SOC 1406mW/1467mW"
humanoidrobot.mp4,122,5581,7620,0,"07-04-2026 17:29:51 RAM 5581/7620MB (lfb 4x4MB) SWAP 16/3810MB (cached 0MB) CPU [2%@1497,1%@1497,48%@1497,9%@1497,7%@1497,30%@1497] GR3D_FREQ 0% cpu@50.625C soc2@49.75C soc0@49.75C gpu@51.281C tj@51.281C soc1@49.718C VDD_IN 5056mW/5172mW VDD_CPU_GPU_CV 1444mW/1504mW VDD_SOC 1404mW/1466mW"
humanoidrobot.mp4,123,5598,7620,98,"07-04-2026 17:29:52 RAM 5598/7620MB (lfb 4x4MB) SWAP 16/3810MB (cached 0MB) CPU [47%@729,2%@729,1%@729,4%@729,28%@1267,18%@1267] GR3D_FREQ 98% cpu@49.968C soc2@49.812C soc0@49.843C gpu@51.718C tj@51.718C soc1@49.75C VDD_IN 5729mW/5176mW VDD_CPU_GPU_CV 1880mW/1507mW VDD_SOC 1522mW/1467mW"
humanoidrobot.mp4,124,5602,7620,0,"07-04-2026 17:29:53 RAM 5602/7620MB (lfb 2x4MB) SWAP 16/3810MB (cached 0MB) CPU [3%@729,0%@729,1%@729,0%@729,78%@1497,13%@1497] GR3D_FREQ 0% cpu@49.968C soc2@49.656C soc0@49.968C gpu@51.437C tj@51.437C soc1@49.625C VDD_IN 4750mW/5173mW VDD_CPU_GPU_CV 1326mW/1506mW VDD_SOC 1406mW/1466mW"
humanoidrobot.mp4,125,5610,7620,0,"07-04-2026 17:29:54 RAM 5610/7620MB (lfb 2x4MB) SWAP 16/3810MB (cached 0MB) CPU [16%@883,16%@883,8%@883,4%@883,59%@729,1%@729] GR3D_FREQ 0% cpu@50.062C soc2@49.781C soc0@49.781C gpu@51.781C tj@51.781C soc1@49.656C VDD_IN 6480mW/5183mW VDD_CPU_GPU_CV 2116mW/1510mW VDD_SOC 1720mW/1468mW"
humanoidrobot.mp4,126,5618,7620,0,"07-04-2026 17:29:55 RAM 5618/7620MB (lfb 2x4MB) SWAP 16/3810MB (cached 0MB) CPU [3%@729,7%@729,8%@729,1%@729,20%@1497,74%@1497] GR3D_FREQ 0% cpu@50.187C soc2@49.687C soc0@49.812C gpu@51.437C tj@51.437C soc1@49.718C VDD_IN 4863mW/5180mW VDD_CPU_GPU_CV 1324mW/1509mW VDD_SOC 1404mW/1468mW"
humanoidrobot.mp4,127,5614,7620,0,"07-04-2026 17:29:56 RAM 5614/7620MB (lfb 2x4MB) SWAP 16/3810MB (cached 0MB) CPU [4%@729,0%@729,2%@729,2%@729,64%@1497,18%@1497] GR3D_FREQ 0% cpu@50.218C soc2@49.687C soc0@49.906C gpu@51.406C tj@51.406C soc1@49.75C VDD_IN 5448mW/5183mW VDD_CPU_GPU_CV 1602mW/1510mW VDD_SOC 1522mW/1468mW"
humanoidrobot.mp4,128,5622,7620,0,"07-04-2026 17:29:57 RAM 5622/7620MB (lfb 2x4MB) SWAP 16/3810MB (cached 0MB) CPU [35%@1497,1%@1497,1%@1497,1%@1497,0%@729,68%@729] GR3D_FREQ 0% cpu@50.281C soc2@49.937C soc0@49.875C gpu@51.218C tj@51.218C soc1@49.781C VDD_IN 4742mW/5179mW VDD_CPU_GPU_CV 1284mW/1508mW VDD_SOC 1406mW/1468mW"
humanoidrobot.mp4,129,5587,7620,0,"07-04-2026 17:29:58 RAM 5587/7620MB (lfb 4x4MB) SWAP 16/3810MB (cached 0MB) CPU [22%@729,1%@729,26%@729,2%@729,8%@1497,29%@1497] GR3D_FREQ 0% cpu@49.968C soc2@49.718C soc0@49.75C gpu@51.406C tj@51.406C soc1@49.718C VDD_IN 5176mW/5179mW VDD_CPU_GPU_CV 1484mW/1508mW VDD_SOC 1444mW/1468mW"
humanoidrobot.mp4,130,5622,7620,0,"07-04-2026 17:29:59 RAM 5622/7620MB (lfb 3x4MB) SWAP 16/3810MB (cached 0MB) CPU [44%@1497,5%@1497,3%@1497,3%@1497,0%@883,59%@883] GR3D_FREQ 0% cpu@50.281C soc2@49.843C soc0@49.75C gpu@51.312C tj@51.312C soc1@49.625C VDD_IN 4702mW/5175mW VDD_CPU_GPU_CV 1284mW/1506mW VDD_SOC 1366mW/1467mW"
humanoidrobot.mp4,131,5592,7620,0,"07-04-2026 17:30:00 RAM 5592/7620MB (lfb 4x4MB) SWAP 16/3810MB (cached 0MB) CPU [37%@729,1%@729,14%@729,3%@729,0%@1497,36%@1497] GR3D_FREQ 0% cpu@49.937C soc2@49.687C soc0@49.781C gpu@51.343C tj@51.343C soc1@49.656C VDD_IN 5144mW/5175mW VDD_CPU_GPU_CV 1444mW/1506mW VDD_SOC 1444mW/1467mW"
humanoidrobot.mp4,132,5620,7620,0,"07-04-2026 17:30:01 RAM 5620/7620MB (lfb 3x4MB) SWAP 16/3810MB (cached 0MB) CPU [11%@729,23%@729,9%@729,7%@729,27%@1497,56%@1497] GR3D_FREQ 0% cpu@50.281C soc2@49.75C soc0@49.843C gpu@51.312C tj@51.5C soc1@49.75C VDD_IN 4855mW/5173mW VDD_CPU_GPU_CV 1402mW/1505mW VDD_SOC 1404mW/1466mW"
humanoidrobot.mp4,133,5590,7620,0,"07-04-2026 17:30:02 RAM 5590/7620MB (lfb 3x4MB) SWAP 16/3810MB (cached 0MB) CPU [12%@729,3%@729,3%@729,12%@729,28%@1497,42%@1497] GR3D_FREQ 0% cpu@49.937C soc2@49.718C soc0@50.031C gpu@51.531C tj@51.531C soc1@49.812C VDD_IN 5176mW/5173mW VDD_CPU_GPU_CV 1522mW/1505mW VDD_SOC 1444mW/1466mW"
humanoidrobot.mp4,134,5617,7620,0,"07-04-2026 17:30:03 RAM 5617/7620MB (lfb 3x4MB) SWAP 16/3810MB (cached 0MB) CPU [52%@806,2%@806,2%@806,4%@806,5%@1497,45%@1497] GR3D_FREQ 0% cpu@50.218C soc2@49.718C soc0@49.812C gpu@51.468C tj@51.468C soc1@49.625C VDD_IN 4742mW/5170mW VDD_CPU_GPU_CV 1284mW/1503mW VDD_SOC 1404mW/1466mW"
humanoidrobot.mp4,135,5620,7620,0,"07-04-2026 17:30:04 RAM 5620/7620MB (lfb 3x4MB) SWAP 16/3810MB (cached 0MB) CPU [3%@729,1%@729,5%@729,1%@729,26%@1497,55%@1497] GR3D_FREQ 0% cpu@50.187C soc2@49.687C soc0@49.75C gpu@51.562C tj@51.562C soc1@49.718C VDD_IN 4943mW/5168mW VDD_CPU_GPU_CV 1404mW/1503mW VDD_SOC 1446mW/1465mW"
humanoidrobot.mp4,136,5593,7620,86,"07-04-2026 17:30:05 RAM 5593/7620MB (lfb 3x4MB) SWAP 16/3810MB (cached 0MB) CPU [55%@883,4%@883,6%@883,2%@883,9%@883,29%@883] GR3D_FREQ 86% cpu@49.937C soc2@49.843C soc0@49.843C gpu@51.75C tj@51.75C soc1@49.812C VDD_IN 5296mW/5169mW VDD_CPU_GPU_CV 1602mW/1503mW VDD_SOC 1444mW/1465mW"
humanoidrobot.mp4,137,5587,7620,0,"07-04-2026 17:30:06 RAM 5587/7620MB (lfb 3x4MB) SWAP 16/3810MB (cached 0MB) CPU [2%@729,11%@729,21%@729,1%@729,2%@1497,65%@1497] GR3D_FREQ 0% cpu@49.937C soc2@49.687C soc0@50C gpu@51.406C tj@51.406C soc1@49.625C VDD_IN 4823mW/5166mW VDD_CPU_GPU_CV 1366mW/1502mW VDD_SOC 1406mW/1465mW"
humanoidrobot.mp4,138,5579,7620,99,"07-04-2026 17:30:07 RAM 5579/7620MB (lfb 3x4MB) SWAP 16/3810MB (cached 0MB) CPU [3%@729,54%@729,9%@729,3%@729,9%@960,23%@960] GR3D_FREQ 99% cpu@50.031C soc2@49.687C soc0@49.75C gpu@51.937C tj@51.937C soc1@49.656C VDD_IN 5488mW/5169mW VDD_CPU_GPU_CV 1760mW/1504mW VDD_SOC 1482mW/1465mW"
humanoidrobot.mp4,139,5579,7620,0,"07-04-2026 17:30:08 RAM 5579/7620MB (lfb 4x4MB) SWAP 16/3810MB (cached 0MB) CPU [2%@729,0%@729,2%@729,1%@729,16%@1497,75%@1497] GR3D_FREQ 0% cpu@50.187C soc2@49.718C soc0@49.843C gpu@51.531C tj@51.531C soc1@49.718C VDD_IN 4750mW/5166mW VDD_CPU_GPU_CV 1326mW/1503mW VDD_SOC 1406mW/1465mW"
humanoidrobot.mp4,140,5573,7620,99,"07-04-2026 17:30:09 RAM 5573/7620MB (lfb 4x4MB) SWAP 16/3810MB (cached 0MB) CPU [3%@1267,13%@1267,3%@1267,53%@1267,10%@729,12%@729] GR3D_FREQ 99% cpu@49.968C soc2@49.781C soc0@49.875C gpu@52.187C tj@52.187C soc1@49.718C VDD_IN 6440mW/5175mW VDD_CPU_GPU_CV 2160mW/1508mW VDD_SOC 1720mW/1466mW"
humanoidrobot.mp4,141,5581,7620,0,"07-04-2026 17:30:10 RAM 5581/7620MB (lfb 4x4MB) SWAP 16/3810MB (cached 0MB) CPU [4%@729,18%@729,5%@729,5%@729,0%@1497,86%@1497] GR3D_FREQ 0% cpu@50.093C soc2@49.687C soc0@50C gpu@51.375C tj@51.375C soc1@49.812C VDD_IN 4863mW/5173mW VDD_CPU_GPU_CV 1324mW/1506mW VDD_SOC 1406mW/1466mW"
humanoidrobot.mp4,142,5584,7620,0,"07-04-2026 17:30:11 RAM 5584/7620MB (lfb 4x4MB) SWAP 16/3810MB (cached 0MB) CPU [5%@729,28%@729,5%@1497,55%@1497,2%@1344,4%@1344] GR3D_FREQ 0% cpu@50C soc2@49.687C soc0@49.812C gpu@51.593C tj@51.593C soc1@49.656C VDD_IN 6200mW/5180mW VDD_CPU_GPU_CV 1960mW/1509mW VDD_SOC 1680mW/1467mW"
humanoidrobot.mp4,143,5612,7620,0,"07-04-2026 17:30:12 RAM 5612/7620MB (lfb 3x4MB) SWAP 16/3810MB (cached 0MB) CPU [13%@1497,2%@1497,1%@1497,1%@1497,4%@729,84%@729] GR3D_FREQ 0% cpu@50.25C soc2@49.812C soc0@49.812C gpu@51.375C tj@51.375C soc1@49.656C VDD_IN 4823mW/5177mW VDD_CPU_GPU_CV 1324mW/1508mW VDD_SOC 1404mW/1467mW"
humanoidrobot.mp4,144,5583,7620,0,"07-04-2026 17:30:13 RAM 5583/7620MB (lfb 3x4MB) SWAP 16/3810MB (cached 0MB) CPU [45%@729,2%@729,2%@729,2%@729,15%@1190,26%@1190] GR3D_FREQ 0% cpu@49.968C soc2@49.781C soc0@49.875C gpu@51.5C tj@51.5C soc1@49.718C VDD_IN 5929mW/5182mW VDD_CPU_GPU_CV 1800mW/1510mW VDD_SOC 1600mW/1468mW"
humanoidrobot.mp4,145,5614,7620,0,"07-04-2026 17:30:14 RAM 5614/7620MB (lfb 3x4MB) SWAP 16/3810MB (cached 0MB) CPU [24%@1497,1%@1497,3%@1497,2%@1497,80%@1497,0%@1497] GR3D_FREQ 0% cpu@50.218C soc2@49.906C soc0@49.875C gpu@51.468C tj@51.687C soc1@49.781C VDD_IN 4782mW/5180mW VDD_CPU_GPU_CV 1324mW/1509mW VDD_SOC 1406mW/1467mW"
humanoidrobot.mp4,146,5584,7620,0,"07-04-2026 17:30:15 RAM 5584/7620MB (lfb 4x4MB) SWAP 16/3810MB (cached 0MB) CPU [34%@729,1%@729,1%@729,4%@729,17%@1497,31%@1497] GR3D_FREQ 0% cpu@50.031C soc2@49.812C soc0@50.031C gpu@51.375C tj@51.375C soc1@49.687C VDD_IN 5497mW/5182mW VDD_CPU_GPU_CV 1642mW/1510mW VDD_SOC 1522mW/1468mW"
humanoidrobot.mp4,147,5614,7620,0,"07-04-2026 17:30:16 RAM 5614/7620MB (lfb 3x4MB) SWAP 16/3810MB (cached 0MB) CPU [1%@1497,33%@1497,2%@1497,1%@1497,69%@1190,0%@1190] GR3D_FREQ 0% cpu@50.187C soc2@49.75C soc0@49.781C gpu@51.312C tj@51.312C soc1@49.656C VDD_IN 4742mW/5179mW VDD_CPU_GPU_CV 1284mW/1508mW VDD_SOC 1406mW/1467mW"
humanoidrobot.mp4,148,5583,7620,0,"07-04-2026 17:30:17 RAM 5583/7620MB (lfb 3x4MB) SWAP 16/3810MB (cached 0MB) CPU [2%@729,24%@729,1%@729,16%@729,24%@1497,33%@1497] GR3D_FREQ 0% cpu@50.187C soc2@49.687C soc0@49.906C gpu@51.312C tj@51.312C soc1@49.718C VDD_IN 5296mW/5180mW VDD_CPU_GPU_CV 1562mW/1509mW VDD_SOC 1484mW/1468mW"
humanoidrobot.mp4,149,5610,7620,0,"07-04-2026 17:30:18 RAM 5610/7620MB (lfb 3x4MB) SWAP 16/3810MB (cached 0MB) CPU [41%@1497,3%@1497,2%@1497,0%@1497,61%@806,0%@806] GR3D_FREQ 0% cpu@50.468C soc2@49.906C soc0@49.875C gpu@51.312C tj@51.312C soc1@49.781C VDD_IN 4702mW/5177mW VDD_CPU_GPU_CV 1286mW/1507mW VDD_SOC 1366mW/1467mW"
humanoidrobot.mp4,150,5584,7620,0,"07-04-2026 17:30:19 RAM 5584/7620MB (lfb 3x4MB) SWAP 16/3810MB (cached 0MB) CPU [15%@729,4%@729,4%@729,2%@729,39%@1497,31%@1497] GR3D_FREQ 0% cpu@50.156C soc2@49.781C soc0@49.968C gpu@51.406C tj@51.406C soc1@49.843C VDD_IN 5136mW/5176mW VDD_CPU_GPU_CV 1484mW/1507mW VDD_SOC 1444mW/1467mW"
humanoidrobot.mp4,151,5582,7620,0,"07-04-2026 17:30:20 RAM 5582/7620MB (lfb 4x4MB) SWAP 16/3810MB (cached 0MB) CPU [2%@1497,2%@1497,54%@1497,2%@1497,48%@729,0%@729] GR3D_FREQ 0% cpu@50.343C soc2@49.781C soc0@49.843C gpu@51.468C tj@51.468C soc1@49.718C VDD_IN 4742mW/5173mW VDD_CPU_GPU_CV 1284mW/1506mW VDD_SOC 1406mW/1466mW"
humanoidrobot.mp4,152,5582,7620,0,"07-04-2026 17:30:21 RAM 5582/7620MB (lfb 5x4MB) SWAP 16/3810MB (cached 0MB) CPU [2%@729,2%@729,1%@729,0%@729,9%@1497,74%@1497] GR3D_FREQ 0% cpu@50.156C soc2@49.843C soc0@49.843C gpu@51.5C tj@51.5C soc1@49.75C VDD_IN 4943mW/5172mW VDD_CPU_GPU_CV 1404mW/1505mW VDD_SOC 1406mW/1466mW"
humanoidrobot.mp4,153,5609,7620,98,"07-04-2026 17:30:22 RAM 5609/7620MB (lfb 3x4MB) SWAP 16/3810MB (cached 0MB) CPU [2%@729,1%@729,56%@729,2%@729,7%@1113,36%@1113] GR3D_FREQ 98% cpu@50.093C soc2@49.875C soc0@49.812C gpu@51.625C tj@51.625C soc1@49.718C VDD_IN 4782mW/5169mW VDD_CPU_GPU_CV 1324mW/1504mW VDD_SOC 1404mW/1466mW"
humanoidrobot.mp4,154,5609,7620,0,"07-04-2026 17:30:23 RAM 5609/7620MB (lfb 2x4MB) SWAP 16/3810MB (cached 0MB) CPU [4%@1344,2%@1344,5%@1344,25%@1344,1%@1497,58%@1497] GR3D_FREQ 0% cpu@50.25C soc2@49.781C soc0@49.937C gpu@51.281C tj@51.281C soc1@49.875C VDD_IN 4863mW/5167mW VDD_CPU_GPU_CV 1364mW/1503mW VDD_SOC 1406mW/1465mW"
humanoidrobot.mp4,155,5610,7620,88,"07-04-2026 17:30:24 RAM 5610/7620MB (lfb 2x4MB) SWAP 16/3810MB (cached 0MB) CPU [3%@729,1%@729,55%@729,14%@729,1%@729,29%@729] GR3D_FREQ 88% cpu@50.062C soc2@49.812C soc0@49.718C gpu@51.75C tj@51.75C soc1@49.718C VDD_IN 5457mW/5169mW VDD_CPU_GPU_CV 1722mW/1504mW VDD_SOC 1482mW/1465mW"
humanoidrobot.mp4,156,5610,7620,0,"07-04-2026 17:30:25 RAM 5610/7620MB (lfb 2x4MB) SWAP 16/3810MB (cached 0MB) CPU [3%@729,2%@729,1%@729,6%@729,14%@1497,70%@1497] GR3D_FREQ 0% cpu@50.312C soc2@49.718C soc0@49.875C gpu@51.5C tj@51.5C soc1@49.718C VDD_IN 4782mW/5167mW VDD_CPU_GPU_CV 1326mW/1503mW VDD_SOC 1406mW/1465mW"
humanoidrobot.mp4,157,5579,7620,98,"07-04-2026 17:30:26 RAM 5579/7620MB (lfb 3x4MB) SWAP 16/3810MB (cached 0MB) CPU [9%@883,2%@883,56%@883,2%@883,12%@1497,16%@1497] GR3D_FREQ 98% cpu@50.187C soc2@49.812C soc0@49.812C gpu@52.156C tj@52.156C soc1@49.781C VDD_IN 5809mW/5171mW VDD_CPU_GPU_CV 1960mW/1506mW VDD_SOC 1522mW/1465mW"
humanoidrobot.mp4,158,5580,7620,0,"07-04-2026 17:30:27 RAM 5580/7620MB (lfb 3x4MB) SWAP 16/3810MB (cached 0MB) CPU [13%@729,2%@729,1%@729,0%@729,80%@1497,0%@1497] GR3D_FREQ 0% cpu@50.031C soc2@49.781C soc0@49.937C gpu@51.562C tj@51.562C soc1@49.906C VDD_IN 4750mW/5168mW VDD_CPU_GPU_CV 1326mW/1505mW VDD_SOC 1366mW/1465mW"
humanoidrobot.mp4,159,5587,7620,99,"07-04-2026 17:30:28 RAM 5587/7620MB (lfb 2x4MB) SWAP 16/3810MB (cached 0MB) CPU [21%@960,58%@960,4%@960,4%@960,11%@1267,11%@1267] GR3D_FREQ 99% cpu@50.031C soc2@49.968C soc0@49.75C gpu@52.187C tj@52.187C soc1@49.656C VDD_IN 6600mW/5177mW VDD_CPU_GPU_CV 2276mW/1510mW VDD_SOC 1720mW/1466mW"
humanoidrobot.mp4,160,5582,7620,0,"07-04-2026 17:30:29 RAM 5582/7620MB (lfb 3x4MB) SWAP 16/3810MB (cached 0MB) CPU [2%@1497,5%@1497,2%@1497,3%@1497,13%@1497,85%@1497] GR3D_FREQ 0% cpu@50.25C soc2@49.781C soc0@49.781C gpu@51.375C tj@51.375C soc1@49.718C VDD_IN 4863mW/5175mW VDD_CPU_GPU_CV 1364mW/1509mW VDD_SOC 1406mW/1466mW"
humanoidrobot.mp4,161,5582,7620,0,"07-04-2026 17:30:30 RAM 5582/7620MB (lfb 4x4MB) SWAP 16/3810MB (cached 0MB) CPU [0%@1497,50%@1497,24%@1497,2%@1497,8%@729,1%@729] GR3D_FREQ 0% cpu@50.468C soc2@49.812C soc0@49.906C gpu@51.531C tj@51.531C soc1@49.781C VDD_IN 6120mW/5181mW VDD_CPU_GPU_CV 1916mW/1511mW VDD_SOC 1680mW/1467mW"
humanoidrobot.mp4,162,5608,7620,0,"07-04-2026 17:30:31 RAM 5608/7620MB (lfb 3x4MB) SWAP 16/3810MB (cached 0MB) CPU [2%@1497,17%@1497,2%@1497,2%@1497,0%@729,86%@729] GR3D_FREQ 0% cpu@50.343C soc2@49.812C soc0@49.875C gpu@51.375C tj@51.375C soc1@49.718C VDD_IN 4782mW/5179mW VDD_CPU_GPU_CV 1324mW/1510mW VDD_SOC 1406mW/1467mW"
humanoidrobot.mp4,163,5576,7620,0,"07-04-2026 17:30:32 RAM 5576/7620MB (lfb 3x4MB) SWAP 16/3810MB (cached 0MB) CPU [2%@729,41%@729,32%@729,4%@729,0%@883,7%@883] GR3D_FREQ 0% cpu@49.875C soc2@49.687C soc0@49.875C gpu@51.5C tj@51.5C soc1@49.812C VDD_IN 5689mW/5182mW VDD_CPU_GPU_CV 1680mW/1511mW VDD_SOC 1562mW/1467mW"
humanoidrobot.mp4,164,5607,7620,0,"07-04-2026 17:30:33 RAM 5607/7620MB (lfb 2x4MB) SWAP 16/3810MB (cached 0MB) CPU [4%@1497,23%@1497,3%@1497,2%@1497,0%@729,80%@729] GR3D_FREQ 0% cpu@50.187C soc2@49.656C soc0@49.75C gpu@51.312C tj@51.312C soc1@49.718C VDD_IN 4823mW/5180mW VDD_CPU_GPU_CV 1324mW/1510mW VDD_SOC 1404mW/1467mW"
humanoidrobot.mp4,165,5587,7620,0,"07-04-2026 17:30:34 RAM 5587/7620MB (lfb 3x4MB) SWAP 16/3810MB (cached 0MB) CPU [2%@729,22%@729,3%@729,1%@729,31%@1497,33%@1497] GR3D_FREQ 0% cpu@50.25C soc2@49.718C soc0@49.843C gpu@51.406C tj@51.406C soc1@49.656C VDD_IN 5528mW/5182mW VDD_CPU_GPU_CV 1642mW/1511mW VDD_SOC 1522mW/1467mW"
humanoidrobot.mp4,166,5610,7620,0,"07-04-2026 17:30:35 RAM 5610/7620MB (lfb 3x4MB) SWAP 16/3810MB (cached 0MB) CPU [1%@729,0%@729,5%@729,2%@729,68%@1497,32%@1497] GR3D_FREQ 0% cpu@50.187C soc2@49.687C soc0@49.843C gpu@51.531C tj@51.531C soc1@49.75C VDD_IN 4742mW/5179mW VDD_CPU_GPU_CV 1284mW/1509mW VDD_SOC 1406mW/1467mW"
humanoidrobot.mp4,167,5587,7620,0,"07-04-2026 17:30:36 RAM 5587/7620MB (lfb 3x4MB) SWAP 16/3810MB (cached 0MB) CPU [1%@729,1%@729,2%@729,3%@729,32%@1497,53%@1497] GR3D_FREQ 0% cpu@50.343C soc2@49.687C soc0@49.843C gpu@51.687C tj@51.687C soc1@49.718C VDD_IN 5256mW/5179mW VDD_CPU_GPU_CV 1524mW/1510mW VDD_SOC 1484mW/1467mW"
humanoidrobot.mp4,168,5608,7620,0,"07-04-2026 17:30:37 RAM 5608/7620MB (lfb 3x4MB) SWAP 16/3810MB (cached 0MB) CPU [2%@729,0%@729,2%@729,1%@729,57%@1497,43%@1497] GR3D_FREQ 0% cpu@50C soc2@49.656C soc0@49.968C gpu@51.625C tj@51.625C soc1@49.781C VDD_IN 4669mW/5176mW VDD_CPU_GPU_CV 1286mW/1508mW VDD_SOC 1366mW/1466mW"
humanoidrobot.mp4,169,5582,7620,0,"07-04-2026 17:30:38 RAM 5582/7620MB (lfb 3x4MB) SWAP 16/3810MB (cached 0MB) CPU [4%@729,2%@729,3%@729,2%@729,41%@1497,43%@1497] GR3D_FREQ 0% cpu@50.218C soc2@49.718C soc0@49.781C gpu@51.687C tj@51.687C soc1@49.625C VDD_IN 5096mW/5176mW VDD_CPU_GPU_CV 1484mW/1508mW VDD_SOC 1444mW/1466mW"
humanoidrobot.mp4,170,5587,7620,0,"07-04-2026 17:30:39 RAM 5587/7620MB (lfb 4x4MB) SWAP 16/3810MB (cached 0MB) CPU [2%@729,2%@729,16%@729,2%@729,45%@1497,55%@1497] GR3D_FREQ 0% cpu@50.375C soc2@49.656C soc0@49.812C gpu@51.25C tj@51.25C soc1@49.718C VDD_IN 4815mW/5174mW VDD_CPU_GPU_CV 1364mW/1507mW VDD_SOC 1404mW/1466mW"
humanoidrobot.mp4,171,5588,7620,0,"07-04-2026 17:30:40 RAM 5588/7620MB (lfb 3x4MB) SWAP 16/3810MB (cached 0MB) CPU [3%@729,0%@729,1%@729,1%@729,49%@1497,32%@1497] GR3D_FREQ 0% cpu@50.156C soc2@49.781C soc0@49.906C gpu@51.406C tj@51.406C soc1@49.718C VDD_IN 4943mW/5173mW VDD_CPU_GPU_CV 1404mW/1507mW VDD_SOC 1406mW/1466mW"
humanoidrobot.mp4,172,5589,7620,96,"07-04-2026 17:30:41 RAM 5589/7620MB (lfb 3x4MB) SWAP 16/3810MB (cached 0MB) CPU [7%@729,3%@729,8%@729,3%@729,38%@1497,61%@1497] GR3D_FREQ 96% cpu@49.937C soc2@49.718C soc0@49.812C gpu@51.437C tj@51.437C soc1@49.812C VDD_IN 4782mW/5170mW VDD_CPU_GPU_CV 1324mW/1506mW VDD_SOC 1404mW/1465mW"
humanoidrobot.mp4,173,5590,7620,0,"07-04-2026 17:30:42 RAM 5590/7620MB (lfb 3x4MB) SWAP 16/3810MB (cached 0MB) CPU [2%@729,1%@729,0%@729,2%@729,60%@1497,25%@1497] GR3D_FREQ 0% cpu@50.218C soc2@49.593C soc0@49.875C gpu@51.5C tj@51.5C soc1@49.625C VDD_IN 4903mW/5169mW VDD_CPU_GPU_CV 1404mW/1505mW VDD_SOC 1406mW/1465mW"
humanoidrobot.mp4,174,5618,7620,98,"07-04-2026 17:30:43 RAM 5618/7620MB (lfb 3x4MB) SWAP 16/3810MB (cached 0MB) CPU [2%@729,4%@729,3%@729,6%@729,24%@1344,69%@1344] GR3D_FREQ 98% cpu@50.187C soc2@49.781C soc0@49.687C gpu@51.812C tj@51.812C soc1@49.656C VDD_IN 5769mW/5172mW VDD_CPU_GPU_CV 1960mW/1508mW VDD_SOC 1522mW/1465mW"
humanoidrobot.mp4,175,5617,7620,0,"07-04-2026 17:30:44 RAM 5617/7620MB (lfb 3x4MB) SWAP 16/3810MB (cached 0MB) CPU [2%@729,0%@729,2%@729,0%@729,78%@1497,13%@1497] GR3D_FREQ 0% cpu@50.25C soc2@49.718C soc0@49.812C gpu@51.218C tj@51.218C soc1@49.718C VDD_IN 4782mW/5170mW VDD_CPU_GPU_CV 1366mW/1507mW VDD_SOC 1406mW/1465mW"
humanoidrobot.mp4,176,5606,7620,37,"07-04-2026 17:30:45 RAM 5606/7620MB (lfb 3x4MB) SWAP 16/3810MB (cached 0MB) CPU [4%@729,2%@729,2%@729,2%@729,6%@1036,75%@1036] GR3D_FREQ 37% cpu@50.156C soc2@49.812C soc0@49.906C gpu@51.718C tj@51.718C soc1@49.75C VDD_IN 6410mW/5177mW VDD_CPU_GPU_CV 2120mW/1510mW VDD_SOC 1720mW/1466mW"
humanoidrobot.mp4,177,5592,7620,0,"07-04-2026 17:30:46 RAM 5592/7620MB (lfb 3x4MB) SWAP 16/3810MB (cached 0MB) CPU [87%@1497,1%@1497,1%@1497,1%@1497,0%@729,13%@729] GR3D_FREQ 0% cpu@50.312C soc2@49.906C soc0@49.968C gpu@51.218C tj@51.218C soc1@49.718C VDD_IN 4742mW/5174mW VDD_CPU_GPU_CV 1286mW/1509mW VDD_SOC 1406mW/1466mW"
humanoidrobot.mp4,178,5592,7620,0,"07-04-2026 17:30:47 RAM 5592/7620MB (lfb 3x4MB) SWAP 16/3810MB (cached 0MB) CPU [5%@729,2%@729,2%@729,2%@729,2%@1420,80%@1420] GR3D_FREQ 0% cpu@50C soc2@49.812C soc0@49.843C gpu@51.687C tj@51.687C soc1@49.718C VDD_IN 6320mW/5181mW VDD_CPU_GPU_CV 2036mW/1512mW VDD_SOC 1680mW/1467mW"
humanoidrobot.mp4,179,5614,7620,0,"07-04-2026 17:30:48 RAM 5614/7620MB (lfb 3x4MB) SWAP 16/3810MB (cached 0MB) CPU [87%@729,6%@729,3%@729,2%@729,0%@1497,13%@1497] GR3D_FREQ 0% cpu@50.25C soc2@49.843C soc0@49.75C gpu@51.468C tj@51.468C soc1@49.781C VDD_IN 4855mW/5179mW VDD_CPU_GPU_CV 1324mW/1511mW VDD_SOC 1404mW/1467mW"
humanoidrobot.mp4,180,5587,7620,0,"07-04-2026 17:30:49 RAM 5587/7620MB (lfb 3x4MB) SWAP 16/3810MB (cached 0MB) CPU [4%@729,2%@729,3%@729,4%@729,0%@1190,78%@1190] GR3D_FREQ 0% cpu@50.031C soc2@49.75C soc0@49.968C gpu@51.593C tj@51.593C soc1@49.718C VDD_IN 6000mW/5184mW VDD_CPU_GPU_CV 1837mW/1513mW VDD_SOC 1640mW/1468mW"
humanoidrobot.mp4,181,5613,7620,0,"07-04-2026 17:30:50 RAM 5613/7620MB (lfb 2x4MB) SWAP 16/3810MB (cached 0MB) CPU [85%@1497,3%@1497,2%@1497,15%@1497,0%@729,0%@729] GR3D_FREQ 0% cpu@50.375C soc2@49.812C soc0@50C gpu@51.531C tj@51.531C soc1@49.875C VDD_IN 4782mW/5181mW VDD_CPU_GPU_CV 1284mW/1511mW VDD_SOC 1406mW/1467mW"
humanoidrobot.mp4,182,5588,7620,0,"07-04-2026 17:30:51 RAM 5588/7620MB (lfb 4x4MB) SWAP 16/3810MB (cached 0MB) CPU [1%@1113,8%@1113,6%@1113,43%@1113,6%@1420,32%@1420] GR3D_FREQ 0% cpu@50.218C soc2@49.718C soc0@49.812C gpu@51.468C tj@51.468C soc1@49.718C VDD_IN 5809mW/5185mW VDD_CPU_GPU_CV 1800mW/1513mW VDD_SOC 1562mW/1468mW"
humanoidrobot.mp4,183,5609,7620,0,"07-04-2026 17:30:52 RAM 5609/7620MB (lfb 3x4MB) SWAP 16/3810MB (cached 0MB) CPU [24%@1497,78%@1497,3%@1497,1%@1497,0%@729,0%@729] GR3D_FREQ 0% cpu@50.25C soc2@49.906C soc0@49.875C gpu@51.281C tj@51.281C soc1@49.687C VDD_IN 4782mW/5183mW VDD_CPU_GPU_CV 1326mW/1512mW VDD_SOC 1406mW/1468mW"
humanoidrobot.mp4,184,5587,7620,0,"07-04-2026 17:30:53 RAM 5587/7620MB (lfb 3x4MB) SWAP 16/3810MB (cached 0MB) CPU [36%@1497,20%@1497,2%@1497,2%@1497,2%@729,31%@729] GR3D_FREQ 0% cpu@50.218C soc2@49.875C soc0@49.937C gpu@51.375C tj@51.375C soc1@49.718C VDD_IN 5577mW/5185mW VDD_CPU_GPU_CV 1682mW/1513mW VDD_SOC 1522mW/1468mW"
humanoidrobot.mp4,185,5614,7620,0,"07-04-2026 17:30:54 RAM 5614/7620MB (lfb 2x4MB) SWAP 16/3810MB (cached 0MB) CPU [4%@729,65%@729,4%@729,3%@729,34%@1497,0%@1497] GR3D_FREQ 0% cpu@50.156C soc2@49.75C soc0@49.937C gpu@51.343C tj@51.343C soc1@49.781C VDD_IN 4782mW/5183mW VDD_CPU_GPU_CV 1324mW/1512mW VDD_SOC 1406mW/1468mW"
humanoidrobot.mp4,186,5583,7620,0,"07-04-2026 17:30:55 RAM 5583/7620MB (lfb 4x4MB) SWAP 16/3810MB (cached 0MB) CPU [2%@1497,30%@1497,4%@1497,1%@1497,19%@729,33%@729] GR3D_FREQ 0% cpu@50.062C soc2@49.781C soc0@50C gpu@51.656C tj@51.656C soc1@49.687C VDD_IN 5176mW/5183mW VDD_CPU_GPU_CV 1482mW/1512mW VDD_SOC 1484mW/1468mW"
humanoidrobot.mp4,187,5614,7620,0,"07-04-2026 17:30:56 RAM 5614/7620MB (lfb 2x4MB) SWAP 16/3810MB (cached 0MB) CPU [1%@729,60%@729,1%@729,1%@729,43%@1497,0%@1497] GR3D_FREQ 0% cpu@50.156C soc2@49.656C soc0@49.781C gpu@51.5C tj@51.5C soc1@49.718C VDD_IN 4702mW/5180mW VDD_CPU_GPU_CV 1284mW/1511mW VDD_SOC 1366mW/1467mW"
humanoidrobot.mp4,188,5589,7620,0,"07-04-2026 17:30:57 RAM 5589/7620MB (lfb 2x4MB) SWAP 16/3810MB (cached 0MB) CPU [1%@1497,42%@1497,1%@1497,2%@1497,12%@729,32%@729] GR3D_FREQ 0% cpu@50.375C soc2@49.843C soc0@49.812C gpu@51.531C tj@51.531C soc1@49.812C VDD_IN 5024mW/5179mW VDD_CPU_GPU_CV 1404mW/1510mW VDD_SOC 1446mW/1467mW"
humanoidrobot.mp4,189,5588,7620,0,"07-04-2026 17:30:58 RAM 5588/7620MB (lfb 4x4MB) SWAP 16/3810MB (cached 0MB) CPU [53%@1497,9%@1497,5%@1497,1%@1497,42%@729,3%@729] GR3D_FREQ 0% cpu@50.468C soc2@49.875C soc0@49.812C gpu@51.531C tj@51.531C soc1@49.75C VDD_IN 4775mW/5177mW VDD_CPU_GPU_CV 1324mW/1509mW VDD_SOC 1404mW/1467mW"
humanoidrobot.mp4,190,5589,7620,0,"07-04-2026 17:30:59 RAM 5589/7620MB (lfb 4x4MB) SWAP 16/3810MB (cached 0MB) CPU [3%@729,1%@729,1%@729,2%@729,49%@1497,32%@1497] GR3D_FREQ 0% cpu@50.125C soc2@49.75C soc0@49.906C gpu@51.593C tj@51.593C soc1@49.812C VDD_IN 5024mW/5176mW VDD_CPU_GPU_CV 1444mW/1509mW VDD_SOC 1446mW/1467mW"
humanoidrobot.mp4,191,5581,7620,0,"07-04-2026 17:31:00 RAM 5581/7620MB (lfb 4x4MB) SWAP 16/3810MB (cached 0MB) CPU [14%@729,12%@729,2%@729,3%@729,82%@1497,5%@1497] GR3D_FREQ 0% cpu@50.125C soc2@49.75C soc0@49.937C gpu@51.468C tj@51.468C soc1@49.718C VDD_IN 4775mW/5174mW VDD_CPU_GPU_CV 1324mW/1508mW VDD_SOC 1404mW/1466mW"
humanoidrobot.mp4,192,5585,7620,0,"07-04-2026 17:31:01 RAM 5585/7620MB (lfb 4x4MB) SWAP 16/3810MB (cached 0MB) CPU [2%@729,1%@729,2%@729,1%@729,64%@1497,21%@1497] GR3D_FREQ 0% cpu@50.093C soc2@49.625C soc0@49.843C gpu@51.343C tj@51.343C soc1@49.718C VDD_IN 4943mW/5173mW VDD_CPU_GPU_CV 1404mW/1507mW VDD_SOC 1406mW/1466mW"
humanoidrobot.mp4,193,5605,7620,99,"07-04-2026 17:31:02 RAM 5605/7620MB (lfb 4x4MB) SWAP 16/3810MB (cached 0MB) CPU [7%@729,47%@729,2%@729,0%@729,21%@729,24%@729] GR3D_FREQ 99% cpu@50.187C soc2@49.875C soc0@49.781C gpu@52.062C tj@52.062C soc1@49.656C VDD_IN 6400mW/5179mW VDD_CPU_GPU_CV 2156mW/1510mW VDD_SOC 1680mW/1467mW"
humanoidrobot.mp4,194,5609,7620,0,"07-04-2026 17:31:03 RAM 5609/7620MB (lfb 3x4MB) SWAP 16/3810MB (cached 0MB) CPU [16%@729,1%@729,2%@729,0%@729,85%@1497,0%@1497] GR3D_FREQ 0% cpu@50.625C soc2@49.718C soc0@49.906C gpu@51.375C tj@51.375C soc1@49.718C VDD_IN 4823mW/5177mW VDD_CPU_GPU_CV 1326mW/1510mW VDD_SOC 1406mW/1467mW"
humanoidrobot.mp4,195,5592,7620,0,"07-04-2026 17:31:04 RAM 5592/7620MB (lfb 2x4MB) SWAP 16/3810MB (cached 0MB) CPU [17%@729,4%@729,3%@729,57%@729,14%@1036,0%@1036] GR3D_FREQ 0% cpu@49.906C soc2@49.812C soc0@49.812C gpu@51.656C tj@51.656C soc1@49.718C VDD_IN 6290mW/5183mW VDD_CPU_GPU_CV 2000mW/1512mW VDD_SOC 1680mW/1468mW"
humanoidrobot.mp4,196,5622,7620,0,"07-04-2026 17:31:05 RAM 5622/7620MB (lfb 2x4MB) SWAP 16/3810MB (cached 0MB) CPU [2%@1497,2%@1497,2%@1497,11%@1497,5%@729,84%@729] GR3D_FREQ 0% cpu@50.156C soc2@49.687C soc0@49.781C gpu@51.625C tj@51.625C soc1@49.656C VDD_IN 4823mW/5181mW VDD_CPU_GPU_CV 1324mW/1511mW VDD_SOC 1406mW/1468mW"
humanoidrobot.mp4,197,5585,7620,0,"07-04-2026 17:31:06 RAM 5585/7620MB (lfb 2x4MB) SWAP 16/3810MB (cached 0MB) CPU [2%@729,2%@729,2%@729,44%@729,15%@1267,25%@1267] GR3D_FREQ 0% cpu@50.093C soc2@49.718C soc0@49.781C gpu@51.375C tj@51.375C soc1@49.625C VDD_IN 5889mW/5185mW VDD_CPU_GPU_CV 1800mW/1513mW VDD_SOC 1600mW/1468mW"
humanoidrobot.mp4,198,5611,7620,0,"07-04-2026 17:31:07 RAM 5611/7620MB (lfb 2x4MB) SWAP 16/3810MB (cached 0MB) CPU [1%@1497,29%@1497,2%@1497,0%@1497,74%@729,0%@729] GR3D_FREQ 0% cpu@50.312C soc2@49.781C soc0@49.781C gpu@51.281C tj@51.281C soc1@49.718C VDD_IN 4782mW/5183mW VDD_CPU_GPU_CV 1284mW/1511mW VDD_SOC 1406mW/1468mW"
humanoidrobot.mp4,199,5615,7620,0,"07-04-2026 17:31:08 RAM 5615/7620MB (lfb 2x4MB) SWAP 16/3810MB (cached 0MB) CPU [20%@729,28%@729,4%@729,2%@729,7%@1497,35%@1497] GR3D_FREQ 0% cpu@50.187C soc2@49.781C soc0@49.937C gpu@51.312C tj@51.312C soc1@49.75C VDD_IN 5457mW/5184mW VDD_CPU_GPU_CV 1602mW/1512mW VDD_SOC 1522mW/1468mW"
humanoidrobot.mp4,200,5618,7620,0,"07-04-2026 17:31:09 RAM 5618/7620MB (lfb 2x4MB) SWAP 16/3810MB (cached 0MB) CPU [3%@1497,43%@1497,1%@1497,1%@1497,0%@883,57%@883] GR3D_FREQ 0% cpu@50.093C soc2@49.75C soc0@49.906C gpu@51.218C tj@51.218C soc1@49.843C VDD_IN 4742mW/5182mW VDD_CPU_GPU_CV 1286mW/1511mW VDD_SOC 1406mW/1468mW"
humanoidrobot.mp4,201,5618,7620,0,"07-04-2026 17:31:10 RAM 5618/7620MB (lfb 2x4MB) SWAP 16/3810MB (cached 0MB) CPU [2%@729,8%@729,4%@729,3%@729,32%@1497,42%@1497] GR3D_FREQ 0% cpu@50C soc2@49.718C soc0@49.781C gpu@51.343C tj@51.343C soc1@49.687C VDD_IN 5064mW/5181mW VDD_CPU_GPU_CV 1444mW/1510mW VDD_SOC 1444mW/1468mW"
humanoidrobot.mp4,202,5585,7620,0,"07-04-2026 17:31:11 RAM 5585/7620MB (lfb 3x4MB) SWAP 16/3810MB (cached 0MB) CPU [3%@729,7%@729,2%@729,3%@729,2%@1497,92%@1497] GR3D_FREQ 0% cpu@50.218C soc2@49.625C soc0@49.75C gpu@51.437C tj@51.437C soc1@49.625C VDD_IN 4742mW/5179mW VDD_CPU_GPU_CV 1284mW/1509mW VDD_SOC 1404mW/1467mW"
humanoidrobot.mp4,203,5588,7620,0,"07-04-2026 17:31:12 RAM 5588/7620MB (lfb 3x4MB) SWAP 16/3810MB (cached 0MB) CPU [4%@729,5%@729,4%@729,26%@729,12%@1497,50%@1497] GR3D_FREQ 0% cpu@50.125C soc2@49.656C soc0@49.875C gpu@51.375C tj@51.375C soc1@49.718C VDD_IN 5024mW/5179mW VDD_CPU_GPU_CV 1444mW/1509mW VDD_SOC 1444mW/1467mW"
humanoidrobot.mp4,204,5592,7620,97,"07-04-2026 17:31:13 RAM 5592/7620MB (lfb 2x4MB) SWAP 16/3810MB (cached 0MB) CPU [4%@729,15%@729,56%@1497,16%@1497,4%@729,37%@729] GR3D_FREQ 97% cpu@50.031C soc2@49.625C soc0@49.843C gpu@51.656C tj@51.656C soc1@49.75C VDD_IN 4935mW/5177mW VDD_CPU_GPU_CV 1402mW/1508mW VDD_SOC 1402mW/1467mW"
humanoidrobot.mp4,205,5594,7620,0,"07-04-2026 17:31:14 RAM 5594/7620MB (lfb 2x4MB) SWAP 16/3810MB (cached 0MB) CPU [2%@729,1%@729,5%@729,28%@729,0%@1497,60%@1497] GR3D_FREQ 0% cpu@49.968C soc2@49.812C soc0@50C gpu@51.468C tj@51.468C soc1@49.593C VDD_IN 4935mW/5176mW VDD_CPU_GPU_CV 1362mW/1508mW VDD_SOC 1404mW/1467mW"
humanoidrobot.mp4,206,5596,7620,92,"07-04-2026 17:31:15 RAM 5596/7620MB (lfb 3x4MB) SWAP 16/3810MB (cached 0MB) CPU [2%@806,3%@806,56%@806,12%@806,1%@729,29%@729] GR3D_FREQ 92% cpu@49.968C soc2@49.75C soc0@49.812C gpu@51.812C tj@51.812C soc1@49.625C VDD_IN 5457mW/5178mW VDD_CPU_GPU_CV 1762mW/1509mW VDD_SOC 1484mW/1467mW"
humanoidrobot.mp4,207,5595,7620,0,"07-04-2026 17:31:16 RAM 5595/7620MB (lfb 2x4MB) SWAP 16/3810MB (cached 0MB) CPU [4%@729,1%@729,1%@729,4%@729,18%@1497,69%@1497] GR3D_FREQ 0% cpu@50C soc2@49.687C soc0@49.843C gpu@51.281C tj@51.281C soc1@49.687C VDD_IN 4823mW/5176mW VDD_CPU_GPU_CV 1366mW/1508mW VDD_SOC 1406mW/1466mW"
humanoidrobot.mp4,208,5590,7620,99,"07-04-2026 17:31:17 RAM 5590/7620MB (lfb 3x4MB) SWAP 16/3810MB (cached 0MB) CPU [1%@729,2%@729,56%@729,1%@729,9%@729,25%@729] GR3D_FREQ 99% cpu@50.031C soc2@49.75C soc0@49.781C gpu@51.937C tj@51.937C soc1@49.75C VDD_IN 5889mW/5179mW VDD_CPU_GPU_CV 1960mW/1510mW VDD_SOC 1562mW/1467mW"
humanoidrobot.mp4,209,5592,7620,0,"07-04-2026 17:31:18 RAM 5592/7620MB (lfb 2x4MB) SWAP 16/3810MB (cached 0MB) CPU [4%@729,1%@729,0%@729,3%@729,79%@1497,15%@1497] GR3D_FREQ 0% cpu@50.031C soc2@49.781C soc0@49.843C gpu@51.468C tj@51.468C soc1@49.781C VDD_IN 4782mW/5177mW VDD_CPU_GPU_CV 1326mW/1510mW VDD_SOC 1406mW/1467mW"
humanoidrobot.mp4,210,5621,7620,0,"07-04-2026 17:31:19 RAM 5621/7620MB (lfb 1x4MB) SWAP 16/3810MB (cached 0MB) CPU [3%@729,2%@729,53%@729,1%@729,9%@1113,25%@1113] GR3D_FREQ 0% cpu@49.968C soc2@49.781C soc0@49.781C gpu@51.75C tj@51.75C soc1@49.718C VDD_IN 6320mW/5183mW VDD_CPU_GPU_CV 2040mW/1512mW VDD_SOC 1680mW/1468mW"
humanoidrobot.mp4,211,5617,7620,0,"07-04-2026 17:31:20 RAM 5617/7620MB (lfb 1x4MB) SWAP 16/3810MB (cached 0MB) CPU [4%@1497,10%@1497,1%@1497,1%@1497,84%@729,8%@729] GR3D_FREQ 0% cpu@50.312C soc2@49.687C soc0@49.843C gpu@51.468C tj@51.468C soc1@49.687C VDD_IN 4823mW/5181mW VDD_CPU_GPU_CV 1324mW/1511mW VDD_SOC 1406mW/1467mW"
humanoidrobot.mp4,212,5587,7620,0,"07-04-2026 17:31:21 RAM 5587/7620MB (lfb 2x4MB) SWAP 16/3810MB (cached 0MB) CPU [3%@729,46%@729,1%@729,0%@729,6%@1420,32%@1420] GR3D_FREQ 0% cpu@50.281C soc2@49.718C soc0@49.875C gpu@51.656C tj@51.656C soc1@49.718C VDD_IN 5929mW/5185mW VDD_CPU_GPU_CV 1840mW/1513mW VDD_SOC 1640mW/1468mW"
humanoidrobot.mp4,213,5610,7620,0,"07-04-2026 17:31:22 RAM 5610/7620MB (lfb 2x4MB) SWAP 16/3810MB (cached 0MB) CPU [4%@1497,1%@1497,1%@1497,20%@1497,80%@729,7%@729] GR3D_FREQ 0% cpu@50.531C soc2@49.656C soc0@49.875C gpu@51.5C tj@51.5C soc1@49.718C VDD_IN 4863mW/5183mW VDD_CPU_GPU_CV 1364mW/1512mW VDD_SOC 1406mW/1468mW"
humanoidrobot.mp4,214,5611,7620,0,"07-04-2026 17:31:23 RAM 5611/7620MB (lfb 2x4MB) SWAP 16/3810MB (cached 0MB) CPU [8%@1497,3%@1497,4%@1497,36%@1497,35%@729,18%@729] GR3D_FREQ 0% cpu@50C soc2@50C soc0@49.937C gpu@51.343C tj@51.343C soc1@49.625C VDD_IN 5608mW/5185mW VDD_CPU_GPU_CV 1682mW/1513mW VDD_SOC 1522mW/1468mW"
humanoidrobot.mp4,215,5605,7620,0,"07-04-2026 17:31:24 RAM 5605/7620MB (lfb 2x4MB) SWAP 16/3810MB (cached 0MB) CPU [77%@1497,1%@1497,2%@1497,26%@1497,0%@729,0%@729] GR3D_FREQ 0% cpu@50.25C soc2@49.687C soc0@49.781C gpu@51.281C tj@51.281C soc1@49.625C VDD_IN 4742mW/5183mW VDD_CPU_GPU_CV 1326mW/1512mW VDD_SOC 1406mW/1468mW"
humanoidrobot.mp4,216,5585,7620,0,"07-04-2026 17:31:25 RAM 5585/7620MB (lfb 2x4MB) SWAP 16/3810MB (cached 0MB) CPU [31%@1497,24%@1497,4%@1497,29%@1497,0%@729,0%@729] GR3D_FREQ 0% cpu@50.375C soc2@49.875C soc0@49.843C gpu@51.437C tj@51.437C soc1@49.75C VDD_IN 5296mW/5184mW VDD_CPU_GPU_CV 1522mW/1512mW VDD_SOC 1484mW/1468mW"
humanoidrobot.mp4,217,5615,7620,0,"07-04-2026 17:31:26 RAM 5615/7620MB (lfb 2x4MB) SWAP 16/3810MB (cached 0MB) CPU [65%@1497,2%@1497,37%@1497,6%@1497,0%@729,0%@729] GR3D_FREQ 0% cpu@50.343C soc2@49.718C soc0@49.875C gpu@51.406C tj@51.406C soc1@49.75C VDD_IN 4702mW/5181mW VDD_CPU_GPU_CV 1286mW/1511mW VDD_SOC 1366mW/1467mW"
humanoidrobot.mp4,218,5586,7620,0,"07-04-2026 17:31:27 RAM 5586/7620MB (lfb 2x4MB) SWAP 16/3810MB (cached 0MB) CPU [23%@1497,44%@1497,18%@1497,2%@1497,0%@729,0%@729] GR3D_FREQ 0% cpu@50.312C soc2@49.812C soc0@49.906C gpu@51.406C tj@51.406C soc1@49.843C VDD_IN 5184mW/5181mW VDD_CPU_GPU_CV 1484mW/1511mW VDD_SOC 1444mW/1467mW"
humanoidrobot.mp4,219,5612,7620,0,"07-04-2026 17:31:28 RAM 5612/7620MB (lfb 2x4MB) SWAP 16/3810MB (cached 0MB) CPU [4%@1497,54%@1497,3%@1497,49%@1497,0%@729,0%@729] GR3D_FREQ 0% cpu@50.156C soc2@49.75C soc0@49.687C gpu@51.406C tj@51.406C soc1@49.687C VDD_IN 4742mW/5179mW VDD_CPU_GPU_CV 1324mW/1510mW VDD_SOC 1406mW/1467mW"
humanoidrobot.mp4,220,5582,7620,0,"07-04-2026 17:31:29 RAM 5582/7620MB (lfb 2x4MB) SWAP 16/3810MB (cached 0MB) CPU [34%@1497,45%@1497,3%@1497,7%@1497,2%@729,0%@729] GR3D_FREQ 0% cpu@50.062C soc2@49.75C soc0@49.843C gpu@51.656C tj@51.656C soc1@49.687C VDD_IN 5024mW/5179mW VDD_CPU_GPU_CV 1444mW/1510mW VDD_SOC 1446mW/1467mW"
humanoidrobot.mp4,221,5586,7620,0,"07-04-2026 17:31:30 RAM 5586/7620MB (lfb 2x4MB) SWAP 16/3810MB (cached 0MB) CPU [6%@1497,42%@1497,2%@1497,55%@1497,0%@729,1%@729] GR3D_FREQ 0% cpu@50.343C soc2@49.781C soc0@49.843C gpu@51.687C tj@51.687C soc1@49.687C VDD_IN 4742mW/5177mW VDD_CPU_GPU_CV 1284mW/1509mW VDD_SOC 1406mW/1467mW"
humanoidrobot.mp4,222,5584,7620,0,"07-04-2026 17:31:31 RAM 5584/7620MB (lfb 2x4MB) SWAP 16/3810MB (cached 0MB) CPU [31%@1497,53%@1497,2%@1497,1%@1497,0%@729,0%@729] GR3D_FREQ 0% cpu@49.968C soc2@49.781C soc0@49.875C gpu@51.25C tj@51.25C soc1@49.718C VDD_IN 4943mW/5176mW VDD_CPU_GPU_CV 1364mW/1508mW VDD_SOC 1406mW/1466mW"
humanoidrobot.mp4,223,5586,7620,95,"07-04-2026 17:31:32 RAM 5586/7620MB (lfb 2x4MB) SWAP 16/3810MB (cached 0MB) CPU [11%@883,33%@883,3%@883,56%@883,2%@729,0%@729] GR3D_FREQ 95% cpu@50.375C soc2@49.875C soc0@49.843C gpu@51.843C tj@51.843C soc1@49.812C VDD_IN 5216mW/5176mW VDD_CPU_GPU_CV 1602mW/1508mW VDD_SOC 1444mW/1466mW"
lion-buffalo.mp4,0,5612,7620,0,"07-04-2026 17:36:42 RAM 5612/7620MB (lfb 4x4MB) SWAP 16/3810MB (cached 0MB) CPU [5%@1190,5%@1190,7%@1190,12%@1190,41%@1497,34%@1497] GR3D_FREQ 0% cpu@50.062C soc2@49.531C soc0@49.781C gpu@51.406C tj@51.406C soc1@49.562C VDD_IN 5144mW/5144mW VDD_CPU_GPU_CV 1484mW/1484mW VDD_SOC 1444mW/1444mW"
lion-buffalo.mp4,1,5610,7620,0,"07-04-2026 17:36:43 RAM 5610/7620MB (lfb 4x4MB) SWAP 16/3810MB (cached 0MB) CPU [58%@1497,11%@1497,9%@1497,5%@1497,48%@729,0%@729] GR3D_FREQ 0% cpu@50.375C soc2@49.781C soc0@49.687C gpu@51.406C tj@51.406C soc1@49.593C VDD_IN 4823mW/4984mW VDD_CPU_GPU_CV 1324mW/1404mW VDD_SOC 1404mW/1424mW"
lion-buffalo.mp4,2,5611,7620,0,"07-04-2026 17:36:45 RAM 5611/7620MB (lfb 4x4MB) SWAP 16/3810MB (cached 0MB) CPU [3%@729,1%@729,4%@729,3%@729,48%@1497,33%@1497] GR3D_FREQ 0% cpu@49.968C soc2@49.656C soc0@49.812C gpu@51.437C tj@51.437C soc1@49.656C VDD_IN 5064mW/5010mW VDD_CPU_GPU_CV 1444mW/1417mW VDD_SOC 1446mW/1431mW"
lion-buffalo.mp4,3,5608,7620,0,"07-04-2026 17:36:46 RAM 5608/7620MB (lfb 4x4MB) SWAP 16/3810MB (cached 0MB) CPU [1%@729,55%@729,2%@729,2%@729,40%@1497,6%@1497] GR3D_FREQ 0% cpu@49.875C soc2@49.687C soc0@49.812C gpu@51.468C tj@51.468C soc1@49.718C VDD_IN 4702mW/4933mW VDD_CPU_GPU_CV 1286mW/1385mW VDD_SOC 1406mW/1425mW"
lion-buffalo.mp4,4,5608,7620,0,"07-04-2026 17:36:47 RAM 5608/7620MB (lfb 4x4MB) SWAP 16/3810MB (cached 0MB) CPU [3%@729,3%@729,1%@729,1%@729,54%@1497,27%@1497] GR3D_FREQ 0% cpu@50.062C soc2@49.531C soc0@49.75C gpu@51.25C tj@51.25C soc1@49.5C VDD_IN 4903mW/4927mW VDD_CPU_GPU_CV 1364mW/1380mW VDD_SOC 1406mW/1421mW"
lion-buffalo.mp4,5,5583,7620,96,"07-04-2026 17:36:48 RAM 5583/7620MB (lfb 4x4MB) SWAP 16/3810MB (cached 0MB) CPU [2%@729,55%@729,1%@729,2%@729,33%@960,7%@960] GR3D_FREQ 96% cpu@50.093C soc2@49.593C soc0@49.718C gpu@51.5C tj@51.5C soc1@49.593C VDD_IN 4903mW/4923mW VDD_CPU_GPU_CV 1404mW/1384mW VDD_SOC 1406mW/1419mW"
lion-buffalo.mp4,6,5586,7620,0,"07-04-2026 17:36:49 RAM 5586/7620MB (lfb 4x4MB) SWAP 16/3810MB (cached 0MB) CPU [6%@729,3%@729,2%@729,4%@729,7%@1497,80%@1497] GR3D_FREQ 0% cpu@50C soc2@49.656C soc0@49.781C gpu@51.25C tj@51.25C soc1@49.625C VDD_IN 4863mW/4915mW VDD_CPU_GPU_CV 1366mW/1382mW VDD_SOC 1406mW/1417mW"
lion-buffalo.mp4,7,5584,7620,85,"07-04-2026 17:36:50 RAM 5584/7620MB (lfb 5x4MB) SWAP 16/3810MB (cached 0MB) CPU [3%@729,22%@729,3%@729,3%@729,48%@806,24%@806] GR3D_FREQ 85% cpu@49.75C soc2@49.687C soc0@49.843C gpu@51.968C tj@51.968C soc1@49.843C VDD_IN 5537mW/4992mW VDD_CPU_GPU_CV 1802mW/1434mW VDD_SOC 1524mW/1430mW"
lion-buffalo.mp4,8,5585,7620,0,"07-04-2026 17:36:51 RAM 5585/7620MB (lfb 5x4MB) SWAP 16/3810MB (cached 0MB) CPU [1%@729,0%@729,0%@729,3%@729,20%@1497,69%@1497] GR3D_FREQ 0% cpu@49.906C soc2@49.656C soc0@49.718C gpu@51.406C tj@51.406C soc1@49.656C VDD_IN 4790mW/4970mW VDD_CPU_GPU_CV 1326mW/1422mW VDD_SOC 1406mW/1428mW"
lion-buffalo.mp4,9,5583,7620,99,"07-04-2026 17:36:52 RAM 5583/7620MB (lfb 4x4MB) SWAP 16/3810MB (cached 0MB) CPU [3%@729,56%@729,2%@729,1%@729,12%@1497,33%@1497] GR3D_FREQ 99% cpu@50.093C soc2@49.812C soc0@49.718C gpu@52.343C tj@52.343C soc1@49.625C VDD_IN 6290mW/5102mW VDD_CPU_GPU_CV 2280mW/1508mW VDD_SOC 1602mW/1445mW"
lion-buffalo.mp4,10,5588,7620,0,"07-04-2026 17:36:53 RAM 5588/7620MB (lfb 4x4MB) SWAP 16/3810MB (cached 0MB) CPU [4%@729,18%@729,1%@729,4%@729,65%@1497,13%@1497] GR3D_FREQ 0% cpu@50.187C soc2@49.718C soc0@49.843C gpu@51.5C tj@51.5C soc1@49.718C VDD_IN 4830mW/5077mW VDD_CPU_GPU_CV 1366mW/1495mW VDD_SOC 1406mW/1441mW"
lion-buffalo.mp4,11,5601,7620,50,"07-04-2026 17:36:54 RAM 5601/7620MB (lfb 5x4MB) SWAP 16/3810MB (cached 0MB) CPU [2%@729,14%@729,11%@729,4%@729,71%@1267,0%@1267] GR3D_FREQ 50% cpu@50.187C soc2@49.781C soc0@49.937C gpu@51.75C tj@51.75C soc1@49.718C VDD_IN 6520mW/5197mW VDD_CPU_GPU_CV 2196mW/1554mW VDD_SOC 1720mW/1465mW"
lion-buffalo.mp4,12,5595,7620,0,"07-04-2026 17:36:55 RAM 5595/7620MB (lfb 5x4MB) SWAP 16/3810MB (cached 0MB) CPU [3%@729,4%@729,1%@729,2%@729,15%@1497,86%@1497] GR3D_FREQ 0% cpu@50.156C soc2@49.656C soc0@49.875C gpu@51.281C tj@51.281C soc1@49.625C VDD_IN 4823mW/5169mW VDD_CPU_GPU_CV 1324mW/1536mW VDD_SOC 1406mW/1460mW"
lion-buffalo.mp4,13,5588,7620,0,"07-04-2026 17:36:56 RAM 5588/7620MB (lfb 4x4MB) SWAP 16/3810MB (cached 0MB) CPU [0%@729,1%@729,1%@729,2%@729,77%@1420,5%@1420] GR3D_FREQ 0% cpu@49.968C soc2@49.75C soc0@49.687C gpu@51.531C tj@51.531C soc1@49.593C VDD_IN 6169mW/5240mW VDD_CPU_GPU_CV 1960mW/1566mW VDD_SOC 1680mW/1476mW"
lion-buffalo.mp4,14,5613,7620,0,"07-04-2026 17:36:57 RAM 5613/7620MB (lfb 4x4MB) SWAP 16/3810MB (cached 0MB) CPU [4%@1497,12%@1497,0%@1497,0%@1497,5%@729,84%@729] GR3D_FREQ 0% cpu@50.062C soc2@49.687C soc0@49.75C gpu@51.281C tj@51.281C soc1@49.625C VDD_IN 4823mW/5212mW VDD_CPU_GPU_CV 1324mW/1550mW VDD_SOC 1406mW/1471mW"
lion-buffalo.mp4,15,5579,7620,0,"07-04-2026 17:36:58 RAM 5579/7620MB (lfb 4x4MB) SWAP 16/3810MB (cached 0MB) CPU [1%@729,44%@729,2%@729,1%@729,4%@960,34%@960] GR3D_FREQ 0% cpu@50.125C soc2@49.781C soc0@49.875C gpu@51.718C tj@51.718C soc1@49.687C VDD_IN 5969mW/5260mW VDD_CPU_GPU_CV 1840mW/1568mW VDD_SOC 1640mW/1482mW"
lion-buffalo.mp4,16,5610,7620,0,"07-04-2026 17:36:59 RAM 5610/7620MB (lfb 4x4MB) SWAP 16/3810MB (cached 0MB) CPU [20%@1497,5%@1497,4%@1497,3%@1497,82%@729,0%@729] GR3D_FREQ 0% cpu@50.062C soc2@49.843C soc0@49.843C gpu@51.656C tj@51.656C soc1@49.812C VDD_IN 4823mW/5234mW VDD_CPU_GPU_CV 1324mW/1554mW VDD_SOC 1406mW/1477mW"
lion-buffalo.mp4,17,5583,7620,0,"07-04-2026 17:37:00 RAM 5583/7620MB (lfb 4x4MB) SWAP 16/3810MB (cached 0MB) CPU [39%@729,13%@729,1%@729,1%@729,11%@1344,33%@1344] GR3D_FREQ 0% cpu@50.093C soc2@49.781C soc0@49.75C gpu@51.75C tj@51.75C soc1@49.625C VDD_IN 5849mW/5268mW VDD_CPU_GPU_CV 1800mW/1567mW VDD_SOC 1600mW/1484mW"
lion-buffalo.mp4,18,5610,7620,0,"07-04-2026 17:37:01 RAM 5610/7620MB (lfb 4x4MB) SWAP 16/3810MB (cached 0MB) CPU [27%@1497,1%@1497,2%@1497,2%@1497,76%@1420,0%@1420] GR3D_FREQ 0% cpu@50.343C soc2@49.781C soc0@49.718C gpu@51.218C tj@51.218C soc1@49.593C VDD_IN 4742mW/5240mW VDD_CPU_GPU_CV 1326mW/1555mW VDD_SOC 1406mW/1480mW"
lion-buffalo.mp4,19,5583,7620,0,"07-04-2026 17:37:02 RAM 5583/7620MB (lfb 4x4MB) SWAP 16/3810MB (cached 0MB) CPU [33%@729,1%@729,2%@729,0%@729,20%@1497,33%@1497] GR3D_FREQ 0% cpu@50.093C soc2@49.593C soc0@49.843C gpu@51.25C tj@51.25C soc1@49.593C VDD_IN 5537mW/5255mW VDD_CPU_GPU_CV 1682mW/1561mW VDD_SOC 1524mW/1482mW"
lion-buffalo.mp4,20,5614,7620,0,"07-04-2026 17:37:03 RAM 5614/7620MB (lfb 4x4MB) SWAP 16/3810MB (cached 0MB) CPU [1%@1497,34%@1497,2%@1497,1%@1497,69%@1497,7%@1497] GR3D_FREQ 0% cpu@50.156C soc2@49.656C soc0@49.812C gpu@51.187C tj@51.187C soc1@49.718C VDD_IN 4815mW/5234mW VDD_CPU_GPU_CV 1324mW/1550mW VDD_SOC 1404mW/1478mW"
lion-buffalo.mp4,21,5587,7620,0,"07-04-2026 17:37:04 RAM 5587/7620MB (lfb 4x4MB) SWAP 16/3810MB (cached 0MB) CPU [5%@729,23%@729,14%@729,4%@729,4%@1497,58%@1497] GR3D_FREQ 0% cpu@49.968C soc2@49.625C soc0@49.843C gpu@51.468C tj@51.468C soc1@49.75C VDD_IN 5417mW/5243mW VDD_CPU_GPU_CV 1602mW/1552mW VDD_SOC 1484mW/1479mW"
lion-buffalo.mp4,22,5619,7620,0,"07-04-2026 17:37:05 RAM 5619/7620MB (lfb 4x4MB) SWAP 16/3810MB (cached 0MB) CPU [1%@1497,2%@1497,3%@1497,42%@1497,1%@883,60%@883] GR3D_FREQ 0% cpu@50.093C soc2@49.656C soc0@49.593C gpu@51.281C tj@51.281C soc1@49.531C VDD_IN 4702mW/5219mW VDD_CPU_GPU_CV 1286mW/1541mW VDD_SOC 1366mW/1474mW"
lion-buffalo.mp4,23,5586,7620,0,"07-04-2026 17:37:06 RAM 5586/7620MB (lfb 4x4MB) SWAP 16/3810MB (cached 0MB) CPU [33%@729,1%@729,3%@729,17%@729,0%@1497,33%@1497] GR3D_FREQ 0% cpu@50.031C soc2@49.593C soc0@49.718C gpu@51.468C tj@51.468C soc1@49.687C VDD_IN 5144mW/5216mW VDD_CPU_GPU_CV 1444mW/1537mW VDD_SOC 1444mW/1473mW"
lion-buffalo.mp4,24,5615,7620,0,"07-04-2026 17:37:07 RAM 5615/7620MB (lfb 4x4MB) SWAP 16/3810MB (cached 0MB) CPU [2%@1497,2%@1497,1%@1497,46%@1497,0%@729,56%@729] GR3D_FREQ 0% cpu@50.125C soc2@49.593C soc0@49.625C gpu@51.281C tj@51.281C soc1@49.687C VDD_IN 4662mW/5194mW VDD_CPU_GPU_CV 1286mW/1527mW VDD_SOC 1366mW/1468mW"
lion-buffalo.mp4,25,5582,7620,0,"07-04-2026 17:37:08 RAM 5582/7620MB (lfb 4x4MB) SWAP 16/3810MB (cached 0MB) CPU [32%@729,2%@729,3%@729,11%@729,1%@1497,39%@1497] GR3D_FREQ 0% cpu@50.062C soc2@49.625C soc0@49.843C gpu@51.312C tj@51.312C soc1@49.75C VDD_IN 5104mW/5190mW VDD_CPU_GPU_CV 1484mW/1525mW VDD_SOC 1444mW/1467mW"
lion-buffalo.mp4,26,5575,7620,0,"07-04-2026 17:37:09 RAM 5575/7620MB (lfb 4x4MB) SWAP 16/3810MB (cached 0MB) CPU [4%@1497,55%@1497,4%@1497,3%@1497,0%@729,50%@729] GR3D_FREQ 0% cpu@49.968C soc2@49.75C soc0@49.75C gpu@51.218C tj@51.218C soc1@49.625C VDD_IN 4782mW/5175mW VDD_CPU_GPU_CV 1284mW/1516mW VDD_SOC 1404mW/1465mW"
lion-buffalo.mp4,27,5585,7620,0,"07-04-2026 17:37:10 RAM 5585/7620MB (lfb 4x4MB) SWAP 16/3810MB (cached 0MB) CPU [33%@729,6%@729,3%@729,2%@729,0%@1497,43%@1497] GR3D_FREQ 0% cpu@49.968C soc2@49.625C soc0@49.812C gpu@51.312C tj@51.312C soc1@49.625C VDD_IN 5024mW/5170mW VDD_CPU_GPU_CV 1404mW/1512mW VDD_SOC 1446mW/1464mW"
lion-buffalo.mp4,28,5584,7620,0,"07-04-2026 17:37:11 RAM 5584/7620MB (lfb 4x4MB) SWAP 16/3810MB (cached 0MB) CPU [5%@1497,8%@1497,4%@1497,61%@1497,0%@729,46%@729] GR3D_FREQ 0% cpu@50.437C soc2@49.687C soc0@49.75C gpu@51.218C tj@51.375C soc1@49.656C VDD_IN 4782mW/5156mW VDD_CPU_GPU_CV 1324mW/1506mW VDD_SOC 1406mW/1462mW"
lion-buffalo.mp4,29,5585,7620,0,"07-04-2026 17:37:12 RAM 5585/7620MB (lfb 4x4MB) SWAP 16/3810MB (cached 0MB) CPU [12%@729,0%@729,2%@729,23%@729,0%@1497,47%@1497] GR3D_FREQ 0% cpu@49.843C soc2@49.625C soc0@49.781C gpu@51.5C tj@51.5C soc1@49.656C VDD_IN 4943mW/5149mW VDD_CPU_GPU_CV 1366mW/1501mW VDD_SOC 1446mW/1462mW"
lion-buffalo.mp4,30,5584,7620,0,"07-04-2026 17:37:13 RAM 5584/7620MB (lfb 5x4MB) SWAP 16/3810MB (cached 0MB) CPU [3%@1497,40%@1497,13%@1497,4%@1497,15%@1497,47%@1497] GR3D_FREQ 0% cpu@50.062C soc2@49.625C soc0@49.937C gpu@51.406C tj@51.406C soc1@49.718C VDD_IN 4815mW/5139mW VDD_CPU_GPU_CV 1324mW/1495mW VDD_SOC 1404mW/1460mW"
lion-buffalo.mp4,31,5583,7620,0,"07-04-2026 17:37:14 RAM 5583/7620MB (lfb 5x4MB) SWAP 16/3810MB (cached 0MB) CPU [9%@729,3%@729,5%@729,26%@729,0%@1497,51%@1497] GR3D_FREQ 0% cpu@49.968C soc2@49.593C soc0@49.687C gpu@51.437C tj@51.437C soc1@49.562C VDD_IN 4943mW/5132mW VDD_CPU_GPU_CV 1404mW/1492mW VDD_SOC 1406mW/1458mW"
lion-buffalo.mp4,32,5602,7620,97,"07-04-2026 17:37:15 RAM 5602/7620MB (lfb 5x4MB) SWAP 16/3810MB (cached 0MB) CPU [3%@729,5%@729,3%@729,12%@729,53%@1113,35%@1113] GR3D_FREQ 97% cpu@49.906C soc2@49.656C soc0@49.656C gpu@51.843C tj@51.843C soc1@49.593C VDD_IN 5528mW/5144mW VDD_CPU_GPU_CV 1802mW/1502mW VDD_SOC 1482mW/1459mW"
lion-buffalo.mp4,33,5607,7620,0,"07-04-2026 17:37:16 RAM 5607/7620MB (lfb 4x4MB) SWAP 16/3810MB (cached 0MB) CPU [18%@729,2%@729,0%@729,1%@729,3%@1497,73%@1497] GR3D_FREQ 0% cpu@49.968C soc2@49.75C soc0@49.781C gpu@51.25C tj@51.25C soc1@49.687C VDD_IN 4790mW/5134mW VDD_CPU_GPU_CV 1326mW/1497mW VDD_SOC 1406mW/1457mW"
lion-buffalo.mp4,34,5590,7620,99,"07-04-2026 17:37:17 RAM 5590/7620MB (lfb 4x4MB) SWAP 16/3810MB (cached 0MB) CPU [20%@729,4%@729,3%@729,1%@729,56%@729,15%@729] GR3D_FREQ 99% cpu@49.812C soc2@49.75C soc0@49.812C gpu@51.843C tj@51.843C soc1@49.718C VDD_IN 5849mW/5154mW VDD_CPU_GPU_CV 1960mW/1510mW VDD_SOC 1562mW/1460mW"
lion-buffalo.mp4,35,5586,7620,0,"07-04-2026 17:37:18 RAM 5586/7620MB (lfb 5x4MB) SWAP 16/3810MB (cached 0MB) CPU [12%@729,2%@729,0%@729,0%@729,0%@1497,80%@1497] GR3D_FREQ 0% cpu@49.906C soc2@49.656C soc0@49.75C gpu@51.218C tj@51.218C soc1@49.593C VDD_IN 4709mW/5142mW VDD_CPU_GPU_CV 1286mW/1504mW VDD_SOC 1368mW/1458mW"
lion-buffalo.mp4,36,5585,7620,99,"07-04-2026 17:37:19 RAM 5585/7620MB (lfb 4x4MB) SWAP 16/3810MB (cached 0MB) CPU [66%@729,6%@729,1%@729,10%@729,1%@729,9%@729] GR3D_FREQ 99% cpu@49.937C soc2@49.718C soc0@49.718C gpu@51.843C tj@51.843C soc1@49.562C VDD_IN 6330mW/5174mW VDD_CPU_GPU_CV 2120mW/1520mW VDD_SOC 1680mW/1464mW"
lion-buffalo.mp4,37,5585,7620,0,"07-04-2026 17:37:20 RAM 5585/7620MB (lfb 4x4MB) SWAP 16/3810MB (cached 0MB) CPU [1%@729,3%@729,3%@729,15%@729,0%@1497,85%@1497] GR3D_FREQ 0% cpu@50.187C soc2@49.593C soc0@49.656C gpu@51.5C tj@51.5C soc1@49.625C VDD_IN 4782mW/5164mW VDD_CPU_GPU_CV 1286mW/1514mW VDD_SOC 1406mW/1462mW"
lion-buffalo.mp4,38,5607,7620,21,"07-04-2026 17:37:21 RAM 5607/7620MB (lfb 4x4MB) SWAP 16/3810MB (cached 0MB) CPU [58%@1036,2%@1036,3%@1036,23%@1036,0%@729,4%@729] GR3D_FREQ 21% cpu@49.968C soc2@49.75C soc0@49.687C gpu@51.906C tj@51.906C soc1@49.718C VDD_IN 6370mW/5195mW VDD_CPU_GPU_CV 2080mW/1529mW VDD_SOC 1680mW/1468mW"
lion-buffalo.mp4,39,5589,7620,0,"07-04-2026 17:37:22 RAM 5589/7620MB (lfb 4x4MB) SWAP 16/3810MB (cached 0MB) CPU [5%@1497,1%@1497,2%@1497,13%@1497,0%@1497,87%@1497] GR3D_FREQ 0% cpu@50.093C soc2@49.625C soc0@49.906C gpu@51.437C tj@51.437C soc1@49.718C VDD_IN 4782mW/5184mW VDD_CPU_GPU_CV 1286mW/1522mW VDD_SOC 1406mW/1466mW"
lion-buffalo.mp4,40,5588,7620,0,"07-04-2026 17:37:23 RAM 5588/7620MB (lfb 4x4MB) SWAP 16/3810MB (cached 0MB) CPU [68%@1344,2%@1344,1%@1344,14%@1344,0%@729,1%@729] GR3D_FREQ 0% cpu@50C soc2@49.687C soc0@49.687C gpu@51.843C tj@51.843C soc1@49.531C VDD_IN 6209mW/5209mW VDD_CPU_GPU_CV 1960mW/1533mW VDD_SOC 1680mW/1472mW"
lion-buffalo.mp4,41,5612,7620,0,"07-04-2026 17:37:24 RAM 5612/7620MB (lfb 4x4MB) SWAP 16/3810MB (cached 0MB) CPU [10%@1497,8%@1497,7%@1497,14%@1497,0%@960,87%@960] GR3D_FREQ 0% cpu@50.062C soc2@49.562C soc0@49.75C gpu@51.593C tj@51.593C soc1@49.656C VDD_IN 4895mW/5202mW VDD_CPU_GPU_CV 1324mW/1528mW VDD_SOC 1404mW/1470mW"
lion-buffalo.mp4,42,5584,7620,0,"07-04-2026 17:37:25 RAM 5584/7620MB (lfb 4x4MB) SWAP 16/3810MB (cached 0MB) CPU [33%@1497,34%@1497,3%@1497,3%@1497,17%@729,2%@729] GR3D_FREQ 0% cpu@50.375C soc2@49.75C soc0@49.781C gpu@51.531C tj@51.531C soc1@49.656C VDD_IN 6160mW/5224mW VDD_CPU_GPU_CV 1960mW/1538mW VDD_SOC 1640mW/1474mW"
lion-buffalo.mp4,43,5610,7620,0,"07-04-2026 17:37:26 RAM 5610/7620MB (lfb 4x4MB) SWAP 16/3810MB (cached 0MB) CPU [3%@1497,12%@1497,3%@1497,1%@1497,0%@729,86%@729] GR3D_FREQ 0% cpu@50.125C soc2@49.687C soc0@49.875C gpu@51.281C tj@51.281C soc1@49.718C VDD_IN 4782mW/5214mW VDD_CPU_GPU_CV 1284mW/1532mW VDD_SOC 1406mW/1472mW"
lion-buffalo.mp4,44,5581,7620,0,"07-04-2026 17:37:27 RAM 5581/7620MB (lfb 4x4MB) SWAP 16/3810MB (cached 0MB) CPU [15%@806,45%@806,0%@806,19%@806,14%@729,6%@729] GR3D_FREQ 0% cpu@49.843C soc2@49.75C soc0@49.937C gpu@51.531C tj@51.531C soc1@49.531C VDD_IN 5929mW/5230mW VDD_CPU_GPU_CV 1800mW/1538mW VDD_SOC 1642mW/1476mW"
lion-buffalo.mp4,45,5610,7620,0,"07-04-2026 17:37:28 RAM 5610/7620MB (lfb 4x4MB) SWAP 16/3810MB (cached 0MB) CPU [18%@1497,1%@1497,1%@1497,1%@1497,0%@1497,83%@1497] GR3D_FREQ 0% cpu@50.062C soc2@49.75C soc0@49.625C gpu@51.281C tj@51.281C soc1@49.625C VDD_IN 4782mW/5220mW VDD_CPU_GPU_CV 1286mW/1533mW VDD_SOC 1406mW/1475mW"
lion-buffalo.mp4,46,5585,7620,0,"07-04-2026 17:37:29 RAM 5585/7620MB (lfb 4x4MB) SWAP 16/3810MB (cached 0MB) CPU [16%@1420,3%@1420,3%@1420,32%@1420,25%@729,1%@729] GR3D_FREQ 0% cpu@50.093C soc2@49.656C soc0@49.656C gpu@51.437C tj@51.437C soc1@49.656C VDD_IN 5537mW/5227mW VDD_CPU_GPU_CV 1562mW/1534mW VDD_SOC 1524mW/1476mW"
lion-buffalo.mp4,47,5612,7620,0,"07-04-2026 17:37:30 RAM 5612/7620MB (lfb 4x4MB) SWAP 16/3810MB (cached 0MB) CPU [5%@729,0%@729,4%@729,9%@729,9%@1497,87%@1497] GR3D_FREQ 0% cpu@50.218C soc2@49.531C soc0@49.75C gpu@51.187C tj@51.187C soc1@49.562C VDD_IN 4742mW/5217mW VDD_CPU_GPU_CV 1286mW/1528mW VDD_SOC 1406mW/1474mW"
lion-buffalo.mp4,48,5586,7620,0,"07-04-2026 17:37:31 RAM 5586/7620MB (lfb 4x4MB) SWAP 16/3810MB (cached 0MB) CPU [2%@1497,3%@1497,1%@1497,35%@1497,46%@729,1%@729] GR3D_FREQ 0% cpu@50.125C soc2@49.656C soc0@49.875C gpu@51.375C tj@51.375C soc1@49.718C VDD_IN 6049mW/5234mW VDD_CPU_GPU_CV 1880mW/1536mW VDD_SOC 1640mW/1478mW"
lion-buffalo.mp4,49,5617,7620,0,"07-04-2026 17:37:32 RAM 5617/7620MB (lfb 4x4MB) SWAP 16/3810MB (cached 0MB) CPU [3%@1497,16%@1497,2%@1497,0%@1497,0%@729,85%@729] GR3D_FREQ 0% cpu@49.968C soc2@49.75C soc0@49.812C gpu@51.125C tj@51.125C soc1@49.562C VDD_IN 4782mW/5225mW VDD_CPU_GPU_CV 1286mW/1531mW VDD_SOC 1406mW/1476mW"
lion-buffalo.mp4,50,5587,7620,0,"07-04-2026 17:37:33 RAM 5587/7620MB (lfb 4x4MB) SWAP 16/3810MB (cached 0MB) CPU [2%@729,41%@729,2%@729,33%@729,1%@960,8%@960] GR3D_FREQ 0% cpu@50C soc2@49.625C soc0@49.718C gpu@51.25C tj@51.25C soc1@49.656C VDD_IN 5729mW/5235mW VDD_CPU_GPU_CV 1720mW/1534mW VDD_SOC 1562mW/1478mW"
lion-buffalo.mp4,51,5608,7620,0,"07-04-2026 17:37:34 RAM 5608/7620MB (lfb 4x4MB) SWAP 16/3810MB (cached 0MB) CPU [22%@1497,4%@1497,1%@1497,3%@1497,0%@1497,81%@1497] GR3D_FREQ 0% cpu@50.062C soc2@49.687C soc0@49.656C gpu@51.312C tj@51.312C soc1@49.687C VDD_IN 4782mW/5226mW VDD_CPU_GPU_CV 1324mW/1530mW VDD_SOC 1406mW/1476mW"
lion-buffalo.mp4,52,5581,7620,0,"07-04-2026 17:37:35 RAM 5581/7620MB (lfb 5x4MB) SWAP 16/3810MB (cached 0MB) CPU [14%@729,2%@729,5%@729,37%@729,28%@1497,19%@1497] GR3D_FREQ 0% cpu@50.093C soc2@49.687C soc0@49.781C gpu@51.406C tj@51.406C soc1@49.75C VDD_IN 5577mW/5233mW VDD_CPU_GPU_CV 1682mW/1533mW VDD_SOC 1522mW/1477mW"
lion-buffalo.mp4,53,5610,7620,0,"07-04-2026 17:37:36 RAM 5610/7620MB (lfb 4x4MB) SWAP 16/3810MB (cached 0MB) CPU [3%@1497,32%@1497,1%@1497,1%@1497,0%@1190,70%@1190] GR3D_FREQ 0% cpu@49.937C soc2@49.656C soc0@49.75C gpu@51.406C tj@51.406C soc1@49.531C VDD_IN 4742mW/5224mW VDD_CPU_GPU_CV 1286mW/1529mW VDD_SOC 1406mW/1476mW"
lion-buffalo.mp4,54,5583,7620,0,"07-04-2026 17:37:37 RAM 5583/7620MB (lfb 5x4MB) SWAP 16/3810MB (cached 0MB) CPU [2%@729,26%@729,5%@729,33%@729,0%@1497,25%@1497] GR3D_FREQ 0% cpu@49.906C soc2@49.562C soc0@49.562C gpu@51.468C tj@51.218C soc1@49.562C VDD_IN 5296mW/5225mW VDD_CPU_GPU_CV 1522mW/1528mW VDD_SOC 1484mW/1476mW"
lion-buffalo.mp4,55,5616,7620,0,"07-04-2026 17:37:38 RAM 5616/7620MB (lfb 4x4MB) SWAP 16/3810MB (cached 0MB) CPU [4%@1497,6%@1497,6%@1497,40%@1497,5%@1036,67%@1036] GR3D_FREQ 0% cpu@50.25C soc2@49.625C soc0@49.687C gpu@51.187C tj@51.187C soc1@49.687C VDD_IN 4855mW/5218mW VDD_CPU_GPU_CV 1364mW/1525mW VDD_SOC 1404mW/1475mW"
lion-buffalo.mp4,56,5587,7620,0,"07-04-2026 17:37:39 RAM 5587/7620MB (lfb 4x4MB) SWAP 16/3810MB (cached 0MB) CPU [4%@729,4%@729,1%@729,37%@729,18%@1497,29%@1497] GR3D_FREQ 0% cpu@49.906C soc2@49.562C soc0@49.812C gpu@51.312C tj@51.312C soc1@49.593C VDD_IN 5337mW/5220mW VDD_CPU_GPU_CV 1562mW/1526mW VDD_SOC 1484mW/1475mW"
lion-buffalo.mp4,57,5614,7620,0,"07-04-2026 17:37:40 RAM 5614/7620MB (lfb 4x4MB) SWAP 16/3810MB (cached 0MB) CPU [2%@1497,3%@1497,1%@1497,45%@1497,0%@883,57%@883] GR3D_FREQ 0% cpu@50.156C soc2@49.625C soc0@49.812C gpu@51.25C tj@51.25C soc1@49.687C VDD_IN 4742mW/5212mW VDD_CPU_GPU_CV 1284mW/1522mW VDD_SOC 1366mW/1473mW"
lion-buffalo.mp4,58,5588,7620,0,"07-04-2026 17:37:41 RAM 5588/7620MB (lfb 4x4MB) SWAP 16/3810MB (cached 0MB) CPU [2%@729,3%@729,2%@729,14%@729,43%@1497,25%@1497] GR3D_FREQ 0% cpu@49.937C soc2@49.531C soc0@49.656C gpu@51.281C tj@51.281C soc1@49.5C VDD_IN 5144mW/5211mW VDD_CPU_GPU_CV 1444mW/1521mW VDD_SOC 1446mW/1473mW"
lion-buffalo.mp4,59,5618,7620,0,"07-04-2026 17:37:42 RAM 5618/7620MB (lfb 4x4MB) SWAP 16/3810MB (cached 0MB) CPU [1%@1497,2%@1497,2%@1497,49%@1497,53%@883,0%@883] GR3D_FREQ 0% cpu@50.187C soc2@49.5C soc0@49.625C gpu@51.406C tj@51.406C soc1@49.625C VDD_IN 4702mW/5202mW VDD_CPU_GPU_CV 1286mW/1517mW VDD_SOC 1366mW/1471mW"
lion-buffalo.mp4,60,5589,7620,0,"07-04-2026 17:37:43 RAM 5589/7620MB (lfb 4x4MB) SWAP 16/3810MB (cached 0MB) CPU [2%@729,2%@729,2%@729,7%@729,42%@1497,32%@1497] GR3D_FREQ 0% cpu@50.312C soc2@49.593C soc0@49.687C gpu@51.406C tj@51.406C soc1@49.593C VDD_IN 5104mW/5201mW VDD_CPU_GPU_CV 1444mW/1516mW VDD_SOC 1444mW/1470mW"
lion-buffalo.mp4,61,5590,7620,0,"07-04-2026 17:37:44 RAM 5590/7620MB (lfb 4x4MB) SWAP 16/3810MB (cached 0MB) CPU [1%@1497,3%@1497,3%@1497,60%@1497,45%@729,0%@729] GR3D_FREQ 0% cpu@50C soc2@49.625C soc0@49.718C gpu@51.437C tj@51.437C soc1@49.531C VDD_IN 4742mW/5193mW VDD_CPU_GPU_CV 1284mW/1512mW VDD_SOC 1406mW/1469mW"
lion-buffalo.mp4,62,5591,7620,0,"07-04-2026 17:37:45 RAM 5591/7620MB (lfb 4x4MB) SWAP 16/3810MB (cached 0MB) CPU [2%@729,3%@729,16%@729,0%@729,52%@1497,32%@1497] GR3D_FREQ 0% cpu@50C soc2@49.625C soc0@49.812C gpu@51.531C tj@51.531C soc1@49.656C VDD_IN 5096mW/5192mW VDD_CPU_GPU_CV 1482mW/1511mW VDD_SOC 1444mW/1469mW"
lion-buffalo.mp4,63,5610,7620,99,"07-04-2026 17:37:46 RAM 5610/7620MB (lfb 4x4MB) SWAP 16/3810MB (cached 0MB) CPU [3%@729,47%@729,3%@729,2%@729,29%@960,17%@960] GR3D_FREQ 99% cpu@49.843C soc2@49.562C soc0@49.718C gpu@51.656C tj@51.656C soc1@49.593C VDD_IN 5577mW/5198mW VDD_CPU_GPU_CV 1802mW/1516mW VDD_SOC 1482mW/1469mW"
lion-buffalo.mp4,64,5614,7620,0,"07-04-2026 17:37:47 RAM 5614/7620MB (lfb 3x4MB) SWAP 16/3810MB (cached 0MB) CPU [1%@1497,0%@1497,75%@1497,2%@1497,0%@729,16%@729] GR3D_FREQ 0% cpu@50.375C soc2@49.593C soc0@49.687C gpu@51.312C tj@51.312C soc1@49.656C VDD_IN 4790mW/5192mW VDD_CPU_GPU_CV 1326mW/1513mW VDD_SOC 1406mW/1468mW"
lion-buffalo.mp4,65,5614,7620,0,"07-04-2026 17:37:48 RAM 5614/7620MB (lfb 4x4MB) SWAP 16/3810MB (cached 0MB) CPU [47%@1190,3%@1190,6%@1190,4%@1190,1%@1497,33%@1497] GR3D_FREQ 0% cpu@50.125C soc2@49.625C soc0@49.718C gpu@51.468C tj@51.468C soc1@49.687C VDD_IN 6120mW/5206mW VDD_CPU_GPU_CV 1920mW/1519mW VDD_SOC 1640mW/1471mW"
lion-buffalo.mp4,66,5626,7620,0,"07-04-2026 17:37:49 RAM 5626/7620MB (lfb 4x4MB) SWAP 16/3810MB (cached 0MB) CPU [85%@1497,3%@1497,2%@1497,19%@1497,10%@1113,1%@1113] GR3D_FREQ 0% cpu@50.156C soc2@49.562C soc0@49.812C gpu@51.312C tj@51.312C soc1@49.75C VDD_IN 5000mW/5203mW VDD_CPU_GPU_CV 1400mW/1517mW VDD_SOC 1400mW/1470mW"
lion-buffalo.mp4,67,5590,7620,0,"07-04-2026 17:37:50 RAM 5590/7620MB (lfb 5x4MB) SWAP 16/3810MB (cached 0MB) CPU [11%@1190,2%@1190,2%@1190,39%@1190,5%@729,33%@729] GR3D_FREQ 0% cpu@49.968C soc2@49.843C soc0@49.75C gpu@51.437C tj@51.437C soc1@49.593C VDD_IN 5689mW/5210mW VDD_CPU_GPU_CV 1640mW/1519mW VDD_SOC 1562mW/1471mW"
lion-buffalo.mp4,68,5619,7620,0,"07-04-2026 17:37:51 RAM 5619/7620MB (lfb 4x4MB) SWAP 16/3810MB (cached 0MB) CPU [79%@1497,23%@1497,0%@1497,2%@1497,1%@729,0%@729] GR3D_FREQ 0% cpu@50C soc2@49.718C soc0@49.75C gpu@51.531C tj@51.531C soc1@49.625C VDD_IN 4742mW/5203mW VDD_CPU_GPU_CV 1284mW/1516mW VDD_SOC 1406mW/1470mW"
lion-buffalo.mp4,69,5586,7620,0,"07-04-2026 17:37:52 RAM 5586/7620MB (lfb 5x4MB) SWAP 16/3810MB (cached 0MB) CPU [1%@729,32%@729,3%@729,14%@729,7%@1497,32%@1497] GR3D_FREQ 0% cpu@49.937C soc2@49.625C soc0@49.75C gpu@51.718C tj@51.718C soc1@49.656C VDD_IN 5417mW/5206mW VDD_CPU_GPU_CV 1602mW/1517mW VDD_SOC 1484mW/1470mW"
lion-buffalo.mp4,70,5615,7620,0,"07-04-2026 17:37:53 RAM 5615/7620MB (lfb 4x4MB) SWAP 16/3810MB (cached 0MB) CPU [2%@1497,3%@1497,2%@1497,30%@1497,72%@729,3%@729] GR3D_FREQ 0% cpu@50.625C soc2@49.656C soc0@49.75C gpu@51.156C tj@51.156C soc1@49.687C VDD_IN 4782mW/5200mW VDD_CPU_GPU_CV 1324mW/1514mW VDD_SOC 1406mW/1469mW"
lion-buffalo.mp4,71,5589,7620,0,"07-04-2026 17:37:54 RAM 5589/7620MB (lfb 5x4MB) SWAP 16/3810MB (cached 0MB) CPU [1%@1113,1%@1113,1%@1113,27%@1113,26%@1497,33%@1497] GR3D_FREQ 0% cpu@49.937C soc2@49.718C soc0@49.812C gpu@51.25C tj@51.25C soc1@49.75C VDD_IN 5417mW/5203mW VDD_CPU_GPU_CV 1602mW/1515mW VDD_SOC 1484mW/1470mW"
lion-buffalo.mp4,72,5619,7620,0,"07-04-2026 17:37:55 RAM 5619/7620MB (lfb 4x4MB) SWAP 16/3810MB (cached 0MB) CPU [2%@1497,1%@1497,2%@1497,40%@1497,62%@729,0%@729] GR3D_FREQ 0% cpu@50.281C soc2@49.656C soc0@49.656C gpu@51.25C tj@51.25C soc1@49.562C VDD_IN 4742mW/5197mW VDD_CPU_GPU_CV 1284mW/1512mW VDD_SOC 1406mW/1469mW"
lion-buffalo.mp4,73,5593,7620,0,"07-04-2026 17:37:56 RAM 5593/7620MB (lfb 4x4MB) SWAP 16/3810MB (cached 0MB) CPU [2%@729,1%@729,4%@729,18%@729,31%@1497,37%@1497] GR3D_FREQ 0% cpu@49.968C soc2@49.656C soc0@49.687C gpu@51.406C tj@51.406C soc1@49.562C VDD_IN 5337mW/5199mW VDD_CPU_GPU_CV 1562mW/1513mW VDD_SOC 1484mW/1469mW"
lion-buffalo.mp4,74,5618,7620,0,"07-04-2026 17:37:57 RAM 5618/7620MB (lfb 4x4MB) SWAP 16/3810MB (cached 0MB) CPU [2%@1497,48%@1497,1%@1497,4%@1497,0%@729,53%@729] GR3D_FREQ 0% cpu@50.312C soc2@49.718C soc0@49.718C gpu@51.281C tj@51.281C soc1@49.625C VDD_IN 4702mW/5192mW VDD_CPU_GPU_CV 1286mW/1510mW VDD_SOC 1366mW/1468mW"
lion-buffalo.mp4,75,5589,7620,0,"07-04-2026 17:37:58 RAM 5589/7620MB (lfb 4x4MB) SWAP 16/3810MB (cached 0MB) CPU [24%@806,10%@806,3%@806,4%@806,11%@1497,41%@1497] GR3D_FREQ 0% cpu@50C soc2@49.656C soc0@49.718C gpu@51.312C tj@51.312C soc1@49.718C VDD_IN 5136mW/5191mW VDD_CPU_GPU_CV 1484mW/1510mW VDD_SOC 1444mW/1467mW"
lion-buffalo.mp4,76,5584,7620,0,"07-04-2026 17:37:59 RAM 5584/7620MB (lfb 4x4MB) SWAP 16/3810MB (cached 0MB) CPU [54%@1497,1%@1497,2%@1497,2%@1497,1%@729,49%@729] GR3D_FREQ 0% cpu@50.218C soc2@49.843C soc0@49.75C gpu@51.312C tj@51.312C soc1@49.687C VDD_IN 4782mW/5186mW VDD_CPU_GPU_CV 1284mW/1507mW VDD_SOC 1406mW/1467mW"
lion-buffalo.mp4,77,5586,7620,0,"07-04-2026 17:38:00 RAM 5586/7620MB (lfb 4x4MB) SWAP 16/3810MB (cached 0MB) CPU [28%@729,18%@729,3%@729,17%@729,9%@1497,47%@1497] GR3D_FREQ 0% cpu@49.812C soc2@49.718C soc0@49.718C gpu@51.406C tj@51.406C soc1@49.593C VDD_IN 5104mW/5185mW VDD_CPU_GPU_CV 1484mW/1506mW VDD_SOC 1446mW/1466mW"
lion-buffalo.mp4,78,5589,7620,0,"07-04-2026 17:38:01 RAM 5589/7620MB (lfb 4x4MB) SWAP 16/3810MB (cached 0MB) CPU [20%@729,3%@729,2%@729,1%@729,41%@1497,43%@1497] GR3D_FREQ 0% cpu@50.093C soc2@49.531C soc0@49.625C gpu@51.25C tj@51.25C soc1@49.625C VDD_IN 4775mW/5180mW VDD_CPU_GPU_CV 1282mW/1504mW VDD_SOC 1404mW/1465mW"
lion-buffalo.mp4,79,5589,7620,0,"07-04-2026 17:38:02 RAM 5589/7620MB (lfb 4x4MB) SWAP 16/3810MB (cached 0MB) CPU [3%@729,2%@729,2%@729,22%@729,9%@1497,51%@1497] GR3D_FREQ 0% cpu@50.156C soc2@49.593C soc0@49.718C gpu@51.218C tj@51.218C soc1@49.656C VDD_IN 4983mW/5177mW VDD_CPU_GPU_CV 1404mW/1502mW VDD_SOC 1446mW/1465mW"
lion-buffalo.mp4,80,5587,7620,60,"07-04-2026 17:38:03 RAM 5587/7620MB (lfb 4x4MB) SWAP 16/3810MB (cached 0MB) CPU [9%@1497,2%@1497,2%@1497,4%@1497,56%@729,36%@729] GR3D_FREQ 60% cpu@49.937C soc2@49.625C soc0@49.843C gpu@51.281C tj@51.281C soc1@49.687C VDD_IN 4823mW/5173mW VDD_CPU_GPU_CV 1324mW/1500mW VDD_SOC 1404mW/1464mW"
lion-buffalo.mp4,81,5590,7620,0,"07-04-2026 17:38:04 RAM 5590/7620MB (lfb 4x4MB) SWAP 16/3810MB (cached 0MB) CPU [9%@1190,2%@1190,5%@1190,0%@1190,22%@1497,57%@1497] GR3D_FREQ 0% cpu@50.125C soc2@49.625C soc0@49.843C gpu@51.218C tj@51.218C soc1@49.531C VDD_IN 4983mW/5171mW VDD_CPU_GPU_CV 1404mW/1499mW VDD_SOC 1446mW/1464mW"
lion-buffalo.mp4,82,5590,7620,94,"07-04-2026 17:38:05 RAM 5590/7620MB (lfb 4x4MB) SWAP 16/3810MB (cached 0MB) CPU [7%@729,6%@729,4%@729,3%@729,63%@960,31%@960] GR3D_FREQ 94% cpu@49.875C soc2@49.593C soc0@49.687C gpu@51.968C tj@51.968C soc1@49.562C VDD_IN 5256mW/5172mW VDD_CPU_GPU_CV 1602mW/1500mW VDD_SOC 1444mW/1464mW"
lion-buffalo.mp4,83,5593,7620,0,"07-04-2026 17:38:06 RAM 5593/7620MB (lfb 4x4MB) SWAP 16/3810MB (cached 0MB) CPU [25%@1497,0%@1497,1%@1497,0%@1497,42%@729,29%@729] GR3D_FREQ 0% cpu@50.156C soc2@49.718C soc0@49.718C gpu@51.406C tj@51.406C soc1@49.562C VDD_IN 4903mW/5168mW VDD_CPU_GPU_CV 1404mW/1499mW VDD_SOC 1404mW/1463mW"
lion-buffalo.mp4,84,5588,7620,97,"07-04-2026 17:38:07 RAM 5588/7620MB (lfb 4x4MB) SWAP 16/3810MB (cached 0MB) CPU [23%@729,1%@729,4%@729,1%@729,56%@729,16%@729] GR3D_FREQ 97% cpu@50.062C soc2@49.625C soc0@49.687C gpu@51.843C tj@51.843C soc1@49.625C VDD_IN 5497mW/5172mW VDD_CPU_GPU_CV 1762mW/1502mW VDD_SOC 1484mW/1464mW"
lion-buffalo.mp4,85,5592,7620,0,"07-04-2026 17:38:08 RAM 5592/7620MB (lfb 4x4MB) SWAP 16/3810MB (cached 0MB) CPU [63%@729,2%@729,3%@729,3%@729,10%@1497,16%@1497] GR3D_FREQ 0% cpu@49.968C soc2@49.718C soc0@49.843C gpu@51.437C tj@51.437C soc1@49.562C VDD_IN 4863mW/5169mW VDD_CPU_GPU_CV 1364mW/1500mW VDD_SOC 1406mW/1463mW"
lion-buffalo.mp4,86,5587,7620,99,"07-04-2026 17:38:09 RAM 5587/7620MB (lfb 5x4MB) SWAP 16/3810MB (cached 0MB) CPU [4%@729,3%@729,3%@729,2%@729,15%@729,74%@729] GR3D_FREQ 99% cpu@49.875C soc2@49.656C soc0@49.625C gpu@52C tj@52C soc1@49.593C VDD_IN 6209mW/5181mW VDD_CPU_GPU_CV 2120mW/1508mW VDD_SOC 1602mW/1464mW"
lion-buffalo.mp4,87,5588,7620,0,"07-04-2026 17:38:10 RAM 5588/7620MB (lfb 5x4MB) SWAP 16/3810MB (cached 0MB) CPU [1%@729,0%@729,1%@729,0%@729,80%@1497,15%@1497] GR3D_FREQ 0% cpu@50.343C soc2@49.593C soc0@49.781C gpu@51.218C tj@51.218C soc1@49.562C VDD_IN 4750mW/5176mW VDD_CPU_GPU_CV 1286mW/1505mW VDD_SOC 1406mW/1464mW"
lion-buffalo.mp4,88,5607,7620,42,"07-04-2026 17:38:11 RAM 5607/7620MB (lfb 4x4MB) SWAP 16/3810MB (cached 0MB) CPU [3%@729,3%@729,1%@729,15%@729,7%@1267,78%@1267] GR3D_FREQ 42% cpu@49.843C soc2@49.593C soc0@49.718C gpu@51.687C tj@51.687C soc1@49.625C VDD_IN 6600mW/5192mW VDD_CPU_GPU_CV 2196mW/1513mW VDD_SOC 1720mW/1467mW"
lion-buffalo.mp4,89,5614,7620,0,"07-04-2026 17:38:12 RAM 5614/7620MB (lfb 4x4MB) SWAP 16/3810MB (cached 0MB) CPU [79%@1497,2%@1497,2%@1497,2%@1497,6%@1497,14%@1497] GR3D_FREQ 0% cpu@49.937C soc2@49.687C soc0@49.718C gpu@51.218C tj@51.218C soc1@49.687C VDD_IN 4863mW/5188mW VDD_CPU_GPU_CV 1324mW/1511mW VDD_SOC 1406mW/1466mW"
lion-buffalo.mp4,90,5589,7620,0,"07-04-2026 17:38:13 RAM 5589/7620MB (lfb 4x4MB) SWAP 16/3810MB (cached 0MB) CPU [6%@729,3%@729,4%@729,3%@729,0%@1267,79%@1267] GR3D_FREQ 0% cpu@49.906C soc2@49.656C soc0@49.781C gpu@51.718C tj@51.718C soc1@49.562C VDD_IN 6200mW/5199mW VDD_CPU_GPU_CV 1960mW/1516mW VDD_SOC 1680mW/1468mW"
lion-buffalo.mp4,91,5623,7620,0,"07-04-2026 17:38:14 RAM 5623/7620MB (lfb 4x4MB) SWAP 16/3810MB (cached 0MB) CPU [1%@729,2%@729,2%@729,87%@729,0%@1497,15%@1497] GR3D_FREQ 0% cpu@50.062C soc2@49.562C soc0@49.718C gpu@51.593C tj@51.593C soc1@49.593C VDD_IN 4823mW/5195mW VDD_CPU_GPU_CV 1324mW/1514mW VDD_SOC 1406mW/1468mW"
lion-buffalo.mp4,92,5592,7620,0,"07-04-2026 17:38:15 RAM 5592/7620MB (lfb 5x4MB) SWAP 16/3810MB (cached 0MB) CPU [3%@729,1%@729,5%@729,6%@729,1%@1497,76%@1497] GR3D_FREQ 0% cpu@50.156C soc2@49.656C soc0@49.687C gpu@51.718C tj@51.468C soc1@49.625C VDD_IN 5929mW/5203mW VDD_CPU_GPU_CV 1800mW/1517mW VDD_SOC 1640mW/1470mW"
lion-buffalo.mp4,93,5620,7620,0,"07-04-2026 17:38:16 RAM 5620/7620MB (lfb 5x4MB) SWAP 16/3810MB (cached 0MB) CPU [1%@729,2%@729,2%@729,83%@729,0%@1497,19%@1497] GR3D_FREQ 0% cpu@49.812C soc2@49.593C soc0@49.812C gpu@51.25C tj@51.25C soc1@49.687C VDD_IN 4782mW/5199mW VDD_CPU_GPU_CV 1284mW/1514mW VDD_SOC 1406mW/1469mW"
lion-buffalo.mp4,94,5592,7620,0,"07-04-2026 17:38:17 RAM 5592/7620MB (lfb 5x4MB) SWAP 16/3810MB (cached 0MB) CPU [1%@1420,3%@1420,3%@1420,12%@1420,1%@729,69%@729] GR3D_FREQ 0% cpu@49.937C soc2@49.593C soc0@49.687C gpu@51.343C tj@51.343C soc1@49.5C VDD_IN 5568mW/5202mW VDD_CPU_GPU_CV 1602mW/1515mW VDD_SOC 1522mW/1469mW"
lion-buffalo.mp4,95,5621,7620,0,"07-04-2026 17:38:18 RAM 5621/7620MB (lfb 4x4MB) SWAP 16/3810MB (cached 0MB) CPU [3%@1497,27%@1497,4%@1497,79%@1497,0%@729,1%@729] GR3D_FREQ 0% cpu@50.125C soc2@49.687C soc0@49.625C gpu@51.218C tj@51.218C soc1@49.625C VDD_IN 4823mW/5199mW VDD_CPU_GPU_CV 1324mW/1513mW VDD_SOC 1406mW/1469mW"
lion-buffalo.mp4,96,5594,7620,0,"07-04-2026 17:38:19 RAM 5594/7620MB (lfb 4x4MB) SWAP 16/3810MB (cached 0MB) CPU [19%@1497,31%@1497,2%@1497,0%@1497,1%@729,32%@729] GR3D_FREQ 0% cpu@50.25C soc2@49.687C soc0@49.687C gpu@51.281C tj@51.281C soc1@49.562C VDD_IN 5417mW/5201mW VDD_CPU_GPU_CV 1562mW/1514mW VDD_SOC 1484mW/1469mW"
lion-buffalo.mp4,97,5617,7620,0,"07-04-2026 17:38:20 RAM 5617/7620MB (lfb 4x4MB) SWAP 16/3810MB (cached 0MB) CPU [72%@1497,0%@1497,2%@1497,30%@1497,0%@729,0%@729] GR3D_FREQ 0% cpu@50.375C soc2@49.625C soc0@49.781C gpu@51.25C tj@51.25C soc1@49.593C VDD_IN 4782mW/5197mW VDD_CPU_GPU_CV 1284mW/1511mW VDD_SOC 1404mW/1468mW"
lion-buffalo.mp4,98,5588,7620,0,"07-04-2026 17:38:21 RAM 5588/7620MB (lfb 5x4MB) SWAP 16/3810MB (cached 0MB) CPU [24%@1497,2%@1497,3%@1497,26%@1497,1%@729,30%@729] GR3D_FREQ 0% cpu@50C soc2@49.75C soc0@49.75C gpu@51.218C tj@51.218C soc1@49.718C VDD_IN 5377mW/5198mW VDD_CPU_GPU_CV 1562mW/1512mW VDD_SOC 1524mW/1469mW"
lion-buffalo.mp4,99,5619,7620,0,"07-04-2026 17:38:22 RAM 5619/7620MB (lfb 4x4MB) SWAP 16/3810MB (cached 0MB) CPU [65%@1497,2%@1497,1%@1497,36%@1497,0%@729,0%@729] GR3D_FREQ 0% cpu@49.968C soc2@49.593C soc0@49.531C gpu@51.125C tj@51.125C soc1@49.562C VDD_IN 4742mW/5194mW VDD_CPU_GPU_CV 1286mW/1510mW VDD_SOC 1406mW/1468mW"
lion-buffalo.mp4,100,5589,7620,0,"07-04-2026 17:38:23 RAM 5589/7620MB (lfb 4x4MB) SWAP 16/3810MB (cached 0MB) CPU [3%@1497,13%@1497,30%@1497,23%@1497,2%@729,33%@729] GR3D_FREQ 0% cpu@50.406C soc2@49.625C soc0@49.75C gpu@51.218C tj@51.218C soc1@49.593C VDD_IN 5296mW/5195mW VDD_CPU_GPU_CV 1522mW/1510mW VDD_SOC 1484mW/1468mW"
lion-buffalo.mp4,101,5617,7620,0,"07-04-2026 17:38:24 RAM 5617/7620MB (lfb 4x4MB) SWAP 16/3810MB (cached 0MB) CPU [3%@1497,1%@1497,61%@1497,41%@1497,1%@729,0%@729] GR3D_FREQ 0% cpu@50.062C soc2@49.531C soc0@49.562C gpu@51.156C tj@51.156C soc1@49.562C VDD_IN 4742mW/5190mW VDD_CPU_GPU_CV 1326mW/1508mW VDD_SOC 1366mW/1467mW"
lion-buffalo.mp4,102,5588,7620,0,"07-04-2026 17:38:25 RAM 5588/7620MB (lfb 4x4MB) SWAP 16/3810MB (cached 0MB) CPU [1%@1497,1%@1497,36%@1497,16%@1497,1%@729,31%@729] GR3D_FREQ 0% cpu@50.343C soc2@49.562C soc0@49.781C gpu@51.218C tj@51.218C soc1@49.562C VDD_IN 5104mW/5190mW VDD_CPU_GPU_CV 1444mW/1507mW VDD_SOC 1444mW/1467mW"
lion-buffalo.mp4,103,5618,7620,0,"07-04-2026 17:38:26 RAM 5618/7620MB (lfb 4x4MB) SWAP 16/3810MB (cached 0MB) CPU [1%@1497,0%@1497,55%@1497,47%@1497,0%@729,0%@729] GR3D_FREQ 0% cpu@50.062C soc2@49.562C soc0@49.656C gpu@51.093C tj@51.093C soc1@49.625C VDD_IN 4709mW/5185mW VDD_CPU_GPU_CV 1286mW/1505mW VDD_SOC 1366mW/1466mW"
lion-buffalo.mp4,104,5587,7620,0,"07-04-2026 17:38:27 RAM 5587/7620MB (lfb 5x4MB) SWAP 16/3810MB (cached 0MB) CPU [2%@1497,1%@1497,44%@1497,11%@1497,1%@729,33%@729] GR3D_FREQ 0% cpu@50.218C soc2@49.562C soc0@49.593C gpu@51.312C tj@51.312C soc1@49.5C VDD_IN 5024mW/5183mW VDD_CPU_GPU_CV 1404mW/1504mW VDD_SOC 1446mW/1466mW"
lion-buffalo.mp4,105,5589,7620,0,"07-04-2026 17:38:28 RAM 5589/7620MB (lfb 5x4MB) SWAP 16/3810MB (cached 0MB) CPU [3%@1497,3%@1497,51%@1497,54%@1497,2%@729,0%@729] GR3D_FREQ 0% cpu@50.187C soc2@49.531C soc0@49.687C gpu@51.281C tj@51.281C soc1@49.437C VDD_IN 4823mW/5180mW VDD_CPU_GPU_CV 1324mW/1502mW VDD_SOC 1404mW/1465mW"
lion-buffalo.mp4,106,5591,7620,0,"07-04-2026 17:38:29 RAM 5591/7620MB (lfb 5x4MB) SWAP 16/3810MB (cached 0MB) CPU [46%@1497,2%@1497,2%@1497,3%@1497,0%@729,33%@729] GR3D_FREQ 0% cpu@50.312C soc2@49.75C soc0@49.687C gpu@51.406C tj@51.406C soc1@49.5C VDD_IN 4983mW/5178mW VDD_CPU_GPU_CV 1404mW/1502mW VDD_SOC 1446mW/1465mW"
lion-buffalo.mp4,107,5588,7620,0,"07-04-2026 17:38:30 RAM 5588/7620MB (lfb 4x4MB) SWAP 16/3810MB (cached 0MB) CPU [18%@1497,61%@1497,5%@1497,3%@1497,34%@1497,0%@1497] GR3D_FREQ 0% cpu@49.968C soc2@49.531C soc0@49.656C gpu@51.281C tj@51.281C soc1@49.625C VDD_IN 4782mW/5174mW VDD_CPU_GPU_CV 1284mW/1500mW VDD_SOC 1406mW/1465mW"
lion-buffalo.mp4,108,5589,7620,0,"07-04-2026 17:38:31 RAM 5589/7620MB (lfb 4x4MB) SWAP 16/3810MB (cached 0MB) CPU [48%@1497,0%@1497,2%@1497,0%@1497,1%@729,32%@729] GR3D_FREQ 0% cpu@50.125C soc2@49.75C soc0@49.812C gpu@51.406C tj@51.406C soc1@49.562C VDD_IN 4943mW/5172mW VDD_CPU_GPU_CV 1366mW/1498mW VDD_SOC 1406mW/1464mW"
lion-buffalo.mp4,109,5588,7620,0,"07-04-2026 17:38:32 RAM 5588/7620MB (lfb 5x4MB) SWAP 16/3810MB (cached 0MB) CPU [6%@806,1%@806,3%@806,55%@806,37%@960,4%@960] GR3D_FREQ 0% cpu@49.843C soc2@49.5C soc0@49.593C gpu@51.187C tj@51.187C soc1@49.437C VDD_IN 4662mW/5168mW VDD_CPU_GPU_CV 1245mW/1496mW VDD_SOC 1366mW/1463mW"
lion-buffalo.mp4,110,5589,7620,0,"07-04-2026 17:38:33 RAM 5589/7620MB (lfb 5x4MB) SWAP 16/3810MB (cached 0MB) CPU [4%@729,2%@729,4%@729,1%@729,48%@1497,33%@1497] GR3D_FREQ 0% cpu@50C soc2@49.531C soc0@49.687C gpu@51.218C tj@51.218C soc1@49.531C VDD_IN 5024mW/5166mW VDD_CPU_GPU_CV 1404mW/1495mW VDD_SOC 1444mW/1463mW"
lion-buffalo.mp4,111,5587,7620,0,"07-04-2026 17:38:34 RAM 5587/7620MB (lfb 4x4MB) SWAP 16/3810MB (cached 0MB) CPU [2%@729,7%@729,1%@729,56%@729,44%@1113,7%@1113] GR3D_FREQ 0% cpu@50.062C soc2@49.406C soc0@49.593C gpu@51.125C tj@51.125C soc1@49.468C VDD_IN 4775mW/5163mW VDD_CPU_GPU_CV 1324mW/1494mW VDD_SOC 1364mW/1462mW"
lion-buffalo.mp4,112,5588,7620,0,"07-04-2026 17:38:35 RAM 5588/7620MB (lfb 4x4MB) SWAP 16/3810MB (cached 0MB) CPU [1%@729,1%@729,2%@729,0%@729,55%@1497,29%@1497] GR3D_FREQ 0% cpu@49.875C soc2@49.625C soc0@49.781C gpu@51.406C tj@51.406C soc1@49.687C VDD_IN 4943mW/5161mW VDD_CPU_GPU_CV 1406mW/1493mW VDD_SOC 1406mW/1462mW"
lion-buffalo.mp4,113,5593,7620,99,"07-04-2026 17:38:36 RAM 5593/7620MB (lfb 4x4MB) SWAP 16/3810MB (cached 0MB) CPU [1%@729,2%@729,2%@729,56%@729,35%@729,9%@729] GR3D_FREQ 99% cpu@49.75C soc2@49.5C soc0@49.625C gpu@51.531C tj@51.531C soc1@49.5C VDD_IN 4702mW/5157mW VDD_CPU_GPU_CV 1286mW/1491mW VDD_SOC 1366mW/1461mW"
lion-buffalo.mp4,114,5592,7620,0,"07-04-2026 17:38:37 RAM 5592/7620MB (lfb 4x4MB) SWAP 16/3810MB (cached 0MB) CPU [1%@729,2%@729,1%@729,1%@729,62%@1497,24%@1497] GR3D_FREQ 0% cpu@50.187C soc2@49.5C soc0@49.562C gpu@51.437C tj@51.437C soc1@49.437C VDD_IN 4903mW/5155mW VDD_CPU_GPU_CV 1366mW/1490mW VDD_SOC 1406mW/1460mW"
lion-buffalo.mp4,115,5591,7620,90,"07-04-2026 17:38:38 RAM 5591/7620MB (lfb 5x4MB) SWAP 16/3810MB (cached 0MB) CPU [5%@729,3%@729,6%@729,56%@729,25%@806,13%@806] GR3D_FREQ 90% cpu@49.718C soc2@49.562C soc0@49.656C gpu@51.718C tj@51.718C soc1@49.593C VDD_IN 5497mW/5158mW VDD_CPU_GPU_CV 1762mW/1492mW VDD_SOC 1484mW/1461mW"
lion-buffalo.mp4,116,5591,7620,0,"07-04-2026 17:38:39 RAM 5591/7620MB (lfb 4x4MB) SWAP 16/3810MB (cached 0MB) CPU [3%@729,1%@729,2%@729,2%@729,71%@1497,19%@1497] GR3D_FREQ 0% cpu@49.843C soc2@49.656C soc0@49.75C gpu@51.218C tj@51.218C soc1@49.593C VDD_IN 4935mW/5156mW VDD_CPU_GPU_CV 1362mW/1491mW VDD_SOC 1402mW/1460mW"
lion-buffalo.mp4,117,5592,7620,99,"07-04-2026 17:38:40 RAM 5592/7620MB (lfb 4x4MB) SWAP 16/3810MB (cached 0MB) CPU [2%@729,57%@729,3%@729,1%@729,15%@729,19%@729] GR3D_FREQ 99% cpu@49.781C soc2@49.781C soc0@49.656C gpu@51.968C tj@51.968C soc1@49.468C VDD_IN 6009mW/5163mW VDD_CPU_GPU_CV 2040mW/1496mW VDD_SOC 1562mW/1461mW"
lion-buffalo.mp4,118,5590,7620,0,"07-04-2026 17:38:41 RAM 5590/7620MB (lfb 5x4MB) SWAP 16/3810MB (cached 0MB) CPU [2%@729,1%@729,3%@729,2%@729,82%@1497,12%@1497] GR3D_FREQ 0% cpu@50.156C soc2@49.531C soc0@49.656C gpu@51.187C tj@51.187C soc1@49.531C VDD_IN 4823mW/5160mW VDD_CPU_GPU_CV 1326mW/1494mW VDD_SOC 1406mW/1460mW"
lion-buffalo.mp4,119,5590,7620,0,"07-04-2026 17:38:42 RAM 5590/7620MB (lfb 4x4MB) SWAP 16/3810MB (cached 0MB) CPU [2%@729,14%@729,3%@729,1%@729,53%@1036,14%@1036] GR3D_FREQ 0% cpu@49.906C soc2@49.562C soc0@49.687C gpu@51.593C tj@51.843C soc1@49.531C VDD_IN 6360mW/5170mW VDD_CPU_GPU_CV 2076mW/1499mW VDD_SOC 1680mW/1462mW"
lion-buffalo.mp4,120,5616,7620,0,"07-04-2026 17:38:43 RAM 5616/7620MB (lfb 4x4MB) SWAP 16/3810MB (cached 0MB) CPU [2%@1267,4%@1267,7%@1267,2%@1267,85%@1497,10%@1497] GR3D_FREQ 0% cpu@50.187C soc2@49.562C soc0@49.687C gpu@51.531C tj@51.531C soc1@49.562C VDD_IN 4823mW/5167mW VDD_CPU_GPU_CV 1324mW/1498mW VDD_SOC 1406mW/1462mW"
lion-buffalo.mp4,121,5586,7620,0,"07-04-2026 17:38:44 RAM 5586/7620MB (lfb 4x4MB) SWAP 16/3810MB (cached 0MB) CPU [33%@1497,4%@1497,24%@1497,6%@1497,43%@729,1%@729] GR3D_FREQ 0% cpu@50.125C soc2@49.75C soc0@49.812C gpu@51.281C tj@51.281C soc1@49.625C VDD_IN 6200mW/5176mW VDD_CPU_GPU_CV 1996mW/1502mW VDD_SOC 1680mW/1464mW"
lion-buffalo.mp4,122,5617,7620,0,"07-04-2026 17:38:45 RAM 5617/7620MB (lfb 4x4MB) SWAP 16/3810MB (cached 0MB) CPU [3%@729,1%@729,2%@729,1%@729,12%@1497,88%@1497] GR3D_FREQ 0% cpu@49.906C soc2@49.5C soc0@49.625C gpu@51.093C tj@51.093C soc1@49.468C VDD_IN 4823mW/5173mW VDD_CPU_GPU_CV 1324mW/1500mW VDD_SOC 1406mW/1463mW"
lion-buffalo.mp4,123,5587,7620,0,"07-04-2026 17:38:46 RAM 5587/7620MB (lfb 4x4MB) SWAP 16/3810MB (cached 0MB) CPU [35%@729,2%@729,4%@729,13%@729,44%@729,7%@729] GR3D_FREQ 0% cpu@49.968C soc2@49.562C soc0@49.687C gpu@51.406C tj@51.406C soc1@49.531C VDD_IN 5969mW/5179mW VDD_CPU_GPU_CV 1840mW/1503mW VDD_SOC 1642mW/1465mW"
lion-buffalo.mp4,124,5616,7620,0,"07-04-2026 17:38:47 RAM 5616/7620MB (lfb 4x4MB) SWAP 16/3810MB (cached 0MB) CPU [1%@729,1%@729,2%@729,1%@729,17%@1497,84%@1497] GR3D_FREQ 0% cpu@50.156C soc2@49.5C soc0@49.781C gpu@51.218C tj@51.218C soc1@49.562C VDD_IN 4782mW/5176mW VDD_CPU_GPU_CV 1284mW/1501mW VDD_SOC 1406mW/1464mW"
lion-buffalo.mp4,125,5589,7620,0,"07-04-2026 17:38:48 RAM 5589/7620MB (lfb 4x4MB) SWAP 16/3810MB (cached 0MB) CPU [19%@729,3%@729,3%@729,19%@729,41%@960,9%@960] GR3D_FREQ 0% cpu@49.687C soc2@49.625C soc0@49.75C gpu@51.406C tj@51.406C soc1@49.656C VDD_IN 5809mW/5181mW VDD_CPU_GPU_CV 1760mW/1503mW VDD_SOC 1602mW/1465mW"
lion-buffalo.mp4,126,5619,7620,0,"07-04-2026 17:38:49 RAM 5619/7620MB (lfb 4x4MB) SWAP 16/3810MB (cached 0MB) CPU [2%@1497,2%@1497,22%@1497,1%@1497,0%@1497,80%@1497] GR3D_FREQ 0% cpu@50.187C soc2@49.531C soc0@49.625C gpu@51.218C tj@51.218C soc1@49.5C VDD_IN 4782mW/5178mW VDD_CPU_GPU_CV 1284mW/1502mW VDD_SOC 1406mW/1465mW"
lion-buffalo.mp4,127,5587,7620,0,"07-04-2026 17:38:50 RAM 5587/7620MB (lfb 4x4MB) SWAP 16/3810MB (cached 0MB) CPU [32%@729,1%@729,37%@729,3%@729,0%@1497,13%@1497] GR3D_FREQ 0% cpu@49.937C soc2@49.562C soc0@49.625C gpu@51.343C tj@51.343C soc1@49.468C VDD_IN 5617mW/5181mW VDD_CPU_GPU_CV 1682mW/1503mW VDD_SOC 1522mW/1465mW"
lion-buffalo.mp4,128,5615,7620,0,"07-04-2026 17:38:51 RAM 5615/7620MB (lfb 4x4MB) SWAP 16/3810MB (cached 0MB) CPU [27%@1497,2%@1497,2%@1497,2%@1497,0%@1497,75%@1497] GR3D_FREQ 0% cpu@50.281C soc2@49.593C soc0@49.656C gpu@51.093C tj@51.093C soc1@49.468C VDD_IN 4742mW/5178mW VDD_CPU_GPU_CV 1286mW/1501mW VDD_SOC 1406mW/1465mW"
lion-buffalo.mp4,129,5585,7620,0,"07-04-2026 17:38:52 RAM 5585/7620MB (lfb 4x4MB) SWAP 16/3810MB (cached 0MB) CPU [62%@729,3%@729,2%@729,3%@729,0%@1497,22%@1497] GR3D_FREQ 0% cpu@49.906C soc2@49.593C soc0@49.656C gpu@51.187C tj@51.187C soc1@49.625C VDD_IN 5377mW/5180mW VDD_CPU_GPU_CV 1602mW/1502mW VDD_SOC 1484mW/1465mW"
lion-buffalo.mp4,130,5617,7620,0,"07-04-2026 17:38:53 RAM 5617/7620MB (lfb 4x4MB) SWAP 16/3810MB (cached 0MB) CPU [35%@1497,3%@1497,2%@1497,3%@1497,0%@1113,68%@1113] GR3D_FREQ 0% cpu@50C soc2@49.75C soc0@49.781C gpu@51.125C tj@51.125C soc1@49.656C VDD_IN 4742mW/5176mW VDD_CPU_GPU_CV 1326mW/1501mW VDD_SOC 1406mW/1464mW"
lion-buffalo.mp4,131,5587,7620,0,"07-04-2026 17:38:54 RAM 5587/7620MB (lfb 4x4MB) SWAP 16/3810MB (cached 0MB) CPU [55%@729,2%@729,3%@729,3%@729,0%@1497,27%@1497] GR3D_FREQ 0% cpu@49.75C soc2@49.562C soc0@49.593C gpu@51.218C tj@51.218C soc1@49.437C VDD_IN 5296mW/5177mW VDD_CPU_GPU_CV 1522mW/1501mW VDD_SOC 1484mW/1465mW"
lion-buffalo.mp4,132,5617,7620,0,"07-04-2026 17:38:55 RAM 5617/7620MB (lfb 4x4MB) SWAP 16/3810MB (cached 0MB) CPU [2%@1497,39%@1497,1%@1497,1%@1497,2%@729,63%@729] GR3D_FREQ 0% cpu@49.968C soc2@49.562C soc0@49.656C gpu@51.25C tj@51.25C soc1@49.5C VDD_IN 4702mW/5174mW VDD_CPU_GPU_CV 1286mW/1499mW VDD_SOC 1366mW/1464mW"
lion-buffalo.mp4,133,5584,7620,0,"07-04-2026 17:38:56 RAM 5584/7620MB (lfb 4x4MB) SWAP 16/3810MB (cached 0MB) CPU [19%@729,29%@729,2%@729,2%@729,24%@1497,28%@1497] GR3D_FREQ 0% cpu@49.968C soc2@49.468C soc0@49.656C gpu@51.375C tj@51.375C soc1@49.593C VDD_IN 5256mW/5174mW VDD_CPU_GPU_CV 1522mW/1500mW VDD_SOC 1444mW/1464mW"
lion-buffalo.mp4,134,5612,7620,0,"07-04-2026 17:38:57 RAM 5612/7620MB (lfb 4x4MB) SWAP 16/3810MB (cached 0MB) CPU [7%@1497,5%@1497,7%@1497,44%@1497,0%@729,59%@729] GR3D_FREQ 0% cpu@49.968C soc2@49.593C soc0@49.718C gpu@51.406C tj@51.406C soc1@49.593C VDD_IN 4775mW/5171mW VDD_CPU_GPU_CV 1324mW/1498mW VDD_SOC 1404mW/1463mW"
lion-buffalo.mp4,135,5586,7620,0,"07-04-2026 17:38:58 RAM 5586/7620MB (lfb 4x4MB) SWAP 16/3810MB (cached 0MB) CPU [2%@729,3%@729,5%@729,16%@729,33%@1497,36%@1497] GR3D_FREQ 0% cpu@49.843C soc2@49.5C soc0@49.656C gpu@51.312C tj@51.312C soc1@49.5C VDD_IN 5256mW/5172mW VDD_CPU_GPU_CV 1524mW/1499mW VDD_SOC 1484mW/1463mW"
lion-buffalo.mp4,136,5616,7620,0,"07-04-2026 17:38:59 RAM 5616/7620MB (lfb 4x4MB) SWAP 16/3810MB (cached 0MB) CPU [3%@1497,51%@1497,2%@1497,2%@1497,0%@729,51%@729] GR3D_FREQ 0% cpu@49.937C soc2@49.531C soc0@49.531C gpu@51.281C tj@51.281C soc1@49.468C VDD_IN 4742mW/5169mW VDD_CPU_GPU_CV 1324mW/1497mW VDD_SOC 1406mW/1463mW"
lion-buffalo.mp4,137,5589,7620,0,"07-04-2026 17:39:00 RAM 5589/7620MB (lfb 4x4MB) SWAP 16/3810MB (cached 0MB) CPU [2%@729,7%@729,8%@729,1%@729,53%@1497,27%@1497] GR3D_FREQ 0% cpu@50C soc2@49.5C soc0@49.625C gpu@51.187C tj@51.187C soc1@49.468C VDD_IN 5064mW/5168mW VDD_CPU_GPU_CV 1444mW/1497mW VDD_SOC 1446mW/1463mW"
lion-buffalo.mp4,138,5589,7620,0,"07-04-2026 17:39:01 RAM 5589/7620MB (lfb 4x4MB) SWAP 16/3810MB (cached 0MB) CPU [0%@1497,56%@1497,3%@1497,2%@1497,44%@729,0%@729] GR3D_FREQ 0% cpu@50.156C soc2@49.625C soc0@49.687C gpu@51.156C tj@51.156C soc1@49.562C VDD_IN 4742mW/5165mW VDD_CPU_GPU_CV 1286mW/1495mW VDD_SOC 1406mW/1462mW"
lion-buffalo.mp4,139,5589,7620,0,"07-04-2026 17:39:02 RAM 5589/7620MB (lfb 4x4MB) SWAP 16/3810MB (cached 0MB) CPU [3%@729,1%@729,2%@729,1%@729,52%@1497,32%@1497] GR3D_FREQ 0% cpu@49.812C soc2@49.625C soc0@49.75C gpu@51.156C tj@51.156C soc1@49.656C VDD_IN 4983mW/5164mW VDD_CPU_GPU_CV 1404mW/1495mW VDD_SOC 1446mW/1462mW"
lion-buffalo.mp4,140,5592,7620,97,"07-04-2026 17:39:03 RAM 5592/7620MB (lfb 4x4MB) SWAP 16/3810MB (cached 0MB) CPU [24%@729,5%@729,3%@729,2%@729,74%@1036,1%@1036] GR3D_FREQ 97% cpu@49.781C soc2@49.5C soc0@49.531C gpu@51.25C tj@51.25C soc1@49.375C VDD_IN 4782mW/5161mW VDD_CPU_GPU_CV 1324mW/1493mW VDD_SOC 1404mW/1462mW"
lion-buffalo.mp4,141,5594,7620,0,"07-04-2026 17:39:04 RAM 5594/7620MB (lfb 4x4MB) SWAP 16/3810MB (cached 0MB) CPU [1%@729,1%@729,2%@729,2%@729,63%@1497,23%@1497] GR3D_FREQ 0% cpu@50.093C soc2@49.5C soc0@49.562C gpu@51.437C tj@51.437C soc1@49.5C VDD_IN 4863mW/5159mW VDD_CPU_GPU_CV 1366mW/1493mW VDD_SOC 1406mW/1462mW"
lion-buffalo.mp4,142,5593,7620,94,"07-04-2026 17:39:05 RAM 5593/7620MB (lfb 4x4MB) SWAP 16/3810MB (cached 0MB) CPU [2%@729,2%@729,4%@729,1%@729,25%@729,68%@729] GR3D_FREQ 94% cpu@49.656C soc2@49.5C soc0@49.687C gpu@51.875C tj@51.875C soc1@49.593C VDD_IN 5337mW/5160mW VDD_CPU_GPU_CV 1682mW/1494mW VDD_SOC 1444mW/1461mW"
lion-buffalo.mp4,143,5594,7620,0,"07-04-2026 17:39:06 RAM 5594/7620MB (lfb 4x4MB) SWAP 16/3810MB (cached 0MB) CPU [1%@729,5%@729,2%@729,2%@729,69%@1497,20%@1497] GR3D_FREQ 0% cpu@49.812C soc2@49.5C soc0@49.781C gpu@51.5C tj@51.5C soc1@49.625C VDD_IN 4903mW/5158mW VDD_CPU_GPU_CV 1364mW/1493mW VDD_SOC 1404mW/1461mW"
lion-buffalo.mp4,144,5592,7620,99,"07-04-2026 17:39:07 RAM 5592/7620MB (lfb 4x4MB) SWAP 16/3810MB (cached 0MB) CPU [3%@1420,20%@1420,4%@1420,1%@1420,17%@806,75%@806] GR3D_FREQ 99% cpu@49.968C soc2@49.531C soc0@49.562C gpu@51.562C tj@51.562C soc1@49.406C VDD_IN 5969mW/5164mW VDD_CPU_GPU_CV 2000mW/1497mW VDD_SOC 1562mW/1462mW"
lion-buffalo.mp4,145,5598,7620,0,"07-04-2026 17:39:08 RAM 5598/7620MB (lfb 5x4MB) SWAP 16/3810MB (cached 0MB) CPU [6%@729,8%@729,4%@729,10%@729,77%@1497,13%@1497] GR3D_FREQ 0% cpu@49.937C soc2@49.5C soc0@49.531C gpu@51.156C tj@51.156C soc1@49.5C VDD_IN 4903mW/5162mW VDD_CPU_GPU_CV 1404mW/1496mW VDD_SOC 1404mW/1461mW"
lion-buffalo.mp4,146,5600,7620,99,"07-04-2026 17:39:09 RAM 5600/7620MB (lfb 5x4MB) SWAP 16/3810MB (cached 0MB) CPU [4%@729,2%@729,1%@729,1%@729,11%@729,75%@729] GR3D_FREQ 99% cpu@49.968C soc2@49.593C soc0@49.718C gpu@52C tj@52C soc1@49.593C VDD_IN 6290mW/5170mW VDD_CPU_GPU_CV 2160mW/1500mW VDD_SOC 1640mW/1463mW"
lion-buffalo.mp4,147,5609,7620,0,"07-04-2026 17:39:10 RAM 5609/7620MB (lfb 5x4MB) SWAP 16/3810MB (cached 0MB) CPU [4%@729,2%@729,5%@729,3%@729,85%@1497,13%@1497] GR3D_FREQ 0% cpu@50.093C soc2@49.5C soc0@49.5C gpu@51.437C tj@51.437C soc1@49.687C VDD_IN 4967mW/5168mW VDD_CPU_GPU_CV 1322mW/1499mW VDD_SOC 1442mW/1462mW"
lion-buffalo.mp4,148,5601,7620,0,"07-04-2026 17:39:11 RAM 5601/7620MB (lfb 5x4MB) SWAP 16/3810MB (cached 0MB) CPU [3%@729,1%@729,3%@729,1%@729,3%@1267,80%@1267] GR3D_FREQ 0% cpu@49.718C soc2@49.5C soc0@49.562C gpu@51.312C tj@51.312C soc1@49.531C VDD_IN 6240mW/5176mW VDD_CPU_GPU_CV 1956mW/1502mW VDD_SOC 1680mW/1464mW"
lion-buffalo.mp4,149,5631,7620,0,"07-04-2026 17:39:12 RAM 5631/7620MB (lfb 4x4MB) SWAP 16/3810MB (cached 0MB) CPU [1%@729,1%@729,2%@729,2%@729,86%@1497,15%@1497] GR3D_FREQ 0% cpu@49.968C soc2@49.5C soc0@49.625C gpu@51.218C tj@51.218C soc1@49.406C VDD_IN 4823mW/5173mW VDD_CPU_GPU_CV 1284mW/1501mW VDD_SOC 1406mW/1463mW"
lion-buffalo.mp4,150,5602,7620,0,"07-04-2026 17:39:13 RAM 5602/7620MB (lfb 4x4MB) SWAP 16/3810MB (cached 0MB) CPU [1%@729,2%@729,5%@729,4%@729,2%@1497,80%@1497] GR3D_FREQ 0% cpu@50.031C soc2@49.562C soc0@49.593C gpu@51.375C tj@51.375C soc1@49.593C VDD_IN 6040mW/5179mW VDD_CPU_GPU_CV 1880mW/1503mW VDD_SOC 1640mW/1465mW"
lion-buffalo.mp4,151,5626,7620,0,"07-04-2026 17:39:14 RAM 5626/7620MB (lfb 4x4MB) SWAP 16/3810MB (cached 0MB) CPU [17%@1497,1%@1497,0%@1497,4%@1497,85%@729,0%@729] GR3D_FREQ 0% cpu@50.093C soc2@49.656C soc0@49.687C gpu@51.218C tj@51.218C soc1@49.625C VDD_IN 4782mW/5176mW VDD_CPU_GPU_CV 1324mW/1502mW VDD_SOC 1406mW/1464mW"
lion-buffalo.mp4,152,5600,7620,0,"07-04-2026 17:39:15 RAM 5600/7620MB (lfb 4x4MB) SWAP 16/3810MB (cached 0MB) CPU [3%@729,1%@729,1%@729,2%@729,58%@1497,22%@1497] GR3D_FREQ 0% cpu@49.937C soc2@49.562C soc0@49.75C gpu@51.281C tj@51.281C soc1@49.5C VDD_IN 5769mW/5180mW VDD_CPU_GPU_CV 1720mW/1504mW VDD_SOC 1602mW/1465mW"
lion-buffalo.mp4,153,5625,7620,0,"07-04-2026 17:39:16 RAM 5625/7620MB (lfb 4x4MB) SWAP 16/3810MB (cached 0MB) CPU [1%@729,0%@729,3%@729,3%@729,73%@1497,27%@1497] GR3D_FREQ 0% cpu@49.968C soc2@49.531C soc0@49.593C gpu@51.093C tj@51.093C soc1@49.437C VDD_IN 4742mW/5177mW VDD_CPU_GPU_CV 1286mW/1502mW VDD_SOC 1406mW/1465mW"
lion-buffalo.mp4,154,5598,7620,0,"07-04-2026 17:39:17 RAM 5598/7620MB (lfb 4x4MB) SWAP 16/3810MB (cached 0MB) CPU [2%@729,2%@729,13%@729,2%@729,22%@1497,60%@1497] GR3D_FREQ 0% cpu@50.031C soc2@49.531C soc0@49.75C gpu@51.156C tj@51.156C soc1@49.531C VDD_IN 5488mW/5179mW VDD_CPU_GPU_CV 1602mW/1503mW VDD_SOC 1522mW/1465mW"
lion-buffalo.mp4,155,5629,7620,0,"07-04-2026 17:39:18 RAM 5629/7620MB (lfb 4x4MB) SWAP 16/3810MB (cached 0MB) CPU [4%@729,2%@729,4%@729,3%@729,66%@1497,35%@1497] GR3D_FREQ 0% cpu@49.875C soc2@49.5C soc0@49.718C gpu@51.125C tj@51.125C soc1@49.656C VDD_IN 4742mW/5177mW VDD_CPU_GPU_CV 1286mW/1501mW VDD_SOC 1406mW/1465mW"
lion-buffalo.mp4,156,5599,7620,0,"07-04-2026 17:39:19 RAM 5599/7620MB (lfb 4x4MB) SWAP 16/3810MB (cached 0MB) CPU [4%@729,14%@729,5%@729,9%@729,20%@1497,56%@1497] GR3D_FREQ 0% cpu@49.906C soc2@49.625C soc0@49.593C gpu@51.187C tj@51.187C soc1@49.656C VDD_IN 5377mW/5178mW VDD_CPU_GPU_CV 1562mW/1502mW VDD_SOC 1524mW/1465mW"
lion-buffalo.mp4,157,5622,7620,0,"07-04-2026 17:39:20 RAM 5622/7620MB (lfb 4x4MB) SWAP 16/3810MB (cached 0MB) CPU [4%@1497,2%@1497,8%@1497,47%@1497,60%@1036,0%@1036] GR3D_FREQ 0% cpu@50.062C soc2@49.5C soc0@49.625C gpu@51.125C tj@51.125C soc1@49.5C VDD_IN 4742mW/5175mW VDD_CPU_GPU_CV 1324mW/1501mW VDD_SOC 1406mW/1465mW"
lion-buffalo.mp4,158,5592,7620,0,"07-04-2026 17:39:21 RAM 5592/7620MB (lfb 4x4MB) SWAP 16/3810MB (cached 0MB) CPU [2%@729,1%@729,0%@729,17%@729,37%@1497,31%@1497] GR3D_FREQ 0% cpu@50.156C soc2@49.5C soc0@49.625C gpu@51.375C tj@51.375C soc1@49.468C VDD_IN 5184mW/5175mW VDD_CPU_GPU_CV 1484mW/1501mW VDD_SOC 1484mW/1465mW"
lion-buffalo.mp4,159,5584,7620,0,"07-04-2026 17:39:22 RAM 5584/7620MB (lfb 4x4MB) SWAP 16/3810MB (cached 0MB) CPU [2%@1497,1%@1497,2%@1497,49%@1497,52%@1036,0%@1036] GR3D_FREQ 0% cpu@50.187C soc2@49.593C soc0@49.625C gpu@51.375C tj@51.375C soc1@49.625C VDD_IN 4742mW/5172mW VDD_CPU_GPU_CV 1286mW/1499mW VDD_SOC 1406mW/1464mW"
lion-buffalo.mp4,160,5594,7620,0,"07-04-2026 17:39:23 RAM 5594/7620MB (lfb 4x4MB) SWAP 16/3810MB (cached 0MB) CPU [2%@729,1%@729,4%@729,7%@729,52%@1497,26%@1497] GR3D_FREQ 0% cpu@49.968C soc2@49.531C soc0@49.812C gpu@51.312C tj@51.312C soc1@49.625C VDD_IN 5104mW/5172mW VDD_CPU_GPU_CV 1484mW/1499mW VDD_SOC 1444mW/1464mW"
lion-buffalo.mp4,161,5592,7620,0,"07-04-2026 17:39:24 RAM 5592/7620MB (lfb 5x4MB) SWAP 16/3810MB (cached 0MB) CPU [56%@1036,3%@1036,2%@1036,2%@1036,45%@1497,3%@1497] GR3D_FREQ 0% cpu@49.812C soc2@49.656C soc0@49.75C gpu@51.406C tj@51.406C soc1@49.437C VDD_IN 4742mW/5169mW VDD_CPU_GPU_CV 1284mW/1498mW VDD_SOC 1406mW/1464mW"
lion-buffalo.mp4,162,5590,7620,0,"07-04-2026 17:39:25 RAM 5590/7620MB (lfb 5x4MB) SWAP 16/3810MB (cached 0MB) CPU [1%@729,2%@729,1%@729,0%@729,52%@1497,29%@1497] GR3D_FREQ 0% cpu@50.062C soc2@49.593C soc0@49.687C gpu@51.375C tj@51.375C soc1@49.468C VDD_IN 4943mW/5168mW VDD_CPU_GPU_CV 1404mW/1497mW VDD_SOC 1446mW/1464mW"
lion-buffalo.mp4,163,5590,7620,96,"07-04-2026 17:39:26 RAM 5590/7620MB (lfb 5x4MB) SWAP 16/3810MB (cached 0MB) CPU [56%@729,3%@729,2%@729,0%@729,35%@1497,7%@1497] GR3D_FREQ 96% cpu@50C soc2@49.531C soc0@49.593C gpu@51.343C tj@51.343C soc1@49.531C VDD_IN 4782mW/5166mW VDD_CPU_GPU_CV 1324mW/1496mW VDD_SOC 1406mW/1464mW"
lion-buffalo.mp4,164,5590,7620,0,"07-04-2026 17:39:27 RAM 5590/7620MB (lfb 5x4MB) SWAP 16/3810MB (cached 0MB) CPU [0%@729,1%@729,1%@729,2%@729,62%@1497,23%@1497] GR3D_FREQ 0% cpu@49.875C soc2@49.593C soc0@49.687C gpu@51.218C tj@51.218C soc1@49.625C VDD_IN 4863mW/5164mW VDD_CPU_GPU_CV 1364mW/1495mW VDD_SOC 1406mW/1463mW"
lion-buffalo.mp4,165,5593,7620,88,"07-04-2026 17:39:28 RAM 5593/7620MB (lfb 5x4MB) SWAP 16/3810MB (cached 0MB) CPU [23%@729,3%@729,57%@729,2%@729,9%@883,23%@883] GR3D_FREQ 88% cpu@49.781C soc2@49.75C soc0@49.687C gpu@51.718C tj@51.718C soc1@49.718C VDD_IN 5577mW/5166mW VDD_CPU_GPU_CV 1842mW/1497mW VDD_SOC 1482mW/1463mW"
lion-buffalo.mp4,166,5594,7620,0,"07-04-2026 17:39:29 RAM 5594/7620MB (lfb 5x4MB) SWAP 16/3810MB (cached 0MB) CPU [66%@1497,3%@1497,1%@1497,0%@1497,0%@729,21%@729] GR3D_FREQ 0% cpu@50.25C soc2@49.718C soc0@49.656C gpu@51.218C tj@51.218C soc1@49.468C VDD_IN 4782mW/5164mW VDD_CPU_GPU_CV 1326mW/1496mW VDD_SOC 1406mW/1463mW"
lion-buffalo.mp4,167,5591,7620,94,"07-04-2026 17:39:30 RAM 5591/7620MB (lfb 5x4MB) SWAP 16/3810MB (cached 0MB) CPU [24%@729,1%@729,6%@729,57%@729,6%@806,17%@806] GR3D_FREQ 94% cpu@49.781C soc2@49.593C soc0@49.625C gpu@51.875C tj@51.875C soc1@49.5C VDD_IN 5568mW/5166mW VDD_CPU_GPU_CV 1842mW/1498mW VDD_SOC 1482mW/1463mW"
lion-buffalo.mp4,168,5592,7620,0,"07-04-2026 17:39:31 RAM 5592/7620MB (lfb 5x4MB) SWAP 16/3810MB (cached 0MB) CPU [74%@1497,1%@1497,2%@1497,0%@1497,0%@729,15%@729] GR3D_FREQ 0% cpu@50.218C soc2@49.718C soc0@49.718C gpu@51.468C tj@51.468C soc1@49.562C VDD_IN 4790mW/5164mW VDD_CPU_GPU_CV 1326mW/1497mW VDD_SOC 1406mW/1463mW"
lion-buffalo.mp4,169,5591,7620,98,"07-04-2026 17:39:33 RAM 5591/7620MB (lfb 4x4MB) SWAP 16/3810MB (cached 0MB) CPU [17%@729,3%@729,1%@729,57%@729,1%@806,20%@806] GR3D_FREQ 98% cpu@49.718C soc2@49.625C soc0@49.687C gpu@51.937C tj@51.937C soc1@49.593C VDD_IN 5689mW/5167mW VDD_CPU_GPU_CV 1883mW/1500mW VDD_SOC 1482mW/1463mW"
lion-buffalo.mp4,170,5592,7620,0,"07-04-2026 17:39:34 RAM 5592/7620MB (lfb 4x4MB) SWAP 16/3810MB (cached 0MB) CPU [2%@729,38%@729,4%@729,0%@729,42%@1497,12%@1497] GR3D_FREQ 0% cpu@50C soc2@49.5C soc0@49.625C gpu@51.187C tj@51.187C soc1@49.468C VDD_IN 4750mW/5165mW VDD_CPU_GPU_CV 1326mW/1499mW VDD_SOC 1406mW/1463mW"
lion-buffalo.mp4,171,5591,7620,99,"07-04-2026 17:39:35 RAM 5591/7620MB (lfb 4x4MB) SWAP 16/3810MB (cached 0MB) CPU [15%@729,2%@729,1%@729,57%@729,14%@729,10%@729] GR3D_FREQ 99% cpu@49.906C soc2@49.593C soc0@49.562C gpu@51.968C tj@51.968C soc1@49.5C VDD_IN 6049mW/5170mW VDD_CPU_GPU_CV 2040mW/1502mW VDD_SOC 1560mW/1463mW"
lion-buffalo.mp4,172,5589,7620,0,"07-04-2026 17:39:36 RAM 5589/7620MB (lfb 4x4MB) SWAP 16/3810MB (cached 0MB) CPU [13%@729,15%@729,1%@729,0%@729,68%@1497,2%@1497] GR3D_FREQ 0% cpu@50.156C soc2@49.5C soc0@49.718C gpu@51.406C tj@51.406C soc1@49.562C VDD_IN 4750mW/5167mW VDD_CPU_GPU_CV 1326mW/1501mW VDD_SOC 1406mW/1463mW"
lion-buffalo.mp4,173,5590,7620,0,"07-04-2026 17:39:37 RAM 5590/7620MB (lfb 4x4MB) SWAP 16/3810MB (cached 0MB) CPU [17%@729,2%@729,2%@729,56%@729,14%@1344,1%@1344] GR3D_FREQ 0% cpu@49.906C soc2@49.656C soc0@49.531C gpu@51.906C tj@51.906C soc1@49.718C VDD_IN 6360mW/5174mW VDD_CPU_GPU_CV 2076mW/1504mW VDD_SOC 1720mW/1464mW"
lion-buffalo.mp4,174,5623,7620,0,"07-04-2026 17:39:38 RAM 5623/7620MB (lfb 4x4MB) SWAP 16/3810MB (cached 0MB) CPU [1%@1497,2%@1497,3%@1497,7%@1497,8%@883,85%@883] GR3D_FREQ 0% cpu@50.031C soc2@49.468C soc0@49.5C gpu@51.468C tj@51.468C soc1@49.468C VDD_IN 4823mW/5172mW VDD_CPU_GPU_CV 1324mW/1503mW VDD_SOC 1406mW/1464mW"
lion-buffalo.mp4,175,5590,7620,0,"07-04-2026 17:39:39 RAM 5590/7620MB (lfb 4x4MB) SWAP 16/3810MB (cached 0MB) CPU [4%@729,2%@729,5%@729,49%@729,14%@1497,32%@1497] GR3D_FREQ 0% cpu@50.218C soc2@49.562C soc0@49.625C gpu@51.312C tj@51.437C soc1@49.468C VDD_IN 6240mW/5178mW VDD_CPU_GPU_CV 1996mW/1506mW VDD_SOC 1680mW/1465mW"
lion-buffalo.mp4,176,5622,7620,0,"07-04-2026 17:39:40 RAM 5622/7620MB (lfb 4x4MB) SWAP 16/3810MB (cached 0MB) CPU [5%@1497,7%@1497,88%@1497,16%@1497,0%@729,0%@729] GR3D_FREQ 0% cpu@50.281C soc2@49.593C soc0@49.656C gpu@51.187C tj@51.187C soc1@49.562C VDD_IN 4903mW/5177mW VDD_CPU_GPU_CV 1364mW/1505mW VDD_SOC 1404mW/1465mW"
lion-buffalo.mp4,177,5598,7620,0,"07-04-2026 17:39:41 RAM 5598/7620MB (lfb 4x4MB) SWAP 16/3810MB (cached 0MB) CPU [2%@729,3%@729,6%@729,44%@729,0%@729,31%@729] GR3D_FREQ 0% cpu@49.968C soc2@49.562C soc0@49.75C gpu@51.406C tj@51.406C soc1@49.593C VDD_IN 5849mW/5181mW VDD_CPU_GPU_CV 1800mW/1507mW VDD_SOC 1600mW/1466mW"
lion-buffalo.mp4,178,5625,7620,0,"07-04-2026 17:39:42 RAM 5625/7620MB (lfb 4x4MB) SWAP 16/3810MB (cached 0MB) CPU [2%@1497,1%@1497,82%@1497,20%@1497,11%@729,1%@729] GR3D_FREQ 0% cpu@50.031C soc2@49.656C soc0@49.562C gpu@51.25C tj@51.25C soc1@49.468C VDD_IN 4855mW/5179mW VDD_CPU_GPU_CV 1402mW/1506mW VDD_SOC 1404mW/1465mW"
lion-buffalo.mp4,179,5600,7620,0,"07-04-2026 17:39:43 RAM 5600/7620MB (lfb 4x4MB) SWAP 16/3810MB (cached 0MB) CPU [5%@1036,1%@1036,1%@1036,48%@1036,2%@729,34%@729] GR3D_FREQ 0% cpu@49.875C soc2@49.593C soc0@49.5C gpu@51.218C tj@51.187C soc1@49.437C VDD_IN 5568mW/5181mW VDD_CPU_GPU_CV 1640mW/1507mW VDD_SOC 1522mW/1466mW"
lion-buffalo.mp4,180,5627,7620,0,"07-04-2026 17:39:44 RAM 5627/7620MB (lfb 4x4MB) SWAP 16/3810MB (cached 0MB) CPU [2%@1497,31%@1497,3%@1497,72%@1497,1%@729,0%@729] GR3D_FREQ 0% cpu@50.125C soc2@49.562C soc0@49.531C gpu@51.062C tj@51.062C soc1@49.562C VDD_IN 4782mW/5179mW VDD_CPU_GPU_CV 1324mW/1506mW VDD_SOC 1406mW/1465mW"
lion-buffalo.mp4,181,5623,7620,0,"07-04-2026 17:39:45 RAM 5623/7620MB (lfb 3x4MB) SWAP 16/3810MB (cached 0MB) CPU [2%@1497,22%@1497,30%@1497,2%@1497,4%@729,33%@729] GR3D_FREQ 0% cpu@50.156C soc2@49.562C soc0@49.656C gpu@51.125C tj@51.125C soc1@49.531C VDD_IN 5216mW/5179mW VDD_CPU_GPU_CV 1522mW/1506mW VDD_SOC 1444mW/1465mW"
lion-buffalo.mp4,182,5630,7620,0,"07-04-2026 17:39:46 RAM 5630/7620MB (lfb 3x4MB) SWAP 16/3810MB (cached 0MB) CPU [2%@1497,2%@1497,60%@1497,40%@1497,0%@729,0%@729] GR3D_FREQ 0% cpu@49.937C soc2@49.562C soc0@49.75C gpu@51.093C tj@51.093C soc1@49.562C VDD_IN 4709mW/5176mW VDD_CPU_GPU_CV 1286mW/1505mW VDD_SOC 1366mW/1465mW"
lion-buffalo.mp4,183,5593,7620,0,"07-04-2026 17:39:47 RAM 5593/7620MB (lfb 3x4MB) SWAP 16/3810MB (cached 0MB) CPU [3%@1497,1%@1497,36%@1497,16%@1497,5%@729,33%@729] GR3D_FREQ 0% cpu@50.343C soc2@49.5C soc0@49.562C gpu@51.218C tj@51.218C soc1@49.468C VDD_IN 5144mW/5176mW VDD_CPU_GPU_CV 1484mW/1505mW VDD_SOC 1444mW/1464mW"
lion-buffalo.mp4,184,5619,7620,0,"07-04-2026 17:39:48 RAM 5619/7620MB (lfb 4x4MB) SWAP 16/3810MB (cached 0MB) CPU [4%@729,2%@729,54%@729,0%@729,48%@1497,0%@1497] GR3D_FREQ 0% cpu@50.156C soc2@49.468C soc0@49.625C gpu@51.093C tj@51.093C soc1@49.468C VDD_IN 4702mW/5174mW VDD_CPU_GPU_CV 1284mW/1503mW VDD_SOC 1404mW/1464mW"
lion-buffalo.mp4,185,5593,7620,0,"07-04-2026 17:39:49 RAM 5593/7620MB (lfb 4x4MB) SWAP 16/3810MB (cached 0MB) CPU [4%@1497,4%@1497,1%@1497,42%@1497,11%@729,45%@729] GR3D_FREQ 0% cpu@50.312C soc2@49.593C soc0@49.656C gpu@51.093C tj@51.093C soc1@49.531C VDD_IN 5176mW/5174mW VDD_CPU_GPU_CV 1522mW/1504mW VDD_SOC 1442mW/1464mW"
lion-buffalo.mp4,186,5589,7620,0,"07-04-2026 17:39:50 RAM 5589/7620MB (lfb 4x4MB) SWAP 16/3810MB (cached 0MB) CPU [54%@1497,1%@1497,2%@1497,48%@1497,1%@729,1%@729] GR3D_FREQ 0% cpu@49.968C soc2@49.687C soc0@49.656C gpu@51.312C tj@51.312C soc1@49.531C VDD_IN 4742mW/5171mW VDD_CPU_GPU_CV 1284mW/1502mW VDD_SOC 1406mW/1464mW"
lion-buffalo.mp4,187,5590,7620,0,"07-04-2026 17:39:51 RAM 5590/7620MB (lfb 4x4MB) SWAP 16/3810MB (cached 0MB) CPU [4%@1497,1%@1497,1%@1497,48%@1497,1%@729,32%@729] GR3D_FREQ 0% cpu@49.968C soc2@49.625C soc0@49.687C gpu@51.281C tj@51.281C soc1@49.687C VDD_IN 5024mW/5171mW VDD_CPU_GPU_CV 1404mW/1502mW VDD_SOC 1446mW/1464mW"
lion-buffalo.mp4,188,5590,7620,0,"07-04-2026 17:39:52 RAM 5590/7620MB (lfb 4x4MB) SWAP 16/3810MB (cached 0MB) CPU [0%@729,3%@729,2%@729,41%@729,56%@1497,4%@1497] GR3D_FREQ 0% cpu@49.781C soc2@49.5C soc0@49.531C gpu@51.281C tj@51.281C soc1@49.468C VDD_IN 4702mW/5168mW VDD_CPU_GPU_CV 1243mW/1501mW VDD_SOC 1406mW/1463mW"
lion-buffalo.mp4,189,5590,7620,0,"07-04-2026 17:39:53 RAM 5590/7620MB (lfb 4x4MB) SWAP 16/3810MB (cached 0MB) CPU [4%@1497,2%@1497,2%@1497,51%@1497,13%@729,30%@729] GR3D_FREQ 0% cpu@50.093C soc2@49.562C soc0@49.562C gpu@51.375C tj@51.375C soc1@49.531C VDD_IN 4943mW/5167mW VDD_CPU_GPU_CV 1404mW/1500mW VDD_SOC 1406mW/1463mW"
lion-buffalo.mp4,190,5591,7620,0,"07-04-2026 17:39:54 RAM 5591/7620MB (lfb 4x4MB) SWAP 16/3810MB (cached 0MB) CPU [3%@729,1%@729,3%@729,38%@729,59%@1497,8%@1497] GR3D_FREQ 0% cpu@49.968C soc2@49.5C soc0@49.531C gpu@51C tj@51C soc1@49.437C VDD_IN 4702mW/5164mW VDD_CPU_GPU_CV 1284mW/1499mW VDD_SOC 1406mW/1463mW"
lion-buffalo.mp4,191,5591,7620,0,"07-04-2026 17:39:55 RAM 5591/7620MB (lfb 4x4MB) SWAP 16/3810MB (cached 0MB) CPU [0%@1497,1%@1497,1%@1497,58%@1497,3%@729,26%@729] GR3D_FREQ 0% cpu@49.906C soc2@49.593C soc0@49.687C gpu@51.218C tj@51.218C soc1@49.593C VDD_IN 4903mW/5163mW VDD_CPU_GPU_CV 1366mW/1498mW VDD_SOC 1406mW/1462mW"
lion-buffalo.mp4,192,5593,7620,96,"07-04-2026 17:39:56 RAM 5593/7620MB (lfb 5x4MB) SWAP 16/3810MB (cached 0MB) CPU [3%@729,0%@729,1%@729,33%@729,2%@1036,65%@1036] GR3D_FREQ 96% cpu@49.718C soc2@49.562C soc0@49.562C gpu@51.718C tj@51.718C soc1@49.406C VDD_IN 5176mW/5163mW VDD_CPU_GPU_CV 1605mW/1499mW VDD_SOC 1444mW/1462mW"
lion-buffalo.mp4,193,5592,7620,0,"07-04-2026 17:39:57 RAM 5592/7620MB (lfb 5x4MB) SWAP 16/3810MB (cached 0MB) CPU [3%@1497,0%@1497,1%@1497,64%@1497,2%@729,22%@729] GR3D_FREQ 0% cpu@50.093C soc2@49.531C soc0@49.625C gpu@51.187C tj@51.187C soc1@49.468C VDD_IN 4830mW/5161mW VDD_CPU_GPU_CV 1326mW/1498mW VDD_SOC 1406mW/1462mW"
lion-buffalo.mp4,194,5592,7620,83,"07-04-2026 17:39:58 RAM 5592/7620MB (lfb 4x4MB) SWAP 16/3810MB (cached 0MB) CPU [1%@729,1%@729,2%@729,25%@729,1%@960,68%@960] GR3D_FREQ 83% cpu@49.968C soc2@49.562C soc0@49.593C gpu@51.687C tj@51.687C soc1@49.531C VDD_IN 5417mW/5163mW VDD_CPU_GPU_CV 1762mW/1499mW VDD_SOC 1484mW/1462mW"
lion-buffalo.mp4,195,5594,7620,0,"07-04-2026 17:39:59 RAM 5594/7620MB (lfb 4x4MB) SWAP 16/3810MB (cached 0MB) CPU [3%@1497,2%@1497,4%@1497,73%@1497,1%@729,21%@729] GR3D_FREQ 0% cpu@50.218C soc2@49.5C soc0@49.656C gpu@51.468C tj@51.468C soc1@49.562C VDD_IN 4830mW/5161mW VDD_CPU_GPU_CV 1326mW/1498mW VDD_SOC 1406mW/1462mW"
lion-buffalo.mp4,196,5593,7620,93,"07-04-2026 17:40:00 RAM 5593/7620MB (lfb 5x4MB) SWAP 16/3810MB (cached 0MB) CPU [4%@729,4%@729,2%@729,30%@729,9%@883,71%@883] GR3D_FREQ 93% cpu@49.562C soc2@49.562C soc0@49.625C gpu@51.843C tj@51.843C soc1@49.656C VDD_IN 5608mW/5163mW VDD_CPU_GPU_CV 1840mW/1500mW VDD_SOC 1482mW/1462mW"
lion-buffalo.mp4,197,5593,7620,0,"07-04-2026 17:40:01 RAM 5593/7620MB (lfb 5x4MB) SWAP 16/3810MB (cached 0MB) CPU [2%@1497,75%@1497,2%@1497,1%@1497,0%@729,14%@729] GR3D_FREQ 0% cpu@49.906C soc2@49.531C soc0@49.593C gpu@51.406C tj@51.406C soc1@49.5C VDD_IN 4790mW/5161mW VDD_CPU_GPU_CV 1326mW/1499mW VDD_SOC 1406mW/1462mW"
lion-buffalo.mp4,198,5615,7620,0,"07-04-2026 17:40:02 RAM 5615/7620MB (lfb 3x4MB) SWAP 16/3810MB (cached 0MB) CPU [52%@729,10%@729,2%@729,1%@729,1%@1190,23%@1190] GR3D_FREQ 0% cpu@49.843C soc2@49.562C soc0@49.5C gpu@51.812C tj@51.812C soc1@49.437C VDD_IN 6400mW/5168mW VDD_CPU_GPU_CV 2116mW/1502mW VDD_SOC 1720mW/1463mW"
lion-buffalo.mp4,199,5629,7620,0,"07-04-2026 17:40:03 RAM 5629/7620MB (lfb 3x4MB) SWAP 16/3810MB (cached 0MB) CPU [6%@1497,5%@1497,3%@1497,90%@1497,2%@729,10%@729] GR3D_FREQ 0% cpu@50.187C soc2@49.593C soc0@49.625C gpu@51.218C tj@51.218C soc1@49.531C VDD_IN 4863mW/5166mW VDD_CPU_GPU_CV 1364mW/1502mW VDD_SOC 1406mW/1463mW"
lion-buffalo.mp4,200,5590,7620,0,"07-04-2026 17:40:04 RAM 5590/7620MB (lfb 3x4MB) SWAP 16/3810MB (cached 0MB) CPU [40%@729,14%@729,3%@729,4%@729,19%@1267,29%@1267] GR3D_FREQ 0% cpu@49.906C soc2@49.687C soc0@49.718C gpu@51.562C tj@51.562C soc1@49.593C VDD_IN 6360mW/5172mW VDD_CPU_GPU_CV 2076mW/1504mW VDD_SOC 1680mW/1464mW"
lion-buffalo.mp4,201,5617,7620,0,"07-04-2026 17:40:05 RAM 5617/7620MB (lfb 3x4MB) SWAP 16/3810MB (cached 0MB) CPU [2%@729,1%@729,3%@729,12%@729,77%@1497,16%@1497] GR3D_FREQ 0% cpu@49.812C soc2@49.5C soc0@49.593C gpu@51.218C tj@51.218C soc1@49.656C VDD_IN 4823mW/5170mW VDD_CPU_GPU_CV 1324mW/1504mW VDD_SOC 1406mW/1463mW"
lion-buffalo.mp4,202,5593,7620,0,"07-04-2026 17:40:06 RAM 5593/7620MB (lfb 3x4MB) SWAP 16/3810MB (cached 0MB) CPU [1%@729,2%@729,2%@729,0%@729,2%@1497,80%@1497] GR3D_FREQ 0% cpu@49.812C soc2@49.531C soc0@49.593C gpu@51.406C tj@51.406C soc1@49.406C VDD_IN 6080mW/5175mW VDD_CPU_GPU_CV 1880mW/1505mW VDD_SOC 1680mW/1465mW"
lion-buffalo.mp4,203,5616,7620,0,"07-04-2026 17:40:07 RAM 5616/7620MB (lfb 3x4MB) SWAP 16/3810MB (cached 0MB) CPU [1%@729,1%@729,3%@729,1%@729,98%@1497,4%@1497] GR3D_FREQ 0% cpu@50.156C soc2@49.5C soc0@49.625C gpu@51.218C tj@51.218C soc1@49.437C VDD_IN 4742mW/5173mW VDD_CPU_GPU_CV 1286mW/1504mW VDD_SOC 1406mW/1464mW"
lion-buffalo.mp4,204,5618,7620,0,"07-04-2026 17:40:08 RAM 5618/7620MB (lfb 4x4MB) SWAP 16/3810MB (cached 0MB) CPU [1%@1497,1%@1497,18%@1497,2%@1497,34%@729,32%@729] GR3D_FREQ 0% cpu@50C soc2@49.531C soc0@49.593C gpu@51.218C tj@51.218C soc1@49.468C VDD_IN 5417mW/5174mW VDD_CPU_GPU_CV 1602mW/1505mW VDD_SOC 1482mW/1464mW"
lion-buffalo.mp4,205,5618,7620,0,"07-04-2026 17:40:09 RAM 5618/7620MB (lfb 4x4MB) SWAP 16/3810MB (cached 0MB) CPU [1%@729,2%@729,20%@729,4%@729,55%@1497,29%@1497] GR3D_FREQ 0% cpu@49.812C soc2@49.5C soc0@49.75C gpu@51.125C tj@51.125C soc1@49.656C VDD_IN 4702mW/5172mW VDD_CPU_GPU_CV 1286mW/1504mW VDD_SOC 1366mW/1464mW"
lion-buffalo.mp4,206,5590,7620,0,"07-04-2026 17:40:10 RAM 5590/7620MB (lfb 5x4MB) SWAP 16/3810MB (cached 0MB) CPU [2%@729,3%@729,2%@729,1%@729,24%@1497,58%@1497] GR3D_FREQ 0% cpu@49.968C soc2@49.5C soc0@49.625C gpu@51.218C tj@51.281C soc1@49.406C VDD_IN 5377mW/5173mW VDD_CPU_GPU_CV 1562mW/1504mW VDD_SOC 1484mW/1464mW"
lion-buffalo.mp4,207,5621,7620,0,"07-04-2026 17:40:11 RAM 5621/7620MB (lfb 4x4MB) SWAP 16/3810MB (cached 0MB) CPU [2%@729,3%@729,2%@729,2%@729,64%@1497,36%@1497] GR3D_FREQ 0% cpu@50C soc2@49.5C soc0@49.593C gpu@51.218C tj@51.218C soc1@49.531C VDD_IN 4709mW/5170mW VDD_CPU_GPU_CV 1286mW/1503mW VDD_SOC 1406mW/1464mW"
lion-buffalo.mp4,208,5591,7620,0,"07-04-2026 17:40:12 RAM 5591/7620MB (lfb 5x4MB) SWAP 16/3810MB (cached 0MB) CPU [1%@729,1%@729,0%@729,3%@729,31%@1497,51%@1497] GR3D_FREQ 0% cpu@50.031C soc2@49.593C soc0@49.625C gpu@51.281C tj@51.281C soc1@49.593C VDD_IN 5224mW/5171mW VDD_CPU_GPU_CV 1524mW/1503mW VDD_SOC 1484mW/1464mW"
lion-buffalo.mp4,209,5616,7620,0,"07-04-2026 17:40:13 RAM 5616/7620MB (lfb 4x4MB) SWAP 16/3810MB (cached 0MB) CPU [2%@729,1%@729,3%@729,0%@729,57%@1497,44%@1497] GR3D_FREQ 0% cpu@49.843C soc2@49.531C soc0@49.718C gpu@51.218C tj@51.218C soc1@49.656C VDD_IN 4702mW/5168mW VDD_CPU_GPU_CV 1286mW/1502mW VDD_SOC 1366mW/1463mW"
lion-buffalo.mp4,210,5592,7620,0,"07-04-2026 17:40:14 RAM 5592/7620MB (lfb 5x4MB) SWAP 16/3810MB (cached 0MB) CPU [3%@729,4%@729,3%@729,4%@729,36%@1497,44%@1497] GR3D_FREQ 0% cpu@49.968C soc2@49.562C soc0@49.531C gpu@51.375C tj@51.375C soc1@49.437C VDD_IN 5104mW/5168mW VDD_CPU_GPU_CV 1444mW/1502mW VDD_SOC 1444mW/1463mW"
lion-buffalo.mp4,211,5587,7620,0,"07-04-2026 17:40:15 RAM 5587/7620MB (lfb 5x4MB) SWAP 16/3810MB (cached 0MB) CPU [3%@1497,4%@1497,1%@1497,53%@1497,55%@729,0%@729] GR3D_FREQ 0% cpu@50.281C soc2@49.5C soc0@49.562C gpu@51.093C tj@51.093C soc1@49.531C VDD_IN 4782mW/5166mW VDD_CPU_GPU_CV 1324mW/1501mW VDD_SOC 1404mW/1463mW"
lion-buffalo.mp4,212,5588,7620,0,"07-04-2026 17:40:16 RAM 5588/7620MB (lfb 4x4MB) SWAP 16/3810MB (cached 0MB) CPU [2%@729,1%@729,2%@729,4%@729,44%@1497,35%@1497] GR3D_FREQ 0% cpu@50C soc2@49.562C soc0@49.687C gpu@51.156C tj@51.156C soc1@49.562C VDD_IN 5024mW/5166mW VDD_CPU_GPU_CV 1404mW/1500mW VDD_SOC 1446mW/1463mW"
lion-buffalo.mp4,213,5585,7620,0,"07-04-2026 17:40:17 RAM 5585/7620MB (lfb 4x4MB) SWAP 16/3810MB (cached 0MB) CPU [2%@1497,57%@1497,3%@1497,0%@1497,45%@729,0%@729] GR3D_FREQ 0% cpu@49.812C soc2@49.562C soc0@49.687C gpu@51.156C tj@51.156C soc1@49.625C VDD_IN 4742mW/5164mW VDD_CPU_GPU_CV 1284mW/1499mW VDD_SOC 1406mW/1463mW"
lion-buffalo.mp4,214,5583,7620,0,"07-04-2026 17:40:18 RAM 5583/7620MB (lfb 5x4MB) SWAP 16/3810MB (cached 0MB) CPU [2%@729,0%@729,2%@729,0%@729,52%@1497,31%@1497] GR3D_FREQ 0% cpu@49.812C soc2@49.593C soc0@49.687C gpu@51.218C tj@51.218C soc1@49.718C VDD_IN 4983mW/5163mW VDD_CPU_GPU_CV 1404mW/1499mW VDD_SOC 1446mW/1462mW"
lion-buffalo.mp4,215,5609,7620,85,"07-04-2026 17:40:19 RAM 5609/7620MB (lfb 4x4MB) SWAP 16/3810MB (cached 0MB) CPU [54%@729,5%@729,3%@729,3%@729,32%@806,12%@806] GR3D_FREQ 85% cpu@49.718C soc2@49.5C soc0@49.5C gpu@51.937C tj@51.937C soc1@49.468C VDD_IN 5337mW/5164mW VDD_CPU_GPU_CV 1682mW/1500mW VDD_SOC 1484mW/1463mW"
lion-buffalo.mp4,216,5610,7620,0,"07-04-2026 17:40:20 RAM 5610/7620MB (lfb 3x4MB) SWAP 16/3810MB (cached 0MB) CPU [0%@729,1%@729,0%@729,3%@729,68%@1497,22%@1497] GR3D_FREQ 0% cpu@50.031C soc2@49.437C soc0@49.625C gpu@51.312C tj@51.312C soc1@49.437C VDD_IN 4830mW/5162mW VDD_CPU_GPU_CV 1366mW/1499mW VDD_SOC 1406mW/1462mW"
lion-buffalo.mp4,217,5585,7620,92,"07-04-2026 17:40:21 RAM 5585/7620MB (lfb 4x4MB) SWAP 16/3810MB (cached 0MB) CPU [55%@729,3%@729,2%@729,2%@729,22%@960,15%@960] GR3D_FREQ 92% cpu@49.968C soc2@49.562C soc0@49.593C gpu@51.75C tj@51.75C soc1@49.593C VDD_IN 5537mW/5164mW VDD_CPU_GPU_CV 1802mW/1501mW VDD_SOC 1484mW/1462mW"
lion-buffalo.mp4,218,5585,7620,0,"07-04-2026 17:40:22 RAM 5585/7620MB (lfb 4x4MB) SWAP 16/3810MB (cached 0MB) CPU [1%@729,1%@729,2%@729,2%@729,73%@1497,16%@1497] GR3D_FREQ 0% cpu@49.906C soc2@49.531C soc0@49.781C gpu@51.312C tj@51.312C soc1@49.562C VDD_IN 4750mW/5162mW VDD_CPU_GPU_CV 1326mW/1500mW VDD_SOC 1406mW/1462mW"
lion-buffalo.mp4,219,5583,7620,86,"07-04-2026 17:40:23 RAM 5583/7620MB (lfb 3x4MB) SWAP 16/3810MB (cached 0MB) CPU [3%@729,1%@729,2%@729,55%@729,17%@1267,19%@1267] GR3D_FREQ 86% cpu@49.75C soc2@49.562C soc0@49.5C gpu@51.812C tj@51.812C soc1@49.437C VDD_IN 5849mW/5165mW VDD_CPU_GPU_CV 1960mW/1502mW VDD_SOC 1562mW/1463mW"
lion-buffalo.mp4,220,5584,7620,0,"07-04-2026 17:40:24 RAM 5584/7620MB (lfb 3x4MB) SWAP 16/3810MB (cached 0MB) CPU [3%@729,2%@729,2%@729,3%@729,80%@1497,13%@1497] GR3D_FREQ 0% cpu@49.937C soc2@49.468C soc0@49.625C gpu@51.187C tj@51.187C soc1@49.437C VDD_IN 4750mW/5163mW VDD_CPU_GPU_CV 1326mW/1501mW VDD_SOC 1406mW/1462mW"
lion-buffalo.mp4,221,5605,7620,40,"07-04-2026 17:40:25 RAM 5605/7620MB (lfb 3x4MB) SWAP 16/3810MB (cached 0MB) CPU [57%@729,4%@729,1%@729,2%@729,7%@1267,21%@1267] GR3D_FREQ 40% cpu@50.093C soc2@49.656C soc0@49.656C gpu@51.562C tj@51.562C soc1@49.5C VDD_IN 6410mW/5169mW VDD_CPU_GPU_CV 2120mW/1504mW VDD_SOC 1720mW/1464mW"
lion-buffalo.mp4,222,5616,7620,0,"07-04-2026 17:40:26 RAM 5616/7620MB (lfb 3x4MB) SWAP 16/3810MB (cached 0MB) CPU [7%@1497,1%@1497,1%@1497,1%@1497,7%@1344,92%@1344] GR3D_FREQ 0% cpu@50.156C soc2@49.593C soc0@49.656C gpu@51.218C tj@51.218C soc1@49.531C VDD_IN 4903mW/5168mW VDD_CPU_GPU_CV 1364mW/1503mW VDD_SOC 1446mW/1463mW"
lion-buffalo.mp4,223,5590,7620,0,"07-04-2026 17:40:27 RAM 5590/7620MB (lfb 3x4MB) SWAP 16/3810MB (cached 0MB) CPU [49%@1497,2%@1497,3%@1497,14%@1497,20%@729,1%@729] GR3D_FREQ 0% cpu@49.937C soc2@49.593C soc0@49.718C gpu@51.343C tj@51.343C soc1@49.687C VDD_IN 6049mW/5171mW VDD_CPU_GPU_CV 1880mW/1505mW VDD_SOC 1640mW/1464mW"
man_walking.mp4,0,5583,7620,0,"07-04-2026 17:57:23 RAM 5583/7620MB (lfb 3x4MB) SWAP 16/3810MB (cached 0MB) CPU [6%@1190,5%@1190,5%@1190,7%@1190,46%@1497,32%@1497] GR3D_FREQ 0% cpu@50.125C soc2@49.687C soc0@49.718C gpu@51.281C tj@51.281C soc1@49.625C VDD_IN 5176mW/5176mW VDD_CPU_GPU_CV 1524mW/1524mW VDD_SOC 1444mW/1444mW"
man_walking.mp4,1,5610,7620,0,"07-04-2026 17:57:24 RAM 5610/7620MB (lfb 3x4MB) SWAP 16/3810MB (cached 0MB) CPU [4%@729,4%@729,10%@729,9%@729,45%@1497,55%@1497] GR3D_FREQ 0% cpu@50.281C soc2@49.625C soc0@49.718C gpu@51.531C tj@51.531C soc1@49.593C VDD_IN 4815mW/4996mW VDD_CPU_GPU_CV 1324mW/1424mW VDD_SOC 1404mW/1424mW"
man_walking.mp4,2,5611,7620,0,"07-04-2026 17:57:25 RAM 5611/7620MB (lfb 3x4MB) SWAP 16/3810MB (cached 0MB) CPU [29%@729,0%@729,2%@729,2%@729,21%@1497,31%@1497] GR3D_FREQ 0% cpu@50.312C soc2@49.687C soc0@49.812C gpu@51.562C tj@51.562C soc1@49.687C VDD_IN 4983mW/4991mW VDD_CPU_GPU_CV 1404mW/1417mW VDD_SOC 1446mW/1431mW"
man_walking.mp4,3,5608,7620,55,"07-04-2026 17:57:26 RAM 5608/7620MB (lfb 3x4MB) SWAP 16/3810MB (cached 0MB) CPU [1%@729,2%@729,3%@729,3%@729,38%@1497,61%@1497] GR3D_FREQ 55% cpu@49.843C soc2@49.75C soc0@49.875C gpu@51.687C tj@51.687C soc1@49.718C VDD_IN 4782mW/4939mW VDD_CPU_GPU_CV 1284mW/1384mW VDD_SOC 1406mW/1425mW"
man_walking.mp4,4,5609,7620,0,"07-04-2026 17:57:27 RAM 5609/7620MB (lfb 2x4MB) SWAP 16/3810MB (cached 0MB) CPU [1%@729,1%@729,0%@729,0%@729,59%@1497,24%@1497] GR3D_FREQ 0% cpu@50.125C soc2@49.625C soc0@49.687C gpu@51.281C tj@51.281C soc1@49.656C VDD_IN 4870mW/4925mW VDD_CPU_GPU_CV 1366mW/1380mW VDD_SOC 1406mW/1421mW"
man_walking.mp4,5,5610,7620,91,"07-04-2026 17:57:28 RAM 5610/7620MB (lfb 3x4MB) SWAP 16/3810MB (cached 0MB) CPU [5%@729,3%@729,5%@729,3%@729,28%@806,66%@806] GR3D_FREQ 91% cpu@49.968C soc2@49.781C soc0@49.718C gpu@51.937C tj@51.937C soc1@49.562C VDD_IN 5617mW/5041mW VDD_CPU_GPU_CV 1842mW/1457mW VDD_SOC 1482mW/1431mW"
man_walking.mp4,6,5609,7620,0,"07-04-2026 17:57:29 RAM 5609/7620MB (lfb 3x4MB) SWAP 16/3810MB (cached 0MB) CPU [2%@729,2%@729,0%@729,1%@729,71%@1497,19%@1497] GR3D_FREQ 0% cpu@50.062C soc2@49.656C soc0@49.781C gpu@51.375C tj@51.375C soc1@49.718C VDD_IN 4790mW/5005mW VDD_CPU_GPU_CV 1326mW/1439mW VDD_SOC 1406mW/1428mW"
man_walking.mp4,7,5610,7620,99,"07-04-2026 17:57:30 RAM 5610/7620MB (lfb 3x4MB) SWAP 16/3810MB (cached 0MB) CPU [3%@729,2%@729,1%@729,1%@729,14%@729,72%@729] GR3D_FREQ 99% cpu@49.968C soc2@49.562C soc0@49.781C gpu@52.281C tj@52.281C soc1@49.718C VDD_IN 6249mW/5160mW VDD_CPU_GPU_CV 2160mW/1529mW VDD_SOC 1642mW/1455mW"
man_walking.mp4,8,5619,7620,0,"07-04-2026 17:57:31 RAM 5619/7620MB (lfb 2x4MB) SWAP 16/3810MB (cached 0MB) CPU [2%@729,2%@729,1%@729,1%@729,85%@1497,12%@1497] GR3D_FREQ 0% cpu@50.156C soc2@49.531C soc0@49.687C gpu@51.562C tj@51.562C soc1@49.656C VDD_IN 4782mW/5118mW VDD_CPU_GPU_CV 1326mW/1506mW VDD_SOC 1406mW/1449mW"
man_walking.mp4,9,5613,7620,0,"07-04-2026 17:57:32 RAM 5613/7620MB (lfb 1x4MB) SWAP 16/3810MB (cached 0MB) CPU [18%@729,1%@729,12%@729,2%@729,65%@1497,4%@1497] GR3D_FREQ 0% cpu@49.968C soc2@49.75C soc0@49.718C gpu@51.375C tj@51.375C soc1@49.625C VDD_IN 6200mW/5226mW VDD_CPU_GPU_CV 1960mW/1552mW VDD_SOC 1680mW/1472mW"
man_walking.mp4,10,5612,7620,0,"07-04-2026 17:57:33 RAM 5612/7620MB (lfb 2x4MB) SWAP 16/3810MB (cached 0MB) CPU [6%@729,2%@729,3%@729,2%@729,83%@1497,17%@1497] GR3D_FREQ 0% cpu@50C soc2@49.687C soc0@49.875C gpu@51.156C tj@51.156C soc1@49.718C VDD_IN 4823mW/5190mW VDD_CPU_GPU_CV 1324mW/1531mW VDD_SOC 1406mW/1466mW"
man_walking.mp4,11,5615,7620,0,"07-04-2026 17:57:34 RAM 5615/7620MB (lfb 1x4MB) SWAP 16/3810MB (cached 0MB) CPU [1%@729,2%@729,3%@729,3%@729,12%@1344,69%@1344] GR3D_FREQ 0% cpu@50.031C soc2@49.562C soc0@49.812C gpu@51.343C tj@51.343C soc1@49.75C VDD_IN 5608mW/5225mW VDD_CPU_GPU_CV 1682mW/1543mW VDD_SOC 1522mW/1471mW"
man_walking.mp4,12,5611,7620,0,"07-04-2026 17:57:35 RAM 5611/7620MB (lfb 2x4MB) SWAP 16/3810MB (cached 0MB) CPU [1%@729,0%@729,2%@729,2%@729,75%@1497,26%@1497] GR3D_FREQ 0% cpu@49.937C soc2@49.593C soc0@49.593C gpu@51.343C tj@51.343C soc1@49.75C VDD_IN 4709mW/5185mW VDD_CPU_GPU_CV 1286mW/1524mW VDD_SOC 1406mW/1466mW"
man_walking.mp4,13,5613,7620,0,"07-04-2026 17:57:36 RAM 5613/7620MB (lfb 1x4MB) SWAP 16/3810MB (cached 0MB) CPU [3%@729,1%@729,1%@729,3%@729,23%@1497,59%@1497] GR3D_FREQ 0% cpu@50.062C soc2@49.625C soc0@49.781C gpu@51.468C tj@51.468C soc1@49.656C VDD_IN 5337mW/5196mW VDD_CPU_GPU_CV 1562mW/1526mW VDD_SOC 1484mW/1467mW"
man_walking.mp4,14,5612,7620,0,"07-04-2026 17:57:37 RAM 5612/7620MB (lfb 1x4MB) SWAP 16/3810MB (cached 0MB) CPU [0%@1497,1%@1497,1%@1497,37%@1497,64%@729,0%@729] GR3D_FREQ 0% cpu@50.343C soc2@49.625C soc0@49.781C gpu@51.218C tj@51.218C soc1@49.656C VDD_IN 4702mW/5163mW VDD_CPU_GPU_CV 1286mW/1510mW VDD_SOC 1366mW/1460mW"
man_walking.mp4,15,5615,7620,0,"07-04-2026 17:57:38 RAM 5615/7620MB (lfb 1x4MB) SWAP 16/3810MB (cached 0MB) CPU [2%@729,3%@729,6%@729,19%@729,35%@1497,31%@1497] GR3D_FREQ 0% cpu@50.218C soc2@49.687C soc0@49.875C gpu@51.25C tj@51.25C soc1@49.75C VDD_IN 5176mW/5164mW VDD_CPU_GPU_CV 1524mW/1511mW VDD_SOC 1444mW/1459mW"
man_walking.mp4,16,5611,7620,0,"07-04-2026 17:57:39 RAM 5611/7620MB (lfb 3x4MB) SWAP 16/3810MB (cached 0MB) CPU [2%@729,5%@729,2%@729,1%@729,98%@1497,0%@1497] GR3D_FREQ 0% cpu@50.218C soc2@49.687C soc0@49.843C gpu@51.218C tj@51.218C soc1@49.781C VDD_IN 4742mW/5139mW VDD_CPU_GPU_CV 1286mW/1498mW VDD_SOC 1406mW/1456mW"
man_walking.mp4,17,5611,7620,0,"07-04-2026 17:57:40 RAM 5611/7620MB (lfb 3x4MB) SWAP 16/3810MB (cached 0MB) CPU [2%@729,2%@729,3%@729,1%@729,60%@1497,23%@1497] GR3D_FREQ 0% cpu@50.031C soc2@49.625C soc0@49.687C gpu@51.218C tj@51.218C soc1@49.687C VDD_IN 4983mW/5130mW VDD_CPU_GPU_CV 1404mW/1493mW VDD_SOC 1446mW/1456mW"
man_walking.mp4,18,5609,7620,99,"07-04-2026 17:57:41 RAM 5609/7620MB (lfb 4x4MB) SWAP 16/3810MB (cached 0MB) CPU [3%@729,3%@729,1%@729,2%@729,38%@1267,60%@1267] GR3D_FREQ 99% cpu@49.937C soc2@49.656C soc0@49.75C gpu@51.718C tj@51.718C soc1@49.687C VDD_IN 4903mW/5118mW VDD_CPU_GPU_CV 1404mW/1488mW VDD_SOC 1406mW/1453mW"
man_walking.mp4,19,5609,7620,0,"07-04-2026 17:57:42 RAM 5609/7620MB (lfb 3x4MB) SWAP 16/3810MB (cached 0MB) CPU [33%@1497,1%@1497,2%@1497,1%@1497,31%@729,30%@729] GR3D_FREQ 0% cpu@50.437C soc2@49.906C soc0@49.781C gpu@51.437C tj@51.437C soc1@49.718C VDD_IN 4943mW/5110mW VDD_CPU_GPU_CV 1404mW/1484mW VDD_SOC 1406mW/1451mW"
man_walking.mp4,20,5604,7620,98,"07-04-2026 17:57:43 RAM 5604/7620MB (lfb 3x4MB) SWAP 16/3810MB (cached 0MB) CPU [24%@729,4%@729,55%@729,5%@729,13%@1113,16%@1113] GR3D_FREQ 98% cpu@49.812C soc2@49.843C soc0@49.875C gpu@51.812C tj@51.812C soc1@49.812C VDD_IN 5608mW/5133mW VDD_CPU_GPU_CV 1880mW/1503mW VDD_SOC 1482mW/1452mW"
man_walking.mp4,21,5606,7620,0,"07-04-2026 17:57:44 RAM 5606/7620MB (lfb 3x4MB) SWAP 16/3810MB (cached 0MB) CPU [13%@729,1%@729,1%@729,1%@729,65%@1497,14%@1497] GR3D_FREQ 0% cpu@50C soc2@49.75C soc0@49.718C gpu@51.406C tj@51.406C soc1@49.625C VDD_IN 4750mW/5116mW VDD_CPU_GPU_CV 1326mW/1495mW VDD_SOC 1406mW/1450mW"
man_walking.mp4,22,5603,7620,0,"07-04-2026 17:57:45 RAM 5603/7620MB (lfb 3x4MB) SWAP 16/3810MB (cached 0MB) CPU [3%@729,2%@729,1%@729,1%@729,12%@1420,74%@1420] GR3D_FREQ 0% cpu@50.093C soc2@49.781C soc0@49.843C gpu@51.687C tj@51.687C soc1@49.625C VDD_IN 6640mW/5182mW VDD_CPU_GPU_CV 2276mW/1529mW VDD_SOC 1760mW/1464mW"
man_walking.mp4,23,5604,7620,0,"07-04-2026 17:57:46 RAM 5604/7620MB (lfb 3x4MB) SWAP 16/3810MB (cached 0MB) CPU [3%@729,1%@729,3%@729,2%@729,83%@1497,18%@1497] GR3D_FREQ 0% cpu@50.25C soc2@49.625C soc0@49.781C gpu@51.25C tj@51.25C soc1@49.625C VDD_IN 4863mW/5169mW VDD_CPU_GPU_CV 1364mW/1522mW VDD_SOC 1406mW/1461mW"
man_walking.mp4,24,5605,7620,0,"07-04-2026 17:57:47 RAM 5605/7620MB (lfb 3x4MB) SWAP 16/3810MB (cached 0MB) CPU [4%@729,2%@729,1%@729,0%@729,9%@1267,74%@1267] GR3D_FREQ 0% cpu@50C soc2@49.812C soc0@49.875C gpu@51.406C tj@51.406C soc1@49.625C VDD_IN 5849mW/5196mW VDD_CPU_GPU_CV 1800mW/1533mW VDD_SOC 1602mW/1467mW"
man_walking.mp4,25,5608,7620,0,"07-04-2026 17:57:48 RAM 5608/7620MB (lfb 3x4MB) SWAP 16/3810MB (cached 0MB) CPU [27%@1497,2%@1497,3%@1497,4%@1497,76%@1497,0%@1497] GR3D_FREQ 0% cpu@50.156C soc2@49.843C soc0@49.75C gpu@51.343C tj@51.343C soc1@49.843C VDD_IN 4782mW/5180mW VDD_CPU_GPU_CV 1326mW/1525mW VDD_SOC 1406mW/1464mW"
man_walking.mp4,26,5608,7620,0,"07-04-2026 17:57:49 RAM 5608/7620MB (lfb 3x4MB) SWAP 16/3810MB (cached 0MB) CPU [31%@729,1%@729,2%@729,1%@729,22%@1497,31%@1497] GR3D_FREQ 0% cpu@50.156C soc2@49.687C soc0@49.812C gpu@51.593C tj@51.593C soc1@49.656C VDD_IN 5457mW/5190mW VDD_CPU_GPU_CV 1642mW/1529mW VDD_SOC 1524mW/1467mW"
man_walking.mp4,27,5603,7620,0,"07-04-2026 17:57:50 RAM 5603/7620MB (lfb 3x4MB) SWAP 16/3810MB (cached 0MB) CPU [39%@1497,0%@1497,3%@1497,1%@1497,63%@1190,0%@1190] GR3D_FREQ 0% cpu@50.281C soc2@49.843C soc0@49.75C gpu@51.531C tj@51.531C soc1@49.656C VDD_IN 4709mW/5173mW VDD_CPU_GPU_CV 1286mW/1521mW VDD_SOC 1366mW/1463mW"
man_walking.mp4,28,5603,7620,0,"07-04-2026 17:57:51 RAM 5603/7620MB (lfb 3x4MB) SWAP 16/3810MB (cached 0MB) CPU [15%@729,1%@729,5%@729,1%@729,37%@1497,28%@1497] GR3D_FREQ 0% cpu@50.093C soc2@49.75C soc0@49.812C gpu@51.5C tj@51.5C soc1@49.718C VDD_IN 5104mW/5171mW VDD_CPU_GPU_CV 1444mW/1518mW VDD_SOC 1444mW/1462mW"
man_walking.mp4,29,5605,7620,0,"07-04-2026 17:57:52 RAM 5605/7620MB (lfb 3x4MB) SWAP 16/3810MB (cached 0MB) CPU [50%@1497,1%@1497,0%@1497,1%@1497,50%@729,0%@729] GR3D_FREQ 0% cpu@50.406C soc2@49.937C soc0@49.875C gpu@51.562C tj@51.562C soc1@49.781C VDD_IN 4742mW/5156mW VDD_CPU_GPU_CV 1286mW/1510mW VDD_SOC 1366mW/1459mW"
man_walking.mp4,30,5610,7620,0,"07-04-2026 17:57:53 RAM 5610/7620MB (lfb 3x4MB) SWAP 16/3810MB (cached 0MB) CPU [7%@729,16%@729,4%@729,2%@729,47%@1497,31%@1497] GR3D_FREQ 0% cpu@50C soc2@49.812C soc0@49.75C gpu@51.375C tj@51.375C soc1@49.656C VDD_IN 5064mW/5153mW VDD_CPU_GPU_CV 1444mW/1508mW VDD_SOC 1444mW/1459mW"
man_walking.mp4,31,5607,7620,0,"07-04-2026 17:57:54 RAM 5607/7620MB (lfb 3x4MB) SWAP 16/3810MB (cached 0MB) CPU [3%@729,6%@729,54%@729,1%@729,52%@1497,1%@1497] GR3D_FREQ 0% cpu@50.25C soc2@49.718C soc0@49.843C gpu@51.437C tj@51.437C soc1@49.625C VDD_IN 4782mW/5142mW VDD_CPU_GPU_CV 1324mW/1502mW VDD_SOC 1404mW/1457mW"
man_walking.mp4,32,5610,7620,0,"07-04-2026 17:57:55 RAM 5610/7620MB (lfb 3x4MB) SWAP 16/3810MB (cached 0MB) CPU [2%@729,27%@729,1%@729,0%@729,1%@1497,57%@1497] GR3D_FREQ 0% cpu@50.031C soc2@49.656C soc0@49.75C gpu@51.375C tj@51.375C soc1@49.625C VDD_IN 4863mW/5133mW VDD_CPU_GPU_CV 1366mW/1498mW VDD_SOC 1406mW/1455mW"
man_walking.mp4,33,5604,7620,89,"07-04-2026 17:57:56 RAM 5604/7620MB (lfb 3x4MB) SWAP 16/3810MB (cached 0MB) CPU [56%@960,11%@960,2%@960,3%@960,0%@729,30%@729] GR3D_FREQ 89% cpu@50.031C soc2@49.781C soc0@49.875C gpu@51.781C tj@51.781C soc1@49.687C VDD_IN 5096mW/5132mW VDD_CPU_GPU_CV 1564mW/1500mW VDD_SOC 1404mW/1454mW"
man_walking.mp4,34,5605,7620,0,"07-04-2026 17:57:57 RAM 5605/7620MB (lfb 2x4MB) SWAP 16/3810MB (cached 0MB) CPU [0%@729,10%@729,13%@729,2%@729,0%@1497,67%@1497] GR3D_FREQ 0% cpu@49.906C soc2@49.718C soc0@49.687C gpu@51.562C tj@51.562C soc1@49.812C VDD_IN 4790mW/5123mW VDD_CPU_GPU_CV 1326mW/1495mW VDD_SOC 1406mW/1453mW"
man_walking.mp4,35,5608,7620,99,"07-04-2026 17:57:58 RAM 5608/7620MB (lfb 2x4MB) SWAP 16/3810MB (cached 0MB) CPU [56%@1267,11%@1267,13%@1267,3%@1267,0%@729,21%@729] GR3D_FREQ 99% cpu@50.062C soc2@49.718C soc0@49.625C gpu@51.625C tj@51.625C soc1@49.562C VDD_IN 5617mW/5136mW VDD_CPU_GPU_CV 1842mW/1505mW VDD_SOC 1482mW/1453mW"
man_walking.mp4,36,5609,7620,0,"07-04-2026 17:57:59 RAM 5609/7620MB (lfb 2x4MB) SWAP 16/3810MB (cached 0MB) CPU [2%@729,13%@729,3%@729,2%@729,0%@1497,77%@1497] GR3D_FREQ 0% cpu@50.156C soc2@49.593C soc0@49.75C gpu@51.25C tj@51.25C soc1@49.656C VDD_IN 4750mW/5126mW VDD_CPU_GPU_CV 1326mW/1500mW VDD_SOC 1406mW/1452mW"
man_walking.mp4,37,5609,7620,99,"07-04-2026 17:58:00 RAM 5609/7620MB (lfb 2x4MB) SWAP 16/3810MB (cached 0MB) CPU [15%@729,14%@729,22%@729,3%@729,42%@729,12%@729] GR3D_FREQ 99% cpu@49.843C soc2@49.781C soc0@49.718C gpu@52.031C tj@52.031C soc1@49.593C VDD_IN 6049mW/5150mW VDD_CPU_GPU_CV 2040mW/1514mW VDD_SOC 1560mW/1455mW"
man_walking.mp4,38,5609,7620,0,"07-04-2026 17:58:01 RAM 5609/7620MB (lfb 2x4MB) SWAP 16/3810MB (cached 0MB) CPU [1%@729,1%@729,13%@729,2%@729,0%@1497,83%@1497] GR3D_FREQ 0% cpu@49.968C soc2@49.718C soc0@49.687C gpu@51.375C tj@51.375C soc1@49.812C VDD_IN 4750mW/5140mW VDD_CPU_GPU_CV 1326mW/1509mW VDD_SOC 1408mW/1454mW"
man_walking.mp4,39,5610,7620,0,"07-04-2026 17:58:02 RAM 5610/7620MB (lfb 2x4MB) SWAP 16/3810MB (cached 0MB) CPU [4%@729,1%@729,3%@729,1%@729,56%@883,28%@883] GR3D_FREQ 0% cpu@50C soc2@49.781C soc0@49.75C gpu@51.687C tj@51.687C soc1@49.718C VDD_IN 6249mW/5168mW VDD_CPU_GPU_CV 2040mW/1523mW VDD_SOC 1680mW/1459mW"
man_walking.mp4,40,5606,7620,0,"07-04-2026 17:58:03 RAM 5606/7620MB (lfb 3x4MB) SWAP 16/3810MB (cached 0MB) CPU [3%@729,13%@729,11%@729,7%@729,86%@1497,15%@1497] GR3D_FREQ 0% cpu@50.062C soc2@49.718C soc0@49.781C gpu@51.218C tj@51.218C soc1@49.75C VDD_IN 4943mW/5162mW VDD_CPU_GPU_CV 1404mW/1520mW VDD_SOC 1444mW/1459mW"
man_walking.mp4,41,5609,7620,0,"07-04-2026 17:58:04 RAM 5609/7620MB (lfb 2x4MB) SWAP 16/3810MB (cached 0MB) CPU [4%@729,5%@729,1%@729,1%@729,1%@1497,79%@1497] GR3D_FREQ 0% cpu@50.093C soc2@49.718C soc0@49.937C gpu@51.375C tj@51.375C soc1@49.656C VDD_IN 6009mW/5182mW VDD_CPU_GPU_CV 1880mW/1528mW VDD_SOC 1640mW/1463mW"
man_walking.mp4,42,5608,7620,0,"07-04-2026 17:58:05 RAM 5608/7620MB (lfb 2x4MB) SWAP 16/3810MB (cached 0MB) CPU [21%@1190,8%@1190,2%@1190,1%@1190,80%@1497,0%@1497] GR3D_FREQ 0% cpu@50.125C soc2@49.781C soc0@49.781C gpu@51.218C tj@51.218C soc1@49.625C VDD_IN 4903mW/5176mW VDD_CPU_GPU_CV 1404mW/1525mW VDD_SOC 1404mW/1462mW"
man_walking.mp4,43,5610,7620,0,"07-04-2026 17:58:06 RAM 5610/7620MB (lfb 2x4MB) SWAP 16/3810MB (cached 0MB) CPU [4%@729,3%@729,1%@729,3%@729,73%@1420,12%@1420] GR3D_FREQ 0% cpu@49.968C soc2@49.781C soc0@49.687C gpu@51.312C tj@51.531C soc1@49.687C VDD_IN 5608mW/5186mW VDD_CPU_GPU_CV 1682mW/1529mW VDD_SOC 1522mW/1463mW"
man_walking.mp4,44,5612,7620,0,"07-04-2026 17:58:07 RAM 5612/7620MB (lfb 2x4MB) SWAP 16/3810MB (cached 0MB) CPU [1%@729,0%@729,2%@729,1%@729,26%@1497,75%@1497] GR3D_FREQ 0% cpu@50.343C soc2@49.656C soc0@49.781C gpu@51.343C tj@51.343C soc1@49.625C VDD_IN 4709mW/5175mW VDD_CPU_GPU_CV 1286mW/1524mW VDD_SOC 1406mW/1462mW"
man_walking.mp4,45,5612,7620,0,"07-04-2026 17:58:08 RAM 5612/7620MB (lfb 2x4MB) SWAP 16/3810MB (cached 0MB) CPU [5%@729,2%@729,4%@729,3%@729,59%@1497,22%@1497] GR3D_FREQ 0% cpu@49.968C soc2@49.593C soc0@49.812C gpu@51.437C tj@51.437C soc1@49.687C VDD_IN 5417mW/5180mW VDD_CPU_GPU_CV 1602mW/1525mW VDD_SOC 1524mW/1463mW"
man_walking.mp4,46,5614,7620,0,"07-04-2026 17:58:09 RAM 5614/7620MB (lfb 2x4MB) SWAP 16/3810MB (cached 0MB) CPU [1%@729,1%@729,1%@729,2%@729,39%@1497,61%@1497] GR3D_FREQ 0% cpu@49.968C soc2@49.656C soc0@49.781C gpu@51.375C tj@51.375C soc1@49.718C VDD_IN 4709mW/5170mW VDD_CPU_GPU_CV 1286mW/1520mW VDD_SOC 1368mW/1461mW"
man_walking.mp4,47,5615,7620,0,"07-04-2026 17:58:10 RAM 5615/7620MB (lfb 1x4MB) SWAP 16/3810MB (cached 0MB) CPU [5%@729,1%@729,2%@729,2%@729,48%@1497,36%@1497] GR3D_FREQ 0% cpu@49.968C soc2@49.562C soc0@49.718C gpu@51.281C tj@51.281C soc1@49.625C VDD_IN 5144mW/5170mW VDD_CPU_GPU_CV 1484mW/1519mW VDD_SOC 1444mW/1461mW"
man_walking.mp4,48,5608,7620,0,"07-04-2026 17:58:11 RAM 5608/7620MB (lfb 2x4MB) SWAP 16/3810MB (cached 0MB) CPU [1%@729,2%@729,2%@729,2%@729,54%@1497,47%@1497] GR3D_FREQ 0% cpu@50.281C soc2@49.531C soc0@49.75C gpu@51.25C tj@51.25C soc1@49.687C VDD_IN 4742mW/5161mW VDD_CPU_GPU_CV 1284mW/1515mW VDD_SOC 1406mW/1460mW"
man_walking.mp4,49,5612,7620,0,"07-04-2026 17:58:12 RAM 5612/7620MB (lfb 2x4MB) SWAP 16/3810MB (cached 0MB) CPU [2%@729,2%@729,2%@729,3%@729,60%@1497,22%@1497] GR3D_FREQ 0% cpu@50.218C soc2@49.718C soc0@49.875C gpu@51.281C tj@51.375C soc1@49.718C VDD_IN 4903mW/5156mW VDD_CPU_GPU_CV 1404mW/1512mW VDD_SOC 1406mW/1459mW"
man_walking.mp4,50,5609,7620,93,"07-04-2026 17:58:13 RAM 5609/7620MB (lfb 3x4MB) SWAP 16/3810MB (cached 0MB) CPU [1%@1497,2%@1497,4%@1497,3%@1497,26%@1036,68%@1036] GR3D_FREQ 93% cpu@49.968C soc2@49.75C soc0@49.843C gpu@52.093C tj@52.093C soc1@49.593C VDD_IN 5769mW/5168mW VDD_CPU_GPU_CV 1963mW/1521mW VDD_SOC 1522mW/1460mW"
man_walking.mp4,51,5611,7620,0,"07-04-2026 17:58:14 RAM 5611/7620MB (lfb 2x4MB) SWAP 16/3810MB (cached 0MB) CPU [3%@1497,12%@1497,76%@1497,3%@1497,0%@729,15%@729] GR3D_FREQ 0% cpu@50.343C soc2@49.687C soc0@49.687C gpu@51.593C tj@51.593C soc1@49.625C VDD_IN 4863mW/5162mW VDD_CPU_GPU_CV 1366mW/1518mW VDD_SOC 1406mW/1459mW"
man_walking.mp4,52,5615,7620,87,"07-04-2026 17:58:15 RAM 5615/7620MB (lfb 3x4MB) SWAP 16/3810MB (cached 0MB) CPU [2%@729,3%@729,9%@729,2%@729,1%@883,73%@883] GR3D_FREQ 87% cpu@50C soc2@49.781C soc0@49.718C gpu@52.093C tj@52.093C soc1@49.562C VDD_IN 6480mW/5187mW VDD_CPU_GPU_CV 2160mW/1530mW VDD_SOC 1720mW/1464mW"
man_walking.mp4,53,5623,7620,0,"07-04-2026 17:58:16 RAM 5623/7620MB (lfb 2x4MB) SWAP 16/3810MB (cached 0MB) CPU [2%@1497,2%@1497,87%@1497,1%@1497,0%@1497,13%@1497] GR3D_FREQ 0% cpu@50.812C soc2@49.718C soc0@49.843C gpu@51.437C tj@51.437C soc1@49.687C VDD_IN 4782mW/5179mW VDD_CPU_GPU_CV 1326mW/1527mW VDD_SOC 1406mW/1463mW"
man_walking.mp4,54,5609,7620,0,"07-04-2026 17:58:17 RAM 5609/7620MB (lfb 2x4MB) SWAP 16/3810MB (cached 0MB) CPU [3%@729,13%@729,4%@729,1%@729,0%@1420,82%@1420] GR3D_FREQ 0% cpu@49.906C soc2@49.656C soc0@49.906C gpu@51.5C tj@51.5C soc1@49.687C VDD_IN 6200mW/5198mW VDD_CPU_GPU_CV 1956mW/1534mW VDD_SOC 1680mW/1467mW"
man_walking.mp4,55,5614,7620,0,"07-04-2026 17:58:18 RAM 5614/7620MB (lfb 2x4MB) SWAP 16/3810MB (cached 0MB) CPU [4%@729,2%@729,6%@729,86%@729,10%@1497,3%@1497] GR3D_FREQ 0% cpu@50.125C soc2@49.656C soc0@49.718C gpu@51.343C tj@51.343C soc1@49.562C VDD_IN 4823mW/5191mW VDD_CPU_GPU_CV 1324mW/1531mW VDD_SOC 1406mW/1466mW"
man_walking.mp4,56,5614,7620,0,"07-04-2026 17:58:19 RAM 5614/7620MB (lfb 2x4MB) SWAP 16/3810MB (cached 0MB) CPU [3%@729,1%@729,1%@729,7%@729,44%@729,31%@729] GR3D_FREQ 0% cpu@50.218C soc2@49.75C soc0@49.687C gpu@51.625C tj@51.625C soc1@49.593C VDD_IN 5729mW/5201mW VDD_CPU_GPU_CV 1722mW/1534mW VDD_SOC 1562mW/1467mW"
man_walking.mp4,57,5610,7620,0,"07-04-2026 17:58:20 RAM 5610/7620MB (lfb 2x4MB) SWAP 16/3810MB (cached 0MB) CPU [2%@729,1%@729,2%@729,81%@729,20%@1497,0%@1497] GR3D_FREQ 0% cpu@50.218C soc2@49.687C soc0@49.812C gpu@51.562C tj@51.562C soc1@49.625C VDD_IN 4742mW/5193mW VDD_CPU_GPU_CV 1286mW/1530mW VDD_SOC 1406mW/1466mW"
man_walking.mp4,58,5611,7620,0,"07-04-2026 17:58:21 RAM 5611/7620MB (lfb 2x4MB) SWAP 16/3810MB (cached 0MB) CPU [3%@1497,2%@1497,20%@1497,2%@1497,34%@729,30%@729] GR3D_FREQ 0% cpu@50.75C soc2@49.718C soc0@49.906C gpu@51.687C tj@51.687C soc1@49.75C VDD_IN 5377mW/5196mW VDD_CPU_GPU_CV 1562mW/1530mW VDD_SOC 1484mW/1467mW"
man_walking.mp4,59,5607,7620,0,"07-04-2026 17:58:22 RAM 5607/7620MB (lfb 2x4MB) SWAP 16/3810MB (cached 0MB) CPU [4%@1497,2%@1497,26%@1497,35%@1497,41%@729,0%@729] GR3D_FREQ 0% cpu@50.156C soc2@49.656C soc0@49.937C gpu@51.5C tj@51.5C soc1@49.562C VDD_IN 4709mW/5188mW VDD_CPU_GPU_CV 1286mW/1526mW VDD_SOC 1366mW/1465mW"
man_walking.mp4,60,5611,7620,0,"07-04-2026 17:58:23 RAM 5611/7620MB (lfb 2x4MB) SWAP 16/3810MB (cached 0MB) CPU [31%@1497,1%@1497,2%@1497,22%@1497,3%@729,31%@729] GR3D_FREQ 0% cpu@50.218C soc2@49.843C soc0@49.75C gpu@51.687C tj@51.375C soc1@49.656C VDD_IN 5144mW/5187mW VDD_CPU_GPU_CV 1484mW/1526mW VDD_SOC 1444mW/1465mW"
man_walking.mp4,61,5609,7620,0,"07-04-2026 17:58:24 RAM 5609/7620MB (lfb 2x4MB) SWAP 16/3810MB (cached 0MB) CPU [60%@1497,5%@1497,2%@1497,44%@1497,5%@729,0%@729] GR3D_FREQ 0% cpu@50.343C soc2@49.625C soc0@49.781C gpu@51.343C tj@51.343C soc1@49.687C VDD_IN 4742mW/5180mW VDD_CPU_GPU_CV 1324mW/1522mW VDD_SOC 1366mW/1463mW"
man_walking.mp4,62,5609,7620,0,"07-04-2026 17:58:25 RAM 5609/7620MB (lfb 2x4MB) SWAP 16/3810MB (cached 0MB) CPU [38%@1497,1%@1497,2%@1497,13%@1497,2%@729,34%@729] GR3D_FREQ 0% cpu@50.156C soc2@49.843C soc0@49.843C gpu@51.375C tj@51.375C soc1@49.625C VDD_IN 5024mW/5177mW VDD_CPU_GPU_CV 1404mW/1520mW VDD_SOC 1446mW/1463mW"
man_walking.mp4,63,5609,7620,0,"07-04-2026 17:58:26 RAM 5609/7620MB (lfb 2x4MB) SWAP 16/3810MB (cached 0MB) CPU [50%@1497,53%@1497,1%@1497,0%@1497,1%@729,0%@729] GR3D_FREQ 0% cpu@50.375C soc2@49.75C soc0@49.875C gpu@51.343C tj@51.343C soc1@49.656C VDD_IN 4742mW/5171mW VDD_CPU_GPU_CV 1286mW/1517mW VDD_SOC 1406mW/1462mW"
man_walking.mp4,64,5614,7620,0,"07-04-2026 17:58:27 RAM 5614/7620MB (lfb 2x4MB) SWAP 16/3810MB (cached 0MB) CPU [0%@1497,2%@1497,2%@1497,48%@1497,3%@729,31%@729] GR3D_FREQ 0% cpu@50.156C soc2@49.687C soc0@49.937C gpu@51.375C tj@51.375C soc1@49.593C VDD_IN 4903mW/5166mW VDD_CPU_GPU_CV 1366mW/1514mW VDD_SOC 1406mW/1461mW"
man_walking.mp4,65,5609,7620,95,"07-04-2026 17:58:28 RAM 5609/7620MB (lfb 3x4MB) SWAP 16/3810MB (cached 0MB) CPU [5%@729,7%@729,53%@729,40%@729,5%@1497,7%@1497] GR3D_FREQ 95% cpu@49.812C soc2@49.718C soc0@49.812C gpu@51.625C tj@51.625C soc1@49.687C VDD_IN 4895mW/5162mW VDD_CPU_GPU_CV 1444mW/1513mW VDD_SOC 1404mW/1460mW"
man_walking.mp4,66,5610,7620,0,"07-04-2026 17:58:29 RAM 5610/7620MB (lfb 3x4MB) SWAP 16/3810MB (cached 0MB) CPU [62%@1497,0%@1497,2%@1497,2%@1497,1%@729,24%@729] GR3D_FREQ 0% cpu@50.312C soc2@49.875C soc0@49.812C gpu@51.25C tj@51.25C soc1@49.687C VDD_IN 4823mW/5157mW VDD_CPU_GPU_CV 1326mW/1511mW VDD_SOC 1406mW/1459mW"
man_walking.mp4,67,5599,7620,97,"07-04-2026 17:58:30 RAM 5599/7620MB (lfb 3x4MB) SWAP 16/3810MB (cached 0MB) CPU [29%@729,2%@729,54%@729,2%@729,0%@729,12%@729] GR3D_FREQ 97% cpu@49.875C soc2@49.812C soc0@49.906C gpu@51.687C tj@51.687C soc1@49.718C VDD_IN 5497mW/5162mW VDD_CPU_GPU_CV 1762mW/1514mW VDD_SOC 1484mW/1460mW"
man_walking.mp4,68,5599,7620,0,"07-04-2026 17:58:31 RAM 5599/7620MB (lfb 3x4MB) SWAP 16/3810MB (cached 0MB) CPU [71%@1497,1%@1497,1%@1497,0%@1497,0%@729,18%@729] GR3D_FREQ 0% cpu@50.156C soc2@49.843C soc0@49.875C gpu@51.281C tj@51.281C soc1@49.75C VDD_IN 4750mW/5156mW VDD_CPU_GPU_CV 1326mW/1512mW VDD_SOC 1406mW/1459mW"
man_walking.mp4,69,5602,7620,99,"07-04-2026 17:58:32 RAM 5602/7620MB (lfb 3x4MB) SWAP 16/3810MB (cached 0MB) CPU [16%@729,1%@729,4%@729,54%@729,1%@729,17%@729] GR3D_FREQ 99% cpu@49.937C soc2@49.687C soc0@49.781C gpu@51.906C tj@51.906C soc1@49.656C VDD_IN 6009mW/5168mW VDD_CPU_GPU_CV 2040mW/1519mW VDD_SOC 1562mW/1460mW"
man_walking.mp4,70,5603,7620,0,"07-04-2026 17:58:33 RAM 5603/7620MB (lfb 3x4MB) SWAP 16/3810MB (cached 0MB) CPU [12%@729,2%@729,2%@729,2%@729,73%@1497,12%@1497] GR3D_FREQ 0% cpu@49.968C soc2@49.687C soc0@49.843C gpu@51.343C tj@51.343C soc1@49.687C VDD_IN 4709mW/5162mW VDD_CPU_GPU_CV 1286mW/1516mW VDD_SOC 1366mW/1459mW"
man_walking.mp4,71,5599,7620,0,"07-04-2026 17:58:34 RAM 5599/7620MB (lfb 3x4MB) SWAP 16/3810MB (cached 0MB) CPU [3%@729,53%@729,2%@729,1%@729,7%@883,23%@883] GR3D_FREQ 0% cpu@50C soc2@49.781C soc0@49.906C gpu@51.812C tj@51.812C soc1@49.75C VDD_IN 6280mW/5178mW VDD_CPU_GPU_CV 2036mW/1523mW VDD_SOC 1680mW/1462mW"
man_walking.mp4,72,5602,7620,0,"07-04-2026 17:58:35 RAM 5602/7620MB (lfb 3x4MB) SWAP 16/3810MB (cached 0MB) CPU [2%@1497,8%@1497,3%@1497,1%@1497,85%@729,9%@729] GR3D_FREQ 0% cpu@50C soc2@49.75C soc0@49.843C gpu@51.25C tj@51.25C soc1@49.75C VDD_IN 4823mW/5173mW VDD_CPU_GPU_CV 1324mW/1520mW VDD_SOC 1406mW/1461mW"
man_walking.mp4,73,5602,7620,0,"07-04-2026 17:58:37 RAM 5602/7620MB (lfb 3x4MB) SWAP 16/3810MB (cached 0MB) CPU [2%@729,47%@729,3%@729,2%@729,3%@1113,32%@1113] GR3D_FREQ 0% cpu@49.937C soc2@49.718C soc0@49.781C gpu@51.437C tj@51.437C soc1@49.718C VDD_IN 5929mW/5183mW VDD_CPU_GPU_CV 1800mW/1524mW VDD_SOC 1602mW/1463mW"
man_walking.mp4,74,5598,7620,0,"07-04-2026 17:58:38 RAM 5598/7620MB (lfb 3x4MB) SWAP 16/3810MB (cached 0MB) CPU [1%@1497,18%@1497,2%@1497,2%@1497,84%@729,0%@729] GR3D_FREQ 0% cpu@50.125C soc2@49.656C soc0@49.843C gpu@51.25C tj@51.25C soc1@49.687C VDD_IN 4782mW/5178mW VDD_CPU_GPU_CV 1284mW/1521mW VDD_SOC 1406mW/1463mW"
man_walking.mp4,75,5598,7620,0,"07-04-2026 17:58:39 RAM 5598/7620MB (lfb 3x4MB) SWAP 16/3810MB (cached 0MB) CPU [4%@729,38%@729,4%@729,4%@729,29%@1497,30%@1497] GR3D_FREQ 0% cpu@50.156C soc2@49.687C soc0@49.781C gpu@51.437C tj@51.437C soc1@49.718C VDD_IN 5649mW/5184mW VDD_CPU_GPU_CV 1762mW/1524mW VDD_SOC 1522mW/1463mW"
man_walking.mp4,76,5599,7620,0,"07-04-2026 17:58:40 RAM 5599/7620MB (lfb 3x4MB) SWAP 16/3810MB (cached 0MB) CPU [2%@1497,31%@1497,1%@1497,1%@1497,1%@729,72%@729] GR3D_FREQ 0% cpu@49.968C soc2@49.75C soc0@49.843C gpu@51.25C tj@51.25C soc1@49.781C VDD_IN 4742mW/5178mW VDD_CPU_GPU_CV 1326mW/1521mW VDD_SOC 1406mW/1463mW"
man_walking.mp4,77,5602,7620,0,"07-04-2026 17:58:41 RAM 5602/7620MB (lfb 2x4MB) SWAP 16/3810MB (cached 0MB) CPU [1%@729,27%@729,4%@729,2%@729,31%@1497,27%@1497] GR3D_FREQ 0% cpu@49.968C soc2@49.687C soc0@49.906C gpu@51.562C tj@51.562C soc1@49.656C VDD_IN 5296mW/5180mW VDD_CPU_GPU_CV 1562mW/1522mW VDD_SOC 1484mW/1463mW"
man_walking.mp4,78,5601,7620,0,"07-04-2026 17:58:42 RAM 5601/7620MB (lfb 2x4MB) SWAP 16/3810MB (cached 0MB) CPU [9%@1497,4%@1497,5%@1497,46%@1497,1%@883,59%@883] GR3D_FREQ 0% cpu@50.156C soc2@49.593C soc0@49.718C gpu@51.375C tj@51.375C soc1@49.593C VDD_IN 4742mW/5174mW VDD_CPU_GPU_CV 1326mW/1520mW VDD_SOC 1406mW/1462mW"
man_walking.mp4,79,5601,7620,0,"07-04-2026 17:58:43 RAM 5601/7620MB (lfb 3x4MB) SWAP 16/3810MB (cached 0MB) CPU [1%@729,1%@729,1%@729,13%@729,41%@1497,31%@1497] GR3D_FREQ 0% cpu@50.093C soc2@49.687C soc0@49.843C gpu@51.562C tj@51.562C soc1@49.656C VDD_IN 5104mW/5173mW VDD_CPU_GPU_CV 1444mW/1519mW VDD_SOC 1446mW/1462mW"
man_walking.mp4,80,5605,7620,0,"07-04-2026 17:58:44 RAM 5605/7620MB (lfb 3x4MB) SWAP 16/3810MB (cached 0MB) CPU [2%@1497,3%@1497,3%@1497,58%@1497,47%@729,0%@729] GR3D_FREQ 0% cpu@50.562C soc2@49.687C soc0@49.718C gpu@51.531C tj@51.531C soc1@49.718C VDD_IN 4782mW/5168mW VDD_CPU_GPU_CV 1324mW/1516mW VDD_SOC 1406mW/1461mW"
man_walking.mp4,81,5605,7620,0,"07-04-2026 17:58:45 RAM 5605/7620MB (lfb 2x4MB) SWAP 16/3810MB (cached 0MB) CPU [3%@729,2%@729,2%@729,2%@729,52%@1497,30%@1497] GR3D_FREQ 0% cpu@50C soc2@49.75C soc0@49.906C gpu@51.593C tj@51.593C soc1@49.843C VDD_IN 4983mW/5166mW VDD_CPU_GPU_CV 1406mW/1515mW VDD_SOC 1446mW/1461mW"
man_walking.mp4,82,5601,7620,94,"07-04-2026 17:58:46 RAM 5601/7620MB (lfb 2x4MB) SWAP 16/3810MB (cached 0MB) CPU [54%@729,2%@729,5%@729,0%@729,36%@729,8%@729] GR3D_FREQ 94% cpu@49.937C soc2@49.781C soc0@49.687C gpu@51.75C tj@51.75C soc1@49.593C VDD_IN 5104mW/5165mW VDD_CPU_GPU_CV 1524mW/1515mW VDD_SOC 1444mW/1461mW"
man_walking.mp4,83,5601,7620,0,"07-04-2026 17:58:47 RAM 5601/7620MB (lfb 3x4MB) SWAP 16/3810MB (cached 0MB) CPU [2%@729,1%@729,2%@729,1%@729,64%@1497,23%@1497] GR3D_FREQ 0% cpu@50.187C soc2@49.625C soc0@49.843C gpu@51.343C tj@51.343C soc1@49.718C VDD_IN 4830mW/5161mW VDD_CPU_GPU_CV 1326mW/1513mW VDD_SOC 1406mW/1460mW"
man_walking.mp4,84,5600,7620,0,"07-04-2026 17:58:48 RAM 5600/7620MB (lfb 3x4MB) SWAP 16/3810MB (cached 0MB) CPU [2%@729,1%@729,2%@729,45%@729,15%@1113,24%@1113] GR3D_FREQ 0% cpu@49.968C soc2@49.75C soc0@49.843C gpu@51.593C tj@51.593C soc1@49.656C VDD_IN 6330mW/5175mW VDD_CPU_GPU_CV 2040mW/1519mW VDD_SOC 1680mW/1463mW"
man_walking.mp4,85,5596,7620,0,"07-04-2026 17:58:49 RAM 5596/7620MB (lfb 3x4MB) SWAP 16/3810MB (cached 0MB) CPU [3%@1497,11%@1497,5%@1497,3%@1497,85%@729,7%@729] GR3D_FREQ 0% cpu@50.281C soc2@49.75C soc0@49.843C gpu@51.281C tj@51.281C soc1@49.718C VDD_IN 4823mW/5171mW VDD_CPU_GPU_CV 1324mW/1517mW VDD_SOC 1406mW/1462mW"
man_walking.mp4,86,5597,7620,0,"07-04-2026 17:58:50 RAM 5597/7620MB (lfb 3x4MB) SWAP 16/3810MB (cached 0MB) CPU [1%@729,44%@729,3%@729,2%@729,7%@1036,31%@1036] GR3D_FREQ 0% cpu@49.875C soc2@49.687C soc0@50C gpu@51.75C tj@51.75C soc1@49.687C VDD_IN 5889mW/5179mW VDD_CPU_GPU_CV 1800mW/1520mW VDD_SOC 1602mW/1464mW"
man_walking.mp4,87,5600,7620,0,"07-04-2026 17:58:51 RAM 5600/7620MB (lfb 3x4MB) SWAP 16/3810MB (cached 0MB) CPU [1%@729,2%@729,3%@729,12%@729,76%@1497,24%@1497] GR3D_FREQ 0% cpu@49.968C soc2@49.718C soc0@49.75C gpu@51.562C tj@51.562C soc1@49.687C VDD_IN 4823mW/5175mW VDD_CPU_GPU_CV 1366mW/1518mW VDD_SOC 1406mW/1463mW"
man_walking.mp4,88,5601,7620,0,"07-04-2026 17:58:52 RAM 5601/7620MB (lfb 3x4MB) SWAP 16/3810MB (cached 0MB) CPU [3%@729,1%@729,2%@729,0%@729,27%@1497,54%@1497] GR3D_FREQ 0% cpu@50.343C soc2@49.75C soc0@49.781C gpu@51.781C tj@51.781C soc1@49.656C VDD_IN 5296mW/5177mW VDD_CPU_GPU_CV 1524mW/1518mW VDD_SOC 1484mW/1463mW"
man_walking.mp4,89,5597,7620,0,"07-04-2026 17:58:53 RAM 5597/7620MB (lfb 3x4MB) SWAP 16/3810MB (cached 0MB) CPU [1%@729,2%@729,2%@729,1%@729,58%@1497,43%@1497] GR3D_FREQ 0% cpu@49.906C soc2@49.718C soc0@49.812C gpu@51.343C tj@51.343C soc1@49.75C VDD_IN 4709mW/5171mW VDD_CPU_GPU_CV 1286mW/1516mW VDD_SOC 1366mW/1462mW"
man_walking.mp4,90,5598,7620,0,"07-04-2026 17:58:54 RAM 5598/7620MB (lfb 3x4MB) SWAP 16/3810MB (cached 0MB) CPU [4%@729,3%@729,3%@729,2%@729,43%@1497,40%@1497] GR3D_FREQ 0% cpu@50.031C soc2@49.718C soc0@49.937C gpu@51.375C tj@51.375C soc1@49.75C VDD_IN 5064mW/5170mW VDD_CPU_GPU_CV 1484mW/1515mW VDD_SOC 1446mW/1462mW"
man_walking.mp4,91,5602,7620,0,"07-04-2026 17:58:55 RAM 5602/7620MB (lfb 3x4MB) SWAP 16/3810MB (cached 0MB) CPU [4%@729,3%@729,2%@729,2%@729,46%@1497,55%@1497] GR3D_FREQ 0% cpu@50C soc2@49.562C soc0@49.75C gpu@51.281C tj@51.281C soc1@49.656C VDD_IN 4742mW/5165mW VDD_CPU_GPU_CV 1284mW/1513mW VDD_SOC 1406mW/1461mW"
man_walking.mp4,92,5601,7620,0,"07-04-2026 17:58:56 RAM 5601/7620MB (lfb 3x4MB) SWAP 16/3810MB (cached 0MB) CPU [2%@729,0%@729,0%@729,1%@729,55%@1497,27%@1497] GR3D_FREQ 0% cpu@50.156C soc2@49.718C soc0@49.843C gpu@51.406C tj@51.406C soc1@49.593C VDD_IN 4903mW/5163mW VDD_CPU_GPU_CV 1366mW/1511mW VDD_SOC 1406mW/1461mW"
man_walking.mp4,93,5599,7620,93,"07-04-2026 17:58:57 RAM 5599/7620MB (lfb 3x4MB) SWAP 16/3810MB (cached 0MB) CPU [1%@729,2%@729,2%@729,2%@729,32%@883,62%@883] GR3D_FREQ 93% cpu@49.937C soc2@49.687C soc0@49.843C gpu@51.781C tj@51.781C soc1@49.687C VDD_IN 5497mW/5166mW VDD_CPU_GPU_CV 1802mW/1514mW VDD_SOC 1484mW/1461mW"
man_walking.mp4,94,5600,7620,0,"07-04-2026 17:58:58 RAM 5600/7620MB (lfb 3x4MB) SWAP 16/3810MB (cached 0MB) CPU [1%@729,3%@729,0%@729,0%@729,72%@1497,17%@1497] GR3D_FREQ 0% cpu@50C soc2@49.656C soc0@49.843C gpu@51.218C tj@51.218C soc1@49.812C VDD_IN 4790mW/5162mW VDD_CPU_GPU_CV 1326mW/1512mW VDD_SOC 1406mW/1460mW"
man_walking.mp4,95,5598,7620,99,"07-04-2026 17:58:59 RAM 5598/7620MB (lfb 3x4MB) SWAP 16/3810MB (cached 0MB) CPU [5%@729,3%@729,4%@729,54%@729,15%@729,18%@729] GR3D_FREQ 99% cpu@49.968C soc2@49.718C soc0@49.75C gpu@51.937C tj@51.937C soc1@49.625C VDD_IN 6370mW/5175mW VDD_CPU_GPU_CV 2160mW/1519mW VDD_SOC 1680mW/1463mW"
man_walking.mp4,96,5611,7620,0,"07-04-2026 17:59:00 RAM 5611/7620MB (lfb 3x4MB) SWAP 16/3810MB (cached 0MB) CPU [1%@1497,5%@1497,2%@1497,3%@1497,84%@1497,13%@1497] GR3D_FREQ 0% cpu@50.343C soc2@49.656C soc0@49.75C gpu@51.218C tj@51.218C soc1@49.687C VDD_IN 4823mW/5171mW VDD_CPU_GPU_CV 1326mW/1517mW VDD_SOC 1406mW/1462mW"
man_walking.mp4,97,5600,7620,0,"07-04-2026 17:59:01 RAM 5600/7620MB (lfb 3x4MB) SWAP 16/3810MB (cached 0MB) CPU [5%@729,6%@729,2%@729,53%@729,4%@1497,29%@1497] GR3D_FREQ 0% cpu@50.187C soc2@49.781C soc0@49.781C gpu@51.625C tj@51.625C soc1@49.718C VDD_IN 6160mW/5181mW VDD_CPU_GPU_CV 1956mW/1522mW VDD_SOC 1680mW/1464mW"
man_walking.mp4,98,5605,7620,0,"07-04-2026 17:59:02 RAM 5605/7620MB (lfb 3x4MB) SWAP 16/3810MB (cached 0MB) CPU [14%@1497,87%@1497,1%@1497,1%@1497,1%@729,1%@729] GR3D_FREQ 0% cpu@50.156C soc2@49.875C soc0@49.843C gpu@51.375C tj@51.375C soc1@49.75C VDD_IN 4823mW/5178mW VDD_CPU_GPU_CV 1324mW/1520mW VDD_SOC 1406mW/1464mW"
man_walking.mp4,99,5605,7620,0,"07-04-2026 17:59:03 RAM 5605/7620MB (lfb 3x4MB) SWAP 16/3810MB (cached 0MB) CPU [8%@960,8%@960,6%@960,8%@960,37%@729,32%@729] GR3D_FREQ 0% cpu@49.968C soc2@49.906C soc0@49.937C gpu@51.5C tj@51.5C soc1@49.593C VDD_IN 5689mW/5183mW VDD_CPU_GPU_CV 1680mW/1521mW VDD_SOC 1562mW/1465mW"
man_walking.mp4,100,5607,7620,0,"07-04-2026 17:59:04 RAM 5607/7620MB (lfb 3x4MB) SWAP 16/3810MB (cached 0MB) CPU [22%@1497,2%@1497,2%@1497,78%@1497,2%@729,0%@729] GR3D_FREQ 0% cpu@50.187C soc2@49.812C soc0@49.656C gpu@51.562C tj@51.562C soc1@49.687C VDD_IN 4782mW/5179mW VDD_CPU_GPU_CV 1324mW/1519mW VDD_SOC 1406mW/1464mW"
man_walking.mp4,101,5607,7620,0,"07-04-2026 17:59:05 RAM 5607/7620MB (lfb 3x4MB) SWAP 16/3810MB (cached 0MB) CPU [34%@1497,1%@1497,2%@1497,22%@1497,4%@729,31%@729] GR3D_FREQ 0% cpu@50.312C soc2@49.718C soc0@49.843C gpu@51.562C tj@51.562C soc1@49.656C VDD_IN 5337mW/5180mW VDD_CPU_GPU_CV 1562mW/1520mW VDD_SOC 1484mW/1464mW"
man_walking.mp4,102,5607,7620,0,"07-04-2026 17:59:06 RAM 5607/7620MB (lfb 3x4MB) SWAP 16/3810MB (cached 0MB) CPU [1%@1497,0%@1497,36%@1497,66%@1497,1%@729,0%@729] GR3D_FREQ 0% cpu@50.312C soc2@49.718C soc0@49.781C gpu@51.312C tj@51.312C soc1@49.656C VDD_IN 4702mW/5176mW VDD_CPU_GPU_CV 1286mW/1517mW VDD_SOC 1366mW/1463mW"
man_walking.mp4,103,5607,7620,0,"07-04-2026 17:59:07 RAM 5607/7620MB (lfb 3x4MB) SWAP 16/3810MB (cached 0MB) CPU [1%@1497,2%@1497,18%@1497,33%@1497,3%@729,33%@729] GR3D_FREQ 0% cpu@50.125C soc2@49.812C soc0@49.812C gpu@51.25C tj@51.25C soc1@49.718C VDD_IN 5104mW/5175mW VDD_CPU_GPU_CV 1444mW/1517mW VDD_SOC 1444mW/1463mW"
man_walking.mp4,104,5607,7620,0,"07-04-2026 17:59:08 RAM 5607/7620MB (lfb 3x4MB) SWAP 16/3810MB (cached 0MB) CPU [1%@1497,2%@1497,46%@1497,55%@1497,0%@729,1%@729] GR3D_FREQ 0% cpu@50.531C soc2@49.75C soc0@49.875C gpu@51.343C tj@51.343C soc1@49.812C VDD_IN 4702mW/5171mW VDD_CPU_GPU_CV 1284mW/1514mW VDD_SOC 1366mW/1462mW"
man_walking.mp4,105,5606,7620,0,"07-04-2026 17:59:09 RAM 5606/7620MB (lfb 3x4MB) SWAP 16/3810MB (cached 0MB) CPU [4%@729,3%@729,9%@729,14%@729,33%@1497,34%@1497] GR3D_FREQ 0% cpu@50.093C soc2@49.718C soc0@49.656C gpu@51.343C tj@51.343C soc1@49.625C VDD_IN 5024mW/5169mW VDD_CPU_GPU_CV 1444mW/1514mW VDD_SOC 1446mW/1462mW"
man_walking.mp4,106,5601,7620,0,"07-04-2026 17:59:10 RAM 5601/7620MB (lfb 3x4MB) SWAP 16/3810MB (cached 0MB) CPU [3%@1113,2%@1113,54%@1113,1%@1113,44%@1420,6%@1420] GR3D_FREQ 0% cpu@50.125C soc2@49.656C soc0@49.781C gpu@51.375C tj@51.375C soc1@49.687C VDD_IN 4702mW/5165mW VDD_CPU_GPU_CV 1284mW/1512mW VDD_SOC 1366mW/1461mW"
man_walking.mp4,107,5601,7620,0,"07-04-2026 17:59:11 RAM 5601/7620MB (lfb 3x4MB) SWAP 16/3810MB (cached 0MB) CPU [3%@729,2%@729,0%@729,2%@729,57%@1497,27%@1497] GR3D_FREQ 0% cpu@50C soc2@49.718C soc0@49.875C gpu@51.593C tj@51.593C soc1@49.718C VDD_IN 4903mW/5162mW VDD_CPU_GPU_CV 1366mW/1510mW VDD_SOC 1406mW/1461mW"
man_walking.mp4,108,5603,7620,89,"07-04-2026 17:59:12 RAM 5603/7620MB (lfb 3x4MB) SWAP 16/3810MB (cached 0MB) CPU [2%@729,2%@729,53%@729,0%@729,32%@729,11%@729] GR3D_FREQ 89% cpu@49.906C soc2@49.656C soc0@49.812C gpu@52.093C tj@52.093C soc1@49.812C VDD_IN 5176mW/5162mW VDD_CPU_GPU_CV 1605mW/1511mW VDD_SOC 1404mW/1460mW"
man_walking.mp4,109,5603,7620,0,"07-04-2026 17:59:13 RAM 5603/7620MB (lfb 4x4MB) SWAP 16/3810MB (cached 0MB) CPU [2%@729,1%@729,0%@729,1%@729,67%@1497,23%@1497] GR3D_FREQ 0% cpu@50.031C soc2@49.687C soc0@49.812C gpu@51.593C tj@51.593C soc1@49.656C VDD_IN 4790mW/5159mW VDD_CPU_GPU_CV 1326mW/1509mW VDD_SOC 1406mW/1460mW"
man_walking.mp4,110,5606,7620,99,"07-04-2026 17:59:14 RAM 5606/7620MB (lfb 4x4MB) SWAP 16/3810MB (cached 0MB) CPU [2%@729,6%@729,3%@729,54%@729,36%@729,11%@729] GR3D_FREQ 99% cpu@50.156C soc2@49.75C soc0@49.843C gpu@52.25C tj@52.25C soc1@49.687C VDD_IN 6009mW/5167mW VDD_CPU_GPU_CV 2040mW/1514mW VDD_SOC 1562mW/1461mW"
man_walking.mp4,111,5608,7620,0,"07-04-2026 17:59:15 RAM 5608/7620MB (lfb 4x4MB) SWAP 16/3810MB (cached 0MB) CPU [4%@729,0%@729,2%@729,1%@729,13%@1497,81%@1497] GR3D_FREQ 0% cpu@49.968C soc2@49.656C soc0@49.781C gpu@51.312C tj@51.312C soc1@49.687C VDD_IN 4750mW/5163mW VDD_CPU_GPU_CV 1326mW/1513mW VDD_SOC 1406mW/1460mW"
man_walking.mp4,112,5609,7620,0,"07-04-2026 17:59:16 RAM 5609/7620MB (lfb 3x4MB) SWAP 16/3810MB (cached 0MB) CPU [2%@729,2%@729,55%@729,0%@729,12%@1190,20%@1190] GR3D_FREQ 0% cpu@50.125C soc2@49.812C soc0@49.843C gpu@51.656C tj@51.656C soc1@49.812C VDD_IN 6249mW/5173mW VDD_CPU_GPU_CV 2000mW/1517mW VDD_SOC 1680mW/1462mW"
man_walking.mp4,113,5608,7620,0,"07-04-2026 17:59:17 RAM 5608/7620MB (lfb 3x4MB) SWAP 16/3810MB (cached 0MB) CPU [1%@1497,2%@1497,11%@1497,0%@1497,83%@1497,6%@1497] GR3D_FREQ 0% cpu@50.437C soc2@49.75C soc0@49.937C gpu@51.281C tj@51.281C soc1@49.625C VDD_IN 4782mW/5169mW VDD_CPU_GPU_CV 1324mW/1515mW VDD_SOC 1406mW/1462mW"
man_walking.mp4,114,5609,7620,0,"07-04-2026 17:59:18 RAM 5609/7620MB (lfb 3x4MB) SWAP 16/3810MB (cached 0MB) CPU [2%@729,2%@729,43%@729,0%@729,9%@1344,31%@1344] GR3D_FREQ 0% cpu@50.062C soc2@49.843C soc0@49.781C gpu@51.5C tj@51.5C soc1@49.656C VDD_IN 5809mW/5175mW VDD_CPU_GPU_CV 1760mW/1517mW VDD_SOC 1562mW/1463mW"
man_walking.mp4,115,5606,7620,0,"07-04-2026 17:59:19 RAM 5606/7620MB (lfb 3x4MB) SWAP 16/3810MB (cached 0MB) CPU [2%@1497,29%@1497,4%@1497,2%@1497,76%@729,0%@729] GR3D_FREQ 0% cpu@50.312C soc2@49.812C soc0@49.812C gpu@51.5C tj@51.187C soc1@49.656C VDD_IN 4782mW/5171mW VDD_CPU_GPU_CV 1326mW/1516mW VDD_SOC 1406mW/1462mW"
man_walking.mp4,116,5606,7620,0,"07-04-2026 17:59:20 RAM 5606/7620MB (lfb 3x4MB) SWAP 16/3810MB (cached 0MB) CPU [4%@729,29%@729,4%@729,2%@729,23%@1497,32%@1497] GR3D_FREQ 0% cpu@50.093C soc2@49.687C soc0@49.875C gpu@51.375C tj@51.375C soc1@49.656C VDD_IN 5377mW/5173mW VDD_CPU_GPU_CV 1602mW/1516mW VDD_SOC 1484mW/1462mW"
man_walking.mp4,117,5602,7620,0,"07-04-2026 17:59:21 RAM 5602/7620MB (lfb 3x4MB) SWAP 16/3810MB (cached 0MB) CPU [45%@1497,2%@1497,7%@1497,3%@1497,62%@1113,0%@1113] GR3D_FREQ 0% cpu@50.406C soc2@49.843C soc0@49.875C gpu@51.281C tj@51.281C soc1@49.718C VDD_IN 4782mW/5170mW VDD_CPU_GPU_CV 1324mW/1515mW VDD_SOC 1406mW/1462mW"
man_walking.mp4,118,5602,7620,0,"07-04-2026 17:59:22 RAM 5602/7620MB (lfb 3x4MB) SWAP 16/3810MB (cached 0MB) CPU [16%@729,2%@729,2%@729,1%@729,36%@1497,32%@1497] GR3D_FREQ 0% cpu@50.062C soc2@49.781C soc0@49.968C gpu@51.343C tj@51.343C soc1@49.687C VDD_IN 5184mW/5170mW VDD_CPU_GPU_CV 1484mW/1514mW VDD_SOC 1444mW/1462mW"
man_walking.mp4,119,5605,7620,0,"07-04-2026 17:59:23 RAM 5605/7620MB (lfb 3x4MB) SWAP 16/3810MB (cached 0MB) CPU [2%@1497,55%@1497,0%@1497,1%@1497,48%@729,0%@729] GR3D_FREQ 0% cpu@50.125C soc2@49.812C soc0@49.75C gpu@51.25C tj@51.25C soc1@49.718C VDD_IN 4742mW/5166mW VDD_CPU_GPU_CV 1284mW/1513mW VDD_SOC 1406mW/1461mW"
man_walking.mp4,120,5607,7620,0,"07-04-2026 17:59:24 RAM 5607/7620MB (lfb 3x4MB) SWAP 16/3810MB (cached 0MB) CPU [6%@729,2%@729,2%@729,3%@729,3%@1497,80%@1497] GR3D_FREQ 0% cpu@50.187C soc2@49.656C soc0@49.812C gpu@51.468C tj@51.468C soc1@49.625C VDD_IN 5024mW/5165mW VDD_CPU_GPU_CV 1444mW/1512mW VDD_SOC 1446mW/1461mW"
man_walking.mp4,121,5603,7620,99,"07-04-2026 17:59:25 RAM 5603/7620MB (lfb 3x4MB) SWAP 16/3810MB (cached 0MB) CPU [10%@729,14%@729,4%@729,0%@729,50%@1344,34%@1344] GR3D_FREQ 99% cpu@49.875C soc2@49.75C soc0@49.937C gpu@51.875C tj@51.875C soc1@49.75C VDD_IN 5064mW/5164mW VDD_CPU_GPU_CV 1524mW/1512mW VDD_SOC 1404mW/1461mW"
man_walking.mp4,122,5603,7620,0,"07-04-2026 17:59:26 RAM 5603/7620MB (lfb 3x4MB) SWAP 16/3810MB (cached 0MB) CPU [3%@729,1%@729,1%@729,0%@729,68%@1497,19%@1497] GR3D_FREQ 0% cpu@50.062C soc2@49.687C soc0@50C gpu@51.343C tj@51.343C soc1@49.812C VDD_IN 4830mW/5162mW VDD_CPU_GPU_CV 1366mW/1511mW VDD_SOC 1406mW/1460mW"
man_walking.mp4,123,5604,7620,98,"07-04-2026 17:59:27 RAM 5604/7620MB (lfb 3x4MB) SWAP 16/3810MB (cached 0MB) CPU [54%@729,3%@729,2%@729,1%@729,23%@1113,18%@1113] GR3D_FREQ 98% cpu@50C soc2@49.656C soc0@49.875C gpu@51.718C tj@51.718C soc1@49.718C VDD_IN 5658mW/5166mW VDD_CPU_GPU_CV 1883mW/1514mW VDD_SOC 1482mW/1460mW"
man_walking.mp4,124,5604,7620,0,"07-04-2026 17:59:28 RAM 5604/7620MB (lfb 3x4MB) SWAP 16/3810MB (cached 0MB) CPU [2%@729,2%@729,1%@729,0%@729,78%@1497,12%@1497] GR3D_FREQ 0% cpu@50.156C soc2@49.718C soc0@49.937C gpu@51.218C tj@51.218C soc1@49.718C VDD_IN 4750mW/5162mW VDD_CPU_GPU_CV 1326mW/1512mW VDD_SOC 1408mW/1460mW"
man_walking.mp4,125,5605,7620,0,"07-04-2026 17:59:29 RAM 5605/7620MB (lfb 3x4MB) SWAP 16/3810MB (cached 0MB) CPU [7%@729,53%@729,4%@729,1%@729,17%@1344,18%@1344] GR3D_FREQ 0% cpu@50.093C soc2@49.812C soc0@49.843C gpu@51.593C tj@51.687C soc1@49.781C VDD_IN 6320mW/5172mW VDD_CPU_GPU_CV 2080mW/1517mW VDD_SOC 1680mW/1462mW"
man_walking.mp4,126,5612,7620,0,"07-04-2026 17:59:30 RAM 5612/7620MB (lfb 3x4MB) SWAP 16/3810MB (cached 0MB) CPU [14%@1497,1%@1497,1%@1497,2%@1497,84%@729,6%@729] GR3D_FREQ 0% cpu@50.281C soc2@49.812C soc0@49.968C gpu@51.406C tj@51.406C soc1@49.75C VDD_IN 4823mW/5169mW VDD_CPU_GPU_CV 1324mW/1515mW VDD_SOC 1406mW/1461mW"
man_walking.mp4,127,5611,7620,0,"07-04-2026 17:59:31 RAM 5611/7620MB (lfb 3x4MB) SWAP 16/3810MB (cached 0MB) CPU [43%@729,1%@729,2%@729,1%@729,6%@883,35%@883] GR3D_FREQ 0% cpu@49.906C soc2@49.687C soc0@49.781C gpu@51.593C tj@51.593C soc1@49.656C VDD_IN 5769mW/5173mW VDD_CPU_GPU_CV 1720mW/1517mW VDD_SOC 1562mW/1462mW"
man_walking.mp4,128,5614,7620,0,"07-04-2026 17:59:32 RAM 5614/7620MB (lfb 3x4MB) SWAP 16/3810MB (cached 0MB) CPU [1%@1497,23%@1497,0%@1497,1%@1497,80%@729,0%@729] GR3D_FREQ 0% cpu@50.187C soc2@49.718C soc0@49.843C gpu@51.5C tj@51.5C soc1@49.625C VDD_IN 4742mW/5170mW VDD_CPU_GPU_CV 1286mW/1515mW VDD_SOC 1406mW/1462mW"
man_walking.mp4,129,5612,7620,0,"07-04-2026 17:59:33 RAM 5612/7620MB (lfb 3x4MB) SWAP 16/3810MB (cached 0MB) CPU [9%@1497,32%@1497,2%@1497,1%@1497,11%@729,31%@729] GR3D_FREQ 0% cpu@50.437C soc2@49.781C soc0@49.843C gpu@51.531C tj@51.531C soc1@49.718C VDD_IN 5417mW/5172mW VDD_CPU_GPU_CV 1602mW/1516mW VDD_SOC 1484mW/1462mW"
man_walking.mp4,130,5604,7620,0,"07-04-2026 17:59:34 RAM 5604/7620MB (lfb 3x4MB) SWAP 16/3810MB (cached 0MB) CPU [68%@1497,6%@1497,2%@1497,35%@1497,0%@729,0%@729] GR3D_FREQ 0% cpu@50.125C soc2@49.812C soc0@49.843C gpu@51.5C tj@51.5C soc1@49.718C VDD_IN 4709mW/5169mW VDD_CPU_GPU_CV 1286mW/1514mW VDD_SOC 1366mW/1461mW"
man_walking.mp4,131,5607,7620,0,"07-04-2026 17:59:35 RAM 5607/7620MB (lfb 3x4MB) SWAP 16/3810MB (cached 0MB) CPU [32%@1497,3%@1497,2%@1497,20%@1497,14%@729,33%@729] GR3D_FREQ 0% cpu@50.343C soc2@49.968C soc0@50C gpu@51.562C tj@51.375C soc1@49.656C VDD_IN 5256mW/5169mW VDD_CPU_GPU_CV 1522mW/1514mW VDD_SOC 1444mW/1461mW"
man_walking.mp4,132,5607,7620,0,"07-04-2026 17:59:36 RAM 5607/7620MB (lfb 3x4MB) SWAP 16/3810MB (cached 0MB) CPU [58%@729,18%@729,11%@729,2%@729,28%@1497,0%@1497] GR3D_FREQ 0% cpu@50.281C soc2@49.687C soc0@49.843C gpu@51.406C tj@51.406C soc1@49.656C VDD_IN 4782mW/5166mW VDD_CPU_GPU_CV 1324mW/1513mW VDD_SOC 1366mW/1460mW"
man_walking.mp4,133,5607,7620,0,"07-04-2026 17:59:37 RAM 5607/7620MB (lfb 3x4MB) SWAP 16/3810MB (cached 0MB) CPU [42%@1497,2%@1497,3%@1497,1%@1497,8%@1190,33%@1190] GR3D_FREQ 0% cpu@50.25C soc2@49.968C soc0@49.875C gpu@51.312C tj@51.312C soc1@49.781C VDD_IN 4983mW/5165mW VDD_CPU_GPU_CV 1404mW/1512mW VDD_SOC 1406mW/1460mW"
man_walking.mp4,134,5606,7620,0,"07-04-2026 17:59:38 RAM 5606/7620MB (lfb 3x4MB) SWAP 16/3810MB (cached 0MB) CPU [49%@729,1%@729,2%@729,2%@729,53%@1497,0%@1497] GR3D_FREQ 0% cpu@50.093C soc2@49.718C soc0@49.843C gpu@51.281C tj@51.281C soc1@49.718C VDD_IN 4742mW/5162mW VDD_CPU_GPU_CV 1284mW/1510mW VDD_SOC 1406mW/1459mW"
man_walking.mp4,135,5607,7620,0,"07-04-2026 17:59:39 RAM 5607/7620MB (lfb 3x4MB) SWAP 16/3810MB (cached 0MB) CPU [53%@1497,1%@1497,7%@1497,1%@1497,8%@1497,25%@1497] GR3D_FREQ 0% cpu@50.25C soc2@49.937C soc0@49.937C gpu@51.375C tj@51.375C soc1@49.781C VDD_IN 5024mW/5161mW VDD_CPU_GPU_CV 1446mW/1510mW VDD_SOC 1446mW/1459mW"
man_walking.mp4,136,5606,7620,94,"07-04-2026 17:59:40 RAM 5606/7620MB (lfb 3x4MB) SWAP 16/3810MB (cached 0MB) CPU [40%@729,3%@729,2%@729,54%@729,0%@960,8%@960] GR3D_FREQ 94% cpu@50C soc2@49.718C soc0@49.906C gpu@51.875C tj@51.875C soc1@49.656C VDD_IN 4863mW/5159mW VDD_CPU_GPU_CV 1364mW/1509mW VDD_SOC 1406mW/1459mW"
man_walking.mp4,137,5607,7620,0,"07-04-2026 17:59:41 RAM 5607/7620MB (lfb 3x4MB) SWAP 16/3810MB (cached 0MB) CPU [13%@729,3%@729,3%@729,0%@729,49%@1497,24%@1497] GR3D_FREQ 0% cpu@50.218C soc2@49.718C soc0@49.812C gpu@51.687C tj@51.687C soc1@49.625C VDD_IN 4830mW/5156mW VDD_CPU_GPU_CV 1326mW/1507mW VDD_SOC 1406mW/1458mW"
man_walking.mp4,138,5600,7620,84,"07-04-2026 17:59:42 RAM 5600/7620MB (lfb 3x4MB) SWAP 16/3810MB (cached 0MB) CPU [2%@729,54%@729,3%@729,1%@729,28%@883,12%@883] GR3D_FREQ 84% cpu@49.906C soc2@49.812C soc0@49.843C gpu@52.187C tj@52.187C soc1@49.781C VDD_IN 5457mW/5158mW VDD_CPU_GPU_CV 1762mW/1509mW VDD_SOC 1484mW/1459mW"
man_walking.mp4,139,5601,7620,0,"07-04-2026 17:59:43 RAM 5601/7620MB (lfb 3x4MB) SWAP 16/3810MB (cached 0MB) CPU [0%@729,0%@729,1%@729,0%@729,72%@1497,17%@1497] GR3D_FREQ 0% cpu@50.062C soc2@49.781C soc0@49.968C gpu@51.718C tj@51.718C soc1@49.718C VDD_IN 4830mW/5156mW VDD_CPU_GPU_CV 1326mW/1508mW VDD_SOC 1406mW/1458mW"
man_walking.mp4,140,5608,7620,99,"07-04-2026 17:59:44 RAM 5608/7620MB (lfb 3x4MB) SWAP 16/3810MB (cached 0MB) CPU [5%@729,57%@729,2%@729,4%@729,16%@729,17%@729] GR3D_FREQ 99% cpu@49.906C soc2@49.906C soc0@50C gpu@52.125C tj@52.125C soc1@49.625C VDD_IN 6209mW/5163mW VDD_CPU_GPU_CV 2120mW/1512mW VDD_SOC 1602mW/1459mW"
man_walking.mp4,141,5611,7620,0,"07-04-2026 17:59:45 RAM 5611/7620MB (lfb 3x4MB) SWAP 16/3810MB (cached 0MB) CPU [1%@1497,84%@1497,3%@1497,0%@1497,1%@729,13%@729] GR3D_FREQ 0% cpu@50.156C soc2@49.718C soc0@49.812C gpu@51.406C tj@51.406C soc1@49.687C VDD_IN 4750mW/5161mW VDD_CPU_GPU_CV 1286mW/1511mW VDD_SOC 1408mW/1459mW"
man_walking.mp4,142,5607,7620,0,"07-04-2026 17:59:46 RAM 5607/7620MB (lfb 3x4MB) SWAP 16/3810MB (cached 0MB) CPU [5%@729,31%@729,12%@729,1%@729,24%@1344,25%@1344] GR3D_FREQ 0% cpu@50.093C soc2@49.843C soc0@49.875C gpu@51.718C tj@51.718C soc1@49.656C VDD_IN 6249mW/5168mW VDD_CPU_GPU_CV 2000mW/1514mW VDD_SOC 1640mW/1460mW"
man_walking.mp4,143,5609,7620,0,"07-04-2026 17:59:47 RAM 5609/7620MB (lfb 3x4MB) SWAP 16/3810MB (cached 0MB) CPU [88%@883,7%@883,7%@883,2%@883,1%@729,7%@729] GR3D_FREQ 0% cpu@50.375C soc2@49.812C soc0@49.937C gpu@51.468C tj@51.468C soc1@49.718C VDD_IN 4863mW/5166mW VDD_CPU_GPU_CV 1324mW/1513mW VDD_SOC 1406mW/1460mW"
man_walking.mp4,144,5609,7620,0,"07-04-2026 17:59:48 RAM 5609/7620MB (lfb 3x4MB) SWAP 16/3810MB (cached 0MB) CPU [3%@1344,2%@1344,8%@1344,4%@1344,46%@1420,30%@1420] GR3D_FREQ 0% cpu@50.187C soc2@49.812C soc0@49.968C gpu@51.406C tj@51.406C soc1@49.843C VDD_IN 6009mW/5172mW VDD_CPU_GPU_CV 1840mW/1515mW VDD_SOC 1640mW/1461mW"
man_walking.mp4,145,5613,7620,0,"07-04-2026 17:59:49 RAM 5613/7620MB (lfb 3x4MB) SWAP 16/3810MB (cached 0MB) CPU [24%@1497,2%@1497,3%@1497,80%@1497,0%@729,1%@729] GR3D_FREQ 0% cpu@50.468C soc2@49.937C soc0@49.937C gpu@51.375C tj@51.375C soc1@49.718C VDD_IN 4782mW/5169mW VDD_CPU_GPU_CV 1326mW/1514mW VDD_SOC 1406mW/1461mW"
man_walking.mp4,146,5612,7620,0,"07-04-2026 17:59:50 RAM 5612/7620MB (lfb 3x4MB) SWAP 16/3810MB (cached 0MB) CPU [34%@1497,2%@1497,1%@1497,18%@1497,0%@1190,33%@1190] GR3D_FREQ 0% cpu@50.218C soc2@49.875C soc0@49.843C gpu@51.406C tj@51.406C soc1@49.718C VDD_IN 5377mW/5171mW VDD_CPU_GPU_CV 1562mW/1514mW VDD_SOC 1484mW/1461mW"
man_walking.mp4,147,5606,7620,0,"07-04-2026 17:59:51 RAM 5606/7620MB (lfb 3x4MB) SWAP 16/3810MB (cached 0MB) CPU [1%@1497,32%@1497,2%@1497,70%@1497,0%@729,0%@729] GR3D_FREQ 0% cpu@50.312C soc2@49.781C soc0@49.906C gpu@51.281C tj@51.281C soc1@49.718C VDD_IN 4709mW/5167mW VDD_CPU_GPU_CV 1286mW/1513mW VDD_SOC 1366mW/1460mW"
man_walking.mp4,148,5607,7620,0,"07-04-2026 17:59:52 RAM 5607/7620MB (lfb 3x4MB) SWAP 16/3810MB (cached 0MB) CPU [29%@1497,22%@1497,3%@1497,2%@1497,0%@729,31%@729] GR3D_FREQ 0% cpu@50.218C soc2@49.875C soc0@49.937C gpu@51.375C tj@51.375C soc1@49.906C VDD_IN 5144mW/5167mW VDD_CPU_GPU_CV 1484mW/1512mW VDD_SOC 1444mW/1460mW"
man_walking.mp4,149,5604,7620,0,"07-04-2026 17:59:53 RAM 5604/7620MB (lfb 3x4MB) SWAP 16/3810MB (cached 0MB) CPU [31%@1497,2%@1497,2%@1497,41%@1497,34%@729,1%@729] GR3D_FREQ 0% cpu@50.406C soc2@49.843C soc0@49.968C gpu@51.343C tj@51.343C soc1@49.906C VDD_IN 4742mW/5164mW VDD_CPU_GPU_CV 1324mW/1511mW VDD_SOC 1366mW/1459mW"
man_walking.mp4,150,5604,7620,0,"07-04-2026 17:59:54 RAM 5604/7620MB (lfb 3x4MB) SWAP 16/3810MB (cached 0MB) CPU [5%@1113,2%@1113,1%@1113,12%@1113,35%@1497,35%@1497] GR3D_FREQ 0% cpu@50.156C soc2@49.781C soc0@49.812C gpu@51.593C tj@51.593C soc1@49.625C VDD_IN 5104mW/5164mW VDD_CPU_GPU_CV 1444mW/1511mW VDD_SOC 1444mW/1459mW"
man_walking.mp4,151,5607,7620,0,"07-04-2026 17:59:55 RAM 5607/7620MB (lfb 3x4MB) SWAP 16/3810MB (cached 0MB) CPU [3%@1497,51%@1497,2%@1497,0%@1497,50%@1497,2%@1497] GR3D_FREQ 0% cpu@50.093C soc2@49.812C soc0@49.843C gpu@51.468C tj@51.468C soc1@49.781C VDD_IN 4742mW/5161mW VDD_CPU_GPU_CV 1284mW/1509mW VDD_SOC 1406mW/1459mW"
man_walking.mp4,152,5607,7620,0,"07-04-2026 17:59:56 RAM 5607/7620MB (lfb 3x4MB) SWAP 16/3810MB (cached 0MB) CPU [2%@729,1%@729,4%@729,13%@729,54%@1497,28%@1497] GR3D_FREQ 0% cpu@50.531C soc2@49.843C soc0@49.937C gpu@51.593C tj@51.593C soc1@49.781C VDD_IN 5056mW/5161mW VDD_CPU_GPU_CV 1484mW/1509mW VDD_SOC 1444mW/1459mW"
man_walking.mp4,153,5603,7620,86,"07-04-2026 17:59:57 RAM 5603/7620MB (lfb 3x4MB) SWAP 16/3810MB (cached 0MB) CPU [55%@729,2%@729,2%@729,3%@729,32%@806,10%@806] GR3D_FREQ 86% cpu@49.968C soc2@49.812C soc0@49.875C gpu@52.125C tj@52.125C soc1@49.781C VDD_IN 5337mW/5162mW VDD_CPU_GPU_CV 1685mW/1510mW VDD_SOC 1444mW/1459mW"
man_walking.mp4,154,5604,7620,0,"07-04-2026 17:59:58 RAM 5604/7620MB (lfb 3x4MB) SWAP 16/3810MB (cached 0MB) CPU [1%@729,4%@729,4%@729,5%@729,5%@1497,78%@1497] GR3D_FREQ 0% cpu@50.031C soc2@49.843C soc0@50C gpu@51.5C tj@51.5C soc1@49.906C VDD_IN 4863mW/5160mW VDD_CPU_GPU_CV 1364mW/1509mW VDD_SOC 1406mW/1458mW"
man_walking.mp4,155,5602,7620,97,"07-04-2026 17:59:59 RAM 5602/7620MB (lfb 3x4MB) SWAP 16/3810MB (cached 0MB) CPU [3%@729,9%@729,12%@729,1%@729,55%@729,29%@729] GR3D_FREQ 97% cpu@50.093C soc2@49.812C soc0@49.906C gpu@51.812C tj@51.812C soc1@49.75C VDD_IN 5528mW/5162mW VDD_CPU_GPU_CV 1842mW/1511mW VDD_SOC 1482mW/1459mW"
man_walking.mp4,156,5601,7620,0,"07-04-2026 18:00:00 RAM 5601/7620MB (lfb 3x4MB) SWAP 16/3810MB (cached 0MB) CPU [1%@729,3%@729,1%@729,3%@729,1%@1497,90%@1497] GR3D_FREQ 0% cpu@50.25C soc2@49.781C soc0@49.875C gpu@51.437C tj@51.437C soc1@49.812C VDD_IN 4863mW/5160mW VDD_CPU_GPU_CV 1366mW/1510mW VDD_SOC 1406mW/1458mW"
man_walking.mp4,157,5596,7620,0,"07-04-2026 18:00:01 RAM 5596/7620MB (lfb 3x4MB) SWAP 16/3810MB (cached 0MB) CPU [14%@729,4%@729,3%@729,3%@729,54%@1497,30%@1497] GR3D_FREQ 0% cpu@50.312C soc2@49.906C soc0@49.968C gpu@51.656C tj@51.656C soc1@49.718C VDD_IN 6240mW/5167mW VDD_CPU_GPU_CV 1996mW/1513mW VDD_SOC 1680mW/1460mW"
man_walking.mp4,158,5595,7620,0,"07-04-2026 18:00:02 RAM 5595/7620MB (lfb 3x4MB) SWAP 16/3810MB (cached 0MB) CPU [1%@1497,3%@1497,16%@1497,1%@1497,84%@1497,2%@1497] GR3D_FREQ 0% cpu@50.406C soc2@49.906C soc0@50.062C gpu@51.437C tj@51.437C soc1@49.843C VDD_IN 4782mW/5165mW VDD_CPU_GPU_CV 1326mW/1512mW VDD_SOC 1406mW/1459mW"
man_walking.mp4,159,5597,7620,0,"07-04-2026 18:00:03 RAM 5597/7620MB (lfb 3x4MB) SWAP 16/3810MB (cached 0MB) CPU [3%@729,2%@729,43%@729,2%@729,11%@1113,32%@1113] GR3D_FREQ 0% cpu@49.968C soc2@49.812C soc0@49.937C gpu@51.687C tj@51.687C soc1@49.718C VDD_IN 5649mW/5168mW VDD_CPU_GPU_CV 1682mW/1513mW VDD_SOC 1522mW/1460mW"
man_walking.mp4,160,5600,7620,0,"07-04-2026 18:00:04 RAM 5600/7620MB (lfb 3x4MB) SWAP 16/3810MB (cached 0MB) CPU [2%@1497,3%@1497,24%@1497,2%@1497,77%@729,0%@729] GR3D_FREQ 0% cpu@50.718C soc2@49.812C soc0@49.906C gpu@51.687C tj@51.687C soc1@49.75C VDD_IN 4742mW/5165mW VDD_CPU_GPU_CV 1326mW/1512mW VDD_SOC 1406mW/1459mW"
man_walking.mp4,161,5600,7620,0,"07-04-2026 18:00:05 RAM 5600/7620MB (lfb 3x4MB) SWAP 16/3810MB (cached 0MB) CPU [4%@729,2%@729,30%@729,1%@729,20%@1497,33%@1497] GR3D_FREQ 0% cpu@50.156C soc2@49.75C soc0@49.906C gpu@51.75C tj@51.75C soc1@49.812C VDD_IN 5417mW/5167mW VDD_CPU_GPU_CV 1602mW/1513mW VDD_SOC 1484mW/1460mW"
man_walking.mp4,162,5597,7620,0,"07-04-2026 18:00:06 RAM 5597/7620MB (lfb 3x4MB) SWAP 16/3810MB (cached 0MB) CPU [1%@1497,7%@1497,39%@1497,5%@1497,63%@1190,0%@1190] GR3D_FREQ 0% cpu@50.687C soc2@49.718C soc0@49.968C gpu@51.687C tj@51.687C soc1@49.75C VDD_IN 4782mW/5164mW VDD_CPU_GPU_CV 1324mW/1512mW VDD_SOC 1406mW/1459mW"
man_walking.mp4,163,5597,7620,0,"07-04-2026 18:00:07 RAM 5597/7620MB (lfb 3x4MB) SWAP 16/3810MB (cached 0MB) CPU [2%@729,2%@729,15%@729,15%@729,36%@1497,32%@1497] GR3D_FREQ 0% cpu@50.156C soc2@49.812C soc0@50.062C gpu@51.781C tj@51.781C soc1@49.968C VDD_IN 5184mW/5164mW VDD_CPU_GPU_CV 1484mW/1511mW VDD_SOC 1444mW/1459mW"
man_walking.mp4,164,5595,7620,0,"07-04-2026 18:00:08 RAM 5595/7620MB (lfb 3x4MB) SWAP 16/3810MB (cached 0MB) CPU [6%@1497,51%@1497,2%@1497,1%@1497,51%@729,0%@729] GR3D_FREQ 0% cpu@50.281C soc2@49.875C soc0@49.875C gpu@51.875C tj@51.875C soc1@49.75C VDD_IN 4823mW/5162mW VDD_CPU_GPU_CV 1324mW/1510mW VDD_SOC 1404mW/1459mW"
man_walking.mp4,165,5595,7620,0,"07-04-2026 18:00:09 RAM 5595/7620MB (lfb 3x4MB) SWAP 16/3810MB (cached 0MB) CPU [3%@729,3%@729,1%@729,1%@729,49%@1497,32%@1497] GR3D_FREQ 0% cpu@50.343C soc2@49.906C soc0@49.812C gpu@51.437C tj@51.437C soc1@49.781C VDD_IN 4983mW/5161mW VDD_CPU_GPU_CV 1404mW/1510mW VDD_SOC 1446mW/1459mW"
man_walking.mp4,166,5599,7620,99,"07-04-2026 18:00:10 RAM 5599/7620MB (lfb 3x4MB) SWAP 16/3810MB (cached 0MB) CPU [2%@1190,17%@1190,11%@1190,2%@1190,75%@1497,7%@1497] GR3D_FREQ 99% cpu@50.25C soc2@49.812C soc0@49.875C gpu@51.687C tj@51.687C soc1@49.781C VDD_IN 4863mW/5159mW VDD_CPU_GPU_CV 1404mW/1509mW VDD_SOC 1364mW/1458mW"
man_walking.mp4,167,5603,7620,0,"07-04-2026 18:00:11 RAM 5603/7620MB (lfb 2x4MB) SWAP 16/3810MB (cached 0MB) CPU [2%@729,1%@729,1%@729,0%@729,25%@1497,63%@1497] GR3D_FREQ 0% cpu@50.093C soc2@49.812C soc0@50.031C gpu@51.406C tj@51.406C soc1@49.968C VDD_IN 4863mW/5158mW VDD_CPU_GPU_CV 1366mW/1508mW VDD_SOC 1406mW/1458mW"
man_walking.mp4,168,5603,7620,96,"07-04-2026 18:00:12 RAM 5603/7620MB (lfb 2x4MB) SWAP 16/3810MB (cached 0MB) CPU [2%@806,3%@806,2%@806,8%@806,14%@729,73%@729] GR3D_FREQ 96% cpu@50.187C soc2@49.812C soc0@49.937C gpu@51.843C tj@51.843C soc1@49.718C VDD_IN 5497mW/5160mW VDD_CPU_GPU_CV 1802mW/1510mW VDD_SOC 1484mW/1458mW"
man_walking.mp4,169,5607,7620,0,"07-04-2026 18:00:13 RAM 5607/7620MB (lfb 2x4MB) SWAP 16/3810MB (cached 0MB) CPU [63%@729,2%@729,5%@729,16%@729,15%@1497,0%@1497] GR3D_FREQ 0% cpu@50.343C soc2@49.875C soc0@49.968C gpu@51.437C tj@51.437C soc1@49.875C VDD_IN 4823mW/5158mW VDD_CPU_GPU_CV 1366mW/1509mW VDD_SOC 1406mW/1458mW"
man_walking.mp4,170,5602,7620,0,"07-04-2026 18:00:14 RAM 5602/7620MB (lfb 2x4MB) SWAP 16/3810MB (cached 0MB) CPU [11%@729,54%@729,4%@729,2%@729,22%@1113,0%@1113] GR3D_FREQ 0% cpu@50.187C soc2@49.968C soc0@49.968C gpu@51.687C tj@51.687C soc1@49.812C VDD_IN 6370mW/5165mW VDD_CPU_GPU_CV 2080mW/1512mW VDD_SOC 1680mW/1459mW"
man_walking.mp4,171,5606,7620,0,"07-04-2026 18:00:15 RAM 5606/7620MB (lfb 2x4MB) SWAP 16/3810MB (cached 0MB) CPU [2%@729,4%@729,85%@729,2%@729,13%@1497,0%@1497] GR3D_FREQ 0% cpu@50.156C soc2@49.875C soc0@50C gpu@51.562C tj@51.562C soc1@49.906C VDD_IN 4823mW/5163mW VDD_CPU_GPU_CV 1324mW/1511mW VDD_SOC 1406mW/1459mW"
man_walking.mp4,172,5606,7620,0,"07-04-2026 18:00:16 RAM 5606/7620MB (lfb 2x4MB) SWAP 16/3810MB (cached 0MB) CPU [7%@729,1%@729,1%@729,2%@729,52%@1190,25%@1190] GR3D_FREQ 0% cpu@50.062C soc2@50.031C soc0@50.062C gpu@51.718C tj@51.718C soc1@49.718C VDD_IN 5889mW/5167mW VDD_CPU_GPU_CV 1800mW/1513mW VDD_SOC 1600mW/1460mW"
man_walking.mp4,173,5605,7620,0,"07-04-2026 18:00:17 RAM 5605/7620MB (lfb 2x4MB) SWAP 16/3810MB (cached 0MB) CPU [67%@729,2%@729,2%@729,9%@729,15%@1497,19%@1497] GR3D_FREQ 0% cpu@50.093C soc2@49.843C soc0@49.968C gpu@51.375C tj@51.375C soc1@49.718C VDD_IN 4782mW/5165mW VDD_CPU_GPU_CV 1284mW/1512mW VDD_SOC 1366mW/1459mW"
man_walking.mp4,174,5611,7620,0,"07-04-2026 18:00:18 RAM 5611/7620MB (lfb 2x4MB) SWAP 16/3810MB (cached 0MB) CPU [16%@1420,3%@1420,3%@1420,4%@1420,0%@729,68%@729] GR3D_FREQ 0% cpu@50.562C soc2@49.968C soc0@50C gpu@51.562C tj@51.562C soc1@49.75C VDD_IN 5608mW/5167mW VDD_CPU_GPU_CV 1682mW/1513mW VDD_SOC 1522mW/1459mW"
man_walking.mp4,175,5612,7620,0,"07-04-2026 18:00:19 RAM 5612/7620MB (lfb 3x4MB) SWAP 16/3810MB (cached 0MB) CPU [72%@729,2%@729,9%@729,5%@729,8%@1497,26%@1497] GR3D_FREQ 0% cpu@50.062C soc2@49.875C soc0@50.093C gpu@51.437C tj@51.437C soc1@50C VDD_IN 4863mW/5166mW VDD_CPU_GPU_CV 1364mW/1512mW VDD_SOC 1406mW/1459mW"
man_walking.mp4,176,5616,7620,0,"07-04-2026 18:00:20 RAM 5616/7620MB (lfb 2x4MB) SWAP 16/3810MB (cached 0MB) CPU [6%@729,1%@729,4%@729,2%@729,27%@1497,54%@1497] GR3D_FREQ 0% cpu@50.218C soc2@49.875C soc0@49.906C gpu@51.437C tj@51.437C soc1@49.75C VDD_IN 5337mW/5167mW VDD_CPU_GPU_CV 1562mW/1512mW VDD_SOC 1484mW/1459mW"
man_walking.mp4,177,5614,7620,0,"07-04-2026 18:00:21 RAM 5614/7620MB (lfb 3x4MB) SWAP 16/3810MB (cached 0MB) CPU [2%@729,11%@729,5%@729,8%@729,91%@1497,0%@1497] GR3D_FREQ 0% cpu@50.281C soc2@49.812C soc0@49.937C gpu@51.531C tj@51.531C soc1@49.812C VDD_IN 4782mW/5164mW VDD_CPU_GPU_CV 1324mW/1511mW VDD_SOC 1366mW/1459mW"
man_walking.mp4,178,5613,7620,0,"07-04-2026 18:00:22 RAM 5613/7620MB (lfb 4x4MB) SWAP 16/3810MB (cached 0MB) CPU [4%@729,1%@729,3%@729,2%@729,31%@1497,51%@1497] GR3D_FREQ 0% cpu@50.312C soc2@49.875C soc0@50C gpu@51.656C tj@51.656C soc1@49.843C VDD_IN 5224mW/5165mW VDD_CPU_GPU_CV 1524mW/1511mW VDD_SOC 1484mW/1459mW"
man_walking.mp4,179,5608,7620,0,"07-04-2026 18:00:23 RAM 5608/7620MB (lfb 4x4MB) SWAP 16/3810MB (cached 0MB) CPU [7%@729,3%@729,3%@729,1%@729,0%@1497,96%@1497] GR3D_FREQ 0% cpu@50.531C soc2@49.937C soc0@50C gpu@51.656C tj@51.656C soc1@49.937C VDD_IN 4775mW/5163mW VDD_CPU_GPU_CV 1324mW/1510mW VDD_SOC 1404mW/1458mW"
man_walking.mp4,180,5609,7620,0,"07-04-2026 18:00:24 RAM 5609/7620MB (lfb 4x4MB) SWAP 16/3810MB (cached 0MB) CPU [2%@729,2%@729,2%@729,1%@729,52%@1497,32%@1497] GR3D_FREQ 0% cpu@50.25C soc2@49.937C soc0@49.937C gpu@51.687C tj@51.687C soc1@50C VDD_IN 5024mW/5162mW VDD_CPU_GPU_CV 1444mW/1510mW VDD_SOC 1446mW/1458mW"
man_walking.mp4,181,5609,7620,96,"07-04-2026 18:00:25 RAM 5609/7620MB (lfb 4x4MB) SWAP 16/3810MB (cached 0MB) CPU [54%@729,4%@729,2%@729,2%@729,34%@1344,9%@1344] GR3D_FREQ 96% cpu@50C soc2@49.843C soc0@49.937C gpu@51.906C tj@51.906C soc1@49.906C VDD_IN 4983mW/5161mW VDD_CPU_GPU_CV 1484mW/1510mW VDD_SOC 1406mW/1458mW"
man_walking.mp4,182,5608,7620,0,"07-04-2026 18:00:26 RAM 5608/7620MB (lfb 4x4MB) SWAP 16/3810MB (cached 0MB) CPU [1%@729,3%@729,1%@729,1%@729,63%@1497,22%@1497] GR3D_FREQ 0% cpu@50.437C soc2@49.875C soc0@50C gpu@51.531C tj@51.531C soc1@49.843C VDD_IN 4863mW/5159mW VDD_CPU_GPU_CV 1366mW/1509mW VDD_SOC 1406mW/1458mW"
man_walking.mp4,183,5602,7620,99,"07-04-2026 18:00:27 RAM 5602/7620MB (lfb 4x4MB) SWAP 16/3810MB (cached 0MB) CPU [2%@729,54%@729,1%@729,2%@729,24%@960,16%@960] GR3D_FREQ 99% cpu@50.281C soc2@49.937C soc0@49.968C gpu@51.875C tj@51.875C soc1@49.906C VDD_IN 5577mW/5162mW VDD_CPU_GPU_CV 1842mW/1511mW VDD_SOC 1482mW/1458mW"
man_walking.mp4,184,5605,7620,0,"07-04-2026 18:00:28 RAM 5605/7620MB (lfb 4x4MB) SWAP 16/3810MB (cached 0MB) CPU [56%@729,1%@729,6%@729,4%@729,24%@1497,13%@1497] GR3D_FREQ 0% cpu@50.218C soc2@49.906C soc0@49.968C gpu@51.687C tj@51.687C soc1@50.062C VDD_IN 4823mW/5160mW VDD_CPU_GPU_CV 1366mW/1510mW VDD_SOC 1406mW/1458mW"
man_walking.mp4,185,5618,7620,0,"07-04-2026 18:00:29 RAM 5618/7620MB (lfb 2x4MB) SWAP 16/3810MB (cached 0MB) CPU [54%@729,2%@729,2%@729,2%@729,9%@1113,20%@1113] GR3D_FREQ 0% cpu@50.062C soc2@49.937C soc0@49.937C gpu@52.156C tj@52.156C soc1@49.812C VDD_IN 6440mW/5167mW VDD_CPU_GPU_CV 2116mW/1513mW VDD_SOC 1680mW/1459mW"
man_walking.mp4,186,5606,7620,0,"07-04-2026 18:00:30 RAM 5606/7620MB (lfb 3x4MB) SWAP 16/3810MB (cached 0MB) CPU [47%@1497,0%@1497,2%@1497,0%@1497,45%@1190,10%@1190] GR3D_FREQ 0% cpu@50.75C soc2@49.906C soc0@50C gpu@51.75C tj@51.75C soc1@49.843C VDD_IN 4823mW/5165mW VDD_CPU_GPU_CV 1324mW/1512mW VDD_SOC 1406mW/1459mW"
man_walking.mp4,187,5609,7620,0,"07-04-2026 18:00:31 RAM 5609/7620MB (lfb 2x4MB) SWAP 16/3810MB (cached 0MB) CPU [50%@1497,14%@1497,2%@1497,1%@1497,19%@729,1%@729] GR3D_FREQ 0% cpu@50.375C soc2@49.906C soc0@49.968C gpu@51.875C tj@51.875C soc1@49.875C VDD_IN 6089mW/5170mW VDD_CPU_GPU_CV 1880mW/1514mW VDD_SOC 1640mW/1460mW"
man_walking.mp4,188,5609,7620,0,"07-04-2026 18:00:32 RAM 5609/7620MB (lfb 2x4MB) SWAP 16/3810MB (cached 0MB) CPU [10%@729,1%@729,4%@729,9%@729,7%@1497,85%@1497] GR3D_FREQ 0% cpu@50.343C soc2@49.937C soc0@50.093C gpu@51.468C tj@51.468C soc1@49.906C VDD_IN 4863mW/5168mW VDD_CPU_GPU_CV 1364mW/1513mW VDD_SOC 1404mW/1459mW"
man_walking.mp4,189,5604,7620,0,"07-04-2026 18:00:33 RAM 5604/7620MB (lfb 2x4MB) SWAP 16/3810MB (cached 0MB) CPU [4%@729,29%@729,4%@729,2%@729,45%@1497,11%@1497] GR3D_FREQ 0% cpu@50.031C soc2@49.875C soc0@50C gpu@51.593C tj@51.593C soc1@49.718C VDD_IN 5729mW/5171mW VDD_CPU_GPU_CV 1760mW/1514mW VDD_SOC 1562mW/1460mW"
man_walking.mp4,190,5600,7620,0,"07-04-2026 18:00:34 RAM 5600/7620MB (lfb 2x4MB) SWAP 16/3810MB (cached 0MB) CPU [1%@729,1%@729,3%@729,1%@729,30%@1497,71%@1497] GR3D_FREQ 0% cpu@50.343C soc2@49.812C soc0@49.875C gpu@51.562C tj@51.562C soc1@49.812C VDD_IN 4742mW/5169mW VDD_CPU_GPU_CV 1326mW/1513mW VDD_SOC 1406mW/1460mW"
man_walking.mp4,191,5582,7620,0,"07-04-2026 18:00:35 RAM 5582/7620MB (lfb 3x4MB) SWAP 16/3810MB (cached 0MB) CPU [1%@729,2%@729,2%@729,0%@729,55%@1497,28%@1497] GR3D_FREQ 0% cpu@50.312C soc2@49.843C soc0@50.031C gpu@51.843C tj@51.843C soc1@49.875C VDD_IN 5256mW/5169mW VDD_CPU_GPU_CV 1524mW/1514mW VDD_SOC 1484mW/1460mW"
man_walking.mp4,192,5583,7620,0,"07-04-2026 18:00:36 RAM 5583/7620MB (lfb 3x4MB) SWAP 16/3810MB (cached 0MB) CPU [1%@729,2%@729,2%@729,1%@729,42%@1497,58%@1497] GR3D_FREQ 0% cpu@50.218C soc2@49.781C soc0@49.937C gpu@51.75C tj@51.75C soc1@49.968C VDD_IN 4709mW/5167mW VDD_CPU_GPU_CV 1286mW/1512mW VDD_SOC 1366mW/1459mW"
man_walking.mp4,193,5589,7620,0,"07-04-2026 18:00:37 RAM 5589/7620MB (lfb 3x4MB) SWAP 16/3810MB (cached 0MB) CPU [27%@729,2%@729,3%@729,2%@729,17%@1497,39%@1497] GR3D_FREQ 0% cpu@50.093C soc2@49.843C soc0@49.906C gpu@51.406C tj@51.406C soc1@49.906C VDD_IN 5064mW/5166mW VDD_CPU_GPU_CV 1444mW/1512mW VDD_SOC 1444mW/1459mW"
man_walking.mp4,194,5586,7620,0,"07-04-2026 18:00:38 RAM 5586/7620MB (lfb 3x4MB) SWAP 16/3810MB (cached 0MB) CPU [6%@729,4%@729,3%@729,2%@729,52%@1497,49%@1497] GR3D_FREQ 0% cpu@50.281C soc2@49.75C soc0@49.937C gpu@51.375C tj@51.375C soc1@49.781C VDD_IN 4782mW/5164mW VDD_CPU_GPU_CV 1324mW/1511mW VDD_SOC 1404mW/1459mW"
man_walking.mp4,195,5587,7620,0,"07-04-2026 18:00:39 RAM 5587/7620MB (lfb 3x4MB) SWAP 16/3810MB (cached 0MB) CPU [31%@729,0%@729,4%@729,1%@729,0%@1497,54%@1497] GR3D_FREQ 0% cpu@50.406C soc2@49.875C soc0@49.937C gpu@51.5C tj@51.5C soc1@49.781C VDD_IN 4943mW/5163mW VDD_CPU_GPU_CV 1406mW/1510mW VDD_SOC 1446mW/1459mW"
man_walking.mp4,196,5589,7620,94,"07-04-2026 18:00:40 RAM 5589/7620MB (lfb 3x4MB) SWAP 16/3810MB (cached 0MB) CPU [10%@1497,2%@1497,5%@1497,1%@1497,53%@729,34%@729] GR3D_FREQ 94% cpu@50.312C soc2@49.968C soc0@49.968C gpu@52.031C tj@52.031C soc1@49.875C VDD_IN 5256mW/5164mW VDD_CPU_GPU_CV 1602mW/1511mW VDD_SOC 1444mW/1459mW"
man_walking.mp4,197,5590,7620,0,"07-04-2026 18:00:41 RAM 5590/7620MB (lfb 3x4MB) SWAP 16/3810MB (cached 0MB) CPU [7%@729,12%@729,0%@729,0%@729,5%@1497,66%@1497] GR3D_FREQ 0% cpu@50.031C soc2@49.875C soc0@50C gpu@51.531C tj@51.531C soc1@49.968C VDD_IN 4830mW/5162mW VDD_CPU_GPU_CV 1366mW/1510mW VDD_SOC 1406mW/1458mW"
man_walking.mp4,198,5593,7620,99,"07-04-2026 18:00:42 RAM 5593/7620MB (lfb 3x4MB) SWAP 16/3810MB (cached 0MB) CPU [9%@1420,65%@1420,2%@1420,2%@1420,0%@729,20%@729] GR3D_FREQ 99% cpu@50.156C soc2@49.906C soc0@49.875C gpu@51.781C tj@51.781C soc1@49.75C VDD_IN 5617mW/5164mW VDD_CPU_GPU_CV 1842mW/1512mW VDD_SOC 1482mW/1459mW"
man_walking.mp4,199,5595,7620,0,"07-04-2026 18:00:43 RAM 5595/7620MB (lfb 3x4MB) SWAP 16/3810MB (cached 0MB) CPU [16%@729,3%@729,4%@729,2%@729,0%@1497,77%@1497] GR3D_FREQ 0% cpu@50.218C soc2@49.781C soc0@49.937C gpu@51.343C tj@51.343C soc1@49.812C VDD_IN 4782mW/5162mW VDD_CPU_GPU_CV 1326mW/1511mW VDD_SOC 1406mW/1458mW"
man_walking.mp4,200,5591,7620,99,"07-04-2026 18:00:44 RAM 5591/7620MB (lfb 3x4MB) SWAP 16/3810MB (cached 0MB) CPU [16%@1113,20%@1113,14%@1113,3%@1113,41%@729,10%@729] GR3D_FREQ 99% cpu@50.406C soc2@49.968C soc0@49.937C gpu@52.062C tj@52.062C soc1@49.812C VDD_IN 6520mW/5169mW VDD_CPU_GPU_CV 2196mW/1514mW VDD_SOC 1720mW/1460mW"
man_walking.mp4,201,5600,7620,0,"07-04-2026 18:00:45 RAM 5600/7620MB (lfb 3x4MB) SWAP 16/3810MB (cached 0MB) CPU [8%@1497,16%@1497,8%@1497,3%@1497,0%@1497,87%@1497] GR3D_FREQ 0% cpu@50.187C soc2@49.781C soc0@50.093C gpu@51.343C tj@51.343C soc1@49.875C VDD_IN 4903mW/5168mW VDD_CPU_GPU_CV 1364mW/1514mW VDD_SOC 1406mW/1459mW"
man_walking.mp4,202,5596,7620,0,"07-04-2026 18:00:46 RAM 5596/7620MB (lfb 3x4MB) SWAP 16/3810MB (cached 0MB) CPU [3%@1344,68%@1344,4%@1344,15%@1344,0%@729,2%@729] GR3D_FREQ 0% cpu@50.312C soc2@49.906C soc0@49.812C gpu@51.656C tj@51.656C soc1@50.031C VDD_IN 6120mW/5172mW VDD_CPU_GPU_CV 1916mW/1516mW VDD_SOC 1640mW/1460mW"
man_walking.mp4,203,5592,7620,0,"07-04-2026 18:00:47 RAM 5592/7620MB (lfb 3x4MB) SWAP 16/3810MB (cached 0MB) CPU [12%@1497,1%@1497,1%@1497,3%@1497,1%@729,87%@729] GR3D_FREQ 0% cpu@50.343C soc2@49.937C soc0@49.875C gpu@51.343C tj@51.343C soc1@49.812C VDD_IN 4782mW/5171mW VDD_CPU_GPU_CV 1324mW/1515mW VDD_SOC 1406mW/1460mW"
man_walking.mp4,204,5594,7620,0,"07-04-2026 18:00:48 RAM 5594/7620MB (lfb 3x4MB) SWAP 16/3810MB (cached 0MB) CPU [44%@729,3%@729,5%@729,34%@729,1%@883,9%@883] GR3D_FREQ 0% cpu@50.093C soc2@49.781C soc0@49.968C gpu@51.625C tj@51.625C soc1@49.718C VDD_IN 5769mW/5173mW VDD_CPU_GPU_CV 1720mW/1516mW VDD_SOC 1562mW/1460mW"
man_walking.mp4,205,5590,7620,0,"07-04-2026 18:00:49 RAM 5590/7620MB (lfb 3x4MB) SWAP 16/3810MB (cached 0MB) CPU [2%@1497,22%@1497,1%@1497,0%@1497,1%@1497,80%@1497] GR3D_FREQ 0% cpu@50.093C soc2@49.812C soc0@49.906C gpu@51.531C tj@51.531C soc1@49.781C VDD_IN 4782mW/5172mW VDD_CPU_GPU_CV 1324mW/1515mW VDD_SOC 1406mW/1460mW"
man_walking.mp4,206,5590,7620,0,"07-04-2026 18:00:50 RAM 5590/7620MB (lfb 3x4MB) SWAP 16/3810MB (cached 0MB) CPU [1%@729,33%@729,3%@729,32%@729,0%@1497,18%@1497] GR3D_FREQ 0% cpu@50.218C soc2@49.875C soc0@49.968C gpu@51.593C tj@51.593C soc1@49.906C VDD_IN 5377mW/5173mW VDD_CPU_GPU_CV 1562mW/1515mW VDD_SOC 1484mW/1460mW"
man_walking.mp4,207,5591,7620,0,"07-04-2026 18:00:51 RAM 5591/7620MB (lfb 3x4MB) SWAP 16/3810MB (cached 0MB) CPU [2%@1497,1%@1497,1%@1497,31%@1497,0%@1113,70%@1113] GR3D_FREQ 0% cpu@50.25C soc2@49.781C soc0@49.843C gpu@51.562C tj@51.562C soc1@49.812C VDD_IN 4702mW/5170mW VDD_CPU_GPU_CV 1286mW/1514mW VDD_SOC 1366mW/1460mW"
man_walking.mp4,208,5591,7620,0,"07-04-2026 18:00:52 RAM 5591/7620MB (lfb 3x4MB) SWAP 16/3810MB (cached 0MB) CPU [2%@729,1%@729,4%@729,54%@729,1%@1497,27%@1497] GR3D_FREQ 0% cpu@50.062C soc2@49.843C soc0@49.875C gpu@51.562C tj@51.562C soc1@49.75C VDD_IN 5176mW/5170mW VDD_CPU_GPU_CV 1484mW/1514mW VDD_SOC 1444mW/1460mW"
man_walking.mp4,209,5594,7620,0,"07-04-2026 18:00:53 RAM 5594/7620MB (lfb 3x4MB) SWAP 16/3810MB (cached 0MB) CPU [3%@729,3%@729,2%@729,3%@729,39%@1497,59%@1497] GR3D_FREQ 0% cpu@50.437C soc2@49.75C soc0@50C gpu@51.343C tj@51.343C soc1@49.781C VDD_IN 4709mW/5168mW VDD_CPU_GPU_CV 1286mW/1513mW VDD_SOC 1366mW/1459mW"
man_walking.mp4,210,5594,7620,0,"07-04-2026 18:00:54 RAM 5594/7620MB (lfb 3x4MB) SWAP 16/3810MB (cached 0MB) CPU [2%@729,1%@729,6%@729,31%@729,12%@1497,40%@1497] GR3D_FREQ 0% cpu@50.281C soc2@49.843C soc0@49.937C gpu@51.468C tj@51.468C soc1@49.75C VDD_IN 5104mW/5168mW VDD_CPU_GPU_CV 1444mW/1512mW VDD_SOC 1444mW/1459mW"
man_walking.mp4,211,5590,7620,0,"07-04-2026 18:00:55 RAM 5590/7620MB (lfb 3x4MB) SWAP 16/3810MB (cached 0MB) CPU [2%@729,2%@729,2%@729,12%@729,53%@1497,47%@1497] GR3D_FREQ 0% cpu@50.312C soc2@49.843C soc0@49.875C gpu@51.375C tj@51.375C soc1@49.968C VDD_IN 4782mW/5166mW VDD_CPU_GPU_CV 1324mW/1511mW VDD_SOC 1406mW/1459mW"
man_walking.mp4,212,5589,7620,0,"07-04-2026 18:00:56 RAM 5589/7620MB (lfb 3x4MB) SWAP 16/3810MB (cached 0MB) CPU [1%@729,2%@729,1%@729,33%@729,1%@1497,49%@1497] GR3D_FREQ 0% cpu@50.062C soc2@49.75C soc0@49.906C gpu@51.625C tj@51.625C soc1@49.75C VDD_IN 4943mW/5165mW VDD_CPU_GPU_CV 1364mW/1511mW VDD_SOC 1406mW/1459mW"
man_walking.mp4,213,5592,7620,19,"07-04-2026 18:00:57 RAM 5592/7620MB (lfb 3x4MB) SWAP 16/3810MB (cached 0MB) CPU [2%@1497,2%@1497,2%@1497,7%@1497,53%@729,39%@729] GR3D_FREQ 19% cpu@50.375C soc2@49.75C soc0@49.906C gpu@51.687C tj@51.687C soc1@49.687C VDD_IN 4702mW/5163mW VDD_CPU_GPU_CV 1286mW/1510mW VDD_SOC 1366mW/1458mW"
man_walking.mp4,214,5598,7620,0,"07-04-2026 18:00:58 RAM 5598/7620MB (lfb 3x4MB) SWAP 16/3810MB (cached 0MB) CPU [4%@729,1%@729,6%@729,3%@729,61%@1497,20%@1497] GR3D_FREQ 0% cpu@50.406C soc2@49.75C soc0@49.968C gpu@51.812C tj@51.812C soc1@49.718C VDD_IN 4943mW/5162mW VDD_CPU_GPU_CV 1406mW/1509mW VDD_SOC 1406mW/1458mW"
man_walking.mp4,215,5598,7620,93,"07-04-2026 18:00:59 RAM 5598/7620MB (lfb 3x4MB) SWAP 16/3810MB (cached 0MB) CPU [55%@960,11%@960,2%@960,2%@960,25%@729,14%@729] GR3D_FREQ 93% cpu@50.187C soc2@49.843C soc0@49.968C gpu@52.156C tj@52.156C soc1@49.843C VDD_IN 5457mW/5163mW VDD_CPU_GPU_CV 1762mW/1510mW VDD_SOC 1444mW/1458mW"
man_walking.mp4,216,5598,7620,0,"07-04-2026 18:01:00 RAM 5598/7620MB (lfb 3x4MB) SWAP 16/3810MB (cached 0MB) CPU [6%@729,4%@729,0%@729,2%@729,71%@1497,19%@1497] GR3D_FREQ 0% cpu@50.187C soc2@49.781C soc0@49.812C gpu@51.437C tj@51.437C soc1@49.75C VDD_IN 4790mW/5161mW VDD_CPU_GPU_CV 1326mW/1510mW VDD_SOC 1406mW/1458mW"
man_walking.mp4,217,5595,7620,99,"07-04-2026 18:01:01 RAM 5595/7620MB (lfb 3x4MB) SWAP 16/3810MB (cached 0MB) CPU [1%@729,1%@729,2%@729,55%@729,21%@1344,13%@1344] GR3D_FREQ 99% cpu@49.968C soc2@49.812C soc0@49.906C gpu@52.125C tj@52.125C soc1@49.812C VDD_IN 5889mW/5165mW VDD_CPU_GPU_CV 2000mW/1512mW VDD_SOC 1522mW/1458mW"
man_walking.mp4,218,5595,7620,0,"07-04-2026 18:01:02 RAM 5595/7620MB (lfb 3x4MB) SWAP 16/3810MB (cached 0MB) CPU [1%@729,1%@729,1%@729,1%@729,81%@1497,13%@1497] GR3D_FREQ 0% cpu@50.312C soc2@49.75C soc0@49.937C gpu@51.468C tj@51.468C soc1@49.812C VDD_IN 4750mW/5163mW VDD_CPU_GPU_CV 1286mW/1511mW VDD_SOC 1408mW/1458mW"
man_walking.mp4,219,5599,7620,0,"07-04-2026 18:01:03 RAM 5599/7620MB (lfb 3x4MB) SWAP 16/3810MB (cached 0MB) CPU [4%@729,3%@729,54%@729,4%@729,3%@1420,26%@1420] GR3D_FREQ 0% cpu@49.968C soc2@49.875C soc0@50C gpu@52.093C tj@52.093C soc1@49.718C VDD_IN 6290mW/5168mW VDD_CPU_GPU_CV 2000mW/1513mW VDD_SOC 1680mW/1459mW"
man_walking.mp4,220,5602,7620,0,"07-04-2026 18:01:04 RAM 5602/7620MB (lfb 3x4MB) SWAP 16/3810MB (cached 0MB) CPU [2%@1497,11%@1497,1%@1497,4%@1497,86%@1497,5%@1497] GR3D_FREQ 0% cpu@50.156C soc2@49.875C soc0@49.937C gpu@51.218C tj@51.218C soc1@49.718C VDD_IN 4823mW/5166mW VDD_CPU_GPU_CV 1324mW/1512mW VDD_SOC 1406mW/1459mW"
man_walking.mp4,221,5602,7620,0,"07-04-2026 18:01:05 RAM 5602/7620MB (lfb 3x4MB) SWAP 16/3810MB (cached 0MB) CPU [0%@729,43%@729,1%@729,2%@729,4%@806,37%@806] GR3D_FREQ 0% cpu@50.156C soc2@49.812C soc0@49.906C gpu@51.562C tj@51.562C soc1@49.812C VDD_IN 5809mW/5169mW VDD_CPU_GPU_CV 1760mW/1513mW VDD_SOC 1602mW/1459mW"
man_walking.mp4,222,5604,7620,0,"07-04-2026 18:01:06 RAM 5604/7620MB (lfb 3x4MB) SWAP 16/3810MB (cached 0MB) CPU [3%@729,15%@729,10%@729,1%@729,10%@1497,76%@1497] GR3D_FREQ 0% cpu@50.312C soc2@49.843C soc0@50C gpu@51.468C tj@51.468C soc1@49.843C VDD_IN 4815mW/5168mW VDD_CPU_GPU_CV 1364mW/1513mW VDD_SOC 1404mW/1459mW"
man_walking.mp4,223,5606,7620,0,"07-04-2026 18:01:07 RAM 5606/7620MB (lfb 3x4MB) SWAP 16/3810MB (cached 0MB) CPU [1%@729,0%@729,2%@729,1%@729,57%@1497,27%@1497] GR3D_FREQ 0% cpu@50.25C soc2@49.812C soc0@50C gpu@51.593C tj@51.593C soc1@49.906C VDD_IN 5377mW/5169mW VDD_CPU_GPU_CV 1602mW/1513mW VDD_SOC 1484mW/1459mW"
peoplewalking.mp4,0,5589,7620,0,"07-04-2026 18:08:33 RAM 5589/7620MB (lfb 2x4MB) SWAP 16/3810MB (cached 0MB) CPU [8%@1190,5%@1190,7%@1190,7%@1190,47%@1497,30%@1497] GR3D_FREQ 0% cpu@50.125C soc2@49.531C soc0@49.656C gpu@51.218C tj@51.218C soc1@49.5C VDD_IN 5104mW/5104mW VDD_CPU_GPU_CV 1484mW/1484mW VDD_SOC 1446mW/1446mW"
peoplewalking.mp4,1,5589,7620,0,"07-04-2026 18:08:34 RAM 5589/7620MB (lfb 2x4MB) SWAP 16/3810MB (cached 0MB) CPU [8%@729,7%@729,9%@729,56%@729,40%@1420,6%@1420] GR3D_FREQ 0% cpu@49.75C soc2@49.593C soc0@49.687C gpu@51.281C tj@51.281C soc1@49.593C VDD_IN 4823mW/4964mW VDD_CPU_GPU_CV 1324mW/1404mW VDD_SOC 1404mW/1425mW"
peoplewalking.mp4,2,5589,7620,0,"07-04-2026 18:08:35 RAM 5589/7620MB (lfb 2x4MB) SWAP 16/3810MB (cached 0MB) CPU [1%@729,2%@729,1%@729,0%@729,61%@1497,23%@1497] GR3D_FREQ 0% cpu@49.937C soc2@49.656C soc0@49.593C gpu@51.218C tj@51.218C soc1@49.468C VDD_IN 4903mW/4943mW VDD_CPU_GPU_CV 1366mW/1391mW VDD_SOC 1406mW/1419mW"
peoplewalking.mp4,3,5592,7620,82,"07-04-2026 18:08:36 RAM 5592/7620MB (lfb 2x4MB) SWAP 16/3810MB (cached 0MB) CPU [5%@883,17%@883,1%@883,53%@883,24%@729,2%@729] GR3D_FREQ 82% cpu@50.031C soc2@49.656C soc0@49.656C gpu@51.75C tj@51.75C soc1@49.5C VDD_IN 6009mW/5210mW VDD_CPU_GPU_CV 2080mW/1564mW VDD_SOC 1602mW/1465mW"
peoplewalking.mp4,4,5593,7620,0,"07-04-2026 18:08:37 RAM 5593/7620MB (lfb 1x4MB) SWAP 16/3810MB (cached 0MB) CPU [1%@729,13%@729,3%@729,0%@729,0%@1497,79%@1497] GR3D_FREQ 0% cpu@49.781C soc2@49.531C soc0@49.625C gpu@51.218C tj@51.218C soc1@49.468C VDD_IN 4790mW/5126mW VDD_CPU_GPU_CV 1326mW/1516mW VDD_SOC 1406mW/1453mW"
peoplewalking.mp4,5,5569,7620,0,"07-04-2026 18:08:38 RAM 5569/7620MB (lfb 2x4MB) SWAP 16/3810MB (cached 0MB) CPU [8%@960,6%@960,2%@960,54%@960,19%@729,6%@729] GR3D_FREQ 0% cpu@50C soc2@49.718C soc0@49.656C gpu@51.437C tj@51.437C soc1@49.593C VDD_IN 6320mW/5325mW VDD_CPU_GPU_CV 2036mW/1603mW VDD_SOC 1680mW/1491mW"
peoplewalking.mp4,6,5577,7620,0,"07-04-2026 18:08:39 RAM 5577/7620MB (lfb 2x4MB) SWAP 16/3810MB (cached 0MB) CPU [11%@1497,12%@1497,2%@1497,9%@1497,0%@806,85%@806] GR3D_FREQ 0% cpu@50C soc2@49.656C soc0@49.75C gpu@51.062C tj@51.062C soc1@49.468C VDD_IN 4863mW/5259mW VDD_CPU_GPU_CV 1324mW/1563mW VDD_SOC 1404mW/1478mW"
peoplewalking.mp4,7,5577,7620,0,"07-04-2026 18:08:40 RAM 5577/7620MB (lfb 2x4MB) SWAP 16/3810MB (cached 0MB) CPU [30%@729,2%@729,2%@729,47%@729,8%@883,15%@883] GR3D_FREQ 0% cpu@49.75C soc2@49.625C soc0@49.593C gpu@51.281C tj@51.281C soc1@49.468C VDD_IN 5969mW/5348mW VDD_CPU_GPU_CV 1840mW/1598mW VDD_SOC 1602mW/1494mW"
peoplewalking.mp4,8,5584,7620,0,"07-04-2026 18:08:41 RAM 5584/7620MB (lfb 2x4MB) SWAP 16/3810MB (cached 0MB) CPU [2%@1497,1%@1497,1%@1497,23%@1497,78%@729,0%@729] GR3D_FREQ 0% cpu@50.187C soc2@49.531C soc0@49.687C gpu@51.218C tj@51.218C soc1@49.437C VDD_IN 4782mW/5285mW VDD_CPU_GPU_CV 1326mW/1567mW VDD_SOC 1406mW/1484mW"
peoplewalking.mp4,9,5584,7620,0,"07-04-2026 18:08:42 RAM 5584/7620MB (lfb 2x4MB) SWAP 16/3810MB (cached 0MB) CPU [12%@729,3%@729,4%@729,30%@729,23%@1497,23%@1497] GR3D_FREQ 0% cpu@50.187C soc2@49.531C soc0@49.687C gpu@51.406C tj@51.406C soc1@49.531C VDD_IN 5457mW/5302mW VDD_CPU_GPU_CV 1642mW/1575mW VDD_SOC 1524mW/1488mW"
peoplewalking.mp4,10,5588,7620,0,"07-04-2026 18:08:43 RAM 5588/7620MB (lfb 2x4MB) SWAP 16/3810MB (cached 0MB) CPU [8%@1497,2%@1497,44%@1497,2%@1497,0%@883,58%@883] GR3D_FREQ 0% cpu@50.531C soc2@49.593C soc0@49.656C gpu@51.312C tj@51.312C soc1@49.593C VDD_IN 4742mW/5251mW VDD_CPU_GPU_CV 1364mW/1556mW VDD_SOC 1366mW/1477mW"
peoplewalking.mp4,11,5589,7620,0,"07-04-2026 18:08:44 RAM 5589/7620MB (lfb 2x4MB) SWAP 16/3810MB (cached 0MB) CPU [19%@729,2%@729,12%@729,2%@729,34%@1497,39%@1497] GR3D_FREQ 0% cpu@49.968C soc2@49.687C soc0@49.656C gpu@51.312C tj@51.312C soc1@49.687C VDD_IN 5176mW/5245mW VDD_CPU_GPU_CV 1524mW/1553mW VDD_SOC 1444mW/1474mW"
peoplewalking.mp4,12,5591,7620,0,"07-04-2026 18:08:45 RAM 5591/7620MB (lfb 2x4MB) SWAP 16/3810MB (cached 0MB) CPU [3%@1497,56%@1497,3%@1497,1%@1497,1%@729,48%@729] GR3D_FREQ 0% cpu@49.875C soc2@49.562C soc0@49.593C gpu@51.218C tj@51.218C soc1@49.468C VDD_IN 4742mW/5206mW VDD_CPU_GPU_CV 1284mW/1532mW VDD_SOC 1406mW/1469mW"
peoplewalking.mp4,13,5592,7620,0,"07-04-2026 18:08:46 RAM 5592/7620MB (lfb 2x4MB) SWAP 16/3810MB (cached 0MB) CPU [3%@729,3%@729,3%@729,1%@729,52%@1497,30%@1497] GR3D_FREQ 0% cpu@50.062C soc2@49.531C soc0@49.625C gpu@51.187C tj@51.187C soc1@49.5C VDD_IN 4903mW/5185mW VDD_CPU_GPU_CV 1366mW/1520mW VDD_SOC 1406mW/1464mW"
peoplewalking.mp4,14,5592,7620,99,"07-04-2026 18:08:47 RAM 5592/7620MB (lfb 2x4MB) SWAP 16/3810MB (cached 0MB) CPU [53%@729,0%@729,3%@729,1%@729,42%@729,2%@729] GR3D_FREQ 99% cpu@49.812C soc2@49.625C soc0@49.687C gpu@51.5C tj@51.5C soc1@49.531C VDD_IN 4863mW/5163mW VDD_CPU_GPU_CV 1404mW/1513mW VDD_SOC 1366mW/1458mW"
peoplewalking.mp4,15,5596,7620,0,"07-04-2026 18:08:48 RAM 5596/7620MB (lfb 2x4MB) SWAP 16/3810MB (cached 0MB) CPU [3%@729,3%@729,4%@729,2%@729,22%@1497,64%@1497] GR3D_FREQ 0% cpu@49.812C soc2@49.562C soc0@49.656C gpu@51.187C tj@51.187C soc1@49.406C VDD_IN 4863mW/5144mW VDD_CPU_GPU_CV 1366mW/1504mW VDD_SOC 1406mW/1455mW"
peoplewalking.mp4,16,5595,7620,99,"07-04-2026 18:08:49 RAM 5595/7620MB (lfb 3x4MB) SWAP 16/3810MB (cached 0MB) CPU [54%@729,3%@729,14%@729,4%@729,11%@1344,30%@1344] GR3D_FREQ 99% cpu@49.812C soc2@49.562C soc0@49.562C gpu@51.812C tj@51.812C soc1@49.531C VDD_IN 5769mW/5181mW VDD_CPU_GPU_CV 1960mW/1530mW VDD_SOC 1522mW/1459mW"
peoplewalking.mp4,17,5595,7620,0,"07-04-2026 18:08:50 RAM 5595/7620MB (lfb 3x4MB) SWAP 16/3810MB (cached 0MB) CPU [3%@1497,2%@1497,1%@1497,78%@1497,0%@729,12%@729] GR3D_FREQ 0% cpu@50.375C soc2@49.5C soc0@49.531C gpu@51.343C tj@51.343C soc1@49.437C VDD_IN 4823mW/5161mW VDD_CPU_GPU_CV 1324mW/1519mW VDD_SOC 1406mW/1456mW"
peoplewalking.mp4,18,5569,7620,0,"07-04-2026 18:08:51 RAM 5569/7620MB (lfb 3x4MB) SWAP 16/3810MB (cached 0MB) CPU [1%@729,2%@729,2%@729,8%@729,64%@1190,27%@1190] GR3D_FREQ 0% cpu@49.937C soc2@49.531C soc0@49.625C gpu@51.687C tj@51.687C soc1@49.531C VDD_IN 6370mW/5225mW VDD_CPU_GPU_CV 2080mW/1548mW VDD_SOC 1680mW/1467mW"
peoplewalking.mp4,19,5576,7620,0,"07-04-2026 18:08:52 RAM 5576/7620MB (lfb 3x4MB) SWAP 16/3810MB (cached 0MB) CPU [3%@729,1%@729,1%@729,85%@729,8%@1497,6%@1497] GR3D_FREQ 0% cpu@49.968C soc2@49.562C soc0@49.687C gpu@51.343C tj@51.343C soc1@49.593C VDD_IN 4823mW/5205mW VDD_CPU_GPU_CV 1324mW/1537mW VDD_SOC 1406mW/1464mW"
peoplewalking.mp4,20,5578,7620,0,"07-04-2026 18:08:53 RAM 5578/7620MB (lfb 3x4MB) SWAP 16/3810MB (cached 0MB) CPU [3%@729,2%@729,8%@729,7%@729,45%@729,33%@729] GR3D_FREQ 0% cpu@49.781C soc2@49.531C soc0@49.531C gpu@51.281C tj@51.281C soc1@49.437C VDD_IN 5809mW/5233mW VDD_CPU_GPU_CV 1760mW/1548mW VDD_SOC 1602mW/1471mW"
peoplewalking.mp4,21,5582,7620,0,"07-04-2026 18:08:54 RAM 5582/7620MB (lfb 3x4MB) SWAP 16/3810MB (cached 0MB) CPU [1%@729,2%@729,2%@729,80%@729,21%@1497,0%@1497] GR3D_FREQ 0% cpu@50.062C soc2@49.531C soc0@49.593C gpu@51.218C tj@51.218C soc1@49.468C VDD_IN 4742mW/5211mW VDD_CPU_GPU_CV 1286mW/1536mW VDD_SOC 1406mW/1468mW"
peoplewalking.mp4,22,5582,7620,0,"07-04-2026 18:08:55 RAM 5582/7620MB (lfb 3x4MB) SWAP 16/3810MB (cached 0MB) CPU [3%@1497,0%@1497,0%@1497,21%@1497,32%@729,31%@729] GR3D_FREQ 0% cpu@50.218C soc2@49.5C soc0@49.718C gpu@51.218C tj@51.218C soc1@49.468C VDD_IN 5457mW/5222mW VDD_CPU_GPU_CV 1602mW/1539mW VDD_SOC 1484mW/1469mW"
peoplewalking.mp4,23,5578,7620,0,"07-04-2026 18:08:56 RAM 5578/7620MB (lfb 3x4MB) SWAP 16/3810MB (cached 0MB) CPU [1%@729,2%@729,2%@729,66%@729,35%@1497,0%@1497] GR3D_FREQ 0% cpu@49.968C soc2@49.5C soc0@49.656C gpu@51.187C tj@51.375C soc1@49.531C VDD_IN 4709mW/5200mW VDD_CPU_GPU_CV 1286mW/1528mW VDD_SOC 1366mW/1464mW"
peoplewalking.mp4,24,5577,7620,0,"07-04-2026 18:08:57 RAM 5577/7620MB (lfb 3x4MB) SWAP 16/3810MB (cached 0MB) CPU [1%@1497,1%@1497,1%@1497,34%@1497,17%@729,31%@729] GR3D_FREQ 0% cpu@50.062C soc2@49.625C soc0@49.781C gpu@51.5C tj@51.5C soc1@49.406C VDD_IN 5144mW/5198mW VDD_CPU_GPU_CV 1484mW/1526mW VDD_SOC 1444mW/1464mW"
peoplewalking.mp4,25,5581,7620,0,"07-04-2026 18:08:58 RAM 5581/7620MB (lfb 3x4MB) SWAP 16/3810MB (cached 0MB) CPU [4%@1497,3%@1497,53%@1497,52%@1497,1%@729,0%@729] GR3D_FREQ 0% cpu@50.343C soc2@49.562C soc0@49.562C gpu@51.468C tj@51.468C soc1@49.437C VDD_IN 4782mW/5182mW VDD_CPU_GPU_CV 1324mW/1519mW VDD_SOC 1406mW/1461mW"
peoplewalking.mp4,26,5585,7620,0,"07-04-2026 18:08:59 RAM 5585/7620MB (lfb 3x4MB) SWAP 16/3810MB (cached 0MB) CPU [11%@729,1%@729,2%@729,2%@729,38%@1497,30%@1497] GR3D_FREQ 0% cpu@50.031C soc2@49.531C soc0@49.593C gpu@51.531C tj@51.531C soc1@49.468C VDD_IN 4943mW/5173mW VDD_CPU_GPU_CV 1404mW/1514mW VDD_SOC 1406mW/1459mW"
peoplewalking.mp4,27,5587,7620,96,"07-04-2026 18:09:00 RAM 5587/7620MB (lfb 3x4MB) SWAP 16/3810MB (cached 0MB) CPU [11%@729,4%@729,55%@729,16%@729,37%@960,8%@960] GR3D_FREQ 96% cpu@50C soc2@49.531C soc0@49.718C gpu@51.375C tj@51.375C soc1@49.531C VDD_IN 4863mW/5162mW VDD_CPU_GPU_CV 1404mW/1510mW VDD_SOC 1364mW/1456mW"
peoplewalking.mp4,28,5587,7620,0,"07-04-2026 18:09:01 RAM 5587/7620MB (lfb 3x4MB) SWAP 16/3810MB (cached 0MB) CPU [2%@729,2%@729,1%@729,0%@729,61%@1497,26%@1497] GR3D_FREQ 0% cpu@49.875C soc2@49.562C soc0@49.718C gpu@51.25C tj@51.25C soc1@49.593C VDD_IN 4823mW/5151mW VDD_CPU_GPU_CV 1366mW/1506mW VDD_SOC 1406mW/1454mW"
peoplewalking.mp4,29,5582,7620,98,"07-04-2026 18:09:02 RAM 5582/7620MB (lfb 3x4MB) SWAP 16/3810MB (cached 0MB) CPU [3%@729,3%@729,53%@729,0%@729,28%@1036,17%@1036] GR3D_FREQ 98% cpu@49.843C soc2@49.593C soc0@49.593C gpu@51.687C tj@51.687C soc1@49.5C VDD_IN 5689mW/5169mW VDD_CPU_GPU_CV 1923mW/1519mW VDD_SOC 1482mW/1455mW"
peoplewalking.mp4,30,5586,7620,0,"07-04-2026 18:09:04 RAM 5586/7620MB (lfb 3x4MB) SWAP 16/3810MB (cached 0MB) CPU [8%@1497,3%@1497,78%@1497,2%@1497,1%@729,13%@729] GR3D_FREQ 0% cpu@50.468C soc2@49.562C soc0@49.656C gpu@51.312C tj@51.312C soc1@49.5C VDD_IN 4790mW/5156mW VDD_CPU_GPU_CV 1326mW/1513mW VDD_SOC 1406mW/1454mW"
peoplewalking.mp4,31,5580,7620,0,"07-04-2026 18:09:05 RAM 5580/7620MB (lfb 3x4MB) SWAP 16/3810MB (cached 0MB) CPU [4%@729,3%@729,8%@729,53%@729,1%@1344,24%@1344] GR3D_FREQ 0% cpu@49.812C soc2@49.625C soc0@49.656C gpu@51.562C tj@51.562C soc1@49.468C VDD_IN 6280mW/5191mW VDD_CPU_GPU_CV 2040mW/1530mW VDD_SOC 1680mW/1461mW"
peoplewalking.mp4,32,5582,7620,0,"07-04-2026 18:09:06 RAM 5582/7620MB (lfb 3x4MB) SWAP 16/3810MB (cached 0MB) CPU [3%@1497,14%@1497,83%@1497,1%@1497,0%@729,5%@729] GR3D_FREQ 0% cpu@50.187C soc2@49.562C soc0@49.687C gpu@51.312C tj@51.312C soc1@49.625C VDD_IN 4782mW/5179mW VDD_CPU_GPU_CV 1324mW/1523mW VDD_SOC 1406mW/1459mW"
peoplewalking.mp4,33,5583,7620,0,"07-04-2026 18:09:07 RAM 5583/7620MB (lfb 3x4MB) SWAP 16/3810MB (cached 0MB) CPU [3%@729,48%@729,1%@729,0%@729,4%@1497,31%@1497] GR3D_FREQ 0% cpu@49.906C soc2@49.625C soc0@49.843C gpu@51.343C tj@51.218C soc1@49.593C VDD_IN 5617mW/5192mW VDD_CPU_GPU_CV 1682mW/1528mW VDD_SOC 1522mW/1461mW"
peoplewalking.mp4,34,5586,7620,0,"07-04-2026 18:09:08 RAM 5586/7620MB (lfb 3x4MB) SWAP 16/3810MB (cached 0MB) CPU [30%@1497,0%@1497,1%@1497,2%@1497,72%@1497,0%@1497] GR3D_FREQ 0% cpu@50.093C soc2@49.75C soc0@49.625C gpu@51.125C tj@51.125C soc1@49.468C VDD_IN 4709mW/5178mW VDD_CPU_GPU_CV 1286mW/1521mW VDD_SOC 1366mW/1458mW"
peoplewalking.mp4,35,5590,7620,0,"07-04-2026 18:09:09 RAM 5590/7620MB (lfb 3x4MB) SWAP 16/3810MB (cached 0MB) CPU [26%@1497,29%@1497,4%@1497,3%@1497,2%@729,31%@729] GR3D_FREQ 0% cpu@50.031C soc2@49.625C soc0@49.656C gpu@51.187C tj@51.187C soc1@49.531C VDD_IN 5256mW/5180mW VDD_CPU_GPU_CV 1524mW/1521mW VDD_SOC 1484mW/1459mW"
peoplewalking.mp4,36,5586,7620,0,"07-04-2026 18:09:10 RAM 5586/7620MB (lfb 3x4MB) SWAP 16/3810MB (cached 0MB) CPU [45%@1497,17%@1497,3%@1497,1%@1497,43%@883,0%@883] GR3D_FREQ 0% cpu@50.031C soc2@49.687C soc0@49.593C gpu@51.093C tj@51.093C soc1@49.562C VDD_IN 4669mW/5166mW VDD_CPU_GPU_CV 1286mW/1515mW VDD_SOC 1366mW/1456mW"
peoplewalking.mp4,37,5586,7620,0,"07-04-2026 18:09:11 RAM 5586/7620MB (lfb 3x4MB) SWAP 16/3810MB (cached 0MB) CPU [11%@729,4%@729,15%@729,3%@729,43%@1497,32%@1497] GR3D_FREQ 0% cpu@50.031C soc2@49.625C soc0@49.656C gpu@51.187C tj@51.187C soc1@49.593C VDD_IN 5104mW/5165mW VDD_CPU_GPU_CV 1484mW/1514mW VDD_SOC 1444mW/1456mW"
peoplewalking.mp4,38,5582,7620,0,"07-04-2026 18:09:12 RAM 5582/7620MB (lfb 3x4MB) SWAP 16/3810MB (cached 0MB) CPU [1%@729,26%@729,2%@729,1%@729,75%@1497,0%@1497] GR3D_FREQ 0% cpu@49.968C soc2@49.625C soc0@49.75C gpu@51.062C tj@51.062C soc1@49.625C VDD_IN 4742mW/5154mW VDD_CPU_GPU_CV 1284mW/1508mW VDD_SOC 1406mW/1455mW"
peoplewalking.mp4,39,5582,7620,0,"07-04-2026 18:09:13 RAM 5582/7620MB (lfb 3x4MB) SWAP 16/3810MB (cached 0MB) CPU [1%@729,2%@729,2%@729,0%@729,65%@1497,17%@1497] GR3D_FREQ 0% cpu@50.031C soc2@49.5C soc0@49.656C gpu@51.312C tj@51.312C soc1@49.468C VDD_IN 4903mW/5148mW VDD_CPU_GPU_CV 1366mW/1505mW VDD_SOC 1406mW/1453mW"
peoplewalking.mp4,40,5589,7620,99,"07-04-2026 18:09:14 RAM 5589/7620MB (lfb 3x4MB) SWAP 16/3810MB (cached 0MB) CPU [11%@883,14%@883,7%@883,53%@883,26%@729,10%@729] GR3D_FREQ 99% cpu@49.937C soc2@49.593C soc0@49.531C gpu@51.75C tj@51.75C soc1@49.437C VDD_IN 5649mW/5160mW VDD_CPU_GPU_CV 1883mW/1514mW VDD_SOC 1482mW/1454mW"
peoplewalking.mp4,41,5589,7620,0,"07-04-2026 18:09:15 RAM 5589/7620MB (lfb 3x4MB) SWAP 16/3810MB (cached 0MB) CPU [2%@729,16%@729,13%@729,0%@729,75%@1497,0%@1497] GR3D_FREQ 0% cpu@49.968C soc2@49.562C soc0@49.75C gpu@51.343C tj@51.343C soc1@49.593C VDD_IN 4790mW/5151mW VDD_CPU_GPU_CV 1326mW/1509mW VDD_SOC 1406mW/1453mW"
peoplewalking.mp4,42,5613,7620,0,"07-04-2026 18:09:16 RAM 5613/7620MB (lfb 1x4MB) SWAP 16/3810MB (cached 0MB) CPU [53%@1190,21%@1190,1%@1190,3%@1190,13%@729,0%@729] GR3D_FREQ 0% cpu@49.875C soc2@49.687C soc0@49.812C gpu@51.593C tj@51.593C soc1@49.562C VDD_IN 6400mW/5180mW VDD_CPU_GPU_CV 2120mW/1524mW VDD_SOC 1720mW/1459mW"
peoplewalking.mp4,43,5596,7620,0,"07-04-2026 18:09:17 RAM 5596/7620MB (lfb 3x4MB) SWAP 16/3810MB (cached 0MB) CPU [4%@1497,11%@1497,1%@1497,7%@1497,82%@806,2%@806] GR3D_FREQ 0% cpu@50.125C soc2@49.5C soc0@49.531C gpu@51.187C tj@51.187C soc1@49.406C VDD_IN 4823mW/5172mW VDD_CPU_GPU_CV 1324mW/1519mW VDD_SOC 1406mW/1458mW"
peoplewalking.mp4,44,5597,7620,0,"07-04-2026 18:09:18 RAM 5597/7620MB (lfb 3x4MB) SWAP 16/3810MB (cached 0MB) CPU [0%@729,5%@729,2%@729,45%@729,14%@1267,22%@1267] GR3D_FREQ 0% cpu@49.781C soc2@49.593C soc0@49.687C gpu@51.312C tj@51.312C soc1@49.437C VDD_IN 5849mW/5187mW VDD_CPU_GPU_CV 1800mW/1525mW VDD_SOC 1602mW/1461mW"
peoplewalking.mp4,45,5599,7620,0,"07-04-2026 18:09:19 RAM 5599/7620MB (lfb 3x4MB) SWAP 16/3810MB (cached 0MB) CPU [30%@1497,2%@1497,2%@1497,2%@1497,74%@1497,1%@1497] GR3D_FREQ 0% cpu@50.156C soc2@49.687C soc0@49.593C gpu@51.218C tj@51.218C soc1@49.5C VDD_IN 4782mW/5178mW VDD_CPU_GPU_CV 1324mW/1521mW VDD_SOC 1406mW/1460mW"
peoplewalking.mp4,46,5598,7620,0,"07-04-2026 18:09:20 RAM 5598/7620MB (lfb 3x4MB) SWAP 16/3810MB (cached 0MB) CPU [24%@729,1%@729,2%@729,0%@729,31%@1497,31%@1497] GR3D_FREQ 0% cpu@49.968C soc2@49.5C soc0@49.718C gpu@51.468C tj@51.468C soc1@49.562C VDD_IN 5216mW/5179mW VDD_CPU_GPU_CV 1524mW/1521mW VDD_SOC 1484mW/1461mW"
peoplewalking.mp4,47,5598,7620,0,"07-04-2026 18:09:21 RAM 5598/7620MB (lfb 3x4MB) SWAP 16/3810MB (cached 0MB) CPU [3%@1497,47%@1497,0%@1497,5%@1497,56%@883,0%@883] GR3D_FREQ 0% cpu@50C soc2@49.687C soc0@49.531C gpu@51.343C tj@51.343C soc1@49.437C VDD_IN 4742mW/5170mW VDD_CPU_GPU_CV 1326mW/1517mW VDD_SOC 1366mW/1459mW"
peoplewalking.mp4,48,5598,7620,0,"07-04-2026 18:09:22 RAM 5598/7620MB (lfb 3x4MB) SWAP 16/3810MB (cached 0MB) CPU [6%@729,0%@729,2%@729,6%@729,50%@1497,30%@1497] GR3D_FREQ 0% cpu@50.031C soc2@49.5C soc0@49.593C gpu@51.437C tj@51.437C soc1@49.5C VDD_IN 5024mW/5167mW VDD_CPU_GPU_CV 1444mW/1515mW VDD_SOC 1446mW/1458mW"
peoplewalking.mp4,49,5599,7620,3,"07-04-2026 18:09:23 RAM 5599/7620MB (lfb 3x4MB) SWAP 16/3810MB (cached 0MB) CPU [1%@729,2%@729,2%@729,0%@729,41%@1497,57%@1497] GR3D_FREQ 3% cpu@50.062C soc2@49.5C soc0@49.687C gpu@51.593C tj@51.593C soc1@49.468C VDD_IN 4742mW/5158mW VDD_CPU_GPU_CV 1286mW/1511mW VDD_SOC 1406mW/1457mW"
peoplewalking.mp4,50,5604,7620,0,"07-04-2026 18:09:24 RAM 5604/7620MB (lfb 3x4MB) SWAP 16/3810MB (cached 0MB) CPU [3%@729,10%@729,8%@729,6%@729,59%@1497,25%@1497] GR3D_FREQ 0% cpu@50.093C soc2@49.562C soc0@49.687C gpu@51.468C tj@51.468C soc1@49.593C VDD_IN 4983mW/5155mW VDD_CPU_GPU_CV 1444mW/1510mW VDD_SOC 1404mW/1456mW"
peoplewalking.mp4,51,5601,7620,97,"07-04-2026 18:09:25 RAM 5601/7620MB (lfb 3x4MB) SWAP 16/3810MB (cached 0MB) CPU [14%@729,3%@729,4%@729,3%@729,66%@883,17%@883] GR3D_FREQ 97% cpu@49.656C soc2@49.656C soc0@49.718C gpu@51.656C tj@51.656C soc1@49.656C VDD_IN 5577mW/5163mW VDD_CPU_GPU_CV 1802mW/1515mW VDD_SOC 1482mW/1457mW"
peoplewalking.mp4,52,5604,7620,0,"07-04-2026 18:09:26 RAM 5604/7620MB (lfb 3x4MB) SWAP 16/3810MB (cached 0MB) CPU [26%@729,2%@729,1%@729,1%@729,51%@1497,14%@1497] GR3D_FREQ 0% cpu@49.906C soc2@49.531C soc0@49.5C gpu@51.218C tj@51.218C soc1@49.406C VDD_IN 4790mW/5156mW VDD_CPU_GPU_CV 1326mW/1512mW VDD_SOC 1406mW/1456mW"
peoplewalking.mp4,53,5609,7620,56,"07-04-2026 18:09:27 RAM 5609/7620MB (lfb 3x4MB) SWAP 16/3810MB (cached 0MB) CPU [3%@729,3%@729,3%@729,13%@729,11%@1113,71%@1113] GR3D_FREQ 56% cpu@49.812C soc2@49.656C soc0@49.593C gpu@51.593C tj@51.593C soc1@49.468C VDD_IN 6520mW/5181mW VDD_CPU_GPU_CV 2196mW/1524mW VDD_SOC 1720mW/1461mW"
peoplewalking.mp4,54,5607,7620,0,"07-04-2026 18:09:28 RAM 5607/7620MB (lfb 3x4MB) SWAP 16/3810MB (cached 0MB) CPU [0%@729,2%@729,1%@729,1%@729,84%@1497,17%@1497] GR3D_FREQ 0% cpu@50.062C soc2@49.531C soc0@49.687C gpu@51.062C tj@51.062C soc1@49.531C VDD_IN 4823mW/5175mW VDD_CPU_GPU_CV 1324mW/1521mW VDD_SOC 1406mW/1460mW"
peoplewalking.mp4,55,5573,7620,0,"07-04-2026 18:09:29 RAM 5573/7620MB (lfb 2x4MB) SWAP 16/3810MB (cached 0MB) CPU [9%@729,2%@729,3%@729,2%@729,3%@1497,80%@1497] GR3D_FREQ 0% cpu@49.75C soc2@49.656C soc0@49.687C gpu@51.25C tj@51.25C soc1@49.625C VDD_IN 5969mW/5189mW VDD_CPU_GPU_CV 1840mW/1526mW VDD_SOC 1640mW/1463mW"
peoplewalking.mp4,56,5583,7620,0,"07-04-2026 18:09:30 RAM 5583/7620MB (lfb 2x4MB) SWAP 16/3810MB (cached 0MB) CPU [19%@1497,2%@1497,1%@1497,1%@1497,83%@729,0%@729] GR3D_FREQ 0% cpu@49.968C soc2@49.625C soc0@49.562C gpu@51.093C tj@51.093C soc1@49.468C VDD_IN 4782mW/5182mW VDD_CPU_GPU_CV 1326mW/1523mW VDD_SOC 1406mW/1462mW"
peoplewalking.mp4,57,5583,7620,0,"07-04-2026 18:09:31 RAM 5583/7620MB (lfb 2x4MB) SWAP 16/3810MB (cached 0MB) CPU [36%@729,2%@729,2%@729,0%@729,16%@1497,31%@1497] GR3D_FREQ 0% cpu@49.968C soc2@49.562C soc0@49.656C gpu@51.156C tj@51.156C soc1@49.531C VDD_IN 5457mW/5187mW VDD_CPU_GPU_CV 1602mW/1524mW VDD_SOC 1484mW/1462mW"
peoplewalking.mp4,58,5585,7620,0,"07-04-2026 18:09:32 RAM 5585/7620MB (lfb 2x4MB) SWAP 16/3810MB (cached 0MB) CPU [2%@1497,33%@1497,1%@1497,13%@1497,69%@729,0%@729] GR3D_FREQ 0% cpu@49.968C soc2@49.562C soc0@49.593C gpu@51.218C tj@51.218C soc1@49.468C VDD_IN 4782mW/5180mW VDD_CPU_GPU_CV 1324mW/1521mW VDD_SOC 1366mW/1461mW"
peoplewalking.mp4,59,5586,7620,0,"07-04-2026 18:09:33 RAM 5586/7620MB (lfb 2x4MB) SWAP 16/3810MB (cached 0MB) CPU [2%@729,23%@729,2%@729,2%@729,32%@1497,31%@1497] GR3D_FREQ 0% cpu@50C soc2@49.531C soc0@49.687C gpu@51.312C tj@51.312C soc1@49.5C VDD_IN 5176mW/5180mW VDD_CPU_GPU_CV 1484mW/1520mW VDD_SOC 1444mW/1460mW"
peoplewalking.mp4,60,5590,7620,0,"07-04-2026 18:09:34 RAM 5590/7620MB (lfb 2x4MB) SWAP 16/3810MB (cached 0MB) CPU [47%@1497,2%@1497,3%@1497,2%@1497,55%@883,0%@883] GR3D_FREQ 0% cpu@50.125C soc2@49.687C soc0@49.687C gpu@51.218C tj@51.218C soc1@49.562C VDD_IN 4702mW/5172mW VDD_CPU_GPU_CV 1286mW/1516mW VDD_SOC 1366mW/1459mW"
peoplewalking.mp4,61,5591,7620,0,"07-04-2026 18:09:35 RAM 5591/7620MB (lfb 2x4MB) SWAP 16/3810MB (cached 0MB) CPU [8%@729,3%@729,2%@729,1%@729,45%@1497,31%@1497] GR3D_FREQ 0% cpu@49.937C soc2@49.5C soc0@49.562C gpu@51.187C tj@51.187C soc1@49.468C VDD_IN 4983mW/5169mW VDD_CPU_GPU_CV 1444mW/1515mW VDD_SOC 1406mW/1458mW"
peoplewalking.mp4,62,5593,7620,0,"07-04-2026 18:09:36 RAM 5593/7620MB (lfb 2x4MB) SWAP 16/3810MB (cached 0MB) CPU [0%@729,2%@729,1%@729,53%@729,43%@1344,6%@1344] GR3D_FREQ 0% cpu@49.937C soc2@49.468C soc0@49.593C gpu@51.25C tj@51.25C soc1@49.437C VDD_IN 4662mW/5161mW VDD_CPU_GPU_CV 1284mW/1511mW VDD_SOC 1366mW/1457mW"
peoplewalking.mp4,63,5593,7620,0,"07-04-2026 18:09:37 RAM 5593/7620MB (lfb 2x4MB) SWAP 16/3810MB (cached 0MB) CPU [2%@729,2%@729,2%@729,0%@729,58%@1497,25%@1497] GR3D_FREQ 0% cpu@49.906C soc2@49.562C soc0@49.656C gpu@51.187C tj@51.187C soc1@49.5C VDD_IN 4863mW/5156mW VDD_CPU_GPU_CV 1366mW/1509mW VDD_SOC 1406mW/1456mW"
peoplewalking.mp4,64,5589,7620,96,"07-04-2026 18:09:38 RAM 5589/7620MB (lfb 2x4MB) SWAP 16/3810MB (cached 0MB) CPU [3%@806,12%@806,11%@806,3%@806,81%@729,2%@729] GR3D_FREQ 96% cpu@49.687C soc2@49.687C soc0@49.718C gpu@51.718C tj@51.718C soc1@49.375C VDD_IN 5577mW/5163mW VDD_CPU_GPU_CV 1842mW/1514mW VDD_SOC 1482mW/1456mW"
peoplewalking.mp4,65,5577,7620,0,"07-04-2026 18:09:39 RAM 5577/7620MB (lfb 3x4MB) SWAP 16/3810MB (cached 0MB) CPU [2%@729,18%@729,2%@729,5%@729,74%@1497,1%@1497] GR3D_FREQ 0% cpu@49.968C soc2@49.531C soc0@49.625C gpu@51.312C tj@51.312C soc1@49.437C VDD_IN 4790mW/5157mW VDD_CPU_GPU_CV 1366mW/1512mW VDD_SOC 1406mW/1455mW"
peoplewalking.mp4,66,5584,7620,0,"07-04-2026 18:09:40 RAM 5584/7620MB (lfb 3x4MB) SWAP 16/3810MB (cached 0MB) CPU [3%@729,0%@729,2%@729,1%@729,10%@1036,74%@1036] GR3D_FREQ 0% cpu@49.968C soc2@49.562C soc0@49.562C gpu@51.656C tj@51.656C soc1@49.5C VDD_IN 6290mW/5174mW VDD_CPU_GPU_CV 2040mW/1520mW VDD_SOC 1680mW/1459mW"
peoplewalking.mp4,67,5586,7620,0,"07-04-2026 18:09:41 RAM 5586/7620MB (lfb 3x4MB) SWAP 16/3810MB (cached 0MB) CPU [11%@1497,3%@1497,1%@1497,1%@1497,83%@729,8%@729] GR3D_FREQ 0% cpu@50.156C soc2@49.625C soc0@49.656C gpu@51.406C tj@51.406C soc1@49.562C VDD_IN 4823mW/5169mW VDD_CPU_GPU_CV 1326mW/1517mW VDD_SOC 1406mW/1458mW"
peoplewalking.mp4,68,5572,7620,0,"07-04-2026 18:09:42 RAM 5572/7620MB (lfb 3x4MB) SWAP 16/3810MB (cached 0MB) CPU [44%@729,1%@729,1%@729,2%@729,7%@960,33%@960] GR3D_FREQ 0% cpu@49.75C soc2@49.687C soc0@49.531C gpu@51.468C tj@51.468C soc1@49.625C VDD_IN 5729mW/5177mW VDD_CPU_GPU_CV 1722mW/1520mW VDD_SOC 1562mW/1459mW"
peoplewalking.mp4,69,5579,7620,0,"07-04-2026 18:09:43 RAM 5579/7620MB (lfb 3x4MB) SWAP 16/3810MB (cached 0MB) CPU [2%@1497,23%@1497,2%@1497,1%@1497,78%@1497,0%@1497] GR3D_FREQ 0% cpu@49.875C soc2@49.687C soc0@49.593C gpu@51.062C tj@51.062C soc1@49.406C VDD_IN 4742mW/5171mW VDD_CPU_GPU_CV 1324mW/1517mW VDD_SOC 1406mW/1459mW"
peoplewalking.mp4,70,5582,7620,0,"07-04-2026 18:09:44 RAM 5582/7620MB (lfb 3x4MB) SWAP 16/3810MB (cached 0MB) CPU [5%@729,21%@729,2%@729,5%@729,40%@1497,21%@1497] GR3D_FREQ 0% cpu@49.812C soc2@49.5C soc0@49.718C gpu@51.218C tj@51.218C soc1@49.437C VDD_IN 5337mW/5173mW VDD_CPU_GPU_CV 1562mW/1518mW VDD_SOC 1484mW/1459mW"
peoplewalking.mp4,71,5585,7620,0,"07-04-2026 18:09:45 RAM 5585/7620MB (lfb 3x4MB) SWAP 16/3810MB (cached 0MB) CPU [18%@729,0%@729,3%@729,2%@729,21%@1497,64%@1497] GR3D_FREQ 0% cpu@50.156C soc2@49.531C soc0@49.656C gpu@51.218C tj@51.218C soc1@49.468C VDD_IN 4702mW/5166mW VDD_CPU_GPU_CV 1286mW/1515mW VDD_SOC 1366mW/1458mW"
peoplewalking.mp4,72,5585,7620,0,"07-04-2026 18:09:46 RAM 5585/7620MB (lfb 3x4MB) SWAP 16/3810MB (cached 0MB) CPU [3%@729,2%@729,2%@729,4%@729,28%@1497,56%@1497] GR3D_FREQ 0% cpu@49.937C soc2@49.562C soc0@49.625C gpu@51.187C tj@51.187C soc1@49.593C VDD_IN 5184mW/5167mW VDD_CPU_GPU_CV 1484mW/1514mW VDD_SOC 1444mW/1458mW"
peoplewalking.mp4,73,5589,7620,0,"07-04-2026 18:09:47 RAM 5589/7620MB (lfb 3x4MB) SWAP 16/3810MB (cached 0MB) CPU [7%@729,7%@729,7%@729,3%@729,54%@1497,47%@1497] GR3D_FREQ 0% cpu@49.781C soc2@49.593C soc0@49.812C gpu@51.156C tj@51.156C soc1@49.625C VDD_IN 4782mW/5161mW VDD_CPU_GPU_CV 1324mW/1512mW VDD_SOC 1406mW/1457mW"
peoplewalking.mp4,74,5591,7620,0,"07-04-2026 18:09:48 RAM 5591/7620MB (lfb 3x4MB) SWAP 16/3810MB (cached 0MB) CPU [2%@1497,1%@1497,55%@1497,1%@1497,6%@729,22%@729] GR3D_FREQ 0% cpu@50.25C soc2@49.593C soc0@49.656C gpu@51.5C tj@51.5C soc1@49.375C VDD_IN 4943mW/5159mW VDD_CPU_GPU_CV 1406mW/1510mW VDD_SOC 1406mW/1456mW"
peoplewalking.mp4,75,5595,7620,88,"07-04-2026 18:09:49 RAM 5595/7620MB (lfb 3x4MB) SWAP 16/3810MB (cached 0MB) CPU [4%@729,4%@729,31%@729,54%@1497,15%@883,11%@883] GR3D_FREQ 88% cpu@49.906C soc2@49.656C soc0@49.593C gpu@52.156C tj@52.156C soc1@49.5C VDD_IN 5698mW/5166mW VDD_CPU_GPU_CV 1923mW/1516mW VDD_SOC 1522mW/1457mW"
peoplewalking.mp4,76,5598,7620,0,"07-04-2026 18:09:50 RAM 5598/7620MB (lfb 3x4MB) SWAP 16/3810MB (cached 0MB) CPU [2%@1497,1%@1497,1%@1497,71%@1497,0%@729,17%@729] GR3D_FREQ 0% cpu@50.437C soc2@49.593C soc0@49.625C gpu@51.5C tj@51.5C soc1@49.593C VDD_IN 4830mW/5161mW VDD_CPU_GPU_CV 1366mW/1514mW VDD_SOC 1406mW/1456mW"
peoplewalking.mp4,77,5598,7620,99,"07-04-2026 18:09:51 RAM 5598/7620MB (lfb 3x4MB) SWAP 16/3810MB (cached 0MB) CPU [4%@729,51%@729,2%@729,15%@729,0%@729,18%@729] GR3D_FREQ 99% cpu@49.812C soc2@49.656C soc0@49.718C gpu@52.093C tj@52.093C soc1@49.656C VDD_IN 6330mW/5176mW VDD_CPU_GPU_CV 2120mW/1522mW VDD_SOC 1642mW/1459mW"
peoplewalking.mp4,78,5601,7620,0,"07-04-2026 18:09:52 RAM 5601/7620MB (lfb 3x4MB) SWAP 16/3810MB (cached 0MB) CPU [61%@729,1%@729,1%@729,1%@729,23%@1497,14%@1497] GR3D_FREQ 0% cpu@50.062C soc2@49.593C soc0@49.75C gpu@51.218C tj@51.218C soc1@49.531C VDD_IN 4750mW/5171mW VDD_CPU_GPU_CV 1286mW/1519mW VDD_SOC 1406mW/1458mW"
peoplewalking.mp4,79,5599,7620,0,"07-04-2026 18:09:53 RAM 5599/7620MB (lfb 3x4MB) SWAP 16/3810MB (cached 0MB) CPU [2%@1497,2%@1497,5%@1497,72%@1497,9%@729,1%@729] GR3D_FREQ 0% cpu@50.093C soc2@49.5C soc0@49.625C gpu@51.468C tj@51.468C soc1@49.437C VDD_IN 6169mW/5183mW VDD_CPU_GPU_CV 1960mW/1524mW VDD_SOC 1640mW/1460mW"
peoplewalking.mp4,80,5601,7620,0,"07-04-2026 18:09:54 RAM 5601/7620MB (lfb 3x4MB) SWAP 16/3810MB (cached 0MB) CPU [1%@1497,1%@1497,5%@1497,17%@1497,2%@729,86%@729] GR3D_FREQ 0% cpu@50.062C soc2@49.468C soc0@49.593C gpu@51.156C tj@51.156C soc1@49.437C VDD_IN 4782mW/5178mW VDD_CPU_GPU_CV 1324mW/1522mW VDD_SOC 1406mW/1460mW"
peoplewalking.mp4,81,5602,7620,0,"07-04-2026 18:09:55 RAM 5602/7620MB (lfb 2x4MB) SWAP 16/3810MB (cached 0MB) CPU [15%@1497,2%@1497,3%@1497,69%@1497,1%@729,0%@729] GR3D_FREQ 0% cpu@50.187C soc2@49.687C soc0@49.656C gpu@51.312C tj@51.312C soc1@49.5C VDD_IN 5649mW/5184mW VDD_CPU_GPU_CV 1722mW/1524mW VDD_SOC 1562mW/1461mW"
peoplewalking.mp4,82,5595,7620,0,"07-04-2026 18:09:56 RAM 5595/7620MB (lfb 2x4MB) SWAP 16/3810MB (cached 0MB) CPU [71%@1497,1%@1497,0%@1497,31%@1497,0%@729,0%@729] GR3D_FREQ 0% cpu@49.937C soc2@49.531C soc0@49.656C gpu@51.156C tj@51.156C soc1@49.593C VDD_IN 4750mW/5179mW VDD_CPU_GPU_CV 1326mW/1522mW VDD_SOC 1406mW/1460mW"
peoplewalking.mp4,83,5594,7620,0,"07-04-2026 18:09:57 RAM 5594/7620MB (lfb 3x4MB) SWAP 16/3810MB (cached 0MB) CPU [1%@1497,3%@1497,31%@1497,46%@1497,6%@729,1%@729] GR3D_FREQ 0% cpu@50.281C soc2@49.562C soc0@49.656C gpu@51.156C tj@51.156C soc1@49.5C VDD_IN 5184mW/5179mW VDD_CPU_GPU_CV 1484mW/1521mW VDD_SOC 1484mW/1461mW"
peoplewalking.mp4,84,5597,7620,0,"07-04-2026 18:09:58 RAM 5597/7620MB (lfb 3x4MB) SWAP 16/3810MB (cached 0MB) CPU [2%@1497,0%@1497,55%@1497,47%@1497,0%@729,0%@729] GR3D_FREQ 0% cpu@50.312C soc2@49.5C soc0@49.562C gpu@51.062C tj@51.062C soc1@49.531C VDD_IN 4702mW/5173mW VDD_CPU_GPU_CV 1286mW/1518mW VDD_SOC 1366mW/1459mW"
peoplewalking.mp4,85,5574,7620,0,"07-04-2026 18:09:59 RAM 5574/7620MB (lfb 2x4MB) SWAP 16/3810MB (cached 0MB) CPU [15%@1497,3%@1497,48%@1497,8%@1497,19%@729,3%@729] GR3D_FREQ 0% cpu@50.437C soc2@49.531C soc0@49.718C gpu@51.125C tj@51.125C soc1@49.406C VDD_IN 5024mW/5172mW VDD_CPU_GPU_CV 1444mW/1518mW VDD_SOC 1446mW/1459mW"
peoplewalking.mp4,86,5579,7620,0,"07-04-2026 18:10:00 RAM 5579/7620MB (lfb 2x4MB) SWAP 16/3810MB (cached 0MB) CPU [8%@1497,8%@1497,44%@1497,53%@1497,2%@729,12%@729] GR3D_FREQ 0% cpu@50.25C soc2@49.625C soc0@49.687C gpu@51.093C tj@51.093C soc1@49.5C VDD_IN 4823mW/5168mW VDD_CPU_GPU_CV 1324mW/1515mW VDD_SOC 1404mW/1459mW"
peoplewalking.mp4,87,5574,7620,0,"07-04-2026 18:10:01 RAM 5574/7620MB (lfb 2x4MB) SWAP 16/3810MB (cached 0MB) CPU [5%@1497,2%@1497,28%@1497,56%@1497,0%@729,0%@729] GR3D_FREQ 0% cpu@49.968C soc2@49.625C soc0@49.75C gpu@51.218C tj@51.218C soc1@49.656C VDD_IN 4903mW/5165mW VDD_CPU_GPU_CV 1366mW/1514mW VDD_SOC 1406mW/1458mW"
peoplewalking.mp4,88,5580,7620,78,"07-04-2026 18:10:02 RAM 5580/7620MB (lfb 2x4MB) SWAP 16/3810MB (cached 0MB) CPU [15%@729,55%@729,2%@729,29%@729,0%@729,0%@729] GR3D_FREQ 78% cpu@49.75C soc2@49.625C soc0@49.593C gpu@51.812C tj@51.812C soc1@49.437C VDD_IN 5457mW/5168mW VDD_CPU_GPU_CV 1762mW/1516mW VDD_SOC 1484mW/1458mW"
peoplewalking.mp4,89,5574,7620,0,"07-04-2026 18:10:03 RAM 5574/7620MB (lfb 2x4MB) SWAP 16/3810MB (cached 0MB) CPU [21%@1497,3%@1497,3%@1497,68%@1497,0%@729,0%@729] GR3D_FREQ 0% cpu@50.218C soc2@49.5C soc0@49.656C gpu@51.281C tj@51.281C soc1@49.531C VDD_IN 4790mW/5164mW VDD_CPU_GPU_CV 1326mW/1514mW VDD_SOC 1406mW/1458mW"
peoplewalking.mp4,90,5579,7620,99,"07-04-2026 18:10:04 RAM 5579/7620MB (lfb 2x4MB) SWAP 16/3810MB (cached 0MB) CPU [6%@729,53%@729,20%@729,18%@729,1%@729,1%@729] GR3D_FREQ 99% cpu@49.718C soc2@49.75C soc0@49.75C gpu@52.125C tj@52.125C soc1@49.468C VDD_IN 6089mW/5174mW VDD_CPU_GPU_CV 2080mW/1521mW VDD_SOC 1602mW/1459mW"
peoplewalking.mp4,91,5593,7620,0,"07-04-2026 18:10:05 RAM 5593/7620MB (lfb 2x4MB) SWAP 16/3810MB (cached 0MB) CPU [84%@1497,13%@1497,6%@1497,0%@1497,0%@729,0%@729] GR3D_FREQ 0% cpu@50.281C soc2@49.687C soc0@49.718C gpu@51.093C tj@51.093C soc1@49.687C VDD_IN 4823mW/5170mW VDD_CPU_GPU_CV 1326mW/1518mW VDD_SOC 1406mW/1459mW"
peoplewalking.mp4,92,5577,7620,0,"07-04-2026 18:10:06 RAM 5577/7620MB (lfb 3x4MB) SWAP 16/3810MB (cached 0MB) CPU [2%@1344,30%@1344,52%@1344,2%@1344,0%@729,0%@729] GR3D_FREQ 0% cpu@49.937C soc2@49.718C soc0@49.562C gpu@51.281C tj@51.281C soc1@49.343C VDD_IN 6120mW/5180mW VDD_CPU_GPU_CV 1920mW/1523mW VDD_SOC 1640mW/1461mW"
peoplewalking.mp4,93,5579,7620,0,"07-04-2026 18:10:07 RAM 5579/7620MB (lfb 3x4MB) SWAP 16/3810MB (cached 0MB) CPU [82%@1497,1%@1497,20%@1497,1%@1497,1%@729,1%@729] GR3D_FREQ 0% cpu@50.25C soc2@49.562C soc0@49.625C gpu@51.156C tj@51.156C soc1@49.406C VDD_IN 4782mW/5176mW VDD_CPU_GPU_CV 1326mW/1521mW VDD_SOC 1406mW/1460mW"
peoplewalking.mp4,94,5574,7620,0,"07-04-2026 18:10:08 RAM 5574/7620MB (lfb 2x4MB) SWAP 16/3810MB (cached 0MB) CPU [9%@729,30%@729,33%@729,2%@729,15%@1497,1%@1497] GR3D_FREQ 0% cpu@50.062C soc2@49.625C soc0@49.562C gpu@51.375C tj@51.375C soc1@49.593C VDD_IN 5457mW/5179mW VDD_CPU_GPU_CV 1602mW/1522mW VDD_SOC 1524mW/1461mW"
peoplewalking.mp4,95,5579,7620,0,"07-04-2026 18:10:09 RAM 5579/7620MB (lfb 2x4MB) SWAP 16/3810MB (cached 0MB) CPU [4%@1497,2%@1497,2%@1497,41%@1497,62%@729,3%@729] GR3D_FREQ 0% cpu@49.937C soc2@49.531C soc0@49.718C gpu@51.343C tj@51.343C soc1@49.593C VDD_IN 4742mW/5174mW VDD_CPU_GPU_CV 1326mW/1519mW VDD_SOC 1366mW/1460mW"
peoplewalking.mp4,96,5578,7620,0,"07-04-2026 18:10:10 RAM 5578/7620MB (lfb 3x4MB) SWAP 16/3810MB (cached 0MB) CPU [1%@729,31%@729,2%@729,13%@729,39%@1497,3%@1497] GR3D_FREQ 0% cpu@49.875C soc2@49.593C soc0@49.562C gpu@51.343C tj@51.343C soc1@49.406C VDD_IN 5064mW/5173mW VDD_CPU_GPU_CV 1444mW/1519mW VDD_SOC 1446mW/1460mW"
peoplewalking.mp4,97,5581,7620,0,"07-04-2026 18:10:11 RAM 5581/7620MB (lfb 3x4MB) SWAP 16/3810MB (cached 0MB) CPU [2%@1497,7%@1497,2%@1497,53%@1497,53%@729,3%@729] GR3D_FREQ 0% cpu@50.156C soc2@49.593C soc0@49.5C gpu@51.375C tj@51.375C soc1@49.468C VDD_IN 4823mW/5170mW VDD_CPU_GPU_CV 1324mW/1517mW VDD_SOC 1404mW/1459mW"
peoplewalking.mp4,98,5574,7620,0,"07-04-2026 18:10:12 RAM 5574/7620MB (lfb 2x4MB) SWAP 16/3810MB (cached 0MB) CPU [2%@729,17%@729,1%@729,1%@729,20%@1497,49%@1497] GR3D_FREQ 0% cpu@49.968C soc2@49.531C soc0@49.625C gpu@51.375C tj@51.375C soc1@49.5C VDD_IN 4943mW/5167mW VDD_CPU_GPU_CV 1404mW/1516mW VDD_SOC 1406mW/1459mW"
peoplewalking.mp4,99,5577,7620,99,"07-04-2026 18:10:13 RAM 5577/7620MB (lfb 2x4MB) SWAP 16/3810MB (cached 0MB) CPU [2%@729,1%@729,2%@729,53%@729,11%@729,37%@729] GR3D_FREQ 99% cpu@49.718C soc2@49.5C soc0@49.656C gpu@51.468C tj@51.468C soc1@49.468C VDD_IN 4943mW/5165mW VDD_CPU_GPU_CV 1444mW/1515mW VDD_SOC 1404mW/1458mW"
peoplewalking.mp4,100,5575,7620,0,"07-04-2026 18:10:14 RAM 5575/7620MB (lfb 2x4MB) SWAP 16/3810MB (cached 0MB) CPU [2%@729,4%@729,1%@729,23%@729,3%@1497,62%@1497] GR3D_FREQ 0% cpu@49.718C soc2@49.5C soc0@49.812C gpu@51.218C tj@51.218C soc1@49.531C VDD_IN 4790mW/5161mW VDD_CPU_GPU_CV 1326mW/1513mW VDD_SOC 1406mW/1458mW"
peoplewalking.mp4,101,5578,7620,96,"07-04-2026 18:10:15 RAM 5578/7620MB (lfb 2x4MB) SWAP 16/3810MB (cached 0MB) CPU [2%@1036,3%@1036,1%@1036,68%@1036,3%@729,26%@729] GR3D_FREQ 96% cpu@49.812C soc2@49.562C soc0@49.5C gpu@51.593C tj@51.593C soc1@49.375C VDD_IN 5608mW/5166mW VDD_CPU_GPU_CV 1842mW/1516mW VDD_SOC 1482mW/1458mW"
peoplewalking.mp4,102,5579,7620,0,"07-04-2026 18:10:16 RAM 5579/7620MB (lfb 2x4MB) SWAP 16/3810MB (cached 0MB) CPU [0%@729,1%@729,0%@729,14%@729,1%@1497,74%@1497] GR3D_FREQ 0% cpu@49.812C soc2@49.5C soc0@49.625C gpu@51.437C tj@51.437C soc1@49.468C VDD_IN 4750mW/5162mW VDD_CPU_GPU_CV 1326mW/1514mW VDD_SOC 1406mW/1457mW"
peoplewalking.mp4,103,5575,7620,99,"07-04-2026 18:10:17 RAM 5575/7620MB (lfb 2x4MB) SWAP 16/3810MB (cached 0MB) CPU [1%@729,1%@729,2%@729,70%@729,2%@729,16%@729] GR3D_FREQ 99% cpu@50C soc2@49.656C soc0@49.718C gpu@52.125C tj@52.125C soc1@49.5C VDD_IN 6400mW/5174mW VDD_CPU_GPU_CV 2156mW/1521mW VDD_SOC 1680mW/1459mW"
peoplewalking.mp4,104,5586,7620,0,"07-04-2026 18:10:18 RAM 5586/7620MB (lfb 2x4MB) SWAP 16/3810MB (cached 0MB) CPU [2%@1497,3%@1497,1%@1497,15%@1497,2%@1497,85%@1497] GR3D_FREQ 0% cpu@49.968C soc2@49.468C soc0@49.656C gpu@51.437C tj@51.437C soc1@49.625C VDD_IN 4823mW/5170mW VDD_CPU_GPU_CV 1326mW/1519mW VDD_SOC 1406mW/1459mW"
peoplewalking.mp4,105,5581,7620,0,"07-04-2026 18:10:19 RAM 5581/7620MB (lfb 2x4MB) SWAP 16/3810MB (cached 0MB) CPU [1%@806,2%@806,2%@806,78%@806,0%@729,5%@729] GR3D_FREQ 0% cpu@49.906C soc2@49.625C soc0@49.625C gpu@51.218C tj@51.218C soc1@49.375C VDD_IN 6049mW/5179mW VDD_CPU_GPU_CV 1880mW/1522mW VDD_SOC 1642mW/1461mW"
peoplewalking.mp4,106,5577,7620,0,"07-04-2026 18:10:20 RAM 5577/7620MB (lfb 2x4MB) SWAP 16/3810MB (cached 0MB) CPU [2%@1497,1%@1497,3%@1497,20%@1497,0%@729,81%@729] GR3D_FREQ 0% cpu@50.187C soc2@49.5C soc0@49.531C gpu@51.093C tj@51.093C soc1@49.437C VDD_IN 4782mW/5175mW VDD_CPU_GPU_CV 1326mW/1520mW VDD_SOC 1406mW/1460mW"
peoplewalking.mp4,107,5575,7620,0,"07-04-2026 18:10:21 RAM 5575/7620MB (lfb 3x4MB) SWAP 16/3810MB (cached 0MB) CPU [0%@1497,2%@1497,17%@1497,43%@1497,10%@729,15%@729] GR3D_FREQ 0% cpu@50.093C soc2@49.5C soc0@49.562C gpu@51.218C tj@51.218C soc1@49.437C VDD_IN 5377mW/5177mW VDD_CPU_GPU_CV 1562mW/1521mW VDD_SOC 1484mW/1460mW"
peoplewalking.mp4,108,5578,7620,0,"07-04-2026 18:10:22 RAM 5578/7620MB (lfb 3x4MB) SWAP 16/3810MB (cached 0MB) CPU [2%@1497,4%@1497,70%@1497,32%@1497,5%@729,0%@729] GR3D_FREQ 0% cpu@50.281C soc2@49.593C soc0@49.687C gpu@51.218C tj@51.218C soc1@49.5C VDD_IN 4782mW/5173mW VDD_CPU_GPU_CV 1326mW/1519mW VDD_SOC 1366mW/1459mW"
peoplewalking.mp4,109,5584,7620,0,"07-04-2026 18:10:23 RAM 5584/7620MB (lfb 3x4MB) SWAP 16/3810MB (cached 0MB) CPU [32%@1497,4%@1497,1%@1497,22%@1497,4%@729,30%@729] GR3D_FREQ 0% cpu@50.031C soc2@49.687C soc0@49.718C gpu@51.25C tj@51.25C soc1@49.593C VDD_IN 5296mW/5174mW VDD_CPU_GPU_CV 1562mW/1519mW VDD_SOC 1484mW/1460mW"
peoplewalking.mp4,110,5587,7620,0,"07-04-2026 18:10:24 RAM 5587/7620MB (lfb 3x4MB) SWAP 16/3810MB (cached 0MB) CPU [55%@1497,2%@1497,2%@1497,47%@1497,0%@729,0%@729] GR3D_FREQ 0% cpu@50.218C soc2@49.593C soc0@49.531C gpu@51.156C tj@51.156C soc1@49.468C VDD_IN 4742mW/5170mW VDD_CPU_GPU_CV 1326mW/1518mW VDD_SOC 1406mW/1459mW"
peoplewalking.mp4,111,5587,7620,0,"07-04-2026 18:10:25 RAM 5587/7620MB (lfb 3x4MB) SWAP 16/3810MB (cached 0MB) CPU [1%@1497,3%@1497,50%@1497,8%@1497,1%@729,32%@729] GR3D_FREQ 0% cpu@50.187C soc2@49.5C soc0@49.625C gpu@51.281C tj@51.281C soc1@49.406C VDD_IN 4983mW/5169mW VDD_CPU_GPU_CV 1404mW/1517mW VDD_SOC 1446mW/1459mW"
peoplewalking.mp4,112,5592,7620,91,"07-04-2026 18:10:26 RAM 5592/7620MB (lfb 3x4MB) SWAP 16/3810MB (cached 0MB) CPU [52%@729,4%@729,37%@729,4%@729,3%@806,9%@806] GR3D_FREQ 91% cpu@49.718C soc2@49.562C soc0@49.531C gpu@51.687C tj@51.468C soc1@49.468C VDD_IN 5377mW/5171mW VDD_CPU_GPU_CV 1682mW/1518mW VDD_SOC 1484mW/1459mW"
peoplewalking.mp4,113,5592,7620,0,"07-04-2026 18:10:27 RAM 5592/7620MB (lfb 3x4MB) SWAP 16/3810MB (cached 0MB) CPU [2%@1497,1%@1497,69%@1497,1%@1497,3%@729,17%@729] GR3D_FREQ 0% cpu@50.437C soc2@49.562C soc0@49.562C gpu@51.125C tj@51.125C soc1@49.5C VDD_IN 4830mW/5168mW VDD_CPU_GPU_CV 1366mW/1517mW VDD_SOC 1406mW/1459mW"
peoplewalking.mp4,114,5595,7620,99,"07-04-2026 18:10:28 RAM 5595/7620MB (lfb 3x4MB) SWAP 16/3810MB (cached 0MB) CPU [2%@883,11%@883,20%@883,5%@883,40%@729,24%@729] GR3D_FREQ 99% cpu@49.781C soc2@49.656C soc0@49.718C gpu@51.687C tj@51.687C soc1@49.531C VDD_IN 6290mW/5177mW VDD_CPU_GPU_CV 2160mW/1522mW VDD_SOC 1640mW/1460mW"
peoplewalking.mp4,115,5604,7620,0,"07-04-2026 18:10:29 RAM 5604/7620MB (lfb 3x4MB) SWAP 16/3810MB (cached 0MB) CPU [2%@1497,1%@1497,84%@1497,3%@1497,0%@1497,15%@1497] GR3D_FREQ 0% cpu@50.187C soc2@49.468C soc0@49.531C gpu@51.125C tj@51.125C soc1@49.406C VDD_IN 4823mW/5174mW VDD_CPU_GPU_CV 1326mW/1521mW VDD_SOC 1406mW/1460mW"
peoplewalking.mp4,116,5593,7620,0,"07-04-2026 18:10:30 RAM 5593/7620MB (lfb 3x4MB) SWAP 16/3810MB (cached 0MB) CPU [2%@729,3%@729,1%@729,1%@729,0%@1344,81%@1344] GR3D_FREQ 0% cpu@49.968C soc2@49.531C soc0@49.625C gpu@51.343C tj@51.343C soc1@49.406C VDD_IN 6089mW/5182mW VDD_CPU_GPU_CV 1880mW/1524mW VDD_SOC 1640mW/1461mW"
peoplewalking.mp4,117,5587,7620,0,"07-04-2026 18:10:31 RAM 5587/7620MB (lfb 3x4MB) SWAP 16/3810MB (cached 0MB) CPU [87%@1497,1%@1497,3%@1497,14%@1497,1%@729,2%@729] GR3D_FREQ 0% cpu@50C soc2@49.531C soc0@49.593C gpu@51.218C tj@51.218C soc1@49.468C VDD_IN 4742mW/5178mW VDD_CPU_GPU_CV 1286mW/1522mW VDD_SOC 1406mW/1461mW"
peoplewalking.mp4,118,5572,7620,0,"07-04-2026 18:10:32 RAM 5572/7620MB (lfb 2x4MB) SWAP 16/3810MB (cached 0MB) CPU [7%@960,9%@960,1%@960,53%@960,2%@1113,28%@1113] GR3D_FREQ 0% cpu@50.093C soc2@49.656C soc0@49.843C gpu@51.375C tj@51.375C soc1@49.531C VDD_IN 5809mW/5184mW VDD_CPU_GPU_CV 1760mW/1524mW VDD_SOC 1602mW/1462mW"
peoplewalking.mp4,119,5582,7620,0,"07-04-2026 18:10:33 RAM 5582/7620MB (lfb 2x4MB) SWAP 16/3810MB (cached 0MB) CPU [3%@1497,51%@1497,3%@1497,27%@1497,28%@729,9%@729] GR3D_FREQ 0% cpu@50C soc2@49.531C soc0@49.75C gpu@51.312C tj@51.312C soc1@49.468C VDD_IN 4895mW/5181mW VDD_CPU_GPU_CV 1404mW/1523mW VDD_SOC 1404mW/1462mW"
peoplewalking.mp4,120,5581,7620,0,"07-04-2026 18:10:34 RAM 5581/7620MB (lfb 3x4MB) SWAP 16/3810MB (cached 0MB) CPU [3%@729,1%@729,2%@729,29%@729,22%@1497,33%@1497] GR3D_FREQ 0% cpu@49.968C soc2@49.531C soc0@49.593C gpu@51.375C tj@51.375C soc1@49.437C VDD_IN 5337mW/5183mW VDD_CPU_GPU_CV 1562mW/1523mW VDD_SOC 1484mW/1462mW"
peoplewalking.mp4,121,5584,7620,0,"07-04-2026 18:10:35 RAM 5584/7620MB (lfb 3x4MB) SWAP 16/3810MB (cached 0MB) CPU [1%@1497,2%@1497,2%@1497,41%@1497,61%@729,0%@729] GR3D_FREQ 0% cpu@50.218C soc2@49.5C soc0@49.593C gpu@51.312C tj@51.312C soc1@49.531C VDD_IN 4702mW/5179mW VDD_CPU_GPU_CV 1286mW/1521mW VDD_SOC 1366mW/1461mW"
peoplewalking.mp4,122,5574,7620,0,"07-04-2026 18:10:36 RAM 5574/7620MB (lfb 2x4MB) SWAP 16/3810MB (cached 0MB) CPU [2%@729,2%@729,1%@729,11%@729,23%@1497,51%@1497] GR3D_FREQ 0% cpu@49.718C soc2@49.625C soc0@49.687C gpu@51.125C tj@51.125C soc1@49.531C VDD_IN 5064mW/5178mW VDD_CPU_GPU_CV 1444mW/1520mW VDD_SOC 1446mW/1461mW"
peoplewalking.mp4,123,5577,7620,0,"07-04-2026 18:10:37 RAM 5577/7620MB (lfb 2x4MB) SWAP 16/3810MB (cached 0MB) CPU [6%@729,52%@729,2%@729,1%@729,8%@1497,49%@1497] GR3D_FREQ 0% cpu@49.968C soc2@49.625C soc0@49.656C gpu@51.156C tj@51.156C soc1@49.593C VDD_IN 4895mW/5175mW VDD_CPU_GPU_CV 1404mW/1519mW VDD_SOC 1404mW/1461mW"
peoplewalking.mp4,124,5577,7620,0,"07-04-2026 18:10:38 RAM 5577/7620MB (lfb 2x4MB) SWAP 16/3810MB (cached 0MB) CPU [4%@729,2%@729,5%@729,2%@729,60%@1497,26%@1497] GR3D_FREQ 0% cpu@49.875C soc2@49.593C soc0@49.562C gpu@51.218C tj@51.218C soc1@49.531C VDD_IN 4983mW/5174mW VDD_CPU_GPU_CV 1444mW/1519mW VDD_SOC 1406mW/1460mW"
peoplewalking.mp4,125,5581,7620,90,"07-04-2026 18:10:39 RAM 5581/7620MB (lfb 2x4MB) SWAP 16/3810MB (cached 0MB) CPU [2%@729,54%@729,1%@729,1%@729,29%@729,17%@729] GR3D_FREQ 90% cpu@49.968C soc2@49.593C soc0@49.531C gpu@51.875C tj@51.875C soc1@49.437C VDD_IN 5568mW/5177mW VDD_CPU_GPU_CV 1802mW/1521mW VDD_SOC 1482mW/1460mW"
peoplewalking.mp4,126,5580,7620,0,"07-04-2026 18:10:40 RAM 5580/7620MB (lfb 3x4MB) SWAP 16/3810MB (cached 0MB) CPU [2%@1497,71%@1497,1%@1497,1%@1497,1%@729,19%@729] GR3D_FREQ 0% cpu@50.093C soc2@49.625C soc0@49.656C gpu@51.406C tj@51.406C soc1@49.593C VDD_IN 4782mW/5174mW VDD_CPU_GPU_CV 1326mW/1520mW VDD_SOC 1406mW/1460mW"
peoplewalking.mp4,127,5581,7620,99,"07-04-2026 18:10:41 RAM 5581/7620MB (lfb 3x4MB) SWAP 16/3810MB (cached 0MB) CPU [54%@729,16%@729,3%@729,1%@729,2%@729,18%@729] GR3D_FREQ 99% cpu@49.625C soc2@49.687C soc0@49.781C gpu@52.187C tj@52.187C soc1@49.562C VDD_IN 5929mW/5180mW VDD_CPU_GPU_CV 2040mW/1524mW VDD_SOC 1562mW/1461mW"
peoplewalking.mp4,128,5575,7620,0,"07-04-2026 18:10:42 RAM 5575/7620MB (lfb 2x4MB) SWAP 16/3810MB (cached 0MB) CPU [0%@1497,0%@1497,80%@1497,1%@1497,1%@729,15%@729] GR3D_FREQ 0% cpu@50.25C soc2@49.656C soc0@49.656C gpu@51.437C tj@51.437C soc1@49.468C VDD_IN 4709mW/5176mW VDD_CPU_GPU_CV 1286mW/1522mW VDD_SOC 1366mW/1460mW"
peoplewalking.mp4,129,5578,7620,0,"07-04-2026 18:10:43 RAM 5578/7620MB (lfb 3x4MB) SWAP 16/3810MB (cached 0MB) CPU [7%@729,2%@729,6%@729,10%@729,54%@1036,25%@1036] GR3D_FREQ 0% cpu@49.843C soc2@49.562C soc0@49.5C gpu@51.406C tj@51.406C soc1@49.468C VDD_IN 6450mW/5186mW VDD_CPU_GPU_CV 2160mW/1527mW VDD_SOC 1680mW/1462mW"
peoplewalking.mp4,130,5580,7620,0,"07-04-2026 18:10:44 RAM 5580/7620MB (lfb 3x4MB) SWAP 16/3810MB (cached 0MB) CPU [85%@729,1%@729,2%@729,5%@729,3%@1497,15%@1497] GR3D_FREQ 0% cpu@50.031C soc2@49.593C soc0@49.625C gpu@51.218C tj@51.218C soc1@49.531C VDD_IN 4863mW/5183mW VDD_CPU_GPU_CV 1364mW/1525mW VDD_SOC 1406mW/1461mW"
peoplewalking.mp4,131,5572,7620,0,"07-04-2026 18:10:45 RAM 5572/7620MB (lfb 3x4MB) SWAP 16/3810MB (cached 0MB) CPU [3%@729,1%@729,1%@729,7%@729,8%@1036,76%@1036] GR3D_FREQ 0% cpu@49.937C soc2@49.625C soc0@49.687C gpu@51.343C tj@51.343C soc1@49.593C VDD_IN 5849mW/5189mW VDD_CPU_GPU_CV 1760mW/1527mW VDD_SOC 1602mW/1462mW"
peoplewalking.mp4,132,5579,7620,0,"07-04-2026 18:10:46 RAM 5579/7620MB (lfb 3x4MB) SWAP 16/3810MB (cached 0MB) CPU [3%@729,18%@729,1%@729,0%@729,84%@1497,0%@1497] GR3D_FREQ 0% cpu@49.812C soc2@49.625C soc0@49.687C gpu@51.25C tj@51.25C soc1@49.687C VDD_IN 4742mW/5185mW VDD_CPU_GPU_CV 1326mW/1526mW VDD_SOC 1406mW/1462mW"
peoplewalking.mp4,133,5581,7620,0,"07-04-2026 18:10:47 RAM 5581/7620MB (lfb 3x4MB) SWAP 16/3810MB (cached 0MB) CPU [2%@729,5%@729,1%@729,1%@729,82%@1497,0%@1497] GR3D_FREQ 0% cpu@49.906C soc2@49.625C soc0@49.625C gpu@51.343C tj@51.343C soc1@49.562C VDD_IN 5377mW/5187mW VDD_CPU_GPU_CV 1562mW/1526mW VDD_SOC 1484mW/1462mW"
peoplewalking.mp4,134,5586,7620,0,"07-04-2026 18:10:48 RAM 5586/7620MB (lfb 3x4MB) SWAP 16/3810MB (cached 0MB) CPU [3%@1497,5%@1497,2%@1497,41%@1497,60%@883,0%@883] GR3D_FREQ 0% cpu@50.093C soc2@49.593C soc0@49.5C gpu@51.093C tj@51.093C soc1@49.375C VDD_IN 4782mW/5184mW VDD_CPU_GPU_CV 1324mW/1524mW VDD_SOC 1366mW/1461mW"
peoplewalking.mp4,135,5579,7620,0,"07-04-2026 18:10:49 RAM 5579/7620MB (lfb 2x4MB) SWAP 16/3810MB (cached 0MB) CPU [2%@729,1%@729,1%@729,11%@729,41%@1497,32%@1497] GR3D_FREQ 0% cpu@50.156C soc2@49.531C soc0@49.625C gpu@51.125C tj@51.125C soc1@49.468C VDD_IN 5056mW/5183mW VDD_CPU_GPU_CV 1444mW/1524mW VDD_SOC 1444mW/1461mW"
peoplewalking.mp4,136,5571,7620,0,"07-04-2026 18:10:50 RAM 5571/7620MB (lfb 3x4MB) SWAP 16/3810MB (cached 0MB) CPU [8%@729,2%@729,2%@729,26%@729,19%@729,34%@729] GR3D_FREQ 0% cpu@49.781C soc2@49.593C soc0@49.718C gpu@51.218C tj@51.218C soc1@49.625C VDD_IN 5849mW/5188mW VDD_CPU_GPU_CV 1760mW/1526mW VDD_SOC 1560mW/1462mW"
peoplewalking.mp4,137,5577,7620,0,"07-04-2026 18:10:51 RAM 5577/7620MB (lfb 3x4MB) SWAP 16/3810MB (cached 0MB) CPU [80%@1497,1%@1497,22%@1497,0%@1497,0%@729,0%@729] GR3D_FREQ 0% cpu@50.312C soc2@49.781C soc0@49.75C gpu@51.156C tj@51.156C soc1@49.468C VDD_IN 4742mW/5184mW VDD_CPU_GPU_CV 1286mW/1524mW VDD_SOC 1406mW/1461mW"
peoplewalking.mp4,138,5574,7620,0,"07-04-2026 18:10:52 RAM 5574/7620MB (lfb 3x4MB) SWAP 16/3810MB (cached 0MB) CPU [20%@1497,2%@1497,33%@1497,2%@1497,0%@729,33%@729] GR3D_FREQ 0% cpu@50.062C soc2@49.687C soc0@49.656C gpu@51.312C tj@51.312C soc1@49.5C VDD_IN 5337mW/5185mW VDD_CPU_GPU_CV 1562mW/1524mW VDD_SOC 1484mW/1462mW"
peoplewalking.mp4,139,5585,7620,0,"07-04-2026 18:10:53 RAM 5585/7620MB (lfb 3x4MB) SWAP 16/3810MB (cached 0MB) CPU [39%@729,3%@729,22%@729,10%@729,43%@1497,0%@1497] GR3D_FREQ 0% cpu@50C soc2@49.531C soc0@49.656C gpu@51.187C tj@51.187C soc1@49.531C VDD_IN 4782mW/5183mW VDD_CPU_GPU_CV 1324mW/1523mW VDD_SOC 1406mW/1461mW"
peoplewalking.mp4,140,5575,7620,0,"07-04-2026 18:10:54 RAM 5575/7620MB (lfb 3x4MB) SWAP 16/3810MB (cached 0MB) CPU [14%@729,4%@729,3%@729,1%@729,62%@1497,9%@1497] GR3D_FREQ 0% cpu@50.093C soc2@49.562C soc0@49.625C gpu@51.343C tj@51.343C soc1@49.593C VDD_IN 5176mW/5182mW VDD_CPU_GPU_CV 1484mW/1522mW VDD_SOC 1444mW/1461mW"
peoplewalking.mp4,141,5571,7620,0,"07-04-2026 18:10:55 RAM 5571/7620MB (lfb 3x4MB) SWAP 16/3810MB (cached 0MB) CPU [27%@1113,3%@1113,4%@1113,11%@1113,30%@729,26%@729] GR3D_FREQ 0% cpu@49.843C soc2@49.75C soc0@49.781C gpu@51.593C tj@51.593C soc1@49.593C VDD_IN 6240mW/5190mW VDD_CPU_GPU_CV 1956mW/1525mW VDD_SOC 1680mW/1463mW"
peoplewalking.mp4,142,5577,7620,0,"07-04-2026 18:10:56 RAM 5577/7620MB (lfb 3x4MB) SWAP 16/3810MB (cached 0MB) CPU [8%@729,2%@729,3%@729,2%@729,86%@1497,9%@1497] GR3D_FREQ 0% cpu@49.812C soc2@49.5C soc0@49.562C gpu@51.125C tj@51.125C soc1@49.468C VDD_IN 4782mW/5187mW VDD_CPU_GPU_CV 1286mW/1524mW VDD_SOC 1406mW/1462mW"
peoplewalking.mp4,143,5572,7620,0,"07-04-2026 18:10:57 RAM 5572/7620MB (lfb 3x4MB) SWAP 16/3810MB (cached 0MB) CPU [35%@1344,1%@1344,10%@1344,2%@1344,1%@729,43%@729] GR3D_FREQ 0% cpu@50.062C soc2@49.5C soc0@49.718C gpu@51.281C tj@51.281C soc1@49.5C VDD_IN 5769mW/5191mW VDD_CPU_GPU_CV 1720mW/1525mW VDD_SOC 1602mW/1463mW"
peoplewalking.mp4,144,5582,7620,0,"07-04-2026 18:10:58 RAM 5582/7620MB (lfb 3x4MB) SWAP 16/3810MB (cached 0MB) CPU [5%@729,7%@729,76%@729,9%@729,25%@1497,0%@1497] GR3D_FREQ 0% cpu@50.156C soc2@49.562C soc0@49.687C gpu@51.125C tj@51.125C soc1@49.625C VDD_IN 4903mW/5189mW VDD_CPU_GPU_CV 1404mW/1524mW VDD_SOC 1404mW/1463mW"
peoplewalking.mp4,145,5569,7620,0,"07-04-2026 18:10:59 RAM 5569/7620MB (lfb 1x2MB) SWAP 16/3810MB (cached 0MB) CPU [22%@729,2%@729,3%@729,5%@729,45%@1497,11%@1497] GR3D_FREQ 0% cpu@50.125C soc2@49.656C soc0@49.625C gpu@51.406C tj@51.406C soc1@49.656C VDD_IN 5377mW/5190mW VDD_CPU_GPU_CV 1562mW/1525mW VDD_SOC 1482mW/1463mW"
peoplewalking.mp4,146,5574,7620,94,"07-04-2026 18:11:00 RAM 5574/7620MB (lfb 11x1MB) SWAP 16/3810MB (cached 0MB) CPU [5%@729,3%@729,13%@729,2%@729,44%@1113,39%@1113] GR3D_FREQ 94% cpu@49.781C soc2@49.687C soc0@49.593C gpu@51.781C tj@51.781C soc1@49.468C VDD_IN 6440mW/5199mW VDD_CPU_GPU_CV 2156mW/1529mW VDD_SOC 1680mW/1464mW"
peoplewalking.mp4,147,5577,7620,99,"07-04-2026 18:11:01 RAM 5577/7620MB (lfb 11x1MB) SWAP 16/3810MB (cached 0MB) CPU [2%@729,2%@729,2%@729,1%@729,46%@1497,53%@1497] GR3D_FREQ 99% cpu@49.875C soc2@49.562C soc0@49.531C gpu@51.562C tj@51.562C soc1@49.531C VDD_IN 4975mW/5197mW VDD_CPU_GPU_CV 1402mW/1528mW VDD_SOC 1444mW/1464mW"
peoplewalking.mp4,148,5576,7620,0,"07-04-2026 18:11:02 RAM 5576/7620MB (lfb 11x1MB) SWAP 16/3810MB (cached 0MB) CPU [2%@729,1%@729,1%@729,0%@729,63%@1497,23%@1497] GR3D_FREQ 0% cpu@50.125C soc2@49.562C soc0@49.687C gpu@51.468C tj@51.468C soc1@49.562C VDD_IN 4863mW/5195mW VDD_CPU_GPU_CV 1366mW/1527mW VDD_SOC 1406mW/1464mW"
peoplewalking.mp4,149,5582,7620,99,"07-04-2026 18:11:03 RAM 5582/7620MB (lfb 11x1MB) SWAP 16/3810MB (cached 0MB) CPU [12%@729,50%@729,4%@729,3%@729,24%@729,18%@729] GR3D_FREQ 99% cpu@49.75C soc2@49.718C soc0@49.718C gpu@52.031C tj@52.031C soc1@49.593C VDD_IN 6049mW/5201mW VDD_CPU_GPU_CV 2080mW/1531mW VDD_SOC 1562mW/1465mW"
peoplewalking.mp4,150,5577,7620,0,"07-04-2026 18:11:04 RAM 5577/7620MB (lfb 6x2MB) SWAP 16/3810MB (cached 0MB) CPU [4%@729,0%@729,0%@729,1%@729,77%@1497,15%@1497] GR3D_FREQ 0% cpu@49.906C soc2@49.625C soc0@49.75C gpu@51.125C tj@51.125C soc1@49.718C VDD_IN 4790mW/5198mW VDD_CPU_GPU_CV 1326mW/1529mW VDD_SOC 1406mW/1464mW"
peoplewalking.mp4,151,5583,7620,0,"07-04-2026 18:11:05 RAM 5583/7620MB (lfb 14x1MB) SWAP 16/3810MB (cached 0MB) CPU [53%@729,3%@729,2%@729,12%@729,8%@883,26%@883] GR3D_FREQ 0% cpu@49.875C soc2@49.625C soc0@49.593C gpu@51.625C tj@51.625C soc1@49.437C VDD_IN 6410mW/5206mW VDD_CPU_GPU_CV 2120mW/1533mW VDD_SOC 1680mW/1466mW"
peoplewalking.mp4,152,5578,7620,0,"07-04-2026 18:11:06 RAM 5578/7620MB (lfb 7x2MB) SWAP 16/3810MB (cached 0MB) CPU [9%@1497,2%@1497,1%@1497,3%@1497,83%@806,11%@806] GR3D_FREQ 0% cpu@50.343C soc2@49.656C soc0@49.5C gpu@51.187C tj@51.187C soc1@49.5C VDD_IN 4823mW/5204mW VDD_CPU_GPU_CV 1324mW/1532mW VDD_SOC 1406mW/1465mW"
peoplewalking.mp4,153,5570,7620,0,"07-04-2026 18:11:07 RAM 5570/7620MB (lfb 7x2MB) SWAP 16/3810MB (cached 0MB) CPU [46%@806,2%@806,1%@806,7%@806,2%@729,29%@729] GR3D_FREQ 0% cpu@50C soc2@49.718C soc0@49.75C gpu@51.218C tj@51.218C soc1@49.531C VDD_IN 5849mW/5208mW VDD_CPU_GPU_CV 1800mW/1534mW VDD_SOC 1602mW/1466mW"
peoplewalking.mp4,154,5580,7620,0,"07-04-2026 18:11:08 RAM 5580/7620MB (lfb 7x2MB) SWAP 16/3810MB (cached 0MB) CPU [4%@1497,25%@1497,3%@1497,78%@1497,3%@729,1%@729] GR3D_FREQ 0% cpu@49.812C soc2@49.593C soc0@49.718C gpu@51.468C tj@51.468C soc1@49.562C VDD_IN 4823mW/5205mW VDD_CPU_GPU_CV 1364mW/1532mW VDD_SOC 1406mW/1466mW"
peoplewalking.mp4,155,5575,7620,0,"07-04-2026 18:11:09 RAM 5575/7620MB (lfb 7x2MB) SWAP 16/3810MB (cached 0MB) CPU [0%@1497,30%@1497,1%@1497,22%@1497,2%@729,32%@729] GR3D_FREQ 0% cpu@50.093C soc2@49.562C soc0@49.781C gpu@51.562C tj@51.562C soc1@49.468C VDD_IN 5417mW/5207mW VDD_CPU_GPU_CV 1602mW/1533mW VDD_SOC 1482mW/1466mW"
peoplewalking.mp4,156,5581,7620,99,"07-04-2026 18:11:10 RAM 5581/7620MB (lfb 14x1MB) SWAP 16/3810MB (cached 0MB) CPU [29%@729,3%@729,6%@729,40%@729,1%@729,19%@729] GR3D_FREQ 99% cpu@49.781C soc2@49.625C soc0@49.625C gpu@51.843C tj@51.843C soc1@49.437C VDD_IN 6160mW/5213mW VDD_CPU_GPU_CV 2116mW/1537mW VDD_SOC 1600mW/1467mW"
peoplewalking.mp4,157,5577,7620,0,"07-04-2026 18:11:11 RAM 5577/7620MB (lfb 1x2MB) SWAP 16/3810MB (cached 0MB) CPU [25%@1497,26%@1497,1%@1497,2%@1497,33%@729,17%@729] GR3D_FREQ 0% cpu@50.25C soc2@49.562C soc0@49.625C gpu@51.093C tj@51.093C soc1@49.5C VDD_IN 4895mW/5211mW VDD_CPU_GPU_CV 1362mW/1535mW VDD_SOC 1404mW/1466mW"
peoplewalking.mp4,158,5574,7620,0,"07-04-2026 18:11:12 RAM 5574/7620MB (lfb 1x2MB) SWAP 16/3810MB (cached 0MB) CPU [1%@729,3%@729,1%@729,0%@729,48%@1497,31%@1497] GR3D_FREQ 0% cpu@50.156C soc2@49.531C soc0@49.718C gpu@51.031C tj@51.031C soc1@49.562C VDD_IN 4983mW/5209mW VDD_CPU_GPU_CV 1404mW/1535mW VDD_SOC 1446mW/1466mW"
peoplewalking.mp4,159,5580,7620,99,"07-04-2026 18:11:13 RAM 5580/7620MB (lfb 1x2MB) SWAP 16/3810MB (cached 0MB) CPU [1%@729,50%@729,2%@729,1%@729,40%@729,9%@729] GR3D_FREQ 99% cpu@49.593C soc2@49.562C soc0@49.75C gpu@51.687C tj@51.687C soc1@49.656C VDD_IN 5016mW/5208mW VDD_CPU_GPU_CV 1484mW/1534mW VDD_SOC 1404mW/1466mW"
peoplewalking.mp4,160,5576,7620,0,"07-04-2026 18:11:14 RAM 5576/7620MB (lfb 1x2MB) SWAP 16/3810MB (cached 0MB) CPU [2%@729,14%@729,4%@729,0%@729,14%@1497,73%@1497] GR3D_FREQ 0% cpu@49.781C soc2@49.625C soc0@49.625C gpu@51.218C tj@51.218C soc1@49.375C VDD_IN 4903mW/5206mW VDD_CPU_GPU_CV 1404mW/1534mW VDD_SOC 1406mW/1465mW"
peoplewalking.mp4,161,5579,7620,91,"07-04-2026 18:11:15 RAM 5579/7620MB (lfb 1x2MB) SWAP 16/3810MB (cached 0MB) CPU [3%@729,1%@729,2%@729,54%@729,17%@883,23%@883] GR3D_FREQ 91% cpu@49.812C soc2@49.5C soc0@49.531C gpu@51.656C tj@51.656C soc1@49.5C VDD_IN 5457mW/5208mW VDD_CPU_GPU_CV 1762mW/1535mW VDD_SOC 1442mW/1465mW"
peoplewalking.mp4,162,5574,7620,0,"07-04-2026 18:11:16 RAM 5574/7620MB (lfb 1x2MB) SWAP 16/3810MB (cached 0MB) CPU [0%@1497,1%@1497,2%@1497,71%@1497,19%@729,0%@729] GR3D_FREQ 0% cpu@49.968C soc2@49.593C soc0@49.625C gpu@51.25C tj@51.25C soc1@49.5C VDD_IN 4750mW/5205mW VDD_CPU_GPU_CV 1326mW/1534mW VDD_SOC 1406mW/1465mW"
peoplewalking.mp4,163,5578,7620,99,"07-04-2026 18:11:17 RAM 5578/7620MB (lfb 1x2MB) SWAP 16/3810MB (cached 0MB) CPU [13%@729,5%@729,6%@729,64%@729,15%@729,1%@729] GR3D_FREQ 99% cpu@49.812C soc2@49.656C soc0@49.656C gpu@51.875C tj@51.781C soc1@49.562C VDD_IN 6450mW/5213mW VDD_CPU_GPU_CV 2156mW/1537mW VDD_SOC 1720mW/1466mW"
peoplewalking.mp4,164,5586,7620,0,"07-04-2026 18:11:18 RAM 5586/7620MB (lfb 1x2MB) SWAP 16/3810MB (cached 0MB) CPU [3%@1497,84%@1497,4%@1497,18%@1497,0%@729,0%@729] GR3D_FREQ 0% cpu@50.062C soc2@49.656C soc0@49.812C gpu@51.031C tj@51.031C soc1@49.5C VDD_IN 4863mW/5210mW VDD_CPU_GPU_CV 1364mW/1536mW VDD_SOC 1406mW/1466mW"
peoplewalking.mp4,165,5571,7620,0,"07-04-2026 18:11:19 RAM 5571/7620MB (lfb 1x2MB) SWAP 16/3810MB (cached 0MB) CPU [3%@729,1%@729,7%@729,81%@729,0%@729,1%@729] GR3D_FREQ 0% cpu@49.968C soc2@49.562C soc0@49.562C gpu@51.218C tj@51.218C soc1@49.468C VDD_IN 6129mW/5216mW VDD_CPU_GPU_CV 1960mW/1539mW VDD_SOC 1680mW/1467mW"
peoplewalking.mp4,166,5571,7620,0,"07-04-2026 18:11:20 RAM 5571/7620MB (lfb 17x1MB) SWAP 16/3810MB (cached 0MB) CPU [24%@1497,2%@1497,78%@1497,1%@1497,0%@729,0%@729] GR3D_FREQ 0% cpu@50.156C soc2@49.687C soc0@49.656C gpu@51.218C tj@51.218C soc1@49.468C VDD_IN 4782mW/5213mW VDD_CPU_GPU_CV 1326mW/1538mW VDD_SOC 1406mW/1467mW"
peoplewalking.mp4,167,5571,7620,0,"07-04-2026 18:11:21 RAM 5571/7620MB (lfb 3x2MB) SWAP 16/3810MB (cached 0MB) CPU [28%@1497,22%@1497,28%@1497,8%@1497,0%@729,1%@729] GR3D_FREQ 0% cpu@50.312C soc2@49.656C soc0@49.625C gpu@51.156C tj@51.156C soc1@49.5C VDD_IN 5256mW/5214mW VDD_CPU_GPU_CV 1524mW/1538mW VDD_SOC 1484mW/1467mW"
peoplewalking.mp4,168,5575,7620,0,"07-04-2026 18:11:22 RAM 5575/7620MB (lfb 3x2MB) SWAP 16/3810MB (cached 0MB) CPU [37%@1497,2%@1497,65%@1497,2%@1497,0%@729,0%@729] GR3D_FREQ 0% cpu@50.031C soc2@49.75C soc0@49.687C gpu@51.187C tj@51.187C soc1@49.625C VDD_IN 4669mW/5210mW VDD_CPU_GPU_CV 1286mW/1536mW VDD_SOC 1366mW/1466mW"
peoplewalking.mp4,169,5574,7620,0,"07-04-2026 18:11:23 RAM 5574/7620MB (lfb 3x2MB) SWAP 16/3810MB (cached 0MB) CPU [23%@1497,34%@1497,5%@1497,32%@1497,0%@729,0%@729] GR3D_FREQ 0% cpu@50C soc2@49.718C soc0@49.718C gpu@51.406C tj@51.406C soc1@49.468C VDD_IN 5176mW/5210mW VDD_CPU_GPU_CV 1484mW/1536mW VDD_SOC 1444mW/1466mW"
peoplewalking.mp4,170,5577,7620,0,"07-04-2026 18:11:24 RAM 5577/7620MB (lfb 3x2MB) SWAP 16/3810MB (cached 0MB) CPU [2%@729,4%@729,4%@729,51%@729,0%@1497,50%@1497] GR3D_FREQ 0% cpu@49.875C soc2@49.468C soc0@49.625C gpu@51.343C tj@51.343C soc1@49.468C VDD_IN 4782mW/5208mW VDD_CPU_GPU_CV 1324mW/1535mW VDD_SOC 1404mW/1466mW"
peoplewalking.mp4,171,5572,7620,0,"07-04-2026 18:11:25 RAM 5572/7620MB (lfb 3x2MB) SWAP 16/3810MB (cached 0MB) CPU [2%@1497,32%@1497,58%@1497,1%@1497,3%@729,0%@729] GR3D_FREQ 0% cpu@50.375C soc2@49.687C soc0@49.562C gpu@51.375C tj@51.375C soc1@49.531C VDD_IN 4943mW/5206mW VDD_CPU_GPU_CV 1406mW/1534mW VDD_SOC 1406mW/1466mW"
peoplewalking.mp4,172,5575,7620,90,"07-04-2026 18:11:26 RAM 5575/7620MB (lfb 3x2MB) SWAP 16/3810MB (cached 0MB) CPU [3%@1113,12%@1113,35%@1113,1%@1113,0%@729,52%@729] GR3D_FREQ 90% cpu@50.125C soc2@49.531C soc0@49.593C gpu@51.843C tj@51.843C soc1@49.5C VDD_IN 5104mW/5206mW VDD_CPU_GPU_CV 1524mW/1534mW VDD_SOC 1404mW/1465mW"
peoplewalking.mp4,173,5571,7620,0,"07-04-2026 18:11:27 RAM 5571/7620MB (lfb 3x2MB) SWAP 16/3810MB (cached 0MB) CPU [2%@1497,24%@1497,2%@1497,64%@1497,0%@729,0%@729] GR3D_FREQ 0% cpu@50C soc2@49.625C soc0@49.656C gpu@51.281C tj@51.281C soc1@49.625C VDD_IN 4830mW/5203mW VDD_CPU_GPU_CV 1326mW/1533mW VDD_SOC 1406mW/1465mW"
peoplewalking.mp4,174,5576,7620,99,"07-04-2026 18:11:28 RAM 5576/7620MB (lfb 3x2MB) SWAP 16/3810MB (cached 0MB) CPU [11%@729,24%@729,7%@729,22%@729,3%@729,51%@729] GR3D_FREQ 99% cpu@49.875C soc2@49.656C soc0@49.5C gpu@51.687C tj@51.687C soc1@49.375C VDD_IN 6129mW/5209mW VDD_CPU_GPU_CV 2120mW/1536mW VDD_SOC 1600mW/1466mW"
peoplewalking.mp4,175,5574,7620,0,"07-04-2026 18:11:29 RAM 5574/7620MB (lfb 3x2MB) SWAP 16/3810MB (cached 0MB) CPU [1%@1497,13%@1497,4%@1497,80%@1497,0%@729,0%@729] GR3D_FREQ 0% cpu@50.25C soc2@49.468C soc0@49.593C gpu@51.218C tj@51.218C soc1@49.5C VDD_IN 4790mW/5206mW VDD_CPU_GPU_CV 1326mW/1535mW VDD_SOC 1406mW/1465mW"
peoplewalking.mp4,176,5568,7620,0,"07-04-2026 18:11:30 RAM 5568/7620MB (lfb 3x2MB) SWAP 16/3810MB (cached 0MB) CPU [5%@1036,27%@1036,56%@1036,6%@1036,1%@729,2%@729] GR3D_FREQ 0% cpu@49.812C soc2@49.656C soc0@49.593C gpu@51.437C tj@51.437C soc1@49.562C VDD_IN 6209mW/5212mW VDD_CPU_GPU_CV 1960mW/1537mW VDD_SOC 1682mW/1467mW"
peoplewalking.mp4,177,5582,7620,0,"07-04-2026 18:11:31 RAM 5582/7620MB (lfb 3x2MB) SWAP 16/3810MB (cached 0MB) CPU [59%@1497,13%@1497,4%@1497,13%@1497,28%@729,0%@729] GR3D_FREQ 0% cpu@50.312C soc2@49.593C soc0@49.75C gpu@51.187C tj@51.187C soc1@49.562C VDD_IN 4863mW/5210mW VDD_CPU_GPU_CV 1364mW/1536mW VDD_SOC 1404mW/1466mW"
peoplewalking.mp4,178,5568,7620,0,"07-04-2026 18:11:32 RAM 5568/7620MB (lfb 3x2MB) SWAP 16/3810MB (cached 0MB) CPU [5%@729,33%@729,2%@729,45%@729,7%@806,0%@806] GR3D_FREQ 0% cpu@49.656C soc2@49.593C soc0@49.781C gpu@51.281C tj@51.281C soc1@49.593C VDD_IN 5809mW/5213mW VDD_CPU_GPU_CV 1760mW/1537mW VDD_SOC 1602mW/1467mW"
peoplewalking.mp4,179,5580,7620,0,"07-04-2026 18:11:33 RAM 5580/7620MB (lfb 3x2MB) SWAP 16/3810MB (cached 0MB) CPU [52%@1497,23%@1497,2%@1497,4%@1497,29%@729,0%@729] GR3D_FREQ 0% cpu@49.968C soc2@49.625C soc0@49.5C gpu@51.406C tj@51.406C soc1@49.5C VDD_IN 4782mW/5211mW VDD_CPU_GPU_CV 1326mW/1536mW VDD_SOC 1406mW/1467mW"
peoplewalking.mp4,180,5572,7620,0,"07-04-2026 18:11:34 RAM 5572/7620MB (lfb 3x2MB) SWAP 16/3810MB (cached 0MB) CPU [19%@1497,65%@1497,6%@1497,5%@1497,1%@729,0%@729] GR3D_FREQ 0% cpu@50.156C soc2@49.718C soc0@49.625C gpu@51.562C tj@51.562C soc1@49.437C VDD_IN 5377mW/5212mW VDD_CPU_GPU_CV 1562mW/1536mW VDD_SOC 1484mW/1467mW"
peoplewalking.mp4,181,5576,7620,0,"07-04-2026 18:11:35 RAM 5576/7620MB (lfb 3x2MB) SWAP 16/3810MB (cached 0MB) CPU [54%@1497,42%@1497,2%@1497,2%@1497,14%@729,1%@729] GR3D_FREQ 0% cpu@49.968C soc2@49.562C soc0@49.593C gpu@51.062C tj@51.062C soc1@49.531C VDD_IN 4782mW/5210mW VDD_CPU_GPU_CV 1324mW/1535mW VDD_SOC 1404mW/1466mW"
peoplewalking.mp4,182,5572,7620,0,"07-04-2026 18:11:36 RAM 5572/7620MB (lfb 3x2MB) SWAP 16/3810MB (cached 0MB) CPU [2%@729,49%@729,2%@729,1%@729,33%@1497,1%@1497] GR3D_FREQ 0% cpu@50.062C soc2@49.531C soc0@49.75C gpu@51.125C tj@51.125C soc1@49.625C VDD_IN 5184mW/5209mW VDD_CPU_GPU_CV 1484mW/1535mW VDD_SOC 1484mW/1467mW"
peoplewalking.mp4,183,5575,7620,0,"07-04-2026 18:11:37 RAM 5575/7620MB (lfb 3x2MB) SWAP 16/3810MB (cached 0MB) CPU [4%@1497,0%@1497,1%@1497,49%@1497,53%@729,1%@729] GR3D_FREQ 0% cpu@50.093C soc2@49.562C soc0@49.531C gpu@51.218C tj@51.218C soc1@49.468C VDD_IN 4742mW/5207mW VDD_CPU_GPU_CV 1324mW/1534mW VDD_SOC 1406mW/1466mW"
peoplewalking.mp4,184,5575,7620,0,"07-04-2026 18:11:38 RAM 5575/7620MB (lfb 3x2MB) SWAP 16/3810MB (cached 0MB) CPU [4%@729,33%@729,5%@729,6%@729,48%@1497,1%@1497] GR3D_FREQ 0% cpu@49.937C soc2@49.562C soc0@49.531C gpu@51.218C tj@51.218C soc1@49.531C VDD_IN 4983mW/5206mW VDD_CPU_GPU_CV 1404mW/1533mW VDD_SOC 1406mW/1466mW"
peoplewalking.mp4,185,5577,7620,48,"07-04-2026 18:11:39 RAM 5577/7620MB (lfb 3x2MB) SWAP 16/3810MB (cached 0MB) CPU [2%@1036,13%@1036,2%@1036,53%@1036,45%@729,1%@729] GR3D_FREQ 48% cpu@49.937C soc2@49.531C soc0@49.625C gpu@51.312C tj@51.312C soc1@49.5C VDD_IN 4782mW/5203mW VDD_CPU_GPU_CV 1324mW/1532mW VDD_SOC 1364mW/1465mW"
peoplewalking.mp4,186,5572,7620,0,"07-04-2026 18:11:40 RAM 5572/7620MB (lfb 3x2MB) SWAP 16/3810MB (cached 0MB) CPU [2%@729,27%@729,2%@729,0%@729,57%@1497,2%@1497] GR3D_FREQ 0% cpu@49.781C soc2@49.531C soc0@49.625C gpu@51.125C tj@51.125C soc1@49.625C VDD_IN 4823mW/5201mW VDD_CPU_GPU_CV 1366mW/1531mW VDD_SOC 1406mW/1465mW"
peoplewalking.mp4,187,5576,7620,76,"07-04-2026 18:11:41 RAM 5576/7620MB (lfb 3x2MB) SWAP 16/3810MB (cached 0MB) CPU [53%@883,12%@883,2%@883,1%@883,32%@729,1%@729] GR3D_FREQ 76% cpu@49.781C soc2@49.625C soc0@49.656C gpu@51.687C tj@51.687C soc1@49.406C VDD_IN 5457mW/5203mW VDD_CPU_GPU_CV 1762mW/1532mW VDD_SOC 1484mW/1465mW"
peoplewalking.mp4,188,5573,7620,0,"07-04-2026 18:11:42 RAM 5573/7620MB (lfb 3x2MB) SWAP 16/3810MB (cached 0MB) CPU [2%@729,11%@729,8%@729,2%@729,70%@1497,0%@1497] GR3D_FREQ 0% cpu@50.093C soc2@49.406C soc0@49.593C gpu@51.218C tj@51.218C soc1@49.468C VDD_IN 4823mW/5201mW VDD_CPU_GPU_CV 1364mW/1531mW VDD_SOC 1406mW/1465mW"
peoplewalking.mp4,189,5579,7620,99,"07-04-2026 18:11:43 RAM 5579/7620MB (lfb 3x2MB) SWAP 16/3810MB (cached 0MB) CPU [5%@729,59%@729,3%@729,2%@729,29%@729,2%@729] GR3D_FREQ 99% cpu@49.906C soc2@49.593C soc0@49.75C gpu@51.937C tj@51.937C soc1@49.437C VDD_IN 6169mW/5206mW VDD_CPU_GPU_CV 2120mW/1535mW VDD_SOC 1600mW/1465mW"
peoplewalking.mp4,190,5574,7620,0,"07-04-2026 18:11:44 RAM 5574/7620MB (lfb 3x2MB) SWAP 16/3810MB (cached 0MB) CPU [1%@729,17%@729,2%@729,1%@729,1%@1497,82%@1497] GR3D_FREQ 0% cpu@49.781C soc2@49.531C soc0@49.656C gpu@51.187C tj@51.187C soc1@49.625C VDD_IN 4709mW/5203mW VDD_CPU_GPU_CV 1326mW/1533mW VDD_SOC 1368mW/1465mW"
peoplewalking.mp4,191,5568,7620,0,"07-04-2026 18:11:45 RAM 5568/7620MB (lfb 3x2MB) SWAP 16/3810MB (cached 0MB) CPU [1%@1420,25%@1420,4%@1420,2%@1420,53%@729,6%@729] GR3D_FREQ 0% cpu@49.937C soc2@49.687C soc0@49.562C gpu@51.312C tj@51.312C soc1@49.406C VDD_IN 6240mW/5209mW VDD_CPU_GPU_CV 2000mW/1536mW VDD_SOC 1680mW/1466mW"
peoplewalking.mp4,192,5575,7620,0,"07-04-2026 18:11:46 RAM 5575/7620MB (lfb 3x2MB) SWAP 16/3810MB (cached 0MB) CPU [1%@729,7%@729,1%@729,1%@729,13%@1497,82%@1497] GR3D_FREQ 0% cpu@49.968C soc2@49.437C soc0@49.562C gpu@51.062C tj@51.062C soc1@49.468C VDD_IN 4782mW/5206mW VDD_CPU_GPU_CV 1324mW/1535mW VDD_SOC 1406mW/1466mW"
peoplewalking.mp4,193,5572,7620,0,"07-04-2026 18:11:47 RAM 5572/7620MB (lfb 3x2MB) SWAP 16/3810MB (cached 0MB) CPU [0%@1497,24%@1497,1%@1497,1%@1497,37%@729,21%@729] GR3D_FREQ 0% cpu@49.906C soc2@49.531C soc0@49.656C gpu@51.218C tj@51.218C soc1@49.468C VDD_IN 5497mW/5208mW VDD_CPU_GPU_CV 1602mW/1535mW VDD_SOC 1522mW/1466mW"
peoplewalking.mp4,194,5579,7620,0,"07-04-2026 18:11:48 RAM 5579/7620MB (lfb 3x2MB) SWAP 16/3810MB (cached 0MB) CPU [30%@1497,50%@1497,4%@1497,4%@1497,23%@729,0%@729] GR3D_FREQ 0% cpu@50.281C soc2@49.75C soc0@49.625C gpu@51.156C tj@51.156C soc1@49.562C VDD_IN 4742mW/5205mW VDD_CPU_GPU_CV 1324mW/1534mW VDD_SOC 1406mW/1466mW"
peoplewalking.mp4,195,5572,7620,0,"07-04-2026 18:11:49 RAM 5572/7620MB (lfb 3x2MB) SWAP 16/3810MB (cached 0MB) CPU [26%@729,3%@729,4%@729,3%@729,28%@1497,34%@1497] GR3D_FREQ 0% cpu@49.843C soc2@49.656C soc0@49.718C gpu@51.156C tj@51.156C soc1@49.687C VDD_IN 5256mW/5206mW VDD_CPU_GPU_CV 1524mW/1534mW VDD_SOC 1484mW/1466mW"
peoplewalking.mp4,196,5575,7620,0,"07-04-2026 18:11:50 RAM 5575/7620MB (lfb 3x2MB) SWAP 16/3810MB (cached 0MB) CPU [1%@1497,44%@1497,1%@1497,0%@1497,60%@729,11%@729] GR3D_FREQ 0% cpu@49.968C soc2@49.531C soc0@49.562C gpu@51.25C tj@51.25C soc1@49.468C VDD_IN 4742mW/5203mW VDD_CPU_GPU_CV 1364mW/1533mW VDD_SOC 1366mW/1465mW"
peoplewalking.mp4,197,5571,7620,0,"07-04-2026 18:11:51 RAM 5571/7620MB (lfb 3x2MB) SWAP 16/3810MB (cached 0MB) CPU [2%@729,11%@729,1%@729,1%@729,37%@1497,35%@1497] GR3D_FREQ 0% cpu@50.062C soc2@49.437C soc0@49.593C gpu@51.25C tj@51.25C soc1@49.468C VDD_IN 5064mW/5203mW VDD_CPU_GPU_CV 1444mW/1533mW VDD_SOC 1446mW/1465mW"
peoplewalking.mp4,198,5574,7620,0,"07-04-2026 18:11:53 RAM 5574/7620MB (lfb 3x2MB) SWAP 16/3810MB (cached 0MB) CPU [2%@1497,53%@1497,2%@1497,1%@1497,49%@729,0%@729] GR3D_FREQ 0% cpu@49.906C soc2@49.531C soc0@49.625C gpu@51.312C tj@51.312C soc1@49.531C VDD_IN 4742mW/5200mW VDD_CPU_GPU_CV 1284mW/1531mW VDD_SOC 1406mW/1465mW"
peoplewalking.mp4,199,5574,7620,0,"07-04-2026 18:11:54 RAM 5574/7620MB (lfb 3x2MB) SWAP 16/3810MB (cached 0MB) CPU [1%@729,0%@729,5%@729,0%@729,55%@1497,30%@1497] GR3D_FREQ 0% cpu@49.781C soc2@49.593C soc0@49.687C gpu@51.343C tj@51.343C soc1@49.562C VDD_IN 4983mW/5199mW VDD_CPU_GPU_CV 1406mW/1531mW VDD_SOC 1446mW/1465mW"
peoplewalking.mp4,200,5577,7620,89,"07-04-2026 18:11:55 RAM 5577/7620MB (lfb 3x2MB) SWAP 16/3810MB (cached 0MB) CPU [4%@729,3%@729,1%@729,53%@729,30%@883,11%@883] GR3D_FREQ 89% cpu@49.593C soc2@49.593C soc0@49.75C gpu@51.718C tj@51.718C soc1@49.437C VDD_IN 5457mW/5201mW VDD_CPU_GPU_CV 1762mW/1532mW VDD_SOC 1484mW/1465mW"
peoplewalking.mp4,201,5571,7620,0,"07-04-2026 18:11:56 RAM 5571/7620MB (lfb 3x2MB) SWAP 16/3810MB (cached 0MB) CPU [0%@729,2%@729,1%@729,1%@729,68%@1497,21%@1497] GR3D_FREQ 0% cpu@50C soc2@49.437C soc0@49.625C gpu@51.156C tj@51.156C soc1@49.437C VDD_IN 4790mW/5198mW VDD_CPU_GPU_CV 1326mW/1531mW VDD_SOC 1406mW/1465mW"
peoplewalking.mp4,202,5574,7620,99,"07-04-2026 18:11:57 RAM 5574/7620MB (lfb 3x2MB) SWAP 16/3810MB (cached 0MB) CPU [3%@729,52%@729,4%@729,3%@729,20%@1344,19%@1344] GR3D_FREQ 99% cpu@49.843C soc2@49.593C soc0@49.625C gpu@51.656C tj@51.656C soc1@49.531C VDD_IN 5658mW/5201mW VDD_CPU_GPU_CV 1883mW/1533mW VDD_SOC 1482mW/1465mW"
peoplewalking.mp4,203,5571,7620,0,"07-04-2026 18:11:58 RAM 5571/7620MB (lfb 3x2MB) SWAP 16/3810MB (cached 0MB) CPU [0%@729,1%@729,1%@729,0%@729,77%@1497,16%@1497] GR3D_FREQ 0% cpu@49.875C soc2@49.5C soc0@49.687C gpu@51.375C tj@51.375C soc1@49.687C VDD_IN 4709mW/5198mW VDD_CPU_GPU_CV 1286mW/1531mW VDD_SOC 1366mW/1464mW"
peoplewalking.mp4,204,5583,7620,0,"07-04-2026 18:11:59 RAM 5583/7620MB (lfb 17x1MB) SWAP 16/3810MB (cached 0MB) CPU [2%@806,36%@806,5%@806,6%@806,43%@729,3%@729] GR3D_FREQ 0% cpu@49.875C soc2@49.718C soc0@49.781C gpu@51.781C tj@51.781C soc1@49.5C VDD_IN 6360mW/5204mW VDD_CPU_GPU_CV 2080mW/1534mW VDD_SOC 1680mW/1465mW"
peoplewalking.mp4,205,5577,7620,0,"07-04-2026 18:12:00 RAM 5577/7620MB (lfb 3x2MB) SWAP 16/3810MB (cached 0MB) CPU [3%@729,2%@729,4%@729,11%@729,5%@1497,84%@1497] GR3D_FREQ 0% cpu@50.218C soc2@49.5C soc0@49.562C gpu@51.406C tj@51.406C soc1@49.562C VDD_IN 4823mW/5202mW VDD_CPU_GPU_CV 1326mW/1533mW VDD_SOC 1406mW/1465mW"
peoplewalking.mp4,206,5568,7620,0,"07-04-2026 18:12:01 RAM 5568/7620MB (lfb 3x2MB) SWAP 16/3810MB (cached 0MB) CPU [2%@729,3%@729,15%@729,23%@729,55%@1497,4%@1497] GR3D_FREQ 0% cpu@50.187C soc2@49.593C soc0@49.593C gpu@51.687C tj@51.687C soc1@49.437C VDD_IN 6009mW/5206mW VDD_CPU_GPU_CV 1840mW/1535mW VDD_SOC 1640mW/1466mW"
peoplewalking.mp4,207,5598,7620,0,"07-04-2026 18:12:02 RAM 5598/7620MB (lfb 1x2MB) SWAP 16/3810MB (cached 0MB) CPU [6%@1497,13%@1497,54%@1497,24%@1497,8%@729,82%@729] GR3D_FREQ 0% cpu@50.75C soc2@49.593C soc0@49.687C gpu@51.125C tj@51.218C soc1@49.562C VDD_IN 5360mW/5207mW VDD_CPU_GPU_CV 1677mW/1535mW VDD_SOC 1440mW/1466mW"
peoplewalking.mp4,208,5571,7620,0,"07-04-2026 18:12:03 RAM 5571/7620MB (lfb 3x2MB) SWAP 16/3810MB (cached 0MB) CPU [26%@1497,20%@1497,13%@1497,38%@1497,48%@729,7%@729] GR3D_FREQ 0% cpu@50C soc2@49.718C soc0@49.781C gpu@51.312C tj@51.312C soc1@49.718C VDD_IN 5689mW/5209mW VDD_CPU_GPU_CV 1760mW/1536mW VDD_SOC 1522mW/1466mW"
peoplewalking.mp4,209,5577,7620,0,"07-04-2026 18:12:04 RAM 5577/7620MB (lfb 3x2MB) SWAP 16/3810MB (cached 0MB) CPU [70%@1497,3%@1497,34%@1497,4%@1497,0%@729,0%@729] GR3D_FREQ 0% cpu@50.281C soc2@49.718C soc0@49.781C gpu@51.281C tj@51.281C soc1@49.5C VDD_IN 4742mW/5207mW VDD_CPU_GPU_CV 1326mW/1535mW VDD_SOC 1406mW/1466mW"
peoplewalking.mp4,210,5568,7620,0,"07-04-2026 18:12:05 RAM 5568/7620MB (lfb 3x2MB) SWAP 16/3810MB (cached 0MB) CPU [57%@1497,9%@1497,24%@1497,2%@1497,1%@729,0%@729] GR3D_FREQ 0% cpu@50.25C soc2@49.843C soc0@49.625C gpu@51.218C tj@51.218C soc1@49.5C VDD_IN 5265mW/5207mW VDD_CPU_GPU_CV 1524mW/1535mW VDD_SOC 1484mW/1466mW"
peoplewalking.mp4,211,5573,7620,0,"07-04-2026 18:12:06 RAM 5573/7620MB (lfb 3x2MB) SWAP 16/3810MB (cached 0MB) CPU [53%@1497,2%@1497,50%@1497,1%@1497,0%@729,0%@729] GR3D_FREQ 0% cpu@50.531C soc2@49.562C soc0@49.718C gpu@51.25C tj@51.25C soc1@49.5C VDD_IN 4742mW/5205mW VDD_CPU_GPU_CV 1286mW/1534mW VDD_SOC 1406mW/1466mW"
peoplewalking.mp4,212,5572,7620,0,"07-04-2026 18:12:07 RAM 5572/7620MB (lfb 3x2MB) SWAP 16/3810MB (cached 0MB) CPU [3%@1497,32%@1497,7%@1497,47%@1497,0%@729,0%@729] GR3D_FREQ 0% cpu@50.187C soc2@49.593C soc0@49.75C gpu@51.312C tj@51.312C soc1@49.625C VDD_IN 4983mW/5204mW VDD_CPU_GPU_CV 1406mW/1534mW VDD_SOC 1446mW/1465mW"
peoplewalking.mp4,213,5576,7620,97,"07-04-2026 18:12:08 RAM 5576/7620MB (lfb 3x2MB) SWAP 16/3810MB (cached 0MB) CPU [3%@1497,9%@1497,52%@1497,38%@1497,0%@729,0%@729] GR3D_FREQ 97% cpu@49.75C soc2@49.593C soc0@49.656C gpu@51.312C tj@51.312C soc1@49.437C VDD_IN 4782mW/5202mW VDD_CPU_GPU_CV 1366mW/1533mW VDD_SOC 1366mW/1465mW"
peoplewalking.mp4,214,5574,7620,0,"07-04-2026 18:12:09 RAM 5574/7620MB (lfb 1x4MB) SWAP 16/3810MB (cached 0MB) CPU [3%@1497,28%@1497,5%@1497,60%@1497,1%@729,0%@729] GR3D_FREQ 0% cpu@50.312C soc2@49.625C soc0@49.593C gpu@51.281C tj@51.281C soc1@49.562C VDD_IN 4863mW/5200mW VDD_CPU_GPU_CV 1366mW/1532mW VDD_SOC 1406mW/1465mW"
peoplewalking.mp4,215,5577,7620,98,"07-04-2026 18:12:10 RAM 5577/7620MB (lfb 1x4MB) SWAP 16/3810MB (cached 0MB) CPU [3%@1267,69%@1267,3%@1267,25%@1267,0%@729,1%@729] GR3D_FREQ 98% cpu@49.968C soc2@49.687C soc0@49.687C gpu@51.656C tj@51.656C soc1@49.562C VDD_IN 5649mW/5202mW VDD_CPU_GPU_CV 1883mW/1534mW VDD_SOC 1482mW/1465mW"
peoplewalking.mp4,216,5578,7620,0,"07-04-2026 18:12:11 RAM 5578/7620MB (lfb 1x4MB) SWAP 16/3810MB (cached 0MB) CPU [64%@729,20%@729,4%@729,7%@729,14%@1497,0%@1497] GR3D_FREQ 0% cpu@49.937C soc2@49.656C soc0@49.781C gpu@51.218C tj@51.218C soc1@49.687C VDD_IN 4903mW/5201mW VDD_CPU_GPU_CV 1404mW/1533mW VDD_SOC 1406mW/1465mW"
peoplewalking.mp4,217,5582,7620,0,"07-04-2026 18:12:12 RAM 5582/7620MB (lfb 14x1MB) SWAP 16/3810MB (cached 0MB) CPU [3%@883,72%@883,3%@883,2%@883,11%@729,1%@729] GR3D_FREQ 0% cpu@49.75C soc2@49.718C soc0@49.656C gpu@51.718C tj@51.718C soc1@49.437C VDD_IN 6410mW/5207mW VDD_CPU_GPU_CV 2120mW/1536mW VDD_SOC 1720mW/1466mW"
peoplewalking.mp4,218,5575,7620,0,"07-04-2026 18:12:13 RAM 5575/7620MB (lfb 1x4MB) SWAP 16/3810MB (cached 0MB) CPU [1%@1497,19%@1497,2%@1497,1%@1497,84%@729,0%@729] GR3D_FREQ 0% cpu@50.062C soc2@49.625C soc0@49.562C gpu@51.093C tj@51.093C soc1@49.5C VDD_IN 4823mW/5205mW VDD_CPU_GPU_CV 1324mW/1535mW VDD_SOC 1406mW/1465mW"
peoplewalking.mp4,219,5569,7620,0,"07-04-2026 18:12:14 RAM 5569/7620MB (lfb 1x4MB) SWAP 16/3810MB (cached 0MB) CPU [3%@883,45%@883,11%@883,4%@883,34%@729,4%@729] GR3D_FREQ 0% cpu@49.968C soc2@49.625C soc0@49.687C gpu@51.25C tj@51.25C soc1@49.562C VDD_IN 5889mW/5208mW VDD_CPU_GPU_CV 1800mW/1536mW VDD_SOC 1602mW/1466mW"
peoplewalking.mp4,220,5577,7620,0,"07-04-2026 18:12:15 RAM 5577/7620MB (lfb 1x4MB) SWAP 16/3810MB (cached 0MB) CPU [4%@729,2%@729,2%@729,1%@729,17%@1497,84%@1497] GR3D_FREQ 0% cpu@49.843C soc2@49.5C soc0@49.718C gpu@51.125C tj@51.125C soc1@49.593C VDD_IN 4742mW/5206mW VDD_CPU_GPU_CV 1286mW/1535mW VDD_SOC 1406mW/1466mW"
peoplewalking.mp4,221,5570,7620,0,"07-04-2026 18:12:16 RAM 5570/7620MB (lfb 1x4MB) SWAP 16/3810MB (cached 0MB) CPU [1%@729,35%@729,3%@729,2%@729,33%@1036,16%@1036] GR3D_FREQ 0% cpu@49.687C soc2@49.562C soc0@49.5C gpu@51.187C tj@51.406C soc1@49.687C VDD_IN 5417mW/5207mW VDD_CPU_GPU_CV 1562mW/1535mW VDD_SOC 1484mW/1466mW"
peoplewalking.mp4,222,5577,7620,0,"07-04-2026 18:12:17 RAM 5577/7620MB (lfb 1x4MB) SWAP 16/3810MB (cached 0MB) CPU [1%@1497,1%@1497,4%@1497,27%@1497,0%@729,75%@729] GR3D_FREQ 0% cpu@50.031C soc2@49.531C soc0@49.625C gpu@51.343C tj@51.343C soc1@49.5C VDD_IN 4702mW/5205mW VDD_CPU_GPU_CV 1286mW/1534mW VDD_SOC 1366mW/1465mW"
peoplewalking.mp4,223,5572,7620,0,"07-04-2026 18:12:18 RAM 5572/7620MB (lfb 1x4MB) SWAP 16/3810MB (cached 0MB) CPU [2%@729,33%@729,1%@729,28%@729,0%@1497,24%@1497] GR3D_FREQ 0% cpu@50.093C soc2@49.625C soc0@49.562C gpu@51.343C tj@51.343C soc1@49.468C VDD_IN 5216mW/5205mW VDD_CPU_GPU_CV 1484mW/1534mW VDD_SOC 1444mW/1465mW"
peoplewalking.mp4,224,5577,7620,0,"07-04-2026 18:12:19 RAM 5577/7620MB (lfb 1x4MB) SWAP 16/3810MB (cached 0MB) CPU [41%@1497,5%@1497,3%@1497,1%@1497,0%@729,62%@729] GR3D_FREQ 0% cpu@50.281C soc2@49.75C soc0@49.687C gpu@51.406C tj@51.406C soc1@49.656C VDD_IN 4702mW/5202mW VDD_CPU_GPU_CV 1286mW/1532mW VDD_SOC 1366mW/1465mW"
