
[host] monitor off
monitor off
monitor off
> 
[host] heartbeat off
heartbeat off
heartbeat off
> 
[host] info
info
firmware  : Sep 25 2026 13:40:56
SYSCLK    : 180000000 Hz
HCLK      : 180000000 Hz
APB1      : 45000000 Hz  (bxCAN)
APB2      : 90000000 Hz  (USART1)
CAN1      : 250000 bps, 15 tq (BRP 12, BS1 12, BS2 2, SJW 2)
            sample point 86.7%
CAN mode  : normal, error-active
heartbeat : off, ID 0x500
monitor   : off
> 
[host] cfg
cfg
config v2, 9 keys, slot 0/1024 used
    vdda_mv         3325 mV    (default 3325, 2000..3600)
    r_ipropi        1465 ohm   (default 1465, 100..10000)
    a_ipropi         450 uA/A  (default 450, 100..2000)
    trip_ma         1000 mA    (default 1000, 0..1600)
    duty_limit      1000 o/oo  (default 1000, 0..1000)
    rail_mv        12000 mV    (default 12000, 0..40000)
    isense_avg        32       (default 32, 1..1024)
    sat_raw         4050       (default 4050, 1000..4095)
    vref_div           3       (default 3, 1..4)
  (* = differs from the compiled default)
  sub: <key> [value] | save | revert | default [<key>] | help
> 
[host] drv
drv
nSLEEP low (disabled)  duty +0%  decay slow (drive-brake)  limit 100%  nFAULT ASSERTED
trip 1579 mA (VREF 3123 mV, DAC 3847, buffer on)  ADC ceiling 5043 mA
  FAULT SEEN: 1300834 ms asserted, first at duty +0% - 'drv clearfault' to reset
  watchdog 2000 ms armed, 0 ms remaining  - HAS EXPIRED
  sub: enable | disable | duty <+/-pct> | brake | coast
       decay slow|fast | limit <pct> | current [n] | zero
       iscan [n] [from] [to] [step]  (diagnostic: IPROPI vs PWM phase)
       trip [<mA> | buf on|off] | clearfault | timeout [ms]
> 
[host] enc
enc
count 1550967  rev 184.5686  rpm 0.00  raw 1550967  d 0  up
  8403.2 counts per output revolution, window 100 ticks
  ticks since zero: 13478073
  sub: zero | watch on|off | window <ticks> | probe [ms]
> 
[host] drv enable
drv enable
nSLEEP high - driver awake (waited 2 ms)
> 
[host] drv clearfault
drv clearfault
fault latch cleared - nFAULT reads clear right now
> 
[host] telem rate 10
telem rate 10
rate 10 Hz (period 100 ms)
> 
[host] telem on
telem on
telem on at 10 Hz - seq restarted at 0
> T,0,13478125,0,1550967,0,14,18
T,1,13478224,0,1550967,0,13,18
T,2,13478324,0,1550967,0,13,18
T,3,13478424,0,1550967,0,12,18
T,4,13478524,0,1550967,0,12,18
T,5,13478624,0,1550967,0,11,18
T,6,13478724,0,1550967,0,12,18
T,7,13478824,0,1550967,0,12,18
T,8,13478924,0,1550967,0,11,18

[host] telem off
telem off
telem off - 9 lines sent
> 
[host] enc window 100
enc window 100
window 100 ticks - 10 Hz update, 0.07 rpm per count
> 
[host] drv trip 1580
drv trip 1580
trip 1579 mA  (VREF 3123 mV, DAC code 3847, buffer on)
  range 101..1580 mA, ADC ceiling 5043 mA, 1 DAC code = 1/3 ADC LSB (VREF/3)
  (applied live - the driver follows VREF immediately)
  (not persistent - 'cfg trip_ma <mA>' then 'cfg save' to survive a reset)
> 
[host] drv timeout 2000
drv timeout 2000
timeout 2000 ms, 2000 ms remaining
  any 'drv duty' kicks it; re-issuing this command kicks it too
> 
[host] drv decay slow
drv decay slow
decay slow - IN1 high, IN2 PWM inverted (drive/brake)
> 
[host] telem rate 50
telem rate 50
rate 50 Hz (period 20 ms)
> 
[host] telem on
telem on
telem on at 50 Hz - seq restarted at 0
> T,0,13479007
[host] drv duty 12
,0,1550967,0,12,2
drv duty 12
duty +12%
> T,1,13479026,120,1550967,0,572,2
T,2,13479046,120,1550972,214,357,2
T,3,13479066,120,1550983,214,247,2
T,4,13479086,120,1550996,214,169,2
T,5,13479106,120,1551012,214,153,2
T,6,13479126,120,1551028,214,180,2
T,7,13479146,120,1551046,5069,164,2
T,8,13479166,120,1551065,5069,182,2
T,9,13479186,120,1551084,5069,230,2
T,10,13479206,120,1551104,5069,169,2
T,11,13479226,120,1551124,5069,86,2
T,12,13479246,120,1551144,6997,76,2
T,13,13479266,120,1551164,6997,177,2
T,14,13479286,120,1551183,6997,231,2
T,15,13479306,120,1551201,6997,145,2
T,16,13479326,120,1551219,6997,150,2
T,17,13479346,120,1551237,6640,168,2
T,18,13479366,120,1551256,6640,180,2
T,19,13479386,120,1551275,6640,146,2
T,20,13479406,120,1551293,6640,155,2
T,21,13479426,120,1551311,6640,161,2
T,22,13479446,120,1551329,6568,98,2
T,23,13479466,120,1551349,6568,88,2
T,24,13479486,120,1551368,6568,109,2
T,25,13479506,120,1551389,6568,118,2

[host] drv timeout 2000
drv timeout 2000
timeout 2000 ms, 2000 ms remaining
  any 'drv duty' kicks it; re-issuing this command kicks it too
> T,26,13479526,120,1551410,6568,87,2
T,27,13479546,120,1551432,7211,148,2
T,28,13479566,120,1551453,7211,114,2
T,29,13479586,120,1551475,7211,65,2
T,30,13479606,120,1551496,7211,81,2
T,31,13479626,120,1551516,7211,167,2
T,32,13479646,120,1551532,7354,208,2
T,33,13479666,120,1551546,7354,252,2
T,34,13479686,120,1551559,7354,258,2
T,35,13479706,120,1551572,7354,178,2
T,36,13479726,120,1551585,7354,280,2
T,37,13479746,120,1551599,4783,274,2
T,38,13479766,120,1551612,4783,411,2
T,39,13479786,120,1551626,4783,156,2
T,40,13479806,120,1551640,4783,332,2
T,41,13479826,120,1551656,4783,208,2
T,42,13479846,120,1551672,5140,267,2
T,43,13479866,120,1551690,5140,89,2
T,44,13479886,120,1551709,5140,115,2
T,45,13479906,120,1551728,5140,134,2
T,46,13479926,120,1551749,5140,147,2
T,47,13479946,120,1551769,6854,211,2
T,48,13479966,120,1551791,6854,201,2
T,49,13479986,120,1551812,6854,146,2
T,50,13480006,120,1551834,6854,203,2

[host] drv duty 13
drv duty 13
duty +13%
> T,51,13480026,130,1551856,6854,238,2
T,52,13480046,130,1551877,7711,166,2
T,53,13480066,130,1551897,7711,413,2
T,54,13480086,130,1551917,7711,387,2
T,55,13480106,130,1551938,7711,329,2
T,56,13480126,130,1551957,7711,318,2
T,57,13480146,130,1551978,7211,305,2
T,58,13480166,130,1551999,7211,256,2
T,59,13480186,130,1552020,7211,295,2
T,60,13480206,130,1552043,7211,261,2

[host] drv duty 14
T,61,13480226,130,1552065,7211,275,2
drv duty 14
duty +14%
> T,62,13480246,140,1552089,7854,216,2
T,63,13480266,140,1552113,7854,115,2
T,64,13480286,140,1552138,7854,215,2
T,65,13480306,140,1552164,7854,208,2
T,66,13480326,140,1552189,7854,221,2
T,67,13480346,140,1552213,8853,104,2
T,68,13480366,140,1552233,8853,237,2
T,69,13480386,140,1552249,8853,338,2
T,70,13480406,140,1552264,8853,416,2
T,71,13480426,140,1552279,8853,291,2

[host] drv duty 15
drv duty 15
duty +15%
> T,72,13480446,150,1552295,5997,482,3
T,73,13480466,150,1552313,5997,462,3
T,74,13480486,150,1552332,5997,469,3
T,75,13480506,150,1552352,5997,361,3
T,76,13480526,150,1552374,5997,354,3
T,77,13480546,150,1552397,7140,344,3
T,78,13480566,150,1552423,7140,307,3
T,79,13480586,150,1552448,7140,262,3
T,80,13480606,150,1552475,7140,294,3
T,81,13480626,150,1552503,7140,253,3

[host] drv duty 16
drv duty 16
duty +16%
> T,82,13480646,160,1552530,9424,270,3
T,83,13480666,160,1552557,9424,384,3
T,84,13480686,160,1552584,9424,246,3
T,85,13480706,160,1552611,9424,359,3
T,86,13480726,160,1552638,9424,245,3
T,87,13480746,160,1552664,9567,424,3
T,88,13480766,160,1552692,9567,247,3
T,89,13480786,160,1552720,9567,248,3
T,90,13480806,160,1552749,9567,301,3
T,91,13480826,160,1552780,9567,217,3

[host] drv duty 17
T,92,13480846,160,1552811,10353,220,3
drv duty 17
duty +17%
> T,93,13480866,170,1552841,10353,208,3
T,94,13480886,170,1552871,10353,290,3
T,95,13480906,170,1552900,10353,339,3
T,96,13480926,170,1552929,10353,315,3
T,97,13480946,170,1552952,10281,365,3
T,98,13480966,170,1552974,10281,464,3
T,99,13480986,170,1552996,10281,382,3
T,100,13481006,170,1553020,10281,361,3
T,101,13481026,170,1553045,10281,304,3
T,102,13481046,170,1553072,8496,311,3

[host] drv duty 18
drv duty 18
duty +18%
> T,103,13481066,180,1553100,8496,361,3
T,104,13481086,180,1553130,8496,265,3
T,105,13481106,180,1553161,8496,198,3
T,106,13481126,180,1553193,8496,221,3
T,107,13481146,180,1553227,10924,241,3
T,108,13481166,180,1553261,10924,311,3
T,109,13481186,180,1553295,10924,208,3
T,110,13481206,180,1553328,10924,238,3
T,111,13481226,180,1553360,10924,192,3
T,112,13481246,180,1553392,11781,208,3

[host] drv duty 19
drv duty 19
duty +19%
> T,113,13481266,190,1553425,11781,224,3
T,114,13481286,190,1553460,11781,152,3
T,115,13481306,190,1553496,11781,363,3
T,116,13481326,190,1553532,11781,201,3
T,117,13481346,190,1553569,12566,196,3
T,118,13481366,190,1553604,12566,360,3
T,119,13481386,190,1553636,12566,320,3
T,120,13481406,190,1553664,12566,341,3
T,121,13481426,190,1553691,12566,392,3
T,122,13481446,190,1553719,10924,327,3

[host] drv duty 20
T,123,13481466,190,1553749,10924,313,3
drv duty 20
duty +20%
> T,124,13481486,200,1553780,10924,281,3
T,125,13481506,200,1553813,10924,313,3
T,126,13481526,200,1553849,10924,293,3
T,127,13481546,200,1553885,11638,246,3
T,128,13481566,200,1553921,11638,318,3
T,129,13481586,200,1553957,11638,252,3
T,130,13481606,200,1553995,11638,235,3
T,131,13481626,200,1554032,11638,231,3
T,132,13481646,200,1554069,13137,253,3
T,133,13481666,200,1554108,13137,237,3

[host] drv duty 21
drv duty 21
duty +21%
> T,134,13481686,210,1554147,13137,242,3
T,135,13481706,210,1554187,13137,161,3
T,136,13481726,210,1554228,13137,142,3
T,137,13481746,210,1554270,14208,161,3
T,138,13481766,210,1554311,14208,214,3
T,139,13481786,210,1554348,14208,408,3
T,140,13481806,210,1554381,14208,433,3
T,141,13481826,210,1554416,14208,336,3
T,142,13481846,210,1554451,13066,261,3
T,143,13481866,210,1554487,13066,272,3

[host] drv duty 22
drv duty 22
duty +22%
> T,144,13481886,220,1554524,13066,328,3
T,145,13481906,220,1554563,13066,417,3
T,146,13481926,220,1554604,13066,291,3
T,147,13481946,220,1554645,13709,254,3
T,148,13481966,220,1554687,13709,206,3
T,149,13481986,220,1554729,13709,225,3
T,150,13482006,220,1554771,13709,192,3
T,151,13482026,220,1554813,13709,188,3
T,152,13482046,220,1554856,15065,164,3
T,153,13482066,220,1554900,15065,189,3
T,154,13482086,220,1554944,15065
[host] drv duty 23
,180,3
drv duty 23
duty +23%
> T,155,13482106,230,1554988,15065,306,3
T,156,13482126,230,1555032,15065,481,3
T,157,13482146,230,1555068,15351,389,3
T,158,13482166,230,1555104,15351,348,3
T,159,13482186,230,1555142,15351,333,3
T,160,13482206,230,1555183,15351,361,3
T,161,13482226,230,1555225,15351,358,3
T,162,13482246,230,1555269,14137,280,3
T,163,13482266,230,1555313,14137,192,3
T,164,13482286,230,1555359,14137,195,3

[host] drv duty 24
drv duty 24
duty +24%
> T,165,13482306,240,1555405,14137,317,3
T,166,13482326,240,1555448,14137,278,3
T,167,13482346,240,1555492,15922,301,3
T,168,13482366,240,1555536,15922,221,3
T,169,13482386,240,1555583,15922,210,3
T,170,13482406,240,1555629,15922,369,3
T,171,13482426,240,1555677,15922,189,3
T,172,13482446,240,1555725,16565,297,3
T,173,13482466,240,1555767,16565,354,3
T,174,13482486,240,1555806,16565,370,3

[host] drv duty 25
T,175,13482506,240,1555847,16565,306,3
drv duty 25
duty +25%
> T,176,13482526,250,1555890,16565,293,3
T,177,13482546,250,1555936,15065,263,3
T,178,13482566,250,1555983,15065,229,3
T,179,13482586,250,1556032,15065,249,3
T,180,13482606,250,1556081,15065,210,3
T,181,13482626,250,1556130,15065,353,3
T,182,13482646,250,1556176,17207,246,3
T,183,13482666,250,1556223,17207,240,3
T,184,13482686,250,1556271,17207,283,3
T,185,13482706,250,1556320,17207,212,3

[host] drv duty 26
drv duty 26
duty +26%
> T,186,13482726,260,1556369,17207,226,3
T,187,13482746,260,1556420,17279,345,3
T,188,13482766,260,1556467,17279,344,3
T,189,13482786,260,1556508,17279,475,3
T,190,13482806,260,1556552,17279,322,3
T,191,13482826,260,1556598,17279,349,3
T,192,13482846,260,1556647,16208,273,3
T,193,13482866,260,1556697,16208,313,3
T,194,13482886,260,1556749,16208,294,3
T,195,13482906,260,1556799,16208,259,3

[host] drv duty 27
drv duty 27
duty +27%
> T,196,13482926,270,1556846,16208,449,3
T,197,13482946,270,1556895,17707,296,3
T,198,13482966,270,1556946,17707,233,3
T,199,13482986,270,1556999,17707,245,3
T,200,13483006,270,1557051,17707,315,3
T,201,13483026,270,1557103,17707,279,3
T,202,13483046,270,1557155,18564,343,3
T,203,13483066,270,1557203,18564,349,3
T,204,13483086,270,1557249,18564,411,3
T,205,13483106,270,1557297,18564,310,3
T,206,13483126,270,1557348,18564
[host] drv duty 28
,267,3
drv duty 28
duty +28%
> T,207,13483146,280,1557400,17421,363,3
T,208,13483166,280,1557455,17421,155,3
T,209,13483186,280,1557509,17421,222,3
T,210,13483206,280,1557563,17421,305,3
T,211,13483226,280,1557614,17421,440,3
T,212,13483246,280,1557664,18921,311,3
T,213,13483266,280,1557716,18921,317,3
T,214,13483286,280,1557770,18921,235,3
T,215,13483306,280,1557825,18921,386,3
T,216,13483326,280,1557875,18921,373,3

[host] drv duty 29
drv duty 29
duty +29%
> T,217,13483346,290,1557920,18421,458,3
T,218,13483366,290,1557968,18421,347,3
T,219,13483386,290,1558019,18421,435,3
T,220,13483406,290,1558073,18421,349,3
T,221,13483426,290,1558129,18421,229,3
T,222,13483446,290,1558187,18707,318,3
T,223,13483466,290,1558243,18707,279,3
T,224,13483486,290,1558297,18707,343,3
T,225,13483506,290,1558353,18707,227,3
T,226,13483526,290,1558410,18707,211,3

[host] drv duty 29
drv duty 29
duty +29%
> T,227,13483546,290,1558468,20063,281,3
T,228,13483566,290,1558526,20063,205,3
T,229,13483586,290,1558582,20063,360,3
T,230,13483606,290,1558631,20063,425,3
T,231,13483626,290,1558681,20063,418,3
T,232,13483646,290,1558735,19135,232,3
T,233,13483666,290,1558791,19135,212,3
T,234,13483686,290,1558849,19135,369,3
T,235,13483706,290,1558907,19135,286,3
T,236,13483726,290,1558962,19135,248,3
T,237,13483746,290,1559017,20206,280,3
T,238,13483766,290,1559075,20206,274,3
T,239,13483786,290,1559132,20206,214,3
T,240,13483806,290,1559191,20206,395,3
T,241,13483826,290,1559249,20206,214,3
T,242,13483846,290,1559302,20420,425,3
T,243,13483866,290,1559352,20420,416,3
T,244,13483886,290,1559406,20420,418,3
T,245,13483906,290,1559461,20420,285,3
T,246,13483926,290,1559519,20420,215,3
T,247,13483946,290,1559577,19492,261,3
T,248,13483966,290,1559635,19492,263,3
T,249,13483986,290,1559690,19492,309,3
T,250,13484006,290,1559746,19492,397,3
T,251,13484026,290,1559803,19492,274,3

[host] drv timeout 2000
T,252,13484046,290,1559861,20206,233,3
drv timeout 2000
timeout 2000 ms, 2000 ms remaining
  any 'drv duty' kicks it; re-issuing this command kicks it too
> T,253,13484066,290,1559920,20206,227,3
T,254,13484086,290,1559976,20206,306,3
T,255,13484106,290,1560025,20206,522,3
T,256,13484126,290,1560076,20206,390,3
T,257,13484146,290,1560129,19278,400,3
T,258,13484166,290,1560186,19278,288,3
T,259,13484186,290,1560244,19278,248,3
T,260,13484206,290,1560303,19278,305,3
T,261,13484226,290,1560358,19278,258,3
T,262,13484246,290,1560414,20277,238,3
T,263,13484266,290,1560472,20277,380,3
T,264,13484286,290,1560530,20277,183,3
T,265,13484306,290,1560589,20277,240,3
T,266,13484326,290,1560647,20277,272,3
T,267,13484346,290,1560697,20420,450,3
T,268,13484366,290,1560744,20420,400,3
T,269,13484386,290,1560795,20420,352,3
T,270,13484406,290,1560851,20420,237,3
T,271,13484426,290,1560908,20420,312,3
T,272,13484446,290,1560964,18921,328,3
T,273,13484466,290,1561019,18921,236,3
T,274,13484486,290,1561074,18921,251,3
T,275,13484506,290,1561130,18921,297,3
T,276,13484526,290,1561188,18921,242,3
T,277,13484546,290,1561246,19992
[host] drv timeout 2000
,200,3
drv timeout 2000
timeout 2000 ms, 2000 ms remaining
  any 'drv duty' kicks it; re-issuing this command kicks it too
> T,278,13484566,290,1561305,19992,261,3
T,279,13484586,290,1561361,19992,337,3
T,280,13484606,290,1561406,19992,433,3
T,281,13484626,290,1561454,19992,488,3
T,282,13484646,290,1561507,18778,322,3
T,283,13484666,290,1561563,18778,301,3
T,284,13484686,290,1561620,18778,262,3
T,285,13484706,290,1561676,18778,345,3
T,286,13484726,290,1561733,18778,275,3
T,287,13484746,290,1561791,20135,225,3
T,288,13484766,290,1561848,20135,315,3
T,289,13484786,290,1561907,20135,182,3
T,290,13484806,290,1561966,20135,277,3
T,291,13484826,290,1562026,20135,235,3
T,292,13484846,290,1562081,20849,397,3
T,293,13484866,290,1562128,20849,413,3
T,294,13484886,290,1562177,20849,448,3
T,295,13484906,290,1562231,20849,353,3
T,296,13484926,290,1562288,20849,251,3
T,297,13484946,290,1562346,18778,274,3
T,298,13484966,290,1562402,18778,320,3
T,299,13484986,290,1562457,18778,291,3
T,300,13485006,290,1562515,18778,237,3
T,301,13485026,290,1562573,18778,264,3
T,302,13485046,290,1562632,20420
[host] drv timeout 2000
,179,3
drv timeout 2000
timeout 2000 ms, 2000 ms remaining
  any 'drv duty' kicks it; re-issuing this command kicks it too
> T,303,13485066,290,1562692,20420,263,3
T,304,13485086,290,1562750,20420,280,3
T,305,13485106,290,1562800,20420,432,3
T,306,13485126,290,1562849,20420,464,3
T,307,13485146,290,1562901,19349,438,3
T,308,13485166,290,1562958,19349,259,3
T,309,13485186,290,1563016,19349,203,3
T,310,13485206,290,1563073,19349,416,3
T,311,13485226,290,1563129,19349,291,3
T,312,13485246,290,1563186,20277,225,3
T,313,13485266,290,1563244,20277,369,3
T,314,13485286,290,1563302,20277,216,3
T,315,13485306,290,1563362,20277,251,3
T,316,13485326,290,1563421,20277,219,3
T,317,13485346,290,1563476,20849,387,3
T,318,13485366,290,1563522,20849,606,3
T,319,13485386,290,1563572,20849,338,3
T,320,13485406,290,1563626,20849,315,3
T,321,13485426,290,1563683,20849,275,3
T,322,13485446,290,1563741,18778,225,3
T,323,13485466,290,1563799,18778,411,3
T,324,13485486,290,1563856,18778,219,3
T,325,13485506,290,1563913,18778,233,3
T,326,13485526,290,1563971,18778,321,3
T,327,13485546,290,1564030,20563
[host] drv timeout 2000
,204,3
drv timeout 2000
timeout 2000 ms, 2000 ms remaining
  any 'drv duty' kicks it; re-issuing this command kicks it too
> T,328,13485566,290,1564089,20563,262,3
T,329,13485586,290,1564149,20563,274,3
T,330,13485606,290,1564201,20563,405,3
T,331,13485626,290,1564250,20563,455,3
T,332,13485646,290,1564301,19563,322,3
T,333,13485666,290,1564357,19563,261,3
T,334,13485686,290,1564415,19563,265,3
T,335,13485706,290,1564474,19563,245,3
T,336,13485726,290,1564531,19563,247,3
T,337,13485746,290,1564587,20206,334,3
T,338,13485766,290,1564643,20206,272,3
T,339,13485786,290,1564701,20206,222,3
T,340,13485806,290,1564759,20206,408,3
T,341,13485826,290,1564818,20206,206,3
T,342,13485846,290,1564874,20634,350,3
T,343,13485866,290,1564923,20634,446,3
T,344,13485886,290,1564974,20634,422,3
T,345,13485906,290,1565028,20634,316,3
T,346,13485926,290,1565085,20634,240,3
T,347,13485946,290,1565144,19135,354,3
T,348,13485966,290,1565201,19135,279,3
T,349,13485986,290,1565256,19135,258,3
T,350,13486006,290,1565312,19135,301,3
T,351,13486026,290,1565368,19135,329,3
T,352,13486046,290,1565427,20206
[host] drv timeout 2000
,215,3
drv timeout 2000
timeout 2000 ms, 2000 ms remaining
  any 'drv duty' kicks it; re-issuing this command kicks it too
> T,353,13486066,290,1565485,20206,352,3
T,354,13486086,290,1565543,20206,249,3
T,355,13486106,290,1565598,20206,347,3
T,356,13486126,290,1565649,20206,290,3
T,357,13486146,290,1565704,19849,267,3
T,358,13486166,290,1565759,19849,267,3
T,359,13486186,290,1565817,19849,284,3
T,360,13486206,290,1565876,19849,219,3
T,361,13486226,290,1565936,19849,232,3
T,362,13486246,290,1565993,20634,301,3
T,363,13486266,290,1566048,20634,278,3
T,364,13486286,290,1566104,20634,421,3
T,365,13486306,290,1566161,20634,204,3
T,366,13486326,290,1566220,20634,274,3
T,367,13486346,290,1566276,20277,451,3
T,368,13486366,290,1566324,20277,435,3
T,369,13486386,290,1566374,20277,392,3
T,370,13486406,290,1566428,20277,305,3
T,371,13486426,290,1566485,20277,317,3
T,372,13486446,290,1566544,18992,206,3
T,373,13486466,290,1566602,18992,270,3
T,374,13486486,290,1566657,18992,443,3
T,375,13486506,290,1566713,18992,329,3
T,376,13486526,290,1566771,18992,215,3
T,377,13486546,290,1566829,20420
[host] drv timeout 2000
,336,3
drv timeout 2000
timeout 2000 ms, 2000 ms remaining
  any 'drv duty' kicks it; re-issuing this command kicks it too
> T,378,13486566,290,1566888,20420,226,3
T,379,13486586,290,1566948,20420,279,3
T,380,13486606,290,1567002,20420,422,3
T,381,13486626,290,1567053,20420,348,3
T,382,13486646,290,1567108,19920,374,3
T,383,13486666,290,1567164,19920,247,3
T,384,13486686,290,1567222,19920,289,3
T,385,13486706,290,1567282,19920,184,3
T,386,13486726,290,1567341,19920,384,3
T,387,13486746,290,1567397,20706,284,3
T,388,13486766,290,1567455,20706,235,3
T,389,13486786,290,1567513,20706,318,3
T,390,13486806,290,1567572,20706,235,3
T,391,13486826,290,1567631,20706,190,3
T,392,13486846,290,1567687,20706,355,3
T,393,13486866,290,1567737,20706,448,3
T,394,13486886,290,1567790,20706,393,3
T,395,13486906,290,1567846,20706,283,3
T,396,13486926,290,1567904,20706,273,3
T,397,13486946,290,1567964,19635,221,3
T,398,13486966,290,1568022,19635,424,3
T,399,13486986,290,1568078,19635,323,3
T,400,13487006,290,1568135,19635,233,3
T,401,13487026,290,1568193,19635,320,3
T,402,13487046,290,1568252,20563,217,3

[host] drv timeout 2000
drv timeout 2000
timeout 2000 ms, 2000 ms remaining
  any 'drv duty' kicks it; re-issuing this command kicks it too
> T,403,13487066,290,1568311,20563,293,3
T,404,13487086,290,1568369,20563,345,3
T,405,13487106,290,1568419,20563,429,3
T,406,13487126,290,1568471,20563,541,3
T,407,13487146,290,1568525,19635,291,3
T,408,13487166,290,1568583,19635,203,3
T,409,13487186,290,1568642,19635,352,3
T,410,13487206,290,1568702,19635,201,3
T,411,13487226,290,1568759,19635,297,3
T,412,13487246,290,1568816,20634,269,3
T,413,13487266,290,1568873,20634,246,3
T,414,13487286,290,1568932,20634,251,3
T,415,13487306,290,1568992,20634,243,3
T,416,13487326,290,1569051,20634,338,3
T,417,13487346,290,1569101,20634,576,3
T,418,13487366,290,1569150,20634,360,3
T,419,13487386,290,1569201,20634,301,3
T,420,13487406,290,1569257,20634,285,3
T,421,13487426,290,1569316,20634,261,3
T,422,13487446,290,1569373,19206,286,3
T,423,13487466,290,1569429,19206,327,3
T,424,13487486,290,1569485,19206,344,3
T,425,13487506,290,1569542,19206,232,3
T,426,13487526,290,1569601,19206,307,3
T,427,13487546,290,1569661,20492,183,3

[host] drv timeout 2000
drv timeout 2000
timeout 2000 ms, 2000 ms remaining
  any 'drv duty' kicks it; re-issuing this command kicks it too
> T,428,13487566,290,1569721,20492,311,3
T,429,13487586,290,1569773,20492,603,3
T,430,13487606,290,1569820,20492,492,3
T,431,13487626,290,1569870,20492,317,3
T,432,13487646,290,1569925,18921,309,3
T,433,13487666,290,1569982,18921,232,3
T,434,13487686,290,1570040,18921,328,3
T,435,13487706,290,1570097,18921,237,3
T,436,13487726,290,1570155,18921,306,3
T,437,13487746,290,1570212,20492,263,3
T,438,13487766,290,1570271,20492,205,3
T,439,13487786,290,1570330,20492,264,3
T,440,13487806,290,1570390,20492,345,3
T,441,13487826,290,1570449,20492,278,3
T,442,13487846,290,1570499,20706,657,3
T,443,13487866,290,1570547,20706,358,3
T,444,13487886,290,1570600,20706,309,3
T,445,13487906,290,1570656,20706,307,3
T,446,13487926,290,1570714,20706,294,3
T,447,13487946,290,1570772,19278,278,3
T,448,13487966,290,1570828,19278,364,3
T,449,13487986,290,1570886,19278,259,3
T,450,13488006,290,1570944,19278,312,3
T,451,13488026,290,1571004,19278,199,3
T,452,13488046,290,1571065,20777,253,3

[host] drv timeout 2000
drv timeout 2000
timeout 2000 ms, 2000 ms remaining
  any 'drv duty' kicks it; re-issuing this command kicks it too
> T,453,13488066,290,1571125,20777,273,3
T,454,13488086,290,1571180,20777,531,3
T,455,13488106,290,1571229,20777,429,3
T,456,13488126,290,1571280,20777,293,3
T,457,13488146,290,1571336,19492,240,3
T,458,13488166,290,1571393,19492,380,3
T,459,13488186,290,1571452,19492,195,3
T,460,13488206,290,1571510,19492,269,3
T,461,13488226,290,1571567,19492,286,3
T,462,13488246,290,1571625,20634,246,3
T,463,13488266,290,1571684,20634,243,3
T,464,13488286,290,1571744,20634,238,3
T,465,13488306,290,1571804,20634,232,3
T,466,13488326,290,1571861,20634,460,3
T,467,13488346,290,1571909,20492,541,3
T,468,13488366,290,1571958,20492,449,3
T,469,13488386,290,1572011,20492,384,3
T,470,13488406,290,1572068,20492,272,3
T,471,13488426,290,1572126,20492,253,3
T,472,13488446,290,1572185,19492,301,3
T,473,13488466,290,1572243,19492,270,3
T,474,13488486,290,1572300,19492,338,3
T,475,13488506,290,1572358,19492,220,3
T,476,13488526,290,1572417,19492,331,3
T,477,13488546,290,1572477,20777,192,3

[host] drv timeout 2000
drv timeout 2000
timeout 2000 ms, 2000 ms remaining
  any 'drv duty' kicks it; re-issuing this command kicks it too
> T,478,13488566,290,1572537,20777,278,3
T,479,13488586,290,1572593,20777,380,3
T,480,13488606,290,1572643,20777,482,3
T,481,13488626,290,1572695,20777,525,3
T,482,13488646,290,1572751,19635,237,3
T,483,13488666,290,1572809,19635,208,3
T,484,13488686,290,1572869,19635,253,3
T,485,13488706,290,1572928,19635,300,3
T,486,13488726,290,1572984,19635,315,3
T,487,13488746,290,1573041,20706,236,3
T,488,13488766,290,1573099,20706,333,3
T,489,13488786,290,1573158,20706,238,3
T,490,13488806,290,1573217,20706,297,3
T,491,13488826,290,1573273,20706,455,3
T,492,13488846,290,1573323,20277,416,3
T,493,13488866,290,1573374,20277,334,3
T,494,13488886,290,1573428,20277,300,3
T,495,13488906,290,1573485,20277,360,3
T,496,13488926,290,1573544,20277,231,3
T,497,13488946,290,1573601,19778,401,3
T,498,13488966,290,1573655,19778,497,3
T,499,13488986,290,1573711,19778,246,3
T,500,13489006,290,1573768,19778,212,3
T,501,13489026,290,1573827,19778,338,3
T,502,13489046,290,1573886,20206,208,3

[host] drv timeout 2000
drv timeout 2000
timeout 2000 ms, 2000 ms remaining
  any 'drv duty' kicks it; re-issuing this command kicks it too
> T,503,13489066,290,1573945,20206,331,3
T,504,13489086,290,1573999,20206,409,3
T,505,13489106,290,1574052,20206,325,3
T,506,13489126,290,1574106,20206,336,3
T,507,13489146,290,1574163,19778,251,3
T,508,13489166,290,1574221,19778,254,3
T,509,13489186,290,1574281,19778,184,3
T,510,13489206,290,1574341,19778,227,3
T,511,13489226,290,1574400,19778,317,3
T,512,13489246,290,1574455,20992,369,3
T,513,13489266,290,1574511,20992,294,3
T,514,13489286,290,1574569,20992,261,3
T,515,13489306,290,1574628,20992,248,3
T,516,13489326,290,1574684,20992,446,3
T,517,13489346,290,1574733,19992,493,3
T,518,13489366,290,1574784,19992,380,3
T,519,13489386,290,1574838,19992,345,3
T,520,13489406,290,1574896,19992,269,3
T,521,13489426,290,1574955,19992,312,3
T,522,13489446,290,1575012,19778,329,3
T,523,13489466,290,1575068,19778,325,3
T,524,13489486,290,1575125,19778,380,3
T,525,13489506,290,1575184,19778,235,3
T,526,13489526,290,1575244,19778,259,3
T,527,13489546,290,1575303,20634,172,3

[host] drv timeout 2000
drv timeout 2000
timeout 2000 ms, 2000 ms remaining
  any 'drv duty' kicks it; re-issuing this command kicks it too
> T,528,13489566,290,1575362,20634,456,3
T,529,13489586,290,1575415,20634,490,3
T,530,13489606,290,1575467,20634,413,3
T,531,13489626,290,1575521,20634,345,3
T,532,13489646,290,1575578,19706,280,3
T,533,13489666,290,1575637,19706,317,3
T,534,13489686,290,1575697,19706,226,3
T,535,13489706,290,1575755,19706,338,3
T,536,13489726,290,1575812,19706,328,3
T,537,13489746,290,1575869,20777,222,3
T,538,13489766,290,1575928,20777,291,3
T,539,13489786,290,1575988,20777,216,3
T,540,13489806,290,1576048,20777,273,3
T,541,13489826,290,1576101,20777,425,3
T,542,13489846,290,1576153,20349,423,3
T,543,13489866,290,1576207,20349,272,3
T,544,13489886,290,1576264,20349,199,3
T,545,13489906,290,1576324,20349,262,3
T,546,13489926,290,1576384,20349,322,3
T,547,13489946,290,1576442,20563,285,3
T,548,13489966,290,1576499,20563,238,3
T,549,13489986,290,1576556,20563,369,3
T,550,13490006,290,1576616,20563,210,3
T,551,13490026,290,1576675,20563,222,3
T,552,13490046,290,1576735,20849,243,3

[host] drv timeout 2000
drv timeout 2000
timeout 2000 ms, 2000 ms remaining
  any 'drv duty' kicks it; re-issuing this command kicks it too
> T,553,13490066,290,1576792,20849,538,3
T,554,13490086,290,1576843,20849,374,3
T,555,13490106,290,1576896,20849,391,3
T,556,13490126,290,1576953,20849,325,3
T,557,13490146,290,1577012,19706,222,3
T,558,13490166,290,1577071,19706,246,3
T,559,13490186,290,1577130,19706,304,3
T,560,13490206,290,1577187,19706,304,3
T,561,13490226,290,1577245,19706,233,3
T,562,13490246,290,1577303,20849,389,3
T,563,13490266,290,1577363,20849,214,3
T,564,13490286,290,1577423,20849,209,3
T,565,13490306,290,1577477,20849,464,3
T,566,13490326,290,1577525,20849,464,3
T,567,13490346,290,1577576,19635,357,3
T,568,13490366,290,1577632,19635,295,3
T,569,13490386,290,1577689,19635,301,3
T,570,13490406,290,1577748,19635,273,3
T,571,13490426,290,1577805,19635,357,3
T,572,13490446,290,1577861,20349,283,3
T,573,13490466,290,1577919,20349,270,3
T,574,13490486,290,1577978,20349,290,3
T,575,13490506,290,1578038,20349,254,3
T,576,13490526,290,1578099,20349,163,3
T,577,13490546,290,1578156,21063,530,3

[host] drv timeout 2000
drv timeout 2000
timeout 2000 ms, 2000 ms remaining
  any 'drv duty' kicks it; re-issuing this command kicks it too
> T,578,13490566,290,1578204,21063,536,3
T,579,13490586,290,1578253,21063,425,3
T,580,13490606,290,1578307,21063,401,3
T,581,13490626,290,1578364,21063,267,3
T,582,13490646,290,1578422,18849,296,3
T,583,13490666,290,1578479,18849,272,3
T,584,13490686,290,1578536,18849,231,3
T,585,13490706,290,1578594,18849,311,3
T,586,13490726,290,1578652,18849,214,3
T,587,13490746,290,1578712,20706,338,3
T,588,13490766,290,1578772,20706,232,3
T,589,13490786,290,1578832,20706,220,3
T,590,13490806,290,1578885,20706,454,3
T,591,13490826,290,1578933,20706,454,3
T,592,13490846,290,1578984,19635,334,3
T,593,13490866,290,1579040,19635,321,3
T,594,13490886,290,1579098,19635,290,3
T,595,13490906,290,1579156,19635,311,3
T,596,13490926,290,1579213,19635,337,3
T,597,13490946,290,1579270,20277,279,3
T,598,13490966,290,1579328,20277,278,3
T,599,13490986,290,1579387,20277,256,3
T,600,13491006,290,1579447,20277,281,3
T,601,13491026,290,1579507,20277,177,3
T,602,13491046,290,1579565,21134,526,3

[host] drv timeout 2000
drv timeout 2000
timeout 2000 ms, 2000 ms remaining
  any 'drv duty' kicks it; re-issuing this command kicks it too
> T,603,13491066,290,1579615,21134,446,3
T,604,13491086,290,1579665,21134,328,3
T,605,13491106,290,1579720,21134,247,3
T,606,13491126,290,1579778,21134,390,3
T,607,13491146,290,1579836,19278,206,3
T,608,13491166,290,1579895,19278,283,3
T,609,13491186,290,1579952,19278,262,3
T,610,13491206,290,1580009,19278,259,3
T,611,13491226,290,1580068,19278,233,3
T,612,13491246,290,1580128,20849,253,3
T,613,13491266,290,1580189,20849,215,3
T,614,13491286,290,1580249,20849,392,3
T,615,13491306,290,1580300,20849,496,3
T,616,13491326,290,1580348,20849,386,3
T,617,13491346,290,1580401,19492,321,3
T,618,13491366,290,1580458,19492,285,3
T,619,13491386,290,1580516,19492,257,3
T,620,13491406,290,1580576,19492,272,3
T,621,13491426,290,1580633,19492,336,3
T,622,13491446,290,1580690,20634,243,3
T,623,13491466,290,1580748,20634,296,3
T,624,13491486,290,1580808,20634,189,3
T,625,13491506,290,1580868,20634,274,3
T,626,13491526,290,1580928,20634,279,3
T,627,13491546,290,1580984,21063,397,3

[host] drv timeout 2000
drv timeout 2000
timeout 2000 ms, 2000 ms remaining
  any 'drv duty' kicks it; re-issuing this command kicks it too
> T,628,13491566,290,1581033,21063,446,3
T,629,13491586,290,1581085,21063,334,3
T,630,13491606,290,1581140,21063,302,3
T,631,13491626,290,1581198,21063,242,3
T,632,13491646,290,1581257,19349,211,3
T,633,13491666,290,1581316,19349,305,3
T,634,13491686,290,1581373,19349,245,3
T,635,13491706,290,1581431,19349,339,3
T,636,13491726,290,1581489,19349,256,3
T,637,13491746,290,1581548,20777,358,3
T,638,13491766,290,1581608,20777,225,3
T,639,13491786,290,1581666,20777,429,3
T,640,13491806,290,1581716,20777,446,3
T,641,13491826,290,1581768,20777,309,3
T,642,13491846,290,1581822,19635,281,3
T,643,13491866,290,1581879,19635,327,3
T,644,13491886,290,1581939,19635,203,3
T,645,13491906,290,1581997,19635,376,3
T,646,13491926,290,1582053,19635,332,3
T,647,13491946,290,1582109,20492,280,3
T,648,13491966,290,1582167,20492,414,3
T,649,13491986,290,1582225,20492,209,3
T,650,13492006,290,1582284,20492,286,3
T,651,13492026,290,1582343,20492,224,3
T,652,13492046,290,1582399,20777,361,3

[host] drv timeout 2000
drv timeout 2000
timeout 2000 ms, 2000 ms remaining
  any 'drv duty' kicks it; re-issuing this command kicks it too
> T,653,13492066,290,1582451,20777,347,3
T,654,13492086,290,1582505,20777,322,3
T,655,13492106,290,1582561,20777,309,3
T,656,13492126,290,1582620,20777,247,3
T,657,13492146,290,1582680,19920,306,3
T,658,13492166,290,1582740,19920,297,3
T,659,13492186,290,1582796,19920,364,3
T,660,13492206,290,1582852,19920,321,3
T,661,13492226,290,1582910,19920,241,3
T,662,13492246,290,1582968,20634,291,3
T,663,13492266,290,1583028,20634,242,3
T,664,13492286,290,1583084,20634,493,3
T,665,13492306,290,1583133,20634,389,3
T,666,13492326,290,1583185,20634,294,3
T,667,13492346,290,1583240,19421,246,3
T,668,13492366,290,1583299,19421,354,3
T,669,13492386,290,1583358,19421,220,3
T,670,13492406,290,1583418,19421,281,3
T,671,13492426,290,1583476,19421,237,3
T,672,13492446,290,1583534,20920,325,3
T,673,13492466,290,1583593,20920,238,3
T,674,13492486,290,1583652,20920,235,3
T,675,13492506,290,1583713,20920,253,3
T,676,13492526,290,1583772,20920,326,3
T,677,13492546,290,1583825,20920,333,3

[host] drv timeout 2000
drv timeout 2000
timeout 2000 ms, 2000 ms remaining
  any 'drv duty' kicks it; re-issuing this command kicks it too
> T,678,13492566,290,1583878,20920,322,3
T,679,13492586,290,1583933,20920,275,3
T,680,13492606,290,1583992,20920,299,3
T,681,13492626,290,1584052,20920,219,3
T,682,13492646,290,1584112,20277,267,3
T,683,13492666,290,1584169,20277,307,3
T,684,13492686,290,1584226,20277,290,3
T,685,13492706,290,1584284,20277,238,3
T,686,13492726,290,1584343,20277,373,3
T,687,13492746,290,1584403,20849,214,3
T,688,13492766,290,1584462,20849,334,3
T,689,13492786,290,1584514,20849,554,3
T,690,13492806,290,1584565,20849,402,3
T,691,13492826,290,1584620,20849,443,3
T,692,13492846,290,1584677,19635,265,3
T,693,13492866,290,1584737,19635,302,3
T,694,13492886,290,1584797,19635,258,3
T,695,13492906,290,1584855,19635,445,3
T,696,13492926,290,1584911,19635,238,3
T,697,13492946,290,1584969,20849,235,3
T,698,13492966,290,1585028,20849,265,3
T,699,13492986,290,1585088,20849,296,3
T,700,13493006,290,1585149,20849,252,3
T,701,13493026,290,1585203,20849,405,3
T,702,13493046,290,1585254,20420,397,3

[host] drv timeout 2000
drvT,703,13493066,290,1585308,20420,310,3
 timeout 2000
timeout 2000 ms, 2000 ms remaining
  any 'drv duty' kicks it; re-issuing this command kicks it too
> T,704,13493086,290,1585365,20420,352,3
T,705,13493106,290,1585425,20420,204,3
T,706,13493126,290,1585485,20420,284,3
T,707,13493146,290,1585544,20563,222,3
T,708,13493166,290,1585601,20563,384,3
T,709,13493186,290,1585660,20563,221,3
T,710,13493206,290,1585720,20563,278,3
T,711,13493226,290,1585780,20563,215,3
T,712,13493246,290,1585841,21206,261,3
T,713,13493266,290,1585894,21206,369,3
T,714,13493286,290,1585943,21206,626,3
T,715,13493306,290,1585995,21206,363,3
T,716,13493326,290,1586052,21206,358,3
T,717,13493346,290,1586110,19206,230,3
T,718,13493366,290,1586169,19206,273,3
T,719,13493386,290,1586225,19206,258,3
T,720,13493406,290,1586281,19206,304,3
T,721,13493426,290,1586340,19206,252,3
T,722,13493446,290,1586399,20634,190,3
T,723,13493466,290,1586459,20634,216,3
T,724,13493486,290,1586520,20634,355,3
T,725,13493506,290,1586573,20634,518,3
T,726,13493526,290,1586621,20634,443,3
T,727,13493546,290,1586672,19635,374,3

[host] drv timeout 2000
drvT,728,13493566,290,1586728,19635,279,3
 timeout 2000
timeout 2000 ms, 2000 ms remaining
  any 'drv duty' kicks it; re-issuing this command kicks it too
> T,729,13493586,290,1586786,19635,291,3
T,730,13493606,290,1586845,19635,257,3
T,731,13493626,290,1586904,19635,384,3
T,732,13493646,290,1586961,20563,233,3
T,733,13493666,290,1587020,20563,296,3
T,734,13493686,290,1587079,20563,201,3
T,735,13493706,290,1587139,20563,275,3
T,736,13493726,290,1587200,20563,293,3
T,737,13493746,290,1587260,21349,360,3
T,738,13493766,290,1587309,21349,621,3
T,739,13493786,290,1587358,21349,374,3
T,740,13493806,290,1587412,21349,315,3
T,741,13493826,290,1587469,21349,290,3
T,742,13493846,290,1587528,19135,222,3
T,743,13493866,290,1587585,19135,435,3
T,744,13493886,290,1587643,19135,238,3
T,745,13493906,290,1587701,19135,300,3
T,746,13493926,290,1587761,19135,209,3
T,747,13493946,290,1587822,20920,288,3
T,748,13493966,290,1587883,20920,269,3
T,749,13493986,290,1587944,20920,275,3
T,750,13494006,290,1587997,20920,449,3
T,751,13494026,290,1588047,20920,365,3
T,752,13494046,290,1588100,19992,377,3

[host] drv timeout 2000
T,753,13494066,290,1588157,19992,269,3
drv timeout 2000
timeout 2000 ms, 2000 ms remaining
  any 'drv duty' kicks it; re-issuing this command kicks it too
> T,754,13494086,290,1588216,19992,275,3
T,755,13494106,290,1588274,19992,254,3
T,756,13494126,290,1588330,19992,293,3
T,757,13494146,290,1588387,20349,309,3
T,758,13494166,290,1588445,20349,212,3
T,759,13494186,290,1588504,20349,302,3
T,760,13494206,290,1588565,20349,285,3
T,761,13494226,290,1588625,20349,222,3
T,762,13494246,290,1588679,21063,439,3
T,763,13494266,290,1588726,21063,525,3
T,764,13494286,290,1588777,21063,357,3
T,765,13494306,290,1588833,21063,321,3
T,766,13494326,290,1588891,21063,278,3
T,767,13494346,290,1588950,19135,382,3
T,768,13494366,290,1589009,19135,233,3
T,769,13494386,290,1589067,19135,299,3
T,770,13494406,290,1589125,19135,253,3
T,771,13494426,290,1589185,19135,328,3
T,772,13494446,290,1589245,21063,208,3
T,773,13494466,290,1589306,21063,233,3
T,774,13494486,290,1589367,21063,381,3
T,775,13494506,290,1589420,21063,533,3
T,776,13494526,290,1589470,21063,350,3
T,777,13494546,290,1589525,20063,341,3

[host] drv timeout 2000
T,778,13494566,290,1589583,20063,220,3
drv timeout 2000
timeout 2000 ms, 2000 ms remaining
  any 'drv duty' kicks it; re-issuing this command kicks it too
> T,779,13494586,290,1589643,20063,257,3
T,780,13494606,290,1589702,20063,254,3
T,781,13494626,290,1589759,20063,296,3
T,782,13494646,290,1589816,20777,333,3
T,783,13494666,290,1589875,20777,227,3
T,784,13494686,290,1589933,20777,337,3
T,785,13494706,290,1589993,20777,227,3
T,786,13494726,290,1590052,20777,325,3
T,787,13494746,290,1590104,20706,619,3
T,788,13494766,290,1590154,20706,349,3
T,789,13494786,290,1590208,20706,349,3
T,790,13494806,290,1590264,20706,329,3
T,791,13494826,290,1590323,20706,221,3
T,792,13494846,290,1590382,19635,310,3
T,793,13494866,290,1590439,19635,326,3
T,794,13494886,290,1590494,19635,315,3
T,795,13494906,290,1590552,19635,401,3
T,796,13494926,290,1590610,19635,210,3
T,797,13494946,290,1590670,20563,246,3
T,798,13494966,290,1590730,20563,243,3
T,799,13494986,290,1590787,20563,506,3
T,800,13495006,290,1590839,20563,444,3
T,801,13495026,290,1590893,20563,472,3
T,802,13495046,290,1590949,19992,278,3

[host] drv timeout 2000
T,803,13495066,290,1591008,19992,252,3
drv timeout 2000
timeout 2000 ms, 2000 ms remaining
  any 'drv duty' kicks it; re-issuing this command kicks it too
> T,804,13495086,290,1591068,19992,232,3
T,805,13495106,290,1591129,19992,284,3
T,806,13495126,290,1591188,19992,309,3
T,807,13495146,290,1591245,21134,327,3
T,808,13495166,290,1591302,21134,247,3
T,809,13495186,290,1591361,21134,353,3
T,810,13495206,290,1591421,21134,229,3
T,811,13495226,290,1591478,21134,384,3
T,812,13495246,290,1591528,20349,454,3
T,813,13495266,290,1591580,20349,377,3
T,814,13495286,290,1591636,20349,297,3
T,815,13495306,290,1591694,20349,253,3
T,816,13495326,290,1591755,20349,246,3
T,817,13495346,290,1591813,20206,295,3
T,818,13495366,290,1591870,20206,248,3
T,819,13495386,290,1591928,20206,325,3
T,820,13495406,290,1591987,20206,226,3
T,821,13495426,290,1592047,20206,245,3
T,822,13495446,290,1592108,20920,329,3
T,823,13495466,290,1592167,20920,326,3
T,824,13495486,290,1592220,20920,432,3
T,825,13495506,290,1592273,20920,293,3
T,826,13495526,290,1592329,20920,263,3
T,827,13495546,290,1592388,20063,304,3

[host] drv timeout 2000
T,828,13495566,290,1592448,20063,262,3
drv timeout 2000
timeout 2000 ms, 2000 ms remaining
  any 'drv duty' kicks it; re-issuing this command kicks it too
> T,829,13495586,290,1592509,20063,194,3
T,830,13495606,290,1592568,20063,289,3
T,831,13495626,290,1592626,20063,240,3
T,832,13495646,290,1592684,21206,366,3
T,833,13495666,290,1592744,21206,230,3
T,834,13495686,290,1592804,21206,242,3
T,835,13495706,290,1592864,21206,326,3
T,836,13495726,290,1592917,21206,451,3
T,837,13495746,290,1592969,20420,313,3
T,838,13495766,290,1593024,20420,360,3
T,839,13495786,290,1593083,20420,248,3
T,840,13495806,290,1593144,20420,268,3
T,841,13495826,290,1593204,20420,262,3
T,842,13495846,290,1593261,20777,419,3
T,843,13495866,290,1593319,20777,259,3
T,844,13495886,290,1593378,20777,258,3
T,845,13495906,290,1593437,20777,206,3
T,846,13495926,290,1593498,20777,248,3
T,847,13495946,290,1593558,21206,433,3
T,848,13495966,290,1593612,21206,448,3
T,849,13495986,290,1593664,21206,374,3
T,850,13496006,290,1593719,21206,370,3
T,851,13496026,290,1593776,21206,249,3
T,852,13496046,290,1593836,19778,352,3
T,853,13496066,290,1593896,19778
[host] drv timeout 2000
,247,3
drv timeout 2000
timeout 2000 ms, 2000 ms remaining
  any 'drv duty' kicks it; re-issuing this command kicks it too
> T,854,13496086,290,1593955,19778,357,3
T,855,13496106,290,1594012,19778,283,3
T,856,13496126,290,1594070,19778,395,3
T,857,13496146,290,1594129,20992,200,3
T,858,13496166,290,1594190,20992,242,3
T,859,13496186,290,1594249,20992,300,3
T,860,13496206,290,1594300,20992,443,3
T,861,13496226,290,1594349,20992,567,3
T,862,13496246,290,1594402,19563,342,3
T,863,13496266,290,1594459,19563,283,3
T,864,13496286,290,1594518,19563,385,3
T,865,13496306,290,1594577,19563,252,3
T,866,13496326,290,1594635,19563,290,3
T,867,13496346,290,1594693,20634,284,3
T,868,13496366,290,1594752,20634,293,3
T,869,13496386,290,1594812,20634,217,3
T,870,13496406,290,1594873,20634,243,3
T,871,13496426,290,1594935,20634,354,3
T,872,13496446,290,1594987,21206,423,3
T,873,13496466,290,1595034,21206,482,3
T,874,13496486,290,1595086,21206,322,3
T,875,13496506,290,1595142,21206,278,3
T,876,13496526,290,1595201,21206,365,3
T,877,13496546,290,1595260,19278,242,3
T,878,13496566,290,1595318,19278,261,3

[host] drv timeout 2000
drv timeout 2000
timeout 2000 ms, 2000 ms remaining
  any 'drv duty' kicks it; re-issuing this command kicks it too
> T,879,13496586,290,1595377,19278,254,3
T,880,13496606,290,1595436,19278,359,3
T,881,13496626,290,1595496,19278,205,3
T,882,13496646,290,1595556,21134,225,3
T,883,13496666,290,1595617,21134,262,3
T,884,13496686,290,1595674,21134,459,3
T,885,13496706,290,1595722,21134,478,3
T,886,13496726,290,1595773,21134,382,3
T,887,13496746,290,1595828,19492,284,3
T,888,13496766,290,1595886,19492,306,3
T,889,13496786,290,1595945,19492,275,3
T,890,13496806,290,1596003,19492,327,3
T,891,13496826,290,1596061,19492,281,3
T,892,13496846,290,1596120,20706,376,3
T,893,13496866,290,1596179,20706,216,3
T,894,13496886,290,1596240,20706,193,3
T,895,13496906,290,1596301,20706,229,3
T,896,13496926,290,1596361,20706,312,3
T,897,13496946,290,1596411,21063,460,3
T,898,13496966,290,1596461,21063,509,3
T,899,13496986,290,1596516,21063,293,3
T,900,13497006,290,1596574,21063,251,3
T,901,13497026,290,1596633,21063,289,3
T,902,13497046,290,1596692,19920,311,3
T,903,13497066,290,1596749,19920,355,3

[host] drv timeout 2000
drv timeout 2000
timeout 2000 ms, 2000 ms remaining
  any 'drv duty' kicks it; re-issuing this command kicks it too
> T,904,13497086,290,1596808,19920,230,3
T,905,13497106,290,1596867,19920,285,3
T,906,13497126,290,1596928,19920,254,3
T,907,13497146,290,1596989,21063,200,3
T,908,13497166,290,1597049,21063,369,3
T,909,13497186,290,1597099,21063,522,3
T,910,13497206,290,1597147,21063,435,3
T,911,13497226,290,1597200,21063,297,3
T,912,13497246,290,1597257,19278,251,3
T,913,13497266,290,1597316,19278,300,3
T,914,13497286,290,1597375,19278,261,3
T,915,13497306,290,1597432,19278,296,3
T,916,13497326,290,1597489,19278,257,3
T,917,13497346,290,1597548,20706,374,3
T,918,13497366,290,1597608,20706,209,3
T,919,13497386,290,1597668,20706,224,3
T,920,13497406,290,1597729,20706,274,3
T,921,13497426,290,1597786,20706,442,3
T,922,13497446,290,1597836,20777,449,3
T,923,13497466,290,1597889,20777,455,3
T,924,13497486,290,1597945,20777,328,3
T,925,13497506,290,1598004,20777,252,3
T,926,13497526,290,1598064,20777,246,3
T,927,13497546,290,1598124,20349,382,3
T,928,13497566,290,1598182,20349,304,3

[host] drv timeout 2000
drv timeout 2000
timeout 2000 ms, 2000 ms remaining
  any 'drv duty' kicks it; re-issuing this command kicks it too
> T,929,13497586,290,1598240,20349,262,3
T,930,13497606,290,1598299,20349,253,3
T,931,13497626,290,1598359,20349,387,3
T,932,13497646,290,1598420,21063,232,3
T,933,13497666,290,1598477,21063,462,3
T,934,13497686,290,1598528,21063,438,3
T,935,13497706,290,1598580,21063,347,3
T,936,13497726,290,1598635,21063,359,3
T,937,13497746,290,1598694,19635,242,3
T,938,13497766,290,1598754,19635,311,3
T,939,13497786,290,1598812,19635,336,3
T,940,13497806,290,1598868,19635,307,3
T,941,13497826,290,1598925,19635,283,3
T,942,13497846,290,1598984,20706,210,3
T,943,13497866,290,1599043,20706,336,3
T,944,13497886,290,1599103,20706,237,3
T,945,13497906,290,1599161,20706,313,3
T,946,13497926,290,1599215,20706,411,3
T,947,13497946,290,1599268,20420,339,3
T,948,13497966,290,1599323,20420,301,3
T,949,13497986,290,1599380,20420,310,3
T,950,13498006,290,1599440,20420,205,3
T,951,13498026,290,1599501,20420,258,3
T,952,13498046,290,1599561,20777,243,3
T,953,13498066,290,1599618,20777,458,3

[host] drv timeout 2000
drv timeout 2000
timeout 2000 ms, 2000 ms remaining
  any 'drv duty' kicks it; re-issuing this command kicks it too
> T,954,13498086,290,1599675,20777,320,3
T,955,13498106,290,1599732,20777,262,3
T,956,13498126,290,1599791,20777,267,3
T,957,13498146,290,1599851,20706,347,3
T,958,13498166,290,1599904,20706,498,3
T,959,13498186,290,1599953,20706,361,3
T,960,13498206,290,1600007,20706,288,3
T,961,13498226,290,1600064,20706,300,3
T,962,13498246,290,1600123,19421,249,3
T,963,13498266,290,1600183,19421,278,3
T,964,13498286,290,1600241,19421,272,3
T,965,13498306,290,1600298,19421,320,3
T,966,13498326,290,1600357,19421,249,3
T,967,13498346,290,1600416,20992,262,3
T,968,13498366,290,1600477,20992,205,3
T,969,13498386,290,1600538,20992,283,3
T,970,13498406,290,1600594,20992,365,3
T,971,13498426,290,1600646,20992,344,3
T,972,13498446,290,1600701,20349,302,3
T,973,13498466,290,1600758,20349,322,3
T,974,13498486,290,1600818,20349,215,3
T,975,13498506,290,1600879,20349,258,3
T,976,13498526,290,1600938,20349,338,3
T,977,13498546,290,1600995,20992,322,3
T,978,13498566,290,1601053,20992,231,3

[host] drv timeout 2000
drv timeout 2000
timeout 2000 ms, 2000 ms remaining
  any 'drv duty' kicks it; re-issuing this command kicks it too
> T,979,13498586,290,1601113,20992,309,3
T,980,13498606,290,1601173,20992,284,3
T,981,13498626,290,1601233,20992,204,3
T,982,13498646,290,1601290,21134,381,3
T,983,13498666,290,1601342,21134,363,3
T,984,13498686,290,1601396,21134,326,3
T,985,13498706,290,1601453,21134,369,3
T,986,13498726,290,1601512,21134,240,3
T,987,13498746,290,1601573,20063,247,3
T,988,13498766,290,1601632,20063,354,3
T,989,13498786,290,1601689,20063,343,3
T,990,13498806,290,1601747,20063,249,3
T,991,13498826,290,1601807,20063,226,3
T,992,13498846,290,1601867,20992,252,3
T,993,13498866,290,1601928,20992,195,3
T,994,13498886,290,1601986,20992,530,3
T,995,13498906,290,1602037,20992,438,3
T,996,13498926,290,1602091,20992,402,3
T,997,13498946,290,1602148,20135,262,3
T,998,13498966,290,1602208,20135,262,3
T,999,13498986,290,1602268,20135,229,3
T,1000,13499006,290,1602328,20135,382,3
T,1001,13499026,290,1602385,20135,261,3
T,1002,13499046,290,1602444,21134,311,3
T,1003,13499066,290,1602504,21134,200,3

[host] drv timeout 2000
drv timeout 2000
timeout 2000 ms, 2000 ms remaining
  any 'drv duty' kicks it; re-issuing this command kicks it too
> T,1004,13499086,290,1602564,21134,256,3
T,1005,13499106,290,1602625,21134,357,3
T,1006,13499126,290,1602681,21134,365,3
T,1007,13499146,290,1602729,20563,475,3
T,1008,13499166,290,1602781,20563,345,3
T,1009,13499186,290,1602836,20563,333,3
T,1010,13499206,290,1602895,20563,233,3
T,1011,13499226,290,1602955,20563,256,3
T,1012,13499246,290,1603012,19992,316,3
T,1013,13499266,290,1603068,19992,238,3
T,1014,13499286,290,1603126,19992,329,3
T,1015,13499306,290,1603185,19992,221,3
T,1016,13499326,290,1603246,19992,273,3
T,1017,13499346,290,1603307,20992,320,3
T,1018,13499366,290,1603363,20992,461,3
T,1019,13499386,290,1603411,20992,469,3
T,1020,13499406,290,1603462,20992,366,3
T,1021,13499426,290,1603517,20992,289,3
T,1022,13499446,290,1603576,19206,317,3
T,1023,13499466,290,1603635,19206,238,3
T,1024,13499486,290,1603695,19206,297,3
T,1025,13499506,290,1603753,19206,264,3
T,1026,13499526,290,1603813,19206,258,3
T,1027,13499546,290,1603873,21206,252,3
T,1028,13499566,290,1603934,21206,196,3

[host] drv timeout 2000
drv timeout 2000
timeout 2000 ms, 2000 ms remaining
  any 'drv duty' kicks it; re-issuing this command kicks it too
> T,1029,13499586,290,1603995,21206,221,3
T,1030,13499606,290,1604056,21206,442,3
T,1031,13499626,290,1604107,21206,460,3
T,1032,13499646,290,1604157,20420,416,3
T,1033,13499666,290,1604211,20420,273,3
T,1034,13499686,290,1604269,20420,370,3
T,1035,13499706,290,1604328,20420,258,3
T,1036,13499726,290,1604387,20420,339,3
T,1037,13499746,290,1604444,20420,290,3
T,1038,13499766,290,1604503,20420,407,3
T,1039,13499786,290,1604563,20420,206,3
T,1040,13499806,290,1604623,20420,215,3
T,1041,13499826,290,1604684,20420,253,3
T,1042,13499846,290,1604745,21420,238,3
T,1043,13499866,290,1604799,21420,385,3
T,1044,13499886,290,1604849,21420,385,3
T,1045,13499906,290,1604904,21420,315,3
T,1046,13499926,290,1604961,21420,338,3
T,1047,13499946,290,1605021,19706,262,3
T,1048,13499966,290,1605080,19706,371,3
T,1049,13499986,290,1605138,19706,264,3
T,1050,13500006,290,1605196,19706,325,3
T,1051,13500026,290,1605256,19706,200,3
T,1052,13500046,290,1605316,20992,268,3
T,1053,13500066,290,1605377,20992,305,3

[host] drv timeout 2000
drv timeout 2000
timeout 2000 ms, 2000 ms remaining
  any 'drv duty' kicks it; re-issuing this command kicks it too
> T,1054,13500086,290,1605438,20992,261,3
T,1055,13500106,290,1605491,20992,429,3
T,1056,13500126,290,1605538,20992,490,3
T,1057,13500146,290,1605590,19778,472,3
T,1058,13500166,290,1605647,19778,262,3
T,1059,13500186,290,1605705,19778,232,3
T,1060,13500206,290,1605765,19778,277,3
T,1061,13500226,290,1605823,19778,279,3
T,1062,13500246,290,1605880,20634,285,3
T,1063,13500266,290,1605939,20634,220,3
T,1064,13500286,290,1605999,20634,267,3
T,1065,13500306,290,1606059,20634,304,3
T,1066,13500326,290,1606120,20634,211,3
T,1067,13500346,290,1606179,21349,389,3
T,1068,13500366,290,1606229,21349,518,3
T,1069,13500386,290,1606280,21349,338,3
T,1070,13500406,290,1606336,21349,313,3
T,1071,13500426,290,1606394,21349,291,3
T,1072,13500446,290,1606454,19563,277,3
T,1073,13500466,290,1606513,19563,259,3
T,1074,13500486,290,1606570,19563,328,3
T,1075,13500506,290,1606627,19563,278,3
T,1076,13500526,290,1606686,19563,221,3
T,1077,13500546,290,1606745,20777,302,3
T,1078,13500566,290,1606805,20777,316,3

[host] drv timeout 2000
drv timeout 2000
timeout 2000 ms, 2000 ms remaining
  any 'drv duty' kicks it; re-issuing this command kicks it too
> T,1079,13500586,290,1606864,20777,313,3
T,1080,13500606,290,1606915,20777,568,3
T,1081,13500626,290,1606966,20777,445,3
T,1082,13500646,290,1607020,19778,462,3
T,1083,13500666,290,1607078,19778,263,3
T,1084,13500686,290,1607137,19778,279,3
T,1085,13500706,290,1607197,19778,267,3
T,1086,13500726,290,1607253,19778,403,3
T,1087,13500746,290,1607310,20634,288,3
T,1088,13500766,290,1607368,20634,221,3
T,1089,13500786,290,1607428,20634,301,3
T,1090,13500806,290,1607488,20634,273,3
T,1091,13500826,290,1607548,20634,245,3
T,1092,13500846,290,1607603,20992,379,3
T,1093,13500866,290,1607655,20992,370,3
T,1094,13500886,290,1607709,20992,273,3
T,1095,13500906,290,1607767,20992,405,3
T,1096,13500926,290,1607827,20992,220,3
T,1097,13500946,290,1607888,20206,193,3
T,1098,13500966,290,1607948,20206,327,3
T,1099,13500986,290,1608005,20206,313,3
T,1100,13501006,290,1608063,20206,256,3
T,1101,13501026,290,1608121,20206,306,3
T,1102,13501046,290,1608181,20920,249,3
T,1103,13501066,290,1608240,20920,295,3

[host] drv timeout 2000
drv timeout 2000
timeout 2000 ms, 2000 ms remaining
  any 'drv duty' kicks it; re-issuing this command kicks it too
> T,1104,13501086,290,1608295,20920,429,3
T,1105,13501106,290,1608346,20920,435,3
T,1106,13501126,290,1608399,20920,301,3
T,1107,13501146,290,1608455,19635,252,3
T,1108,13501166,290,1608514,19635,352,3
T,1109,13501186,290,1608575,19635,208,3
T,1110,13501206,290,1608634,19635,299,3
T,1111,13501226,290,1608691,19635,273,3
T,1112,13501246,290,1608749,20920,384,3
T,1113,13501266,290,1608808,20920,230,3
T,1114,13501286,290,1608868,20920,238,3
T,1115,13501306,290,1608928,20920,263,3
T,1116,13501326,290,1608986,20920,424,3
T,1117,13501346,290,1609037,20777,406,3
T,1118,13501366,290,1609091,20777,440,3
T,1119,13501386,290,1609147,20777,318,3
T,1120,13501406,290,1609205,20777,295,3
T,1121,13501426,290,1609266,20777,198,3
T,1122,13501446,290,1609326,20420,299,3
T,1123,13501466,290,1609384,20420,281,3
T,1124,13501486,290,1609442,20420,281,3
T,1125,13501506,290,1609501,20420,219,3
T,1126,13501526,290,1609561,20420,289,3
T,1127,13501546,290,1609622,21134,339,3
T,1128,13501566,290,1609680,21134,320,3

[host] drv timeout 2000
drv timeout 2000
timeout 2000 ms, 2000 ms remaining
  any 'drv duty' kicks it; re-issuing this command kicks it too
> T,1129,13501586,290,1609731,21134,482,3
T,1130,13501606,290,1609784,21134,416,3
T,1131,13501626,290,1609841,21134,284,3
T,1132,13501646,290,1609900,19849,361,3
T,1133,13501666,290,1609961,19849,231,3
T,1134,13501686,290,1610020,19849,326,3
T,1135,13501706,290,1610076,19849,307,3
T,1136,13501726,290,1610135,19849,412,3
T,1137,13501746,290,1610194,20992,209,3
T,1138,13501766,290,1610254,20992,232,3
T,1139,13501786,290,1610315,20992,238,3
T,1140,13501806,290,1610373,20992,360,3
T,1141,13501826,290,1610426,20992,475,3
T,1142,13501846,290,1610479,20492,382,3
T,1143,13501866,290,1610535,20492,293,3
T,1144,13501886,290,1610594,20492,269,3
T,1145,13501906,290,1610655,20492,232,3
T,1146,13501926,290,1610715,20492,291,3
T,1147,13501946,290,1610772,20920,315,3
T,1148,13501966,290,1610831,20920,235,3
T,1149,13501986,290,1610890,20920,241,3
T,1150,13502006,290,1610950,20920,214,3
T,1151,13502026,290,1611011,20920,297,3
T,1152,13502046,290,1611069,21206,347,3
T,1153,13502066,290,1611119,21206,507,3

[host] drv timeout 2000
drv timeout 2000
timeout 2000 ms, 2000 ms remaining
  any 'drv duty' kicks it; re-issuing this command kicks it too
> T,1154,13502086,290,1611169,21206,432,3
T,1155,13502106,290,1611224,21206,385,3
T,1156,13502126,290,1611283,21206,247,3
T,1157,13502146,290,1611342,19349,264,3
T,1158,13502166,290,1611399,19349,254,3
T,1159,13502186,290,1611456,19349,297,3
T,1160,13502206,290,1611513,19349,321,3
T,1161,13502226,290,1611572,19349,264,3
T,1162,13502246,290,1611633,20777,210,3
T,1163,13502266,290,1611695,20777,241,3
T,1164,13502286,290,1611753,20777,406,3
T,1165,13502306,290,1611800,20777,648,3
T,1166,13502326,290,1611849,20777,363,3
T,1167,13502346,290,1611903,19421,311,3
T,1168,13502366,290,1611961,19421,316,3
T,1169,13502386,290,1612020,19421,251,3
T,1170,13502406,290,1612078,19421,343,3
T,1171,13502426,290,1612136,19421,261,3
T,1172,13502446,290,1612194,20634,318,3
T,1173,13502466,290,1612253,20634,217,3
T,1174,13502486,290,1612313,20634,269,3
T,1175,13502506,290,1612374,20634,348,3
T,1176,13502526,290,1612436,20634,241,3
T,1177,13502546,290,1612489,21349,391,3
T,1178,13502566,290,1612538,21349,494,3

[host] drv timeout 2000
drvT,1179,13502586,290,1612590,21349,439,3
 timeout 2000
timeout 2000 ms, 2000 ms remaining
  any 'drv duty' kicks it; re-issuing this command kicks it too
> T,1180,13502606,290,1612646,21349,301,3
T,1181,13502626,290,1612705,21349,311,3
T,1182,13502646,290,1612764,19421,280,3
T,1183,13502666,290,1612822,19421,390,3
T,1184,13502686,290,1612880,19421,220,3
T,1185,13502706,290,1612940,19421,281,3
T,1186,13502726,290,1613000,19421,180,3
T,1187,13502746,290,1613061,21134,219,3
T,1188,13502766,290,1613123,21134,301,3
T,1189,13502786,290,1613180,21134,350,3
T,1190,13502806,290,1613228,21134,582,3
T,1191,13502826,290,1613280,21134,343,3
T,1192,13502846,290,1613336,19706,384,3
T,1193,13502866,290,1613395,19706,205,3
T,1194,13502886,290,1613453,19706,274,3
T,1195,13502906,290,1613511,19706,231,3
T,1196,13502926,290,1613568,19706,363,3
T,1197,13502946,290,1613628,20706,274,3
T,1198,13502966,290,1613687,20706,290,3
T,1199,13502986,290,1613748,20706,216,3
T,1200,13503006,290,1613809,20706,236,3
T,1201,13503026,290,1613866,20706,432,3
T,1202,13503046,290,1613916,20849,471,3
T,1203,13503066,290,1613967,20849,317,3

[host] drv timeout 2000
T,1204,13503086,290,1614022,20849,270,3
drv timeout 2000
timeout 2000 ms, 2000 ms remaining
  any 'drv duty' kicks it; re-issuing this command kicks it too
> T,1205,13503106,290,1614081,20849,357,3
T,1206,13503126,290,1614141,20849,201,3
T,1207,13503146,290,1614201,20135,231,3
T,1208,13503166,290,1614260,20135,263,3
T,1209,13503186,290,1614318,20135,318,3
T,1210,13503206,290,1614377,20135,248,3
T,1211,13503226,290,1614437,20135,246,3
T,1212,13503246,290,1614498,21206,242,3
T,1213,13503266,290,1614559,21206,279,3
T,1214,13503286,290,1614612,21206,440,3
T,1215,13503306,290,1614662,21206,392,3
T,1216,13503326,290,1614716,21206,329,3
T,1217,13503346,290,1614775,19778,327,3
T,1218,13503366,290,1614834,19778,222,3
T,1219,13503386,290,1614893,19778,366,3
T,1220,13503406,290,1614951,19778,316,3
T,1221,13503426,290,1615008,19778,299,3
T,1222,13503446,290,1615067,20849,249,3
T,1223,13503466,290,1615127,20849,387,3
T,1224,13503486,290,1615187,20849,203,3
T,1225,13503506,290,1615247,20849,267,3
T,1226,13503526,290,1615301,20849,435,3
T,1227,13503546,290,1615352,20492,459,3
T,1228,13503566,290,1615406,20492,421,3

[host] drv timeout 2000
T,1229,13503586,290,1615462,20492,280,3
drv timeout 2000
timeout 2000 ms, 2000 ms remaining
  any 'drv duty' kicks it; re-issuing this command kicks it too
> T,1230,13503606,290,1615521,20492,293,3
T,1231,13503626,290,1615581,20492,251,3
T,1232,13503646,290,1615639,20420,480,3
T,1233,13503666,290,1615694,20420,323,3
T,1234,13503686,290,1615751,20420,247,3
T,1235,13503706,290,1615809,20420,364,3
T,1236,13503726,290,1615868,20420,259,3
T,1237,13503746,290,1615928,20563,295,3
T,1238,13503766,290,1615985,20563,368,3
T,1239,13503786,290,1616037,20563,390,3
T,1240,13503806,290,1616092,20563,325,3
T,1241,13503826,290,1616148,20563,286,3
T,1242,13503846,290,1616206,19849,241,3
T,1243,13503866,290,1616267,19849,232,3
T,1244,13503886,290,1616328,19849,188,3
T,1245,13503906,290,1616387,19849,392,3
T,1246,13503926,290,1616443,19849,347,3
T,1247,13503946,290,1616500,21063,288,3
T,1248,13503966,290,1616559,21063,279,3
T,1249,13503986,290,1616619,21063,316,3
T,1250,13504006,290,1616677,21063,382,3
T,1251,13504026,290,1616728,21063,620,3
T,1252,13504046,290,1616780,20063,395,3
T,1253,13504066,290,1616835,20063,390,3

[host] drv timeout 2000
T,1254,13504086,290,1616893,20063,242,3
drv timeout 2000
timeout 2000 ms, 2000 ms remaining
  any 'drv duty' kicks it; re-issuing this command kicks it too
> T,1255,13504106,290,1616954,20063,252,3
T,1256,13504126,290,1617013,20063,311,3
T,1257,13504146,290,1617070,20634,365,3
T,1258,13504166,290,1617128,20634,280,3
T,1259,13504186,290,1617187,20634,236,3
T,1260,13504206,290,1617247,20634,227,3
T,1261,13504226,290,1617308,20634,233,3
T,1262,13504246,290,1617367,21134,474,3
T,1263,13504266,290,1617420,21134,443,3
T,1264,13504286,290,1617474,21134,464,3
T,1265,13504306,290,1617530,21134,343,3
T,1266,13504326,290,1617589,21134,262,3
T,1267,13504346,290,1617649,20135,209,3
T,1268,13504366,290,1617710,20135,272,3
T,1269,13504386,290,1617769,20135,305,3
T,1270,13504406,290,1617827,20135,290,3
T,1271,13504426,290,1617885,20135,226,3
T,1272,13504446,290,1617945,21134,305,3
T,1273,13504466,290,1618005,21134,311,3
T,1274,13504486,290,1618065,21134,275,3
T,1275,13504506,290,1618117,21134,449,3
T,1276,13504526,290,1618169,21134,428,3
T,1277,13504546,290,1618225,20063,318,3
T,1278,13504566,290,1618283,20063,327,3
T,1279,13504586,290,1618344,2006
[host] drv timeout 2000
3,220,3
drv timeout 2000
timeout 2000 ms, 2000 ms remaining
  any 'drv duty' kicks it; re-issuing this command kicks it too
> T,1280,13504606,290,1618404,20063,290,3
T,1281,13504626,290,1618461,20063,295,3
T,1282,13504646,290,1618518,20920,414,3
T,1283,13504666,290,1618577,20920,225,3
T,1284,13504686,290,1618637,20920,267,3
T,1285,13504706,290,1618698,20920,205,3
T,1286,13504726,290,1618758,20920,320,3
T,1287,13504746,290,1618811,20992,413,3
T,1288,13504766,290,1618862,20992,437,3
T,1289,13504786,290,1618917,20992,304,3
T,1290,13504806,290,1618976,20992,232,3
T,1291,13504826,290,1619036,20992,243,3
T,1292,13504846,290,1619096,20135,391,3
T,1293,13504866,290,1619153,20135,253,3
T,1294,13504886,290,1619211,20135,258,3
T,1295,13504906,290,1619269,20135,246,3
T,1296,13504926,290,1619329,20135,342,3
T,1297,13504946,290,1619390,21063,225,3
T,1298,13504966,290,1619450,21063,347,3
T,1299,13504986,290,1619502,21063,557,3
T,1300,13505006,290,1619552,21063,400,3
T,1301,13505026,290,1619606,21063,451,3
T,1302,13505046,290,1619663,19492,222,3
T,1303,13505066,290,1619722,19492,229,3
T,1304,13505086,290,1619781,1949
[host] drv timeout 2000
2,265,3
drv timeout 2000
timeout 2000 ms, 2000 ms remaining
  any 'drv duty' kicks it; re-issuing this command kicks it too
> T,1305,13505106,290,1619839,19492,243,3
T,1306,13505126,290,1619895,19492,343,3
T,1307,13505146,290,1619953,20777,247,3
T,1308,13505166,290,1620013,20777,296,3
T,1309,13505186,290,1620075,20777,256,3
T,1310,13505206,290,1620135,20777,317,3
T,1311,13505226,290,1620186,20777,513,3
T,1312,13505246,290,1620234,20206,419,3
T,1313,13505266,290,1620287,20206,328,3
T,1314,13505286,290,1620344,20206,328,3
T,1315,13505306,290,1620402,20206,225,3
T,1316,13505326,290,1620461,20206,355,3
T,1317,13505346,290,1620520,20206,253,3
T,1318,13505366,290,1620578,20206,328,3
T,1319,13505386,290,1620636,20206,217,3
T,1320,13505406,290,1620696,20206,339,3
T,1321,13505426,290,1620756,20206,246,3
T,1322,13505446,290,1620817,21206,200,3
T,1323,13505466,290,1620873,21206,358,3
T,1324,13505486,290,1620921,21206,472,3
T,1325,13505506,290,1620972,21206,493,3
T,1326,13505526,290,1621028,21206,286,3
T,1327,13505546,290,1621086,19206,248,3
T,1328,13505566,290,1621145,19206,315,3
T,1329,13505586,290,1621203,1920
[host] drv timeout 2000
6,246,3
drv timeout 2000
timeout 2000 ms, 2000 ms remaining
  any 'drv duty' kicks it; re-issuing this command kicks it too
> T,1330,13505606,290,1621260,19206,331,3
T,1331,13505626,290,1621319,19206,230,3
T,1332,13505646,290,1621379,20920,301,3
T,1333,13505666,290,1621440,20920,256,3
T,1334,13505686,290,1621501,20920,168,3
T,1335,13505706,290,1621560,20920,353,3
T,1336,13505726,290,1621611,20920,501,3
T,1337,13505746,290,1621662,20349,370,3
T,1338,13505766,290,1621716,20349,332,3
T,1339,13505786,290,1621775,20349,235,3
T,1340,13505806,290,1621834,20349,237,3
T,1341,13505826,290,1621893,20349,279,3
T,1342,13505846,290,1621951,20492,254,3
T,1343,13505866,290,1622009,20492,301,3
T,1344,13505886,290,1622069,20492,264,3
T,1345,13505906,290,1622129,20492,214,3
T,1346,13505926,290,1622191,20492,230,3
T,1347,13505946,290,1622251,21420,393,3
T,1348,13505966,290,1622301,21420,529,3
T,1349,13505986,290,1622349,21420,483,3
T,1350,13506006,290,1622401,21420,445,3
T,1351,13506026,290,1622459,21420,301,3
T,1352,13506046,290,1622517,19064,293,3
T,1353,13506066,290,1622577,19064,245,3
T,1354,13506086,290,1622635,19064,358,3

[host] drv timeout 2000
drv timeout 2000
timeout 2000 ms, 2000 ms remaining
  any 'drv duty' kicks it; re-issuing this command kicks it too
> T,1355,13506106,290,1622692,19064,300,3
T,1356,13506126,290,1622751,19064,246,3
T,1357,13506146,290,1622811,20920,240,3
T,1358,13506166,290,1622871,20920,343,3
T,1359,13506186,290,1622932,20920,267,3
T,1360,13506206,290,1622989,20920,470,3
T,1361,13506226,290,1623039,20920,427,3
T,1362,13506246,290,1623092,20206,341,3
T,1363,13506266,290,1623148,20206,407,3
T,1364,13506286,290,1623207,20206,238,3
T,1365,13506306,290,1623267,20206,248,3
T,1366,13506326,290,1623327,20206,277,3
T,1367,13506346,290,1623384,20777,390,3
T,1368,13506366,290,1623441,20777,227,3
T,1369,13506386,290,1623500,20777,300,3
T,1370,13506406,290,1623560,20777,193,3
T,1371,13506426,290,1623620,20777,261,3
T,1372,13506446,290,1623678,20992,307,3
T,1373,13506466,290,1623728,20992,470,3
T,1374,13506486,290,1623780,20992,360,3
T,1375,13506506,290,1623834,20992,320,3
T,1376,13506526,290,1623892,20992,284,3
T,1377,13506546,290,1623952,19563,208,3
T,1378,13506566,290,1624010,19563,286,3
T,1379,13506586,290,1624066,19563,453,3

[host] drv timeout 2000
drv timeout 2000
timeout 2000 ms, 2000 ms remaining
  any 'drv duty' kicks it; re-issuing this command kicks it too
> T,1380,13506606,290,1624123,19563,313,3
T,1381,13506626,290,1624181,19563,300,3
T,1382,13506646,290,1624241,20563,242,3
T,1383,13506666,290,1624301,20563,339,3
T,1384,13506686,290,1624360,20563,326,3
T,1385,13506706,290,1624414,20563,376,3
T,1386,13506726,290,1624468,20563,318,3
T,1387,13506746,290,1624523,20206,337,3
T,1388,13506766,290,1624581,20206,273,3
T,1389,13506786,290,1624641,20206,338,3
T,1390,13506806,290,1624703,20206,208,3
T,1391,13506826,290,1624763,20206,288,3
T,1392,13506846,290,1624820,21206,329,3
T,1393,13506866,290,1624876,21206,412,3
T,1394,13506886,290,1624934,21206,273,3
T,1395,13506906,290,1624994,21206,279,3
T,1396,13506926,290,1625053,21206,289,3
T,1397,13506946,290,1625106,20563,427,3
T,1398,13506966,290,1625156,20563,450,3
T,1399,13506986,290,1625209,20563,391,3
T,1400,13507006,290,1625267,20563,254,3
T,1401,13507026,290,1625326,20563,291,3
T,1402,13507046,290,1625387,19778,305,3
T,1403,13507066,290,1625445,19778,309,3
T,1404,13507086,290,1625503,19778,252,3

[host] drv timeout 2000
drv timeout 2000
timeout 2000 ms, 2000 ms remaining
  any 'drv duty' kicks it; re-issuing this command kicks it too
> T,1405,13507106,290,1625561,19778,281,3
T,1406,13507126,290,1625621,19778,316,3
T,1407,13507146,290,1625682,21134,180,3
T,1408,13507166,290,1625743,21134,217,3
T,1409,13507186,290,1625800,21134,329,3
T,1410,13507206,290,1625852,21134,402,3
T,1411,13507226,290,1625906,21134,311,3
T,1412,13507246,290,1625963,20063,344,3
T,1413,13507266,290,1626023,20063,235,3
T,1414,13507286,290,1626084,20063,249,3
T,1415,13507306,290,1626143,20063,294,3
T,1416,13507326,290,1626200,20063,386,3
T,1417,13507346,290,1626259,21134,235,3
T,1418,13507366,290,1626317,21134,252,3
T,1419,13507386,290,1626378,21134,216,3
T,1420,13507406,290,1626439,21134,221,3
T,1421,13507426,290,1626494,21134,334,3
T,1422,13507446,290,1626546,20634,360,3
T,1423,13507466,290,1626600,20634,326,3
T,1424,13507486,290,1626657,20634,322,3
T,1425,13507506,290,1626717,20634,211,3
T,1426,13507526,290,1626778,20634,238,3
T,1427,13507546,290,1626838,20706,395,3
T,1428,13507566,290,1626895,20706,256,3
T,1429,13507586,290,1626953,20706,243,3

[host] drv timeout 2000
drv timeout 2000
timeout 2000 ms, 2000 ms remaining
  any 'drv duty' kicks it; re-issuing this command kicks it too
> T,1430,13507606,290,1627013,20706,253,3
T,1431,13507626,290,1627073,20706,333,3
T,1432,13507646,290,1627134,21134,237,3
T,1433,13507666,290,1627191,21134,395,3
T,1434,13507686,290,1627243,21134,440,3
T,1435,13507706,290,1627296,21134,347,3
T,1436,13507726,290,1627353,21134,318,3
T,1437,13507746,290,1627413,19920,283,3
T,1438,13507766,290,1627473,19920,211,3
T,1439,13507786,290,1627532,19920,331,3
T,1440,13507806,290,1627589,19920,295,3
T,1441,13507826,290,1627648,19920,281,3
T,1442,13507846,290,1627707,20992,247,3
T,1443,13507866,290,1627768,20992,269,3
T,1444,13507886,290,1627828,20992,258,3
T,1445,13507906,290,1627883,20992,461,3
T,1446,13507926,290,1627931,20992,475,3
T,1447,13507946,290,1627983,19849,331,3
T,1448,13507966,290,1628039,19849,284,3
T,1449,13507986,290,1628097,19849,392,3
T,1450,13508006,290,1628156,19849,236,3
T,1451,13508026,290,1628213,19849,272,3
T,1452,13508046,290,1628270,20420,355,3
T,1453,13508066,290,1628328,20420,264,3
T,1454,13508086,290,1628388,20420,237,3

[host] drv timeout 2000
drv timeout 2000
timeout 2000 ms, 2000 ms remaining
  any 'drv duty' kicks it; re-issuing this command kicks it too
> T,1455,13508106,290,1628448,20420,233,3
T,1456,13508126,290,1628509,20420,203,3
T,1457,13508146,290,1628565,21206,471,3
T,1458,13508166,290,1628613,21206,512,3
T,1459,13508186,290,1628663,21206,464,3
T,1460,13508206,290,1628719,21206,338,3
T,1461,13508226,290,1628777,21206,278,3
T,1462,13508246,290,1628836,19135,290,3
T,1463,13508266,290,1628894,19135,261,3
T,1464,13508286,290,1628952,19135,328,3
T,1465,13508306,290,1629012,19135,251,3
T,1466,13508326,290,1629072,19135,217,3
T,1467,13508346,290,1629132,21134,264,3
T,1468,13508366,290,1629193,21134,167,3
T,1469,13508386,290,1629254,21134,257,3
T,1470,13508406,290,1629307,21134,411,3
T,1471,13508426,290,1629356,21134,529,3
T,1472,13508446,290,1629409,19920,353,3
T,1473,13508466,290,1629467,19920,262,3
T,1474,13508486,290,1629527,19920,385,3
T,1475,13508506,290,1629585,19920,254,3
T,1476,13508526,290,1629643,19920,284,3
T,1477,13508546,290,1629701,20777,277,3
T,1478,13508566,290,1629761,20777,320,3
T,1479,13508586,290,1629821,20777,232,3

[host] drv timeout 2000
drv timeout 2000
timeout 2000 ms, 2000 ms remaining
  any 'drv duty' kicks it; re-issuing this command kicks it too
> T,1480,13508606,290,1629882,20777,253,3
T,1481,13508626,290,1629943,20777,341,3
T,1482,13508646,290,1629996,21206,586,3
T,1483,13508666,290,1630045,21206,389,3
T,1484,13508686,290,1630099,21206,290,3
T,1485,13508706,290,1630156,21206,316,3
T,1486,13508726,290,1630215,21206,205,3
T,1487,13508746,290,1630274,19635,416,3
T,1488,13508766,290,1630331,19635,265,3
T,1489,13508786,290,1630389,19635,294,3
T,1490,13508806,290,1630448,19635,261,3
T,1491,13508826,290,1630508,19635,341,3
T,1492,13508846,290,1630569,21063,231,3
T,1493,13508866,290,1630631,21063,258,3
T,1494,13508886,290,1630685,21063,486,3
T,1495,13508906,290,1630733,21063,440,3
T,1496,13508926,290,1630786,21063,455,3
T,1497,13508946,290,1630843,19563,306,3
T,1498,13508966,290,1630902,19563,295,3
T,1499,13508986,290,1630962,19563,237,3
T,1500,13509006,290,1631021,19563,380,3
T,1501,13509026,290,1631079,19563,275,3
T,1502,13509046,290,1631138,21063,269,3
T,1503,13509066,290,1631198,21063,193,3
T,1504,13509086,290,1631259,21063,232,3

[host] drv timeout 2000
drv timeout 2000
timeout 2000 ms, 2000 ms remaining
  any 'drv duty' kicks it; re-issuing this command kicks it too
> T,1505,13509106,290,1631320,21063,311,3
T,1506,13509126,290,1631379,21063,336,3
T,1507,13509146,290,1631429,21063,472,3
T,1508,13509166,290,1631481,21063,437,3
T,1509,13509186,290,1631536,21063,301,3
T,1510,13509206,290,1631595,21063,329,3
T,1511,13509226,290,1631655,21063,245,3
T,1512,13509246,290,1631714,20135,355,3
T,1513,13509266,290,1631771,20135,311,3
T,1514,13509286,290,1631828,20135,272,3
T,1515,13509306,290,1631887,20135,238,3
T,1516,13509326,290,1631946,20135,243,3
T,1517,13509346,290,1632006,20777,210,3
T,1518,13509366,290,1632064,20777,419,3
T,1519,13509386,290,1632116,20777,444,3
T,1520,13509406,290,1632168,20777,366,3
T,1521,13509426,290,1632223,20777,269,3
T,1522,13509446,290,1632281,19706,285,3
T,1523,13509466,290,1632341,19706,309,3
T,1524,13509486,290,1632401,19706,225,3
T,1525,13509506,290,1632459,19706,300,3
T,1526,13509526,290,1632515,19706,379,3
T,1527,13509546,290,1632573,20849,257,3
T,1528,13509566,290,1632632,20849,305,3
T,1529,13509586,290,1632692,20849,258,3

[host] drv timeout 2000
drv timeout 2000
timeout 2000 ms, 2000 ms remaining
  any 'drv duty' kicks it; re-issuing this command kicks it too
> T,1530,13509606,290,1632752,20849,295,3
T,1531,13509626,290,1632808,20849,409,3
T,1532,13509646,290,1632860,20563,325,3
T,1533,13509666,290,1632916,20563,291,3
T,1534,13509686,290,1632973,20563,297,3
T,1535,13509706,290,1633033,20563,187,3
T,1536,13509726,290,1633094,20563,189,3
T,1537,13509746,290,1633154,20920,413,3
T,1538,13509766,290,1633211,20920,350,3
T,1539,13509786,290,1633268,20920,279,3
T,1540,13509806,290,1633326,20920,333,3
T,1541,13509826,290,1633385,20920,253,3
T,1542,13509846,290,1633445,20706,299,3
T,1543,13509866,290,1633499,20706,491,3
T,1544,13509886,290,1633549,20706,437,3
T,1545,13509906,290,1633602,20706,458,3
T,1546,13509926,290,1633659,20706,285,3
T,1547,13509946,290,1633719,19492,305,3
T,1548,13509966,290,1633779,19492,230,3
T,1549,13509986,290,1633837,19492,440,3
T,1550,13510006,290,1633893,19492,291,3
T,1551,13510026,290,1633952,19492,258,3
T,1552,13510046,290,1634012,20920,226,3
T,1553,13510066,290,1634072,20920,322,3
T,1554,13510086,290,1634133,20920,277,3

[host] drv timeout 2000
drv timeout 2000
timeout 2000 ms, 2000 ms remaining
  any 'drv duty' kicks it; re-issuing this command kicks it too
> T,1555,13510106,290,1634190,20920,397,3
T,1556,13510126,290,1634243,20920,487,3
T,1557,13510146,290,1634297,20492,381,3
T,1558,13510166,290,1634355,20492,267,3
T,1559,13510186,290,1634414,20492,268,3
T,1560,13510206,290,1634475,20492,316,3
T,1561,13510226,290,1634536,20492,259,3
T,1562,13510246,290,1634595,21206,318,3
T,1563,13510266,290,1634653,21206,222,3
T,1564,13510286,290,1634712,21206,320,3
T,1565,13510306,290,1634772,21206,259,3
T,1566,13510326,290,1634833,21206,196,3
T,1567,13510346,290,1634891,21277,377,3
T,1568,13510366,290,1634943,21277,393,3
T,1569,13510386,290,1634997,21277,354,3
T,1570,13510406,290,1635053,21277,343,3
T,1571,13510426,290,1635113,21277,247,3
T,1572,13510446,290,1635174,20063,237,3
T,1573,13510466,290,1635233,20063,371,3
T,1574,13510486,290,1635290,20063,315,3
T,1575,13510506,290,1635348,20063,281,3
T,1576,13510526,290,1635408,20063,210,3
T,1577,13510546,290,1635468,20992,272,3
T,1578,13510566,290,1635529,20992,172,3
T,1579,13510586,290,1635586,20992,531,3

[host] drv timeout 2000
drv timeout 2000
timeout 2000 ms, 2000 ms remaining
  any 'drv duty' kicks it; re-issuing this command kicks it too
> T,1580,13510606,290,1635637,20992,411,3
T,1581,13510626,290,1635690,20992,369,3
T,1582,13510646,290,1635747,19920,283,3
T,1583,13510666,290,1635806,19920,231,3
T,1584,13510686,290,1635866,19920,259,3
T,1585,13510706,290,1635926,19920,375,3
T,1586,13510726,290,1635984,19920,236,3
T,1587,13510746,290,1636041,21063,249,3
T,1588,13510766,290,1636101,21063,263,3
T,1589,13510786,290,1636161,21063,326,3
T,1590,13510806,290,1636221,21063,236,3
T,1591,13510826,290,1636278,21063,403,3
T,1592,13510846,290,1636327,20563,483,3
T,1593,13510866,290,1636378,20563,413,3
T,1594,13510886,290,1636433,20563,245,3
T,1595,13510906,290,1636492,20563,316,3
T,1596,13510926,290,1636552,20563,209,3
T,1597,13510946,290,1636608,19992,366,3
T,1598,13510966,290,1636665,19992,289,3
T,1599,13510986,290,1636723,19992,251,3
T,1600,13511006,290,1636783,19992,247,3
T,1601,13511026,290,1636843,19992,302,3
T,1602,13511046,290,1636905,21063,224,3
T,1603,13511066,290,1636961,21063,497,3
T,1604,13511086,290,1637009,21063,442,3

[host] drv timeout 2000
drv timeout 2000
timeout 2000 ms, 2000 ms remaining
  any 'drv duty' kicks it; re-issuing this command kicks it too
> T,1605,13511106,290,1637059,21063,502,3
T,1606,13511126,290,1637113,21063,347,3
T,1607,13511146,290,1637171,18992,256,3
T,1608,13511166,290,1637229,18992,358,3
T,1609,13511186,290,1637288,18992,290,3
T,1610,13511206,290,1637345,18992,329,3
T,1611,13511226,290,1637404,18992,262,3
T,1612,13511246,290,1637463,20849,374,3
T,1613,13511266,290,1637523,20849,204,3
T,1614,13511286,290,1637584,20849,184,3
T,1615,13511306,290,1637644,20849,357,3
T,1616,13511326,290,1637697,20849,498,3
T,1617,13511346,290,1637745,20420,416,3
T,1618,13511366,290,1637799,20420,315,3
T,1619,13511386,290,1637856,20420,304,3
T,1620,13511406,290,1637915,20420,267,3
T,1621,13511426,290,1637974,20420,380,3
T,1622,13511446,290,1638032,20206,237,3
T,1623,13511466,290,1638090,20206,247,3
T,1624,13511486,290,1638150,20206,204,3
T,1625,13511506,290,1638210,20206,317,3
T,1626,13511526,290,1638272,20206,248,3
T,1627,13511546,290,1638333,21491,246,3
T,1628,13511566,290,1638388,21491,370,3
T,1629,13511586,290,1638438,21491,448,3

[host] drv timeout 2000
drv tiT,1630,13511606,290,1638491,21491,369,3
meout 2000
timeout 2000 ms, 2000 ms remaining
  any 'drv duty' kicks it; re-issuing this command kicks it too
> T,1631,13511626,290,1638547,21491,267,3
T,1632,13511646,290,1638606,19492,233,3
T,1633,13511666,290,1638665,19492,237,3
T,1634,13511686,290,1638723,19492,366,3
T,1635,13511706,290,1638780,19492,251,3
T,1636,13511726,290,1638839,19492,302,3
T,1637,13511746,290,1638899,20920,204,3
T,1638,13511766,290,1638959,20920,246,3
T,1639,13511786,290,1639020,20920,357,3
T,1640,13511806,290,1639075,20920,487,3
T,1641,13511826,290,1639122,20920,435,3
T,1642,13511846,290,1639173,19706,409,3
T,1643,13511866,290,1639228,19706,302,3
T,1644,13511886,290,1639286,19706,311,3
T,1645,13511906,290,1639345,19706,238,3
T,1646,13511926,290,1639404,19706,405,3
T,1647,13511946,290,1639462,20563,291,3
T,1648,13511966,290,1639520,20563,265,3
T,1649,13511986,290,1639579,20563,243,3
T,1650,13512006,290,1639639,20563,377,3
T,1651,13512026,290,1639700,20563,217,3
T,1652,13512046,290,1639760,21206,272,3
T,1653,13512066,290,1639812,21206,460,3
T,1654,13512086,290,1639863,21206,465,3

[host] drv timeout 2000
T,1655,13512106,290,1639917,21206,444,3
drv timeout 2000
timeout 2000 ms, 2000 ms remaining
  any 'drv duty' kicks it; re-issuing this command kicks it too
> T,1656,13512126,290,1639975,21206,259,3
T,1657,13512146,290,1640035,19563,268,3
T,1658,13512166,290,1640095,19563,240,3
T,1659,13512186,290,1640153,19563,357,3
T,1660,13512206,290,1640210,19563,268,3
T,1661,13512226,290,1640268,19563,297,3
T,1662,13512246,290,1640327,20920,206,3
T,1663,13512266,290,1640387,20920,301,3
T,1664,13512286,290,1640447,20920,302,3
T,1665,13512306,290,1640500,20920,439,3
T,1666,13512326,290,1640549,20920,438,3
T,1667,13512346,290,1640602,19778,386,3
T,1668,13512366,290,1640659,19778,254,3
T,1669,13512386,290,1640718,19778,243,3
T,1670,13512406,290,1640777,19778,252,3
T,1671,13512426,290,1640833,19778,434,3
T,1672,13512446,290,1640889,20420,328,3
T,1673,13512466,290,1640947,20420,237,3
T,1674,13512486,290,1641006,20420,288,3
T,1675,13512506,290,1641065,20420,258,3
T,1676,13512526,290,1641125,20420,241,3
T,1677,13512546,290,1641183,20992,332,3
T,1678,13512566,290,1641236,20992,352,3
T,1679,13512586,290,1641290,20992,294,3

[host] drv timeout 2000
T,1680,13512606,290,1641347,20992,386,3
drv timeout 2000
timeout 2000 ms, 2000 ms remaining
  any 'drv duty' kicks it; re-issuing this command kicks it too
> T,1681,13512626,290,1641405,20992,247,3
T,1682,13512646,290,1641465,20063,249,3
T,1683,13512666,290,1641527,20063,274,3
T,1684,13512686,290,1641587,20063,258,3
T,1685,13512706,290,1641643,20063,390,3
T,1686,13512726,290,1641700,20063,277,3
T,1687,13512746,290,1641759,20992,241,3
T,1688,13512766,290,1641818,20992,264,3
T,1689,13512786,290,1641877,20992,389,3
T,1690,13512806,290,1641928,20992,408,3
T,1691,13512826,290,1641979,20992,446,3
T,1692,13512846,290,1642033,19635,309,3
T,1693,13512866,290,1642091,19635,348,3
T,1694,13512886,290,1642151,19635,237,3
T,1695,13512906,290,1642210,19635,334,3
T,1696,13512926,290,1642267,19635,311,3
T,1697,13512946,290,1642324,20777,300,3
T,1698,13512966,290,1642384,20777,231,3
T,1699,13512986,290,1642443,20777,262,3
T,1700,13513006,290,1642503,20777,194,3
T,1701,13513026,290,1642563,20777,407,3
T,1702,13513046,290,1642616,20992,433,3
T,1703,13513066,290,1642669,20992,506,3
T,1704,13513086,290,1642724,20992,305,3

[host] drv timeout 2000
T,1705,13513106,290,1642781,20992,243,3
drv timeout 2000
timeout 2000 ms, 2000 ms remaining
  any 'drv duty' kicks it; re-issuing this command kicks it too
> T,1706,13513126,290,1642841,20992,280,3
T,1707,13513146,290,1642902,20206,337,3
T,1708,13513166,290,1642961,20206,262,3
T,1709,13513186,290,1643017,20206,267,3
T,1710,13513206,290,1643076,20206,301,3
T,1711,13513226,290,1643135,20206,256,3
T,1712,13513246,290,1643195,20920,245,3
T,1713,13513266,290,1643256,20920,359,3
T,1714,13513286,290,1643309,20920,584,3
T,1715,13513306,290,1643361,20920,384,3
T,1716,13513326,290,1643416,20920,445,3
T,1717,13513346,290,1643474,19920,214,3
T,1718,13513366,290,1643534,19920,220,3
T,1719,13513386,290,1643595,19920,257,3
T,1720,13513406,290,1643653,19920,297,3
T,1721,13513426,290,1643711,19920,269,3
T,1722,13513446,290,1643770,21134,286,3
T,1723,13513466,290,1643830,21134,273,3
T,1724,13513486,290,1643891,21134,185,3
T,1725,13513506,290,1643952,21134,275,3
T,1726,13513526,290,1644007,21134,409,3
T,1727,13513546,290,1644059,2077
[host] drv duty 27
7,391,3
drv duty 27
duty +27%
> T,1728,13513566,270,1644113,20777,212,3
T,1729,13513586,270,1644170,20777,203,3
T,1730,13513606,270,1644228,20777,225,3
T,1731,13513626,270,1644287,20777,182,3
T,1732,13513646,270,1644343,20206,285,3
T,1733,13513666,270,1644397,20206,374,3
T,1734,13513686,270,1644452,20206,243,3
T,1735,13513706,270,1644508,20206,201,3
T,1736,13513726,270,1644565,20206,278,3
T,1737,13513746,270,1644622,19920,263,3
T,1738,13513766,270,1644673,19920,501,3
T,1739,13513786,270,1644719,19920,471,3
T,1740,13513806,270,1644767,19920,343,3
T,1741,13513826,270,1644819,19920,251,3
T,1742,13513846,270,1644873,17921,225,3
T,1743,13513866,270,1644928,17921,316,3
T,1744,13513886,270,1644984,17921,329,3
T,1745,13513906,270,1645037,17921,406,3
T,1746,13513926,270,1645090,17921,320,3
T,1747,13513946,270,1645145,19492,275,3
T,1748,13513966,270,1645201,19492,178,3
T,1749,13513986,270,1645259,19492,222,3
T,1750,13514006,270,1645316,19492,277,3
T,1751,13514026,270,1645367,19492,408,3
T,1752,13514046,270,1645412,19206,466,3

[host] drv timeout 2000
drv timeout 2000
timeout 2000 ms, 2000 ms remaining
  any 'drv duty' kicks it; re-issuing this command kicks it too
> T,1753,13514066,270,1645459,19206,344,3
T,1754,13514086,270,1645511,19206,262,3
T,1755,13514106,270,1645565,19206,270,3
T,1756,13514126,270,1645620,19206,230,3
T,1757,13514146,270,1645676,18635,339,3
T,1758,13514166,270,1645730,18635,339,3
T,1759,13514186,270,1645783,18635,411,3
T,1760,13514206,270,1645838,18635,275,3
T,1761,13514226,270,1645893,18635,235,3
T,1762,13514246,270,1645949,19492,194,3
T,1763,13514266,270,1646006,19492,261,3
T,1764,13514286,270,1646060,19492,481,3
T,1765,13514306,270,1646104,19492,669,3
T,1766,13514326,270,1646149,19492,442,3
T,1767,13514346,270,1646199,17921,363,3
T,1768,13514366,270,1646252,17921,361,3
T,1769,13514386,270,1646306,17921,312,3
T,1770,13514406,270,1646360,17921,401,3
T,1771,13514426,270,1646413,17921,341,3
T,1772,13514446,270,1646467,19135,359,3
T,1773,13514466,270,1646521,19135,305,3
T,1774,13514486,270,1646577,19135,216,3
T,1775,13514506,270,1646634,19135,229,3
T,1776,13514526,270,1646691,19135,229,3
T,1777,13514546,270,1646747,19992,329,3

[host] drv timeout 2000
drv timeout 2000
timeout 2000 ms, 2000 ms remaining
  any 'drv duty' kicks it; re-issuing this command kicks it too
> T,1778,13514566,270,1646795,19992,449,3
T,1779,13514586,270,1646842,19992,437,3
T,1780,13514606,270,1646892,19992,429,3
T,1781,13514626,270,1646945,19992,305,3
T,1782,13514646,270,1647000,18064,336,3
T,1783,13514666,270,1647056,18064,224,3
T,1784,13514686,270,1647111,18064,230,3
T,1785,13514706,270,1647165,18064,216,3
T,1786,13514726,270,1647220,18064,233,3
T,1787,13514746,270,1647276,19635,318,3
T,1788,13514766,270,1647332,19635,225,3
T,1789,13514786,270,1647389,19635,203,3
T,1790,13514806,270,1647445,19635,377,3
T,1791,13514826,270,1647492,19635,587,3
T,1792,13514846,270,1647536,18778,459,3
T,1793,13514866,270,1647585,18778,349,3
T,1794,13514886,270,1647639,18778,406,3
T,1795,13514906,270,1647693,18778,286,3
T,1796,13514926,270,1647749,18778,254,3
T,1797,13514946,270,1647804,18992,219,3
T,1798,13514966,270,1647858,18992,256,3
T,1799,13514986,270,1647912,18992,258,3
T,1800,13515006,270,1647967,18992,224,3
T,1801,13515026,270,1648023,18992,373,3
T,1802,13515046,270,1648079,19563,205,3

[host] drv timeout 2000
drv timeout 2000
timeout 2000 ms, 2000 ms remaining
  any 'drv duty' kicks it; re-issuing this command kicks it too
> T,1803,13515066,270,1648136,19563,203,3
T,1804,13515086,270,1648187,19563,382,3
T,1805,13515106,270,1648232,19563,438,3
T,1806,13515126,270,1648280,19563,509,3
T,1807,13515146,270,1648331,18135,301,3
T,1808,13515166,270,1648385,18135,350,3
T,1809,13515186,270,1648440,18135,259,3
T,1810,13515206,270,1648496,18135,254,3
T,1811,13515226,270,1648549,18135,300,3
T,1812,13515246,270,1648602,19278,322,3
T,1813,13515266,270,1648656,19278,243,3
T,1814,13515286,270,1648711,19278,210,3
T,1815,13515306,270,1648766,19278,221,3
T,1816,13515326,270,1648822,19278,281,3
T,1817,13515346,270,1648874,19492,406,3
T,1818,13515366,270,1648920,19492,609,3
T,1819,13515386,270,1648968,19492,307,3
T,1820,13515406,270,1649019,19492,345,3
T,1821,13515426,270,1649073,19492,267,3
T,1822,13515446,270,1649128,17993,229,3
T,1823,13515466,270,1649183,17993,294,3
T,1824,13515486,270,1649234,17993,310,3
T,1825,13515506,270,1649286,17993,274,3
T,1826,13515526,270,1649340,17993,278,3
T,1827,13515546,270,1649395,19064,217,3

[host] drv timeout 2000
drv timeout 2000
timeout 2000 ms, 2000 ms remaining
  any 'drv duty' kicks it; re-issuing this command kicks it too
> T,1828,13515566,270,1649450,19064,272,3
T,1829,13515586,270,1649506,19064,273,3
T,1830,13515606,270,1649560,19064,428,3
T,1831,13515626,270,1649610,19064,365,3
T,1832,13515646,270,1649659,18992,380,3
T,1833,13515666,270,1649711,18992,337,3
T,1834,13515686,270,1649765,18992,278,3
T,1835,13515706,270,1649820,18992,225,3
T,1836,13515726,270,1649876,18992,245,3
T,1837,13515746,270,1649933,19492,280,3
T,1838,13515766,270,1649988,19492,368,3
T,1839,13515786,270,1650039,19492,379,3
T,1840,13515806,270,1650092,19492,370,3
T,1841,13515826,270,1650145,19492,285,3
T,1842,13515846,270,1650201,19064,316,3
T,1843,13515866,270,1650256,19064,310,3
T,1844,13515886,270,1650303,19064,409,3
T,1845,13515906,270,1650349,19064,542,3
T,1846,13515926,270,1650398,19064,295,3
T,1847,13515946,270,1650451,17921,247,3
T,1848,13515966,270,1650506,17921,227,3
T,1849,13515986,270,1650562,17921,350,3
T,1850,13516006,270,1650617,17921,302,3
T,1851,13516026,270,1650671,17921,328,3
T,1852,13516046,270,1650724,19492,273,3

[host] drv timeout 2000
drv timeout 2000
timeout 2000 ms, 2000 ms remaining
  any 'drv duty' kicks it; re-issuing this command kicks it too
> T,1853,13516066,270,1650780,19492,230,3
T,1854,13516086,270,1650836,19492,210,3
T,1855,13516106,270,1650892,19492,256,3
T,1856,13516126,270,1650948,19492,295,3
T,1857,13516146,270,1651000,19778,406,3
T,1858,13516166,270,1651048,19778,374,3
T,1859,13516186,270,1651099,19778,327,3
T,1860,13516206,270,1651152,19778,240,3
T,1861,13516226,270,1651207,19778,193,3
T,1862,13516246,270,1651264,18707,237,3
T,1863,13516266,270,1651320,18707,353,3
T,1864,13516286,270,1651372,18707,414,3
T,1865,13516306,270,1651426,18707,299,3
T,1866,13516326,270,1651481,18707,300,3
T,1867,13516346,270,1651536,19492,196,3
T,1868,13516366,270,1651593,19492,176,3
T,1869,13516386,270,1651649,19492,373,3
T,1870,13516406,270,1651698,19492,397,3
T,1871,13516426,270,1651747,19492,371,3
T,1872,13516446,270,1651797,18707,352,3
T,1873,13516466,270,1651850,18707,254,3
T,1874,13516486,270,1651905,18707,341,3
T,1875,13516506,270,1651961,18707,263,3
T,1876,13516526,270,1652017,18707,302,3
T,1877,13516546,270,1652068,19349,313,3

[host] drv timeout 2000
drv timeout 2000
timeout 2000 ms, 2000 ms remaining
  any 'drv duty' kicks it; re-issuing this command kicks it too
> T,1878,13516566,270,1652121,19349,318,3
T,1879,13516586,270,1652176,19349,241,3
T,1880,13516606,270,1652232,19349,198,3
T,1881,13516626,270,1652288,19349,251,3
T,1882,13516646,270,1652344,19563,321,3
T,1883,13516666,270,1652393,19563,442,3
T,1884,13516686,270,1652441,19563,461,3
T,1885,13516706,270,1652491,19563,322,3
T,1886,13516726,270,1652544,19563,296,3
T,1887,13516746,270,1652600,18278,291,3
T,1888,13516766,270,1652656,18278,248,3
T,1889,13516786,270,1652711,18278,277,3
T,1890,13516806,270,1652764,18278,281,3
T,1891,13516826,270,1652819,18278,240,3
T,1892,13516846,270,1652873,19563,215,3
T,1893,13516866,270,1652929,19563,327,3
T,1894,13516886,270,1652986,19563,254,3
T,1895,13516906,270,1653042,19563,270,3
T,1896,13516926,270,1653091,19563,524,3
T,1897,13516946,270,1653136,18921,361,3
T,1898,13516966,270,1653185,18921,392,3
T,1899,13516986,270,1653237,18921,297,3
T,1900,13517006,270,1653292,18921,337,3
T,1901,13517026,270,1653347,18921,307,3
T,1902,13517046,270,1653400,18707,418,3

[host] drv timeout 2000
drv timeout T,1903,13517066,270,1653453,18707,341,3
2000
timeout 2000 ms, 2000 ms remaining
  any 'drv duty' kicks it; re-issuing this command kicks it too
> T,1904,13517086,270,1653507,18707,363,3
T,1905,13517106,270,1653562,18707,294,3
T,1906,13517126,270,1653617,18707,210,3
T,1907,13517146,270,1653674,19492,243,3
T,1908,13517166,270,1653731,19492,323,3
T,1909,13517186,270,1653778,19492,430,3
T,1910,13517206,270,1653822,19492,422,3
T,1911,13517226,270,1653869,19492,466,3
T,1912,13517246,270,1653922,17778,307,3
T,1913,13517266,270,1653976,17778,370,3
T,1914,13517286,270,1654031,17778,232,3
T,1915,13517306,270,1654086,17778,258,3
T,1916,13517326,270,1654140,17778,216,3
T,1917,13517346,270,1654195,19421,235,3
T,1918,13517366,270,1654250,19421,245,3
T,1919,13517386,270,1654305,19421,245,3
T,1920,13517406,270,1654362,19421,248,3
T,1921,13517426,270,1654419,19421,198,3
T,1922,13517446,270,1654472,19920,350,3
T,1923,13517466,270,1654516,19920,435,3
T,1924,13517486,270,1654562,19920,396,3
T,1925,13517506,270,1654613,19920,348,3
T,1926,13517526,270,1654667,19920,263,3
T,1927,13517546,270,1654721,17707,384,3

[host] drv timeout 2000
drv timeT,1928,13517566,270,1654775,17707,300,3
out 2000
timeout 2000 ms, 2000 ms remaining
  any 'drv duty' kicks it; re-issuing this command kicks it too
> T,1929,13517586,270,1654829,17707,403,3
T,1930,13517606,270,1654883,17707,278,3
T,1931,13517626,270,1654939,17707,247,3
T,1932,13517646,270,1654995,19492,192,3
T,1933,13517666,270,1655052,19492,243,3
T,1934,13517686,270,1655109,19492,233,3
T,1935,13517706,270,1655163,19492,396,3
T,1936,13517726,270,1655208,19492,454,3
T,1937,13517746,270,1655256,18778,496,3
T,1938,13517766,270,1655307,18778,301,3
T,1939,13517786,270,1655360,18778,336,3
T,1940,13517806,270,1655416,18778,286,3
T,1941,13517826,270,1655471,18778,295,3
T,1942,13517846,270,1655524,19064,294,3
T,1943,13517866,270,1655577,19064,313,3
T,1944,13517886,270,1655632,19064,221,3
T,1945,13517906,270,1655688,19064,180,3
T,1946,13517926,270,1655744,19064,258,3
T,1947,13517946,270,1655801,19706,262,3
T,1948,13517966,270,1655855,19706,377,3
T,1949,13517986,270,1655901,19706,501,3
T,1950,13518006,270,1655946,19706,379,3
T,1951,13518026,270,1655996,19706,325,3
T,1952,13518046,270,1656049,17778,274,3

[host] drv timeout 2000
drv tT,1953,13518066,270,1656104,17778,253,3
imeout 2000
timeout 2000 ms, 2000 ms remaining
  any 'drv duty' kicks it; re-issuing this command kicks it too
> T,1954,13518086,270,1656159,17778,241,3
T,1955,13518106,270,1656214,17778,371,3
T,1956,13518126,270,1656268,17778,328,3
T,1957,13518146,270,1656322,19492,364,3
T,1958,13518166,270,1656377,19492,293,3
T,1959,13518186,270,1656433,19492,205,3
T,1960,13518206,270,1656490,19492,247,3
T,1961,13518226,270,1656547,19492,272,3
T,1962,13518246,270,1656597,19778,429,3
T,1963,13518266,270,1656643,19778,551,3
T,1964,13518286,270,1656691,19778,296,3
T,1965,13518306,270,1656744,19778,274,3
T,1966,13518326,270,1656798,19778,233,3
T,1967,13518346,270,1656854,18135,323,3
T,1968,13518366,270,1656909,18135,329,3
T,1969,13518386,270,1656963,18135,416,3
T,1970,13518406,270,1657016,18135,336,3
T,1971,13518426,270,1657070,18135,325,3
T,1972,13518446,270,1657125,19349,245,3
T,1973,13518466,270,1657180,19349,217,3
T,1974,13518486,270,1657236,19349,264,3
T,1975,13518506,270,1657285,19349,435,3
T,1976,13518526,270,1657332,19349,386,3
T,1977,13518546,270,1657381,18421,334,3

[host] drv timeout 2000
T,1978,13518566,270,1657433,18421,373,3
drv timeout 2000
timeout 2000 ms, 2000 ms remaining
  any 'drv duty' kicks it; re-issuing this command kicks it too
> T,1979,13518586,270,1657487,18421,224,3
T,1980,13518606,270,1657543,18421,210,3
T,1981,13518626,270,1657597,18421,259,3
T,1982,13518646,270,1657648,19064,334,3
T,1983,13518666,270,1657700,19064,302,3
T,1984,13518686,270,1657753,19064,306,3
T,1985,13518706,270,1657808,19064,227,3
T,1986,13518726,270,1657863,19064,187,3
T,1987,13518746,270,1657919,19278,254,3
T,1988,13518766,270,1657972,19278,355,3
T,1989,13518786,270,1658020,19278,380,3
T,1990,13518806,270,1658070,19278,424,3
T,1991,13518826,270,1658122,19278,261,3
T,1992,13518846,270,1658175,18278,261,3
T,1993,13518866,270,1658231,18278,288,3
T,1994,13518886,270,1658287,18278,240,3
T,1995,13518906,270,1658344,18278,261,3
T,1996,13518926,270,1658397,18278,296,3
T,1997,13518946,270,1658450,19706,269,3
T,1998,13518966,270,1658504,19706,216,3
T,1999,13518986,270,1658559,19706,240,3
T,2000,13519006,270,1658615,19706,288,3
T,2001,13519026,270,1658668,19706,480,3
T,2002,13519046,270,1658714,18921,515,3

[host] drv timeout 2000
T,2003,13519066,270,1658761,18921,317,3
drv timeout 2000
timeout 2000 ms, 2000 ms remaining
  any 'drv duty' kicks it; re-issuing this command kicks it too
> T,2004,13519086,270,1658811,18921,358,3
T,2005,13519106,270,1658864,18921,272,3
T,2006,13519126,270,1658920,18921,243,3
T,2007,13519146,270,1658976,18492,253,3
T,2008,13519166,270,1659029,18492,345,3
T,2009,13519186,270,1659082,18492,265,3
T,2010,13519206,270,1659136,18492,310,3
T,2011,13519226,270,1659191,18492,299,3
T,2012,13519246,270,1659247,19349,245,3
T,2013,13519266,270,1659304,19349,222,3
T,2014,13519286,270,1659359,19349,313,3
T,2015,13519306,270,1659408,19349,354,3
T,2016,13519326,270,1659457,19349,460,3
T,2017,13519346,270,1659509,18778,321,3
T,2018,13519366,270,1659563,18778,297,3
T,2019,13519386,270,1659617,18778,283,3
T,2020,13519406,270,1659674,18778,245,3
T,2021,13519426,270,1659731,18778,215,3
T,2022,13519446,270,1659785,19706,251,3
T,2023,13519466,270,1659839,19706,274,3
T,2024,13519486,270,1659893,19706,275,3
T,2025,13519506,270,1659948,19706,364,3
T,2026,13519526,270,1660005,19706,235,3
T,2027,13519546,270,1660060,19635,300,3

[host] drv timeout 2000
T,2028,13519566,270,1660109,19635,480,3
drv timeout 2000
timeout 2000 ms, 2000 ms remaining
  any 'drv duty' kicks it; re-issuing this command kicks it too
> T,2029,13519586,270,1660158,19635,355,3
T,2030,13519606,270,1660209,19635,320,3
T,2031,13519626,270,1660262,19635,245,3
T,2032,13519646,270,1660318,18350,216,3
T,2033,13519666,270,1660375,18350,355,3
T,2034,13519686,270,1660429,18350,369,3
T,2035,13519706,270,1660482,18350,413,3
T,2036,13519726,270,1660536,18350,320,3
T,2037,13519746,270,1660591,19492,272,3
T,2038,13519766,270,1660646,19492,229,3
T,2039,13519786,270,1660703,19492,214,3
T,2040,13519806,270,1660758,19492,445,3
T,2041,13519826,270,1660806,19492,425,3
T,2042,13519846,270,1660854,18921,409,3
T,2043,13519866,270,1660904,18921,317,3
T,2044,13519886,270,1660958,18921,256,3
T,2045,13519906,270,1661013,18921,311,3
T,2046,13519926,270,1661069,18921,258,3
T,2047,13519946,270,1661124,19206,306,3
T,2048,13519966,270,1661177,19206,297,3
T,2049,13519986,270,1661231,19206,274,3
T,2050,13520006,270,1661286,19206,232,3
T,2051,13520026,270,1661342,19206,232,3
T,2052,13520046,270,1661399,19563,361,3

[host] drv timeout 2000
T,2053,13520066,270,1661454,19563,371,3
drv timeout 2000
timeout 2000 ms, 2000 ms remaining
  any 'drv duty' kicks it; re-issuing this command kicks it too
> T,2054,13520086,270,1661500,19563,445,3
T,2055,13520106,270,1661546,19563,407,3
T,2056,13520126,270,1661595,19563,342,3
T,2057,13520146,270,1661648,17850,249,3
T,2058,13520166,270,1661703,17850,211,3
T,2059,13520186,270,1661758,17850,251,3
T,2060,13520206,270,1661812,17850,254,3
T,2061,13520226,270,1661865,17850,278,3
T,2062,13520246,270,1661920,19349,257,3
T,2063,13520266,270,1661975,19349,358,3
T,2064,13520286,270,1662032,19349,182,3
T,2065,13520306,270,1662090,19349,150,3
T,2066,13520326,270,1662145,19349,451,3
T,2067,13520346,270,1662191,19635,535,3
T,2068,13520366,270,1662236,19635,391,3
T,2069,13520386,270,1662286,19635,317,3
T,2070,13520406,270,1662339,19635,359,3
T,2071,13520426,270,1662394,19635,290,3
T,2072,13520446,270,1662449,18135,243,3
T,2073,13520466,270,1662504,18135,265,3
T,2074,13520486,270,1662560,18135,251,3
T,2075,13520506,270,1662615,18135,375,3
T,2076,13520526,270,1662670,18135,242,3
T,2077,13520546,270,1662726,19778,190,3
T,2078,13520566,270,1662783,1977
[host] drv timeout 2000
8,217,3
drv timeout 2000
timeout 2000 ms, 2000 ms remaining
  any 'drv duty' kicks it; re-issuing this command kicks it too
> T,2079,13520586,270,1662839,19778,370,3
T,2080,13520606,270,1662887,19778,507,3
T,2081,13520626,270,1662931,19778,413,3
T,2082,13520646,270,1662980,18278,392,3
T,2083,13520666,270,1663032,18278,328,3
T,2084,13520686,270,1663087,18278,279,3
T,2085,13520706,270,1663142,18278,279,3
T,2086,13520726,270,1663196,18278,256,3
T,2087,13520746,270,1663250,19135,219,3
T,2088,13520766,270,1663304,19135,206,3
T,2089,13520786,270,1663360,19135,272,3
T,2090,13520806,270,1663416,19135,263,3
T,2091,13520826,270,1663473,19135,193,3
T,2092,13520846,270,1663531,20063,299,3
T,2093,13520866,270,1663581,20063,428,3
T,2094,13520886,270,1663628,20063,407,3
T,2095,13520906,270,1663676,20063,359,3
T,2096,13520926,270,1663728,20063,291,3
T,2097,13520946,270,1663782,17921,258,3
T,2098,13520966,270,1663837,17921,241,3
T,2099,13520986,270,1663891,17921,272,3
T,2100,13521006,270,1663943,17921,252,3
T,2101,13521026,270,1663996,17921,265,3
T,2102,13521046,270,1664051,19278,214,3
T,2103,13521066,270,1664107,1927
[host] drv timeout 2000
8,280,3
drv timeout 2000
timeout 2000 ms, 2000 ms remaining
  any 'drv duty' kicks it; re-issuing this command kicks it too
> T,2104,13521086,270,1664164,19278,230,3
T,2105,13521106,270,1664220,19278,243,3
T,2106,13521126,270,1664270,19278,490,3
T,2107,13521146,270,1664313,18921,517,3
T,2108,13521166,270,1664360,18921,370,3
T,2109,13521186,270,1664411,18921,310,3
T,2110,13521206,270,1664464,18921,240,3
T,2111,13521226,270,1664520,18921,209,3
T,2112,13521246,270,1664574,18421,232,3
T,2113,13521266,270,1664628,18421,243,3
T,2114,13521286,270,1664680,18421,277,3
T,2115,13521306,270,1664735,18421,245,3
T,2116,13521326,270,1664790,18421,338,3
T,2117,13521346,270,1664846,19349,240,3
T,2118,13521366,270,1664902,19349,190,3
T,2119,13521386,270,1664958,19349,284,3
T,2120,13521406,270,1665005,19349,603,3
T,2121,13521426,270,1665052,19349,386,3
T,2122,13521446,270,1665101,18350,338,3
T,2123,13521466,270,1665155,18350,371,3
T,2124,13521486,270,1665209,18350,295,3
T,2125,13521506,270,1665265,18350,232,3
T,2126,13521526,270,1665321,18350,273,3
T,2127,13521546,270,1665374,19421,269,3
T,2128,13521566,270,1665428,19421,262,3

[host] drv timeout 2000
drv timeout 2000
timeout 2000 ms, 2000 ms remaining
  any 'drv duty' kicks it; re-issuing this command kicks it too
> T,2129,13521586,270,1665482,19421,227,3
T,2130,13521606,270,1665537,19421,339,3
T,2131,13521626,270,1665593,19421,269,3
T,2132,13521646,270,1665649,19635,294,3
T,2133,13521666,270,1665698,19635,490,3
T,2134,13521686,270,1665744,19635,382,3
T,2135,13521706,270,1665793,19635,439,3
T,2136,13521726,270,1665846,19635,321,3
T,2137,13521746,270,1665901,17921,349,3
T,2138,13521766,270,1665957,17921,275,3
T,2139,13521786,270,1666010,17921,341,3
T,2140,13521806,270,1666061,17921,329,3
T,2141,13521826,270,1666115,17921,369,3
T,2142,13521846,270,1666169,19135,290,3
T,2143,13521866,270,1666224,19135,269,3
T,2144,13521886,270,1666279,19135,245,3
T,2145,13521906,270,1666334,19135,252,3
T,2146,13521926,270,1666385,19135,325,3
T,2147,13521946,270,1666433,19064,491,3
T,2148,13521966,270,1666483,19064,316,3
T,2149,13521986,270,1666535,19064,291,3
T,2150,13522006,270,1666589,19064,256,3
T,2151,13522026,270,1666644,19064,231,3
T,2152,13522046,270,1666700,18921,281,3
T,2153,13522066,270,1666757,18921,270,3

[host] drv timeout 2000
drv timeout 2000
timeout 2000 ms, 2000 ms remaining
  any 'drv duty' kicks it; re-issuing this command kicks it too
> T,2154,13522086,270,1666810,18921,359,3
T,2155,13522106,270,1666861,18921,381,3
T,2156,13522126,270,1666915,18921,304,3
T,2157,13522146,270,1666969,19135,334,3
T,2158,13522166,270,1667024,19135,200,3
T,2159,13522186,270,1667076,19135,493,3
T,2160,13522206,270,1667120,19135,456,3
T,2161,13522226,270,1667168,19135,352,3
T,2162,13522246,270,1667218,17921,273,3
T,2163,13522266,270,1667272,17921,205,3
T,2164,13522286,270,1667327,17921,220,3
T,2165,13522306,270,1667383,17921,333,3
T,2166,13522326,270,1667435,17921,384,3
T,2167,13522346,270,1667488,19206,277,3
T,2168,13522366,270,1667542,19206,353,3
T,2169,13522386,270,1667597,19206,269,3
T,2170,13522406,270,1667653,19206,240,3
T,2171,13522426,270,1667709,19206,212,3
T,2172,13522446,270,1667764,19706,321,3
T,2173,13522466,270,1667813,19706,385,3
T,2174,13522486,270,1667862,19706,445,3
T,2175,13522506,270,1667913,19706,262,3
T,2176,13522526,270,1667967,19706,258,3
T,2177,13522546,270,1668023,18421,289,3
T,2178,13522566,270,1668079,18421,249,3

[host] drv timeout 2000
drv timeout 2000
timeout 2000 ms, 2000 ms remaining
  any 'drv duty' kicks it; re-issuing this command kicks it too
> T,2179,13522586,270,1668134,18421,309,3
T,2180,13522606,270,1668186,18421,331,3
T,2181,13522626,270,1668240,18421,235,3
T,2182,13522646,270,1668295,19421,208,3
T,2183,13522666,270,1668350,19421,221,3
T,2184,13522686,270,1668406,19421,274,3
T,2185,13522706,270,1668461,19421,491,3
T,2186,13522726,270,1668509,19421,421,3
T,2187,13522746,270,1668557,18921,386,3
T,2188,13522766,270,1668608,18921,347,3
T,2189,13522786,270,1668661,18921,288,3
T,2190,13522806,270,1668717,18921,339,3
T,2191,13522826,270,1668773,18921,246,3
T,2192,13522846,270,1668828,19206,290,3
T,2193,13522866,270,1668880,19206,246,3
T,2194,13522886,270,1668934,19206,259,3
T,2195,13522906,270,1668988,19206,249,3
T,2196,13522926,270,1669044,19206,210,3
T,2197,13522946,270,1669100,19421,331,3
T,2198,13522966,270,1669156,19421,306,3
T,2199,13522986,270,1669205,19421,421,3
T,2200,13523006,270,1669253,19421,379,3
T,2201,13523026,270,1669304,19421,382,3
T,2202,13523046,270,1669357,18278,379,3
T,2203,13523066,270,1669412,18278,236,3

[host] drv timeout 2000
drv timeout 2000
timeout 2000 ms, 2000 ms remaining
  any 'drv duty' kicks it; re-issuing this command kicks it too
> T,2204,13523086,270,1669469,18278,225,3
T,2205,13523106,270,1669524,18278,273,3
T,2206,13523126,270,1669577,18278,246,3
T,2207,13523146,270,1669631,19635,251,3
T,2208,13523166,270,1669686,19635,270,3
T,2209,13523186,270,1669741,19635,322,3
T,2210,13523206,270,1669798,19635,220,3
T,2211,13523226,270,1669853,19635,355,3
T,2212,13523246,270,1669899,19278,477,3
T,2213,13523266,270,1669945,19278,454,3
T,2214,13523286,270,1669995,19278,341,3
T,2215,13523306,270,1670047,19278,267,3
T,2216,13523326,270,1670102,19278,364,3
T,2217,13523346,270,1670157,18278,328,3
T,2218,13523366,270,1670210,18278,417,3
T,2219,13523386,270,1670262,18278,273,3
T,2220,13523406,270,1670316,18278,364,3
T,2221,13523426,270,1670371,18278,257,3
T,2222,13523446,270,1670427,19206,221,3
T,2223,13523466,270,1670484,19206,227,3
T,2224,13523486,270,1670540,19206,396,3
T,2225,13523506,270,1670586,19206,446,3
T,2226,13523526,270,1670631,19206,418,3
T,2227,13523546,270,1670680,18207,446,3
T,2228,13523566,270,1670733,18207,316,3

[host] drv timeout 2000
drv timeout 2000
timeout 2000 ms, 2000 ms remaining
  any 'drv duty' kicks it; re-issuing this command kicks it too
> T,2229,13523586,270,1670788,18207,302,3
T,2230,13523606,270,1670843,18207,267,3
T,2231,13523626,270,1670898,18207,229,3
T,2232,13523646,270,1670953,19349,275,3
T,2233,13523666,270,1671008,19349,246,3
T,2234,13523686,270,1671064,19349,360,3
T,2235,13523706,270,1671120,19349,201,3
T,2236,13523726,270,1671176,19349,160,3
T,2237,13523746,270,1671233,19992,382,3
T,2238,13523766,270,1671282,19992,430,3
T,2239,13523786,270,1671326,19992,429,3
T,2240,13523806,270,1671374,19992,345,3
T,2241,13523826,270,1671426,19992,406,3
T,2242,13523846,270,1671480,17707,313,3
T,2243,13523866,270,1671535,17707,272,3
T,2244,13523886,270,1671589,17707,297,3
T,2245,13523906,270,1671643,17707,278,3
T,2246,13523926,270,1671697,17707,216,3
T,2247,13523946,270,1671753,19421,201,3
T,2248,13523966,270,1671809,19421,311,3
T,2249,13523986,270,1671866,19421,256,3
T,2250,13524006,270,1671923,19421,210,3
T,2251,13524026,270,1671975,19421,416,3
T,2252,13524046,270,1672021,19421,451,3
T,2253,13524066,270,1672070,19421,328,3

[host] drv timeout 2000
drv timeout 2000
timeout 2000 ms, 2000 ms remaining
  any 'drv duty' kicks it; re-issuing this command kicks it too
> T,2254,13524086,270,1672122,19421,342,3
T,2255,13524106,270,1672176,19421,253,3
T,2256,13524126,270,1672232,19421,246,3
T,2257,13524146,270,1672287,18778,258,3
T,2258,13524166,270,1672341,18778,306,3
T,2259,13524186,270,1672395,18778,289,3
T,2260,13524206,270,1672451,18778,325,3
T,2261,13524226,270,1672506,18778,273,3
T,2262,13524246,270,1672563,19635,188,3
T,2263,13524266,270,1672620,19635,326,3
T,2264,13524286,270,1672671,19635,430,3
T,2265,13524306,270,1672715,19635,439,3
T,2266,13524326,270,1672762,19635,408,3
T,2267,13524346,270,1672813,17921,413,3
T,2268,13524366,270,1672867,17921,275,3
T,2269,13524386,270,1672921,17921,284,3
T,2270,13524406,270,1672977,17921,229,3
T,2271,13524426,270,1673030,17921,293,3
T,2272,13524446,270,1673083,19278,277,3
T,2273,13524466,270,1673137,19278,247,3
T,2274,13524486,270,1673192,19278,221,3
T,2275,13524506,270,1673248,19278,247,3
T,2276,13524526,270,1673305,19278,285,3
T,2277,13524546,270,1673361,19849,270,3
T,2278,13524566,270,1673409,19849,499,3

[host] drv timeout 2000
drv timeout 2000
timeout 2000 ms, 2000 ms remaining
  any 'drv duty' kicks it; re-issuing this command kicks it too
> T,2279,13524586,270,1673455,19849,437,3
T,2280,13524606,270,1673504,19849,326,3
T,2281,13524626,270,1673557,19849,300,3
T,2282,13524646,270,1673612,17850,277,3
T,2283,13524666,270,1673667,17850,305,3
T,2284,13524686,270,1673721,17850,293,3
T,2285,13524706,270,1673772,17850,433,3
T,2286,13524726,270,1673825,17850,312,3
T,2287,13524746,270,1673879,19135,396,3
T,2288,13524766,270,1673934,19135,256,3
T,2289,13524786,270,1673989,19135,227,3
T,2290,13524806,270,1674044,19135,283,3
T,2291,13524826,270,1674093,19135,578,3
T,2292,13524846,270,1674140,18778,371,3
T,2293,13524866,270,1674191,18778,311,3
T,2294,13524886,270,1674243,18778,373,3
T,2295,13524906,270,1674297,18778,291,3
T,2296,13524926,270,1674353,18778,220,3
T,2297,13524946,270,1674409,19064,294,3
T,2298,13524966,270,1674461,19064,304,3
T,2299,13524986,270,1674513,19064,263,3
T,2300,13525006,270,1674568,19064,211,3
T,2301,13525026,270,1674622,19064,240,3
T,2302,13525046,270,1674678,19135,270,3
T,2303,13525066,270,1674735,19135,293,3

[host] drv timeout 2000
drv timeout 2000
timeout 2000 ms, 2000 ms remaining
  any 'drv duty' kicks it; re-issuing this command kicks it too
> T,2304,13525086,270,1674786,19135,430,3
T,2305,13525106,270,1674833,19135,347,3
T,2306,13525126,270,1674883,19135,408,3
T,2307,13525146,270,1674935,18421,354,3
T,2308,13525166,270,1674990,18421,302,3
T,2309,13525186,270,1675047,18421,230,3
T,2310,13525206,270,1675104,18421,227,3
T,2311,13525226,270,1675158,18421,371,3
T,2312,13525246,270,1675212,19778,310,3
T,2313,13525266,270,1675265,19778,371,3
T,2314,13525286,270,1675320,19778,311,3
T,2315,13525306,270,1675375,19778,259,3
T,2316,13525326,270,1675431,19778,268,3
T,2317,13525346,270,1675483,19421,438,3
T,2318,13525366,270,1675529,19421,344,3
T,2319,13525386,270,1675579,19421,401,3
T,2320,13525406,270,1675631,19421,347,3
T,2321,13525426,270,1675685,19421,240,3
T,2322,13525446,270,1675741,18278,201,3
T,2323,13525466,270,1675797,18278,294,3
T,2324,13525486,270,1675851,18278,294,3
T,2325,13525506,270,1675904,18278,323,3
T,2326,13525526,270,1675959,18278,315,3
T,2327,13525546,270,1676014,19492,301,3
T,2328,13525566,270,1676070,19492,208,3

[host] drv timeout 2000
drv timeout 2000
timeout 2000 ms, 2000 ms remaining
  any 'drv duty' kicks it; re-issuing this command kicks it too
> T,2329,13525586,270,1676127,19492,209,3
T,2330,13525606,270,1676180,19492,366,3
T,2331,13525626,270,1676227,19492,519,3
T,2332,13525646,270,1676276,18849,344,3
T,2333,13525666,270,1676328,18849,283,3
T,2334,13525686,270,1676382,18849,222,3
T,2335,13525706,270,1676438,18849,337,3
T,2336,13525726,270,1676495,18849,236,3
T,2337,13525746,270,1676548,19349,311,3
T,2338,13525766,270,1676602,19349,316,3
T,2339,13525786,270,1676657,19349,249,3
T,2340,13525806,270,1676713,19349,208,3
T,2341,13525826,270,1676769,19349,242,3
T,2342,13525846,270,1676826,19778,257,3
T,2343,13525866,270,1676879,19778,357,3
T,2344,13525886,270,1676927,19778,393,3
T,2345,13525906,270,1676977,19778,341,3
T,2346,13525926,270,1677029,19778,267,3
T,2347,13525946,270,1677084,18421,232,3
T,2348,13525966,270,1677140,18421,232,3
T,2349,13525986,270,1677197,18421,326,3
T,2350,13526006,270,1677249,18421,427,3
T,2351,13526026,270,1677302,18421,337,3
T,2352,13526046,270,1677356,19492,352,3
T,2353,13526066,270,1677411,19492,230,3

[host] drv timeout 2000
drv timeout 2000
timeout 2000 ms, 2000 ms remaining
  any 'drv duty' kicks it; re-issuing this command kicks it too
> T,2354,13526086,270,1677467,19492,241,3
T,2355,13526106,270,1677524,19492,229,3
T,2356,13526126,270,1677577,19492,323,3
T,2357,13526146,270,1677624,19278,458,3
T,2358,13526166,270,1677673,19278,328,3
T,2359,13526186,270,1677726,19278,270,3
T,2360,13526206,270,1677780,19278,281,3
T,2361,13526226,270,1677837,19278,280,3
T,2362,13526246,270,1677893,18992,288,3
T,2363,13526266,270,1677946,18992,280,3
T,2364,13526286,270,1678000,18992,278,3
T,2365,13526306,270,1678055,18992,215,3
T,2366,13526326,270,1678111,18992,216,3
T,2367,13526346,270,1678167,19563,358,3
T,2368,13526366,270,1678224,19563,210,3
T,2369,13526386,270,1678276,19563,529,3
T,2370,13526406,270,1678320,19563,450,3
T,2371,13526426,270,1678368,19563,332,3
T,2372,13526446,270,1678420,18135,290,3
T,2373,13526466,270,1678474,18135,246,3
T,2374,13526486,270,1678530,18135,380,3
T,2375,13526506,270,1678584,18135,304,3
T,2376,13526526,270,1678637,18135,411,3
T,2377,13526546,270,1678691,19278,291,3
T,2378,13526566,270,1678745,19278,302,3

[host] drv timeout 2000
drvT,2379,13526586,270,1678801,19278,214,3
 timeout 2000
timeout 2000 ms, 2000 ms remaining
  any 'drv duty' kicks it; re-issuing this command kicks it too
> T,2380,13526606,270,1678858,19278,163,3
T,2381,13526626,270,1678915,19278,325,3
T,2382,13526646,270,1678965,19849,395,3
T,2383,13526666,270,1679008,19849,475,3
T,2384,13526686,270,1679055,19849,397,3
T,2385,13526706,270,1679105,19849,391,3
T,2386,13526726,270,1679159,19849,336,3
T,2387,13526746,270,1679213,17493,348,3
T,2388,13526766,270,1679268,17493,274,3
T,2389,13526786,270,1679322,17493,301,3
T,2390,13526806,270,1679376,17493,220,3
T,2391,13526826,270,1679431,17493,231,3
T,2392,13526846,270,1679487,19421,219,3
T,2393,13526866,270,1679543,19421,280,3
T,2394,13526886,270,1679600,19421,216,3
T,2395,13526906,270,1679655,19421,397,3
T,2396,13526926,270,1679700,19421,435,3
T,2397,13526946,270,1679745,18707,477,3
T,2398,13526966,270,1679795,18707,289,3
T,2399,13526986,270,1679848,18707,267,3
T,2400,13527006,270,1679903,18707,242,3
T,2401,13527026,270,1679958,18707,387,3
T,2402,13527046,270,1680012,18921,328,3
T,2403,13527066,270,1680067,18921,336,3

[host] drv timeout 2000
T,2404,13527086,270,1680122,18921,283,3
drv timeout 2000
timeout 2000 ms, 2000 ms remaining
  any 'drv duty' kicks it; re-issuing this command kicks it too
> T,2405,13527106,270,1680179,18921,188,3
T,2406,13527126,270,1680235,18921,277,3
T,2407,13527146,270,1680293,19992,194,3
T,2408,13527166,270,1680349,19992,310,3
T,2409,13527186,270,1680396,19992,513,3
T,2410,13527206,270,1680443,19992,462,3
T,2411,13527226,270,1680492,19992,433,3
T,2412,13527246,270,1680545,18064,304,3
T,2413,13527266,270,1680600,18064,352,3
T,2414,13527286,270,1680656,18064,210,3
T,2415,13527306,270,1680710,18064,262,3
T,2416,13527326,270,1680764,18064,227,3
T,2417,13527346,270,1680819,19492,236,3
T,2418,13527366,270,1680875,19492,258,3
T,2419,13527386,270,1680931,19492,233,3
T,2420,13527406,270,1680988,19492,215,3
T,2421,13527426,270,1681043,19492,284,3
T,2422,13527446,270,1681091,19635,619,3
T,2423,13527466,270,1681136,19635,411,3
T,2424,13527486,270,1681185,19635,350,3
T,2425,13527506,270,1681238,19635,393,3
T,2426,13527526,270,1681293,19635,312,3
T,2427,13527546,270,1681348,18207,261,3
T,2428,13527566,270,1681404,18207,229,3

[host] drv timeout 2000
T,2429,13527586,270,1681459,18207,242,3
drv timeout 2000
timeout 2000 ms, 2000 ms remaining
  any 'drv duty' kicks it; re-issuing this command kicks it too
> T,2430,13527606,270,1681512,18207,261,3
T,2431,13527626,270,1681567,18207,240,3
T,2432,13527646,270,1681623,19563,368,3
T,2433,13527666,270,1681679,19563,199,3
T,2434,13527686,270,1681736,19563,209,3
T,2435,13527706,270,1681787,19563,381,3
T,2436,13527726,270,1681831,19563,427,3
T,2437,13527746,270,1681879,18421,529,3
T,2438,13527766,270,1681931,18421,274,3
T,2439,13527786,270,1681984,18421,325,3
T,2440,13527806,270,1682040,18421,286,3
T,2441,13527826,270,1682095,18421,299,3
T,2442,13527846,270,1682148,19135,304,3
T,2443,13527866,270,1682200,19135,379,3
T,2444,13527886,270,1682254,19135,273,3
T,2445,13527906,270,1682309,19135,273,3
T,2446,13527926,270,1682364,19135,238,3
T,2447,13527946,270,1682420,19349,242,3
T,2448,13527966,270,1682472,19349,402,3
T,2449,13527986,270,1682518,19349,515,3
T,2450,13528006,270,1682566,19349,355,3
T,2451,13528026,270,1682616,19349,376,3
T,2452,13528046,270,1682669,17850,349,3
T,2453,13528066,270,1682725,17850,237,3
T,2454,13528086,270,1682780,1785
[host] drv timeout 2000
0,290,3
drv timeout 2000
timeout 2000 ms, 2000 ms remaining
  any 'drv duty' kicks it; re-issuing this command kicks it too
> T,2455,13528106,270,1682831,17850,295,3
T,2456,13528126,270,1682882,17850,430,3
T,2457,13528146,270,1682936,18992,338,3
T,2458,13528166,270,1682990,18992,322,3
T,2459,13528186,270,1683045,18992,236,3
T,2460,13528206,270,1683100,18992,248,3
T,2461,13528226,270,1683155,18992,256,3
T,2462,13528246,270,1683205,19349,413,3
T,2463,13528266,270,1683254,19349,365,3
T,2464,13528286,270,1683305,19349,290,3
T,2465,13528306,270,1683357,19349,263,3
T,2466,13528326,270,1683412,19349,251,3
T,2467,13528346,270,1683468,18635,283,3
T,2468,13528366,270,1683525,18635,227,3
T,2469,13528386,270,1683581,18635,261,3
T,2470,13528406,270,1683633,18635,289,3
T,2471,13528426,270,1683687,18635,245,3
T,2472,13528446,270,1683740,19492,246,3
T,2473,13528466,270,1683796,19492,247,3
T,2474,13528486,270,1683852,19492,321,3
T,2475,13528506,270,1683900,19492,424,3
T,2476,13528526,270,1683945,19492,408,3
T,2477,13528546,270,1683994,18207,374,3
T,2478,13528566,270,1684047,18207,256,3
T,2479,13528586,270,1684102,1820
[host] drv timeout 2000
7,236,3
drv timeout 2000
timeout 2000 ms, 2000 ms remaining
  any 'drv duty' kicks it; re-issuing this command kicks it too
> T,2480,13528606,270,1684158,18207,222,3
T,2481,13528626,270,1684213,18207,296,3
T,2482,13528646,270,1684266,19349,307,3
T,2483,13528666,270,1684320,19349,268,3
T,2484,13528686,270,1684375,19349,381,3
T,2485,13528706,270,1684430,19349,263,3
T,2486,13528726,270,1684486,19349,208,3
T,2487,13528746,270,1684542,19635,247,3
T,2488,13528766,270,1684593,19635,393,3
T,2489,13528786,270,1684643,19635,392,3
T,2490,13528806,270,1684693,19635,385,3
T,2491,13528826,270,1684747,19635,268,3
T,2492,13528846,270,1684801,18492,332,3
T,2493,13528866,270,1684857,18492,233,3
T,2494,13528886,270,1684914,18492,215,3
T,2495,13528906,270,1684968,18492,307,3
T,2496,13528926,270,1685021,18492,280,3
T,2497,13528946,270,1685075,19635,249,3
T,2498,13528966,270,1685129,19635,193,3
T,2499,13528986,270,1685185,19635,326,3
T,2500,13529006,270,1685242,19635,320,3
T,2501,13529026,270,1685292,19635,502,3
T,2502,13529046,270,1685339,18992,384,3
T,2503,13529066,270,1685389,18992,354,3
T,2504,13529086,270,1685442,18992,373,3

[host] drv timeout 2000
drv timeout 2000
timeout 2000 ms, 2000 ms remaining
  any 'drv duty' kicks it; re-issuing this command kicks it too
> T,2505,13529106,270,1685497,18992,280,3
T,2506,13529126,270,1685554,18992,216,3
T,2507,13529146,270,1685609,19135,302,3
T,2508,13529166,270,1685661,19135,283,3
T,2509,13529186,270,1685715,19135,252,3
T,2510,13529206,270,1685769,19135,211,3
T,2511,13529226,270,1685825,19135,325,3
T,2512,13529246,270,1685881,19349,270,3
T,2513,13529266,270,1685938,19349,230,3
T,2514,13529286,270,1685988,19349,416,3
T,2515,13529306,270,1686035,19349,355,3
T,2516,13529326,270,1686084,19349,358,3
T,2517,13529346,270,1686137,18350,329,3
T,2518,13529366,270,1686192,18350,267,3
T,2519,13529386,270,1686248,18350,238,3
T,2520,13529406,270,1686303,18350,281,3
T,2521,13529426,270,1686355,18350,263,3
T,2522,13529446,270,1686408,19349,226,3
T,2523,13529466,270,1686463,19349,224,3
T,2524,13529486,270,1686518,19349,279,3
T,2525,13529506,270,1686574,19349,263,3
T,2526,13529526,270,1686631,19349,258,3
T,2527,13529546,270,1686680,19563,613,3
T,2528,13529566,270,1686725,19563,429,3
T,2529,13529586,270,1686773,19563,379,3

[host] drv timeout 2000
drv timeout 2000
timeout 2000 ms, 2000 ms remaining
  any 'drv duty' kicks it; re-issuing this command kicks it too
> T,2530,13529606,270,1686825,19563,284,3
T,2531,13529626,270,1686879,19563,253,3
T,2532,13529646,270,1686935,17993,364,3
T,2533,13529666,270,1686988,17993,348,3
T,2534,13529686,270,1687041,17993,385,3
T,2535,13529706,270,1687095,17993,332,3
T,2536,13529726,270,1687150,17993,312,3
T,2537,13529746,270,1687206,19349,184,3
T,2538,13529766,270,1687263,19349,200,3
T,2539,13529786,270,1687320,19349,337,3
T,2540,13529806,270,1687371,19349,374,3
T,2541,13529826,270,1687415,19349,509,3
T,2542,13529846,270,1687463,18492,353,3
T,2543,13529866,270,1687515,18492,311,3
T,2544,13529886,270,1687569,18492,235,3
T,2545,13529906,270,1687624,18492,210,3
T,2546,13529926,270,1687680,18492,275,3
T,2547,13529946,270,1687735,19278,288,3
T,2548,13529966,270,1687788,19278,385,3
T,2549,13529986,270,1687843,19278,247,3
T,2550,13530006,270,1687899,19278,230,3
T,2551,13530026,270,1687956,19278,214,3
T,2552,13530046,270,1688012,19778,285,3
T,2553,13530066,270,1688064,19778,387,3
T,2554,13530086,270,1688108,19778,551,3

[host] drv timeout 2000
drv timeout 2000
timeout 2000 ms, 2000 ms remaining
  any 'drv duty' kicks it; re-issuing this command kicks it too
> T,2555,13530106,270,1688154,19778,413,3
T,2556,13530126,270,1688205,19778,353,3
T,2557,13530146,270,1688259,17636,375,3
T,2558,13530166,270,1688313,17636,294,3
T,2559,13530186,270,1688368,17636,290,3
T,2560,13530206,270,1688421,17636,296,3
T,2561,13530226,270,1688476,17636,264,3
T,2562,13530246,270,1688531,19492,220,3
T,2563,13530266,270,1688588,19492,241,3
T,2564,13530286,270,1688644,19492,237,3
T,2565,13530306,270,1688702,19492,177,3
T,2566,13530326,270,1688757,19492,365,3
T,2567,13530346,270,1688803,19563,456,3
T,2568,13530366,270,1688851,19563,347,3
T,2569,13530386,270,1688901,19563,316,3
T,2570,13530406,270,1688955,19563,305,3
T,2571,13530426,270,1689009,19563,220,3
T,2572,13530446,270,1689065,18492,240,3
T,2573,13530466,270,1689121,18492,302,3
T,2574,13530486,270,1689175,18492,395,3
T,2575,13530506,270,1689229,18492,286,3
T,2576,13530526,270,1689285,18492,231,3
T,2577,13530546,270,1689341,19706,214,3
T,2578,13530566,270,1689399,19706,263,3
T,2579,13530586,270,1689453,19706,525,3

[host] drv timeout 2000
drv timeout 2000
timeout 2000 ms, 2000 ms remaining
  any 'drv duty' kicks it; re-issuing this command kicks it too
> T,2580,13530606,270,1689498,19706,526,3
T,2581,13530626,270,1689543,19706,363,3
T,2582,13530646,270,1689592,18064,373,3
T,2583,13530666,270,1689645,18064,382,3
T,2584,13530686,270,1689700,18064,254,3
T,2585,13530706,270,1689756,18064,253,3
T,2586,13530726,270,1689810,18064,241,3
T,2587,13530746,270,1689864,19349,235,3
T,2588,13530766,270,1689917,19349,253,3
T,2589,13530786,270,1689972,19349,237,3
T,2590,13530806,270,1690028,19349,334,3
T,2591,13530826,270,1690084,19349,217,3
T,2592,13530846,270,1690141,19706,256,3
T,2593,13530866,270,1690191,19706,408,3
T,2594,13530886,270,1690236,19706,417,3
T,2595,13530906,270,1690285,19706,496,3
T,2596,13530926,270,1690337,19706,295,3
T,2597,13530946,270,1690391,17921,392,3
T,2598,13530966,270,1690447,17921,221,3
T,2599,13530986,270,1690503,17921,219,3
T,2600,13531006,270,1690557,17921,226,3
T,2601,13531026,270,1690610,17921,294,3
T,2602,13531046,270,1690664,19492,247,3
T,2603,13531066,270,1690719,19492,231,3
T,2604,13531086,270,1690775,19492,361,3

[host] drv timeout 2000
drv timeout 2000
timeout 2000 ms, 2000 ms remaining
  any 'drv duty' kicks it; re-issuing this command kicks it too
> T,2605,13531106,270,1690831,19492,238,3
T,2606,13531126,270,1690883,19492,551,3
T,2607,13531146,270,1690928,19064,450,3
T,2608,13531166,270,1690977,19064,361,3
T,2609,13531186,270,1691028,19064,294,3
T,2610,13531206,270,1691083,19064,243,3
T,2611,13531226,270,1691138,19064,352,3
T,2612,13531246,270,1691192,18635,318,3
T,2613,13531266,270,1691244,18635,401,3
T,2614,13531286,270,1691296,18635,305,3
T,2615,13531306,270,1691350,18635,381,3
T,2616,13531326,270,1691405,18635,265,3
T,2617,13531346,270,1691461,19206,214,3
T,2618,13531366,270,1691518,19206,230,3
T,2619,13531386,270,1691572,19206,343,3
T,2620,13531406,270,1691620,19206,376,3
T,2621,13531426,270,1691670,19206,445,3
T,2622,13531446,270,1691722,18707,264,3
T,2623,13531466,270,1691776,18707,297,3
T,2624,13531486,270,1691831,18707,302,3
T,2625,13531506,270,1691888,18707,238,3
T,2626,13531526,270,1691945,18707,258,3
T,2627,13531546,270,1691999,19706,311,3
T,2628,13531566,270,1692051,19706,280,3
T,2629,13531586,270,1692104,19706,225,3

[host] drv timeout 2000
drv timeout 2000
timeout 2000 ms, 2000 ms remaining
  any 'drv duty' kicks it; re-issuing this command kicks it too
> T,2630,13531606,270,1692159,19706,237,3
T,2631,13531626,270,1692214,19706,289,3
T,2632,13531646,270,1692268,19206,465,3
T,2633,13531666,270,1692313,19206,522,3
T,2634,13531686,270,1692361,19206,312,3
T,2635,13531706,270,1692411,19206,347,3
T,2636,13531726,270,1692465,19206,267,3
T,2637,13531746,270,1692520,17993,238,3
T,2638,13531766,270,1692577,17993,278,3
T,2639,13531786,270,1692632,17993,382,3
T,2640,13531806,270,1692686,17993,281,3
T,2641,13531826,270,1692740,17993,286,3
T,2642,13531846,270,1692796,19706,242,3
T,2643,13531866,270,1692853,19706,227,3
T,2644,13531886,270,1692909,19706,297,3
T,2645,13531906,270,1692965,19706,313,3
T,2646,13531926,270,1693015,19706,568,3
T,2647,13531946,270,1693064,19206,293,3
T,2648,13531966,270,1693115,19206,353,3
T,2649,13531986,270,1693169,19206,261,3
T,2650,13532006,270,1693225,19206,253,3
T,2651,13532026,270,1693281,19206,284,3
T,2652,13532046,270,1693337,19421,352,3
T,2653,13532066,270,1693390,19421,286,3
T,2654,13532086,270,1693444,19421,290,3

[host] drv timeout 2000
drv timeout 2000
timeout 2000 ms, 2000 ms remaining
  any 'drv duty' kicks it; re-issuing this command kicks it too
> T,2655,13532106,270,1693500,19421,257,3
T,2656,13532126,270,1693556,19421,210,3
T,2657,13532146,270,1693613,19635,343,3
T,2658,13532166,270,1693667,19635,384,3
T,2659,13532186,270,1693715,19635,373,3
T,2660,13532206,270,1693765,19635,366,3
T,2661,13532226,270,1693817,19635,353,3
T,2662,13532246,270,1693871,18421,270,3
T,2663,13532266,270,1693927,18421,232,3
T,2664,13532286,270,1693984,18421,252,3
T,2665,13532306,270,1694038,18421,391,3
T,2666,13532326,270,1694091,18421,285,3
T,2667,13532346,270,1694145,19635,359,3
T,2668,13532366,270,1694201,19635,265,3
T,2669,13532386,270,1694257,19635,217,3
T,2670,13532406,270,1694314,19635,232,3
T,2671,13532426,270,1694368,19635,385,3
T,2672,13532446,270,1694416,19492,377,3
T,2673,13532466,270,1694465,19492,437,3
T,2674,13532486,270,1694517,19492,309,3
T,2675,13532506,270,1694572,19492,325,3
T,2676,13532526,270,1694628,19492,227,3
T,2677,13532546,270,1694684,18921,241,3
T,2678,13532566,270,1694739,18921,256,3
T,2679,13532586,270,1694792,18921,219,3

[host] drv timeout 2000
drv timeout 2000
timeout 2000 ms, 2000 ms remaining
  any 'drv duty' kicks it; re-issuing this command kicks it too
> T,2680,13532606,270,1694847,18921,253,3
T,2681,13532626,270,1694903,18921,274,3
T,2682,13532646,270,1694959,19635,249,3
T,2683,13532666,270,1695016,19635,229,3
T,2684,13532686,270,1695069,19635,430,3
T,2685,13532706,270,1695114,19635,428,3
T,2686,13532726,270,1695161,19635,433,3
T,2687,13532746,270,1695212,18207,418,3
T,2688,13532766,270,1695267,18207,281,3
T,2689,13532786,270,1695322,18207,285,3
T,2690,13532806,270,1695376,18207,259,3
T,2691,13532826,270,1695429,18207,267,3
T,2692,13532846,270,1695483,19278,252,3
T,2693,13532866,270,1695538,19278,242,3
T,2694,13532886,270,1695593,19278,227,3
T,2695,13532906,270,1695650,19278,235,3
T,2696,13532926,270,1695708,19278,212,3
T,2697,13532946,270,1695760,19920,364,3
T,2698,13532966,270,1695804,19920,406,3
T,2699,13532986,270,1695851,19920,417,3
T,2700,13533006,270,1695902,19920,284,3
T,2701,13533026,270,1695956,19920,267,3
T,2702,13533046,270,1696011,17707,247,3
T,2703,13533066,270,1696066,17707,369,3
T,2704,13533086,270,1696121,17707,246,3

[host] drv timeout 2000
drv timeout 2000
timeout 2000 ms, 2000 ms remaining
  any 'drv duty' kicks it; re-issuing this command kicks it too
> T,2705,13533106,270,1696176,17707,270,3
T,2706,13533126,270,1696232,17707,252,3
T,2707,13533146,270,1696288,19778,224,3
T,2708,13533166,270,1696344,19778,305,3
T,2709,13533186,270,1696402,19778,169,3
T,2710,13533206,270,1696457,19778,307,3
T,2711,13533226,270,1696504,19778,466,3
T,2712,13533246,270,1696549,18849,407,3
T,2713,13533266,270,1696599,18849,448,3
T,2714,13533286,270,1696652,18849,318,3
T,2715,13533306,270,1696707,18849,334,3
T,2716,13533326,270,1696761,18849,281,3
T,2717,13533346,270,1696815,18849,294,3
T,2718,13533366,270,1696869,18849,280,3
T,2719,13533386,270,1696925,18849,225,3
T,2720,13533406,270,1696981,18849,281,3
T,2721,13533426,270,1697038,18849,238,3
T,2722,13533446,270,1697095,19920,168,3
T,2723,13533466,270,1697151,19920,296,3
T,2724,13533486,270,1697199,19920,486,3
T,2725,13533506,270,1697246,19920,361,3
T,2726,13533526,270,1697296,19920,277,3
T,2727,13533546,270,1697349,18207,273,3
T,2728,13533566,270,1697405,18207,217,3
T,2729,13533586,270,1697460,18207,265,3

[host] drv timeout 2000
drv timeout 2000
timeout 2000 ms, 2000 ms remaining
  any 'drv duty' kicks it; re-issuing this command kicks it too
> T,2730,13533606,270,1697514,18207,320,3
T,2731,13533626,270,1697568,18207,268,3
T,2732,13533646,270,1697622,19492,358,3
T,2733,13533666,270,1697678,19492,233,3
T,2734,13533686,270,1697735,19492,183,3
T,2735,13533706,270,1697792,19492,237,3
T,2736,13533726,270,1697847,19492,433,3
T,2737,13533746,270,1697892,19563,491,3
T,2738,13533766,270,1697938,19563,363,3
T,2739,13533786,270,1697988,19563,377,3
T,2740,13533806,270,1698041,19563,323,3
T,2741,13533826,270,1698096,19563,278,3
T,2742,13533846,270,1698151,18207,243,3
T,2743,13533866,270,1698207,18207,253,3
T,2744,13533886,270,1698261,18207,296,3
T,2745,13533906,270,1698315,18207,273,3
T,2746,13533926,270,1698371,18207,317,3
T,2747,13533946,270,1698427,19635,261,3
T,2748,13533966,270,1698483,19635,194,3
T,2749,13533986,270,1698540,19635,359,3
T,2750,13534006,270,1698591,19635,453,3
T,2751,13534026,270,1698636,19635,466,3
T,2752,13534046,270,1698685,18564,374,3
T,2753,13534066,270,1698737,18564,284,3
T,2754,13534086,270,1698792,18564,254,3

[host] drv timeout 2000
drv timeout 2000
timeout 2000 ms, 2000 ms remaining
  any 'drv duty' kicks it; re-issuing this command kicks it too
> T,2755,13534106,270,1698848,18564,236,3
T,2756,13534126,270,1698903,18564,403,3
T,2757,13534146,270,1698956,19278,317,3
T,2758,13534166,270,1699008,19278,313,3
T,2759,13534186,270,1699062,19278,299,3
T,2760,13534206,270,1699117,19278,360,3
T,2761,13534226,270,1699172,19278,230,3
T,2762,13534246,270,1699228,19349,263,3
T,2763,13534266,270,1699279,19349,380,3
T,2764,13534286,270,1699325,19349,429,3
T,2765,13534306,270,1699374,19349,433,3
T,2766,13534326,270,1699425,19349,295,3
T,2767,13534346,270,1699479,17993,395,3
T,2768,13534366,270,1699535,17993,211,3
T,2769,13534386,270,1699590,17993,272,3
T,2770,13534406,270,1699642,17993,304,3
T,2771,13534426,270,1699694,17993,389,3
T,2772,13534446,270,1699748,19135,247,3
T,2773,13534466,270,1699802,19135,261,3
T,2774,13534486,270,1699858,19135,200,3
T,2775,13534506,270,1699914,19135,204,3
T,2776,13534526,270,1699969,19135,398,3
T,2777,13534546,270,1700017,19421,400,3
T,2778,13534566,270,1700067,19421,299,3
T,2779,13534586,270,1700119,19421,445,3

[host] drv timeout 2000
drv timeout 2000
timeout 2000 ms, 2000 ms remaining
  any 'drv duty' kicks it; re-issuing this command kicks it too
> T,2780,13534606,270,1700172,19421,284,3
T,2781,13534626,270,1700228,19421,270,3
T,2782,13534646,270,1700284,18921,200,3
T,2783,13534666,270,1700340,18921,265,3
T,2784,13534686,270,1700393,18921,331,3
T,2785,13534706,270,1700445,18921,290,3
T,2786,13534726,270,1700498,18921,256,3
T,2787,13534746,270,1700552,19135,209,3
T,2788,13534766,270,1700608,19135,280,3
T,2789,13534786,270,1700662,19135,385,3
T,2790,13534806,270,1700708,19135,419,3
T,2791,13534826,270,1700755,19135,361,3
T,2792,13534846,270,1700805,18135,343,3
T,2793,13534866,270,1700858,18135,313,3
T,2794,13534886,270,1700913,18135,236,3
T,2795,13534906,270,1700969,18135,273,3
T,2796,13534926,270,1701023,18135,321,3
T,2797,13534946,270,1701075,19206,270,3
T,2798,13534966,270,1701129,19206,231,3
T,2799,13534986,270,1701184,19206,268,3
T,2800,13535006,270,1701240,19206,275,3
T,2801,13535026,270,1701296,19206,231,3
T,2802,13535046,270,1701352,19778,291,3
T,2803,13535066,270,1701402,19778,438,3
T,2804,13535086,270,1701450,19778,329,3

[host] drv timeout 2000
drv timeoT,2805,13535106,270,1701501,19778,325,3
ut 2000
timeout 2000 ms, 2000 ms remaining
  any 'drv duty' kicks it; re-issuing this command kicks it too
> T,2806,13535126,270,1701554,19778,240,3
T,2807,13535146,270,1701609,18350,243,3
T,2808,13535166,270,1701666,18350,268,3
T,2809,13535186,270,1701722,18350,296,3
T,2810,13535206,270,1701776,18350,252,3
T,2811,13535226,270,1701829,18350,270,3
T,2812,13535246,270,1701884,19635,243,3
T,2813,13535266,270,1701940,19635,225,3
T,2814,13535286,270,1701997,19635,331,3
T,2815,13535306,270,1702052,19635,295,3
T,2816,13535326,270,1702102,19635,481,3
T,2817,13535346,270,1702151,19135,318,3
T,2818,13535366,270,1702201,19135,371,3
T,2819,13535386,270,1702255,19135,327,3
T,2820,13535406,270,1702310,19135,233,3
T,2821,13535426,270,1702367,19135,219,3
T,2822,13535446,270,1702422,19278,366,3
T,2823,13535466,270,1702474,19278,284,3
T,2824,13535486,270,1702528,19278,301,3
T,2825,13535506,270,1702583,19278,286,3
T,2826,13535526,270,1702638,19278,289,3
T,2827,13535546,270,1702695,19349,214,3
T,2828,13535566,270,1702750,19349,304,3
T,2829,13535586,270,1702799,19349,359,3

[host] drv timeout 2000
T,2830,13535606,270,1702848,19349,352,3
drv timeout 2000
timeout 2000 ms, 2000 ms remaining
  any 'drv duty' kicks it; re-issuing this command kicks it too
> T,2831,13535626,270,1702898,19349,285,3
T,2832,13535646,270,1702951,18421,262,3
T,2833,13535666,270,1703007,18421,224,3
T,2834,13535686,270,1703063,18421,357,3
T,2835,13535706,270,1703119,18421,236,3
T,2836,13535726,270,1703173,18421,322,3
T,2837,13535746,270,1703226,19635,327,3
T,2838,13535766,270,1703281,19635,251,3
T,2839,13535786,270,1703336,19635,231,3
T,2840,13535806,270,1703392,19635,245,3
T,2841,13535826,270,1703448,19635,434,3
T,2842,13535846,270,1703495,19421,456,3
T,2843,13535866,270,1703540,19421,413,3
T,2844,13535886,270,1703589,19421,332,3
T,2845,13535906,270,1703642,19421,310,3
T,2846,13535926,270,1703696,19421,227,3
T,2847,13535946,270,1703751,18064,229,3
T,2848,13535966,270,1703804,18064,242,3
T,2849,13535986,270,1703857,18064,243,3
T,2850,13536006,270,1703912,18064,259,3
T,2851,13536026,270,1703967,18064,219,3
T,2852,13536046,270,1704023,19349,355,3
T,2853,13536066,270,1704080,19349,192,3
T,2854,13536086,270,1704136,19349,267,3

[host] drv timeout 2000
T,2855,13536106,270,1704183,19349,419,3
drv timeout 2000
timeout 2000 ms, 2000 ms remaining
  any 'drv duty' kicks it; re-issuing this command kicks it too
> T,2856,13536126,270,1704227,19349,455,3
T,2857,13536146,270,1704275,18135,310,3
T,2858,13536166,270,1704327,18135,261,3
T,2859,13536186,270,1704381,18135,251,3
T,2860,13536206,270,1704436,18135,248,3
T,2861,13536226,270,1704491,18135,320,3
T,2862,13536246,270,1704545,19206,311,3
T,2863,13536266,270,1704599,19206,395,3
T,2864,13536286,270,1704654,19206,246,3
T,2865,13536306,270,1704710,19206,216,3
T,2866,13536326,270,1704766,19206,219,3
T,2867,13536346,270,1704823,19778,299,3
T,2868,13536366,270,1704874,19778,442,3
T,2869,13536386,270,1704919,19778,586,3
T,2870,13536406,270,1704967,19778,310,3
T,2871,13536426,270,1705019,19778,313,3
T,2872,13536446,270,1705073,17921,261,3
T,2873,13536466,270,1705128,17921,275,3
T,2874,13536486,270,1705182,17921,269,3
T,2875,13536506,270,1705236,17921,269,3
T,2876,13536526,270,1705292,17921,289,3
T,2877,13536546,270,1705348,19563,275,3
T,2878,13536566,270,1705404,19563,217,3
T,2879,13536586,270,1705462,19563,241,3

[host] drv timeout 2000
T,2880,13536606,270,1705520,19563,245,3
drv timeout 2000
timeout 2000 ms, 2000 ms remaining
  any 'drv duty' kicks it; re-issuing this command kicks it too
> T,2881,13536626,270,1705572,19563,411,3
T,2882,13536646,270,1705618,19492,390,3
T,2883,13536666,270,1705667,19492,472,3
T,2884,13536686,270,1705718,19492,327,3
T,2885,13536706,270,1705772,19492,368,3
T,2886,13536726,270,1705828,19492,253,3
T,2887,13536746,270,1705883,18778,273,3
T,2888,13536766,270,1705937,18778,235,3
T,2889,13536786,270,1705992,18778,212,3
T,2890,13536806,270,1706047,18778,237,3
T,2891,13536826,270,1706103,18778,275,3
T,2892,13536846,270,1706159,19635,253,3
T,2893,13536866,270,1706216,19635,238,3
T,2894,13536886,270,1706268,19635,437,3
T,2895,13536906,270,1706313,19635,403,3
T,2896,13536926,270,1706360,19635,444,3
T,2897,13536946,270,1706410,18064,315,3
T,2898,13536966,270,1706464,18064,269,3
T,2899,13536986,270,1706519,18064,382,3
T,2900,13537006,270,1706575,18064,210,3
T,2901,13537026,270,1706630,18064,261,3
T,2902,13537046,270,1706684,19492,249,3
T,2903,13537066,270,1706738,19492,249,3
T,2904,13537086,270,1706793,19492,233,3
T,2905,13537106,270,1706849,1949
[host] drv timeout 2000
2,246,3
drv timeout 2000
timeout 2000 ms, 2000 ms remaining
  any 'drv duty' kicks it; re-issuing this command kicks it too
> T,2906,13537126,270,1706907,19492,237,3
T,2907,13537146,270,1706961,19849,323,3
T,2908,13537166,270,1707008,19849,462,3
T,2909,13537186,270,1707055,19849,412,3
T,2910,13537206,270,1707105,19849,355,3
T,2911,13537226,270,1707159,19849,398,3
T,2912,13537246,270,1707214,17921,235,3
T,2913,13537266,270,1707270,17921,210,3
T,2914,13537286,270,1707326,17921,237,3
T,2915,13537306,270,1707379,17921,257,3
T,2916,13537326,270,1707432,17921,285,3
T,2917,13537346,270,1707487,19492,220,3
T,2918,13537366,270,1707542,19492,345,3
T,2919,13537386,270,1707598,19492,233,3
T,2920,13537406,270,1707653,19492,357,3
T,2921,13537426,270,1707701,19492,419,3
T,2922,13537446,270,1707747,18707,387,3
T,2923,13537466,270,1707796,18707,327,3
T,2924,13537486,270,1707849,18707,224,3
T,2925,13537506,270,1707904,18707,273,3
T,2926,13537526,270,1707960,18707,281,3
T,2927,13537546,270,1708012,18849,418,3
T,2928,13537566,270,1708063,18849,307,3
T,2929,13537586,270,1708116,18849,283,3
T,2930,13537606,270,1708171,1884
[host] drv timeout 2000
9,243,3
drv timeout 2000
timeout 2000 ms, 2000 ms remaining
  any 'drv duty' kicks it; re-issuing this command kicks it too
> T,2931,13537626,270,1708225,18849,363,3
T,2932,13537646,270,1708280,19135,293,3
T,2933,13537666,270,1708336,19135,288,3
T,2934,13537686,270,1708388,19135,392,3
T,2935,13537706,270,1708436,19135,361,3
T,2936,13537726,270,1708487,19135,302,3
T,2937,13537746,270,1708539,18492,325,3
T,2938,13537766,270,1708593,18492,245,3
T,2939,13537786,270,1708649,18492,237,3
T,2940,13537806,270,1708706,18492,253,3
T,2941,13537826,270,1708763,18492,295,3
T,2942,13537846,270,1708816,19778,275,3
T,2943,13537866,270,1708868,19778,325,3
T,2944,13537886,270,1708922,19778,315,3
T,2945,13537906,270,1708977,19778,245,3
T,2946,13537926,270,1709033,19778,252,3
T,2947,13537946,270,1709085,19349,429,3
T,2948,13537966,270,1709131,19349,411,3
T,2949,13537986,270,1709179,19349,413,3
T,2950,13538006,270,1709230,19349,358,3
T,2951,13538026,270,1709285,19349,248,3
T,2952,13538046,270,1709341,18064,229,3
T,2953,13538066,270,1709396,18064,274,3
T,2954,13538086,270,1709449,18064,242,3
T,2955,13538106,270,1709502,1806
[host] drv timeout 2000
4,254,3
drv timeout 2000
timeout 2000 ms, 2000 ms remaining
  any 'drv duty' kicks it; re-issuing this command kicks it too
> T,2956,13538126,270,1709557,18064,264,3
T,2957,13538146,270,1709612,19421,345,3
T,2958,13538166,270,1709668,19421,217,3
T,2959,13538186,270,1709725,19421,208,3
T,2960,13538206,270,1709778,19421,337,3
T,2961,13538226,270,1709826,19421,524,3
T,2962,13538246,270,1709876,18849,320,3
T,2963,13538266,270,1709927,18849,289,3
T,2964,13538286,270,1709981,18849,253,3
T,2965,13538306,270,1710037,18849,291,3
T,2966,13538326,270,1710094,18849,247,3
T,2967,13538346,270,1710148,19421,337,3
T,2968,13538366,270,1710200,19421,339,3
T,2969,13538386,270,1710255,19421,313,3
T,2970,13538406,270,1710310,19421,221,3
T,2971,13538426,270,1710366,19421,205,3
T,2972,13538446,270,1710423,19492,355,3
T,2973,13538466,270,1710476,19492,413,3
T,2974,13538486,270,1710524,19492,429,3
T,2975,13538506,270,1710574,19492,444,3
T,2976,13538526,270,1710626,19492,320,3
T,2977,13538546,270,1710680,18492,318,3
T,2978,13538566,270,1710737,18492,201,3
T,2979,13538586,270,1710793,18492,208,3
T,2980,13538606,270,1710847,1849
[host] drv timeout 2000
2,283,3
drv timeout 2000
timeout 2000 ms, 2000 ms remaining
  any 'drv duty' kicks it; re-issuing this command kicks it too
> T,2981,13538626,270,1710900,18492,270,3
T,2982,13538646,270,1710955,19563,293,3
T,2983,13538666,270,1711010,19563,226,3
T,2984,13538686,270,1711067,19563,235,3
T,2985,13538706,270,1711123,19563,211,3
T,2986,13538726,270,1711177,19563,310,3
T,2987,13538746,270,1711224,19421,442,3
T,2988,13538766,270,1711274,19421,341,3
T,2989,13538786,270,1711326,19421,249,3
T,2990,13538806,270,1711381,19421,278,3
T,2991,13538826,270,1711437,19421,267,3
T,2992,13538846,270,1711493,18992,290,3
T,2993,13538866,270,1711547,18992,270,3
T,2994,13538886,270,1711600,18992,269,3
T,2995,13538906,270,1711656,18992,229,3
T,2996,13538926,270,1711712,18992,227,3
T,2997,13538946,270,1711768,19706,285,3
T,2998,13538966,270,1711825,19706,220,3
T,2999,13538986,270,1711876,19706,448,3
T,3000,13539006,270,1711923,19706,402,3
T,3001,13539026,270,1711972,19706,342,3
T,3002,13539046,270,1712024,18278,401,3
T,3003,13539066,270,1712079,18278,232,3
T,3004,13539086,270,1712135,18278,198,3
T,3005,13539106,270,1712191,1827
[host] drv timeout 2000
8,236,3
drv timeout 2000
timeout 2000 ms, 2000 ms remaining
  any 'drv duty' kicks it; re-issuing this command kicks it too
> T,3006,13539126,270,1712245,18278,258,3
T,3007,13539146,270,1712297,19492,302,3
T,3008,13539166,270,1712352,19492,233,3
T,3009,13539186,270,1712408,19492,321,3
T,3010,13539206,270,1712465,19492,164,3
T,3011,13539226,270,1712523,19492,265,3
T,3012,13539246,270,1712572,19849,345,3
T,3013,13539266,270,1712617,19849,466,3
T,3014,13539286,270,1712665,19849,395,3
T,3015,13539306,270,1712718,19849,294,3
T,3016,13539326,270,1712772,19849,290,3
T,3017,13539346,270,1712828,17993,227,3
T,3018,13539366,270,1712884,17993,248,3
T,3019,13539386,270,1712937,17993,284,3
T,3020,13539406,270,1712992,17993,269,3
T,3021,13539426,270,1713047,17993,368,3
T,3022,13539446,270,1713103,19635,225,3
T,3023,13539466,270,1713159,19635,172,3
T,3024,13539486,270,1713216,19635,295,3
T,3025,13539506,270,1713269,19635,357,3
T,3026,13539526,270,1713312,19635,497,3
T,3027,13539546,270,1713359,18421,334,3
T,3028,13539566,270,1713410,18421,434,3
T,3029,13539586,270,1713464,18421,331,3
T,3030,13539606,270,1713519,1842
[host] drv timeout 2000
1,311,3
drv timeout 2000
timeout 2000 ms, 2000 ms remaining
  any 'drv duty' kicks it; re-issuing this command kicks it too
> T,3031,13539626,270,1713573,18421,316,3
T,3032,13539646,270,1713627,19064,318,3
T,3033,13539666,270,1713681,19064,237,3
T,3034,13539686,270,1713736,19064,203,3
T,3035,13539706,270,1713792,19064,273,3
T,3036,13539726,270,1713849,19064,261,3
T,3037,13539746,270,1713906,19849,205,3
T,3038,13539766,270,1713961,19849,393,3
T,3039,13539786,270,1714008,19849,624,3
T,3040,13539806,270,1714056,19849,320,3
T,3041,13539826,270,1714107,19849,350,3
T,3042,13539846,270,1714160,18207,272,3
T,3043,13539866,270,1714216,18207,249,3
T,3044,13539886,270,1714272,18207,268,3
T,3045,13539906,270,1714325,18207,337,3
T,3046,13539926,270,1714380,18207,293,3
T,3047,13539946,270,1714435,19563,317,3
T,3048,13539966,270,1714491,19563,243,3
T,3049,13539986,270,1714548,19563,200,3
T,3050,13540006,270,1714605,19563,325,3
T,3051,13540026,270,1714659,19563,392,3
T,3052,13540046,270,1714704,19563,438,3
T,3053,13540066,270,1714751,19563,400,3
T,3054,13540086,270,1714801,19563,316,3
T,3055,13540106,270,1714854,19563,261,3

[host] drv timeout 2000
drv timeout 2000
timeout 2000 ms, 2000 ms remaining
  any 'drv duty' kicks it; re-issuing this command kicks it too
> T,3056,13540126,270,1714909,19563,227,3
T,3057,13540146,270,1714965,18278,294,3
T,3058,13540166,270,1715020,18278,294,3
T,3059,13540186,270,1715073,18278,369,3
T,3060,13540206,270,1715128,18278,320,3
T,3061,13540226,270,1715183,18278,274,3
T,3062,13540246,270,1715239,19563,210,3
T,3063,13540266,270,1715296,19563,227,3
T,3064,13540286,270,1715352,19563,428,3
T,3065,13540306,270,1715400,19563,400,3
T,3066,13540326,270,1715446,19563,444,3
T,3067,13540346,270,1715496,18421,317,3
T,3068,13540366,270,1715548,18421,270,3
T,3069,13540386,270,1715604,18421,241,3
T,3070,13540406,270,1715660,18421,270,3
T,3071,13540426,270,1715715,18421,342,3
T,3072,13540446,270,1715769,19492,277,3
T,3073,13540466,270,1715822,19492,344,3
T,3074,13540486,270,1715877,19492,230,3
T,3075,13540506,270,1715932,19492,243,3
T,3076,13540526,270,1715988,19492,232,3
T,3077,13540546,270,1716044,19635,341,3
T,3078,13540566,270,1716093,19635,360,3
T,3079,13540586,270,1716140,19635,487,3
T,3080,13540606,270,1716189,19635,320,3

[host] drv timeout 2000
drv timeout 2000
timeout 2000 ms, 2000 ms remaining
  any 'drv duty' kicks it; re-issuing this command kicks it too
> T,3081,13540626,270,1716242,19635,251,3
T,3082,13540646,270,1716296,17993,205,3
T,3083,13540666,270,1716352,17993,295,3
T,3084,13540686,270,1716408,17993,349,3
T,3085,13540706,270,1716459,17993,375,3
T,3086,13540726,270,1716511,17993,288,3
T,3087,13540746,270,1716565,19206,299,3
T,3088,13540766,270,1716620,19206,273,3
T,3089,13540786,270,1716676,19206,290,3
T,3090,13540806,270,1716731,19206,295,3
T,3091,13540826,270,1716783,19206,386,3
T,3092,13540846,270,1716832,19135,385,3
T,3093,13540866,270,1716882,19135,301,3
T,3094,13540886,270,1716935,19135,267,3
T,3095,13540906,270,1716989,19135,242,3
T,3096,13540926,270,1717045,19135,243,3
T,3097,13540946,270,1717102,19135,293,3
T,3098,13540966,270,1717157,19135,326,3
T,3099,13540986,270,1717209,19135,359,3
T,3100,13541006,270,1717262,19135,274,3
T,3101,13541026,270,1717316,19135,294,3
T,3102,13541046,270,1717372,19278,268,3
T,3103,13541066,270,1717428,19278,237,3
T,3104,13541086,270,1717479,19278,421,3
T,3105,13541106,270,1717525,19278,455,3

[host] drv timeout 2000
drv timeout 2000
timeout 2000 ms, 2000 ms remaining
  any 'drv duty' kicks it; re-issuing this command kicks it too
> T,3106,13541126,270,1717574,19278,369,3
T,3107,13541146,270,1717625,18207,354,3
T,3108,13541166,270,1717680,18207,263,3
T,3109,13541186,270,1717736,18207,242,3
T,3110,13541206,270,1717792,18207,274,3
T,3111,13541226,270,1717848,18207,406,3
T,3112,13541246,270,1717901,19635,313,3
T,3113,13541266,270,1717956,19635,304,3
T,3114,13541286,270,1718011,19635,265,3
T,3115,13541306,270,1718067,19635,206,3
T,3116,13541326,270,1718124,19635,332,3
T,3117,13541346,270,1718179,19849,390,3
T,3118,13541366,270,1718227,19849,365,3
T,3119,13541386,270,1718277,19849,373,3
T,3120,13541406,270,1718329,19849,337,3
T,3121,13541426,270,1718384,19849,262,3
T,3122,13541446,270,1718440,18564,236,3
T,3123,13541466,270,1718497,18564,286,3
T,3124,13541486,270,1718551,18564,412,3
T,3125,13541506,270,1718605,18564,315,3
T,3126,13541526,270,1718660,18564,288,3
T,3127,13541546,270,1718716,19706,243,3
T,3128,13541566,270,1718772,19706,198,3
T,3129,13541586,270,1718829,19706,366,3
T,3130,13541606,270,1718881,19706,442,3

[host] drv timeout 2000
drv timeout 2000
timeout 2000 ms, 2000 ms remaining
  any 'drv duty' kicks it; re-issuing this command kicks it too
> T,3131,13541626,270,1718929,19706,344,3
T,3132,13541646,270,1718980,18921,391,3
T,3133,13541666,270,1719032,18921,338,3
T,3134,13541686,270,1719087,18921,279,3
T,3135,13541706,270,1719143,18921,230,3
T,3136,13541726,270,1719200,18921,277,3
T,3137,13541746,270,1719253,19492,333,3
T,3138,13541766,270,1719306,19492,245,3
T,3139,13541786,270,1719360,19492,295,3
T,3140,13541806,270,1719416,19492,262,3
T,3141,13541826,270,1719472,19492,233,3
T,3142,13541846,270,1719528,19635,236,3
T,3143,13541866,270,1719580,19635,432,3
T,3144,13541886,270,1719628,19635,384,3
T,3145,13541906,270,1719677,19635,350,3
T,3146,13541926,270,1719729,19635,269,3
T,3147,13541946,270,1719784,18278,243,3
T,3148,13541966,270,1719840,18278,256,3
T,3149,13541986,270,1719897,18278,329,3
T,3150,13542006,270,1719951,18278,275,3
T,3151,13542026,270,1720005,18278,286,3
T,3152,13542046,270,1720060,19635,238,3
T,3153,13542066,270,1720116,19635,215,3
T,3154,13542086,270,1720173,19635,336,3
T,3155,13542106,270,1720229,19635,251,3

[host] drv timeout 2000
drv timeout 2000
timeout 2000 ms, 2000 ms remaining
  any 'drv duty' kicks it; re-issuing this command kicks it too
> T,3156,13542126,270,1720280,19635,565,3
T,3157,13542146,270,1720325,19206,433,3
T,3158,13542166,270,1720373,19206,392,3
T,3159,13542186,270,1720425,19206,281,3
T,3160,13542206,270,1720479,19206,251,3
T,3161,13542226,270,1720535,19206,373,3
T,3162,13542246,270,1720589,18635,357,3
T,3163,13542266,270,1720642,18635,412,3
T,3164,13542286,270,1720696,18635,302,3
T,3165,13542306,270,1720751,18635,275,3
T,3166,13542326,270,1720807,18635,212,3
T,3167,13542346,270,1720864,19563,221,3
T,3168,13542366,270,1720921,19563,322,3
T,3169,13542386,270,1720970,19563,385,3
T,3170,13542406,270,1721015,19563,471,3
T,3171,13542426,270,1721063,19563,364,3
T,3172,13542446,270,1721114,17921,326,3
T,3173,13542466,270,1721168,17921,232,3
T,3174,13542486,270,1721224,17921,211,3
T,3175,13542506,270,1721279,17921,249,3
T,3176,13542526,270,1721334,17921,294,3
T,3177,13542546,270,1721388,19563,379,3
T,3178,13542566,270,1721443,19563,238,3
T,3179,13542586,270,1721499,19563,217,3
T,3180,13542606,270,1721556,19563,222,3

[host] drv timeout 2000
drv timeout 2000
timeout 2000 ms, 2000 ms remaining
  any 'drv duty' kicks it; re-issuing this command kicks it too
> T,3181,13542626,270,1721613,19563,251,3
T,3182,13542646,270,1721666,19992,546,3
T,3183,13542666,270,1721711,19992,545,3
T,3184,13542686,270,1721757,19992,352,3
T,3185,13542706,270,1721808,19992,261,3
T,3186,13542726,270,1721863,19992,243,3
T,3187,13542746,270,1721917,17778,229,3
T,3188,13542766,270,1721972,17778,253,3
T,3189,13542786,270,1722025,17778,295,3
T,3190,13542806,270,1722080,17778,267,3
T,3191,13542826,270,1722135,17778,357,3
T,3192,13542846,270,1722191,19563,215,3
T,3193,13542866,270,1722248,19563,163,3
T,3194,13542886,270,1722306,19563,333,3
T,3195,13542906,270,1722360,19563,353,3
T,3196,13542926,270,1722407,19563,470,3
T,3197,13542946,270,1722455,18921,522,3
T,3198,13542966,270,1722505,18921,268,3
T,3199,13542986,270,1722559,18921,261,3
T,3200,13543006,270,1722613,18921,279,3
T,3201,13543026,270,1722669,18921,349,3
T,3202,13543046,270,1722724,19135,301,3
T,3203,13543066,270,1722777,19135,313,3
T,3204,13543086,270,1722832,19135,232,3
T,3205,13543106,270,1722888,19135,201,3

[host] drv timeout 2000
drv timeout 2000
timeout 2000 ms, 2000 ms remaining
  any 'drv duty' kicks it; re-issuing this command kicks it too
> T,3206,13543126,270,1722944,19135,251,3
T,3207,13543146,270,1723001,19635,246,3
T,3208,13543166,270,1723055,19635,459,3
T,3209,13543186,270,1723099,19635,552,3
T,3210,13543206,270,1723144,19635,361,3
T,3211,13543226,270,1723193,19635,380,3
T,3212,13543246,270,1723247,17707,316,3
T,3213,13543266,270,1723301,17707,259,3
T,3214,13543286,270,1723357,17707,241,3
T,3215,13543306,270,1723412,17707,267,3
T,3216,13543326,270,1723466,17707,243,3
T,3217,13543346,270,1723521,19492,343,3
T,3218,13543366,270,1723577,19492,289,3
T,3219,13543386,270,1723633,19492,231,3
T,3220,13543406,270,1723690,19492,227,3
T,3221,13543426,270,1723747,19492,279,3
T,3222,13543446,270,1723798,19992,482,3
T,3223,13543466,270,1723844,19992,459,3
T,3224,13543486,270,1723893,19992,352,3
T,3225,13543506,270,1723945,19992,261,3
T,3226,13543526,270,1724000,19992,283,3
T,3227,13543546,270,1724056,18278,322,3

[host] drv duty 25
drv duty 25
duty +25%
> T,3228,13543566,250,1724111,18278,204,3
T,3229,13543586,250,1724163,18278,334,3
T,3230,13543606,250,1724214,18278,281,3
T,3231,13543626,250,1724266,18278,215,3
T,3232,13543646,250,1724318,18778,193,3
T,3233,13543666,250,1724371,18778,193,3
T,3234,13543686,250,1724423,18778,206,3
T,3235,13543706,250,1724471,18778,366,3
T,3236,13543726,250,1724514,18778,422,3
T,3237,13543746,250,1724560,17279,304,3
T,3238,13543766,250,1724607,17279,289,3
T,3239,13543786,250,1724656,17279,277,3
T,3240,13543806,250,1724707,17279,253,3
T,3241,13543826,250,1724759,17279,327,3
T,3242,13543846,250,1724809,17850,245,3
T,3243,13543866,250,1724857,17850,290,3
T,3244,13543886,250,1724905,17850,294,3
T,3245,13543906,250,1724954,17850,251,3
T,3246,13543926,250,1725005,17850,290,3
T,3247,13543946,250,1725056,17564,270,3
T,3248,13543966,250,1725108,17564,212,3
T,3249,13543986,250,1725159,17564,338,3
T,3250,13544006,250,1725203,17564,371,3
T,3251,13544026,250,1725247,17564,336,3
T,3252,13544046,250,1725294,17064,422,3

[host] drv timeout 2000
T,3253,13544066,250,1725342,17064,242,3
drv timeout 2000
timeout 2000 ms, 2000 ms remaining
  any 'drv duty' kicks it; re-issuing this command kicks it too
> T,3254,13544086,250,1725393,17064,196,3
T,3255,13544106,250,1725445,17064,246,3
T,3256,13544126,250,1725497,17064,265,3
T,3257,13544146,250,1725547,17993,337,3
T,3258,13544166,250,1725596,17993,288,3
T,3259,13544186,250,1725645,17993,326,3
T,3260,13544206,250,1725695,17993,241,3
T,3261,13544226,250,1725745,17993,235,3
T,3262,13544246,250,1725797,17778,230,3
T,3263,13544266,250,1725847,17778,434,3
T,3264,13544286,250,1725892,17778,472,3
T,3265,13544306,250,1725936,17778,380,3
T,3266,13544326,250,1725981,17778,279,3
T,3267,13544346,250,1726029,16707,313,3
T,3268,13544366,250,1726079,16707,230,3
T,3269,13544386,250,1726131,16707,209,3
T,3270,13544406,250,1726183,16707,229,3
T,3271,13544426,250,1726232,16707,402,3
T,3272,13544446,250,1726280,17921,235,3
T,3273,13544466,250,1726329,17921,311,3
T,3274,13544486,250,1726380,17921,331,3
T,3275,13544506,250,1726431,17921,196,3
T,3276,13544526,250,1726483,17921,194,3
T,3277,13544546,250,1726535,18135,215,3

[host] drv timeout 2000
T,3278,13544566,250,1726582,18135,401,3
drv timeout 2000
timeout 2000 ms, 2000 ms remaining
  any 'drv duty' kicks it; re-issuing this command kicks it too
> T,3279,13544586,250,1726626,18135,419,3
T,3280,13544606,250,1726672,18135,294,3
T,3281,13544626,250,1726720,18135,269,3
T,3282,13544646,250,1726769,16707,254,3
T,3283,13544666,250,1726820,16707,238,3
T,3284,13544686,250,1726872,16707,307,3
T,3285,13544706,250,1726924,16707,291,3
T,3286,13544726,250,1726973,16707,230,3
T,3287,13544746,250,1727023,18135,326,3
T,3288,13544766,250,1727073,18135,233,3
T,3289,13544786,250,1727124,18135,225,3
T,3290,13544806,250,1727176,18135,161,3
T,3291,13544826,250,1727229,18135,212,3
T,3292,13544846,250,1727277,18207,502,3
T,3293,13544866,250,1727321,18207,477,3
T,3294,13544886,250,1727367,18207,284,3
T,3295,13544906,250,1727415,18207,333,3
T,3296,13544926,250,1727464,18207,236,3
T,3297,13544946,250,1727516,16922,212,3
T,3298,13544966,250,1727568,16922,187,3
T,3299,13544986,250,1727619,16922,428,3
T,3300,13545006,250,1727667,16922,277,3
T,3301,13545026,250,1727716,16922,254,3
T,3302,13545046,250,1727767,17993,365,3

[host] drv timeout 2000
T,3303,13545066,250,1727819,17993,189,3
drv timeout 2000
timeout 2000 ms, 2000 ms remaining
  any 'drv duty' kicks it; re-issuing this command kicks it too
> T,3304,13545086,250,1727870,17993,206,3
T,3305,13545106,250,1727922,17993,227,3
T,3306,13545126,250,1727971,17993,413,3
T,3307,13545146,250,1728015,17778,328,3
T,3308,13545166,250,1728061,17778,300,3
T,3309,13545186,250,1728108,17778,390,3
T,3310,13545206,250,1728157,17778,242,3
T,3311,13545226,250,1728208,17778,201,3
T,3312,13545246,250,1728260,17350,264,3
T,3313,13545266,250,1728312,17350,293,3
T,3314,13545286,250,1728362,17350,304,3
T,3315,13545306,250,1728411,17350,290,3
T,3316,13545326,250,1728461,17350,280,3
T,3317,13545346,250,1728513,18064,278,3
T,3318,13545366,250,1728564,18064,210,3
T,3319,13545386,250,1728617,18064,221,3
T,3320,13545406,250,1728664,18064,583,3
T,3321,13545426,250,1728704,18064,417,3
T,3322,13545446,250,1728748,16922,414,3
T,3323,13545466,250,1728794,16922,321,3
T,3324,13545486,250,1728844,16922,272,3
T,3325,13545506,250,1728894,16922,220,3
T,3326,13545526,250,1728945,16922,237,3
T,3327,13545546,250,1728996,17564,312,3
T,3328,13545566,250,1729045,1756
[host] drv timeout 2000
4,281,3
drv timeout 2000
timeout 2000 ms, 2000 ms remaining
  any 'drv duty' kicks it; re-issuing this command kicks it too
> T,3329,13545586,250,1729095,17564,200,3
T,3330,13545606,250,1729147,17564,252,3
T,3331,13545626,250,1729199,17564,243,3
T,3332,13545646,250,1729252,18278,192,3
T,3333,13545666,250,1729305,18278,262,3
T,3334,13545686,250,1729353,18278,320,3
T,3335,13545706,250,1729394,18278,438,3
T,3336,13545726,250,1729437,18278,347,3
T,3337,13545746,250,1729484,16636,304,3
T,3338,13545766,250,1729532,16636,254,3
T,3339,13545786,250,1729583,16636,254,3
T,3340,13545806,250,1729635,16636,264,3
T,3341,13545826,250,1729687,16636,322,3
T,3342,13545846,250,1729737,18135,229,3
T,3343,13545866,250,1729787,18135,258,3
T,3344,13545886,250,1729837,18135,375,3
T,3345,13545906,250,1729888,18135,209,3
T,3346,13545926,250,1729940,18135,208,3
T,3347,13545946,250,1729992,18135,162,3
T,3348,13545966,250,1730043,18135,371,3
T,3349,13545986,250,1730084,18135,506,3
T,3350,13546006,250,1730126,18135,418,3
T,3351,13546026,250,1730171,18135,353,3
T,3352,13546046,250,1730220,16279,331,3
T,3353,13546066,250,1730269,1627
[host] drv timeout 2000
9,226,3
drv timeout 2000
timeout 2000 ms, 2000 ms remaining
  any 'drv duty' kicks it; re-issuing this command kicks it too
> T,3354,13546086,250,1730321,16279,209,3
T,3355,13546106,250,1730372,16279,285,3
T,3356,13546126,250,1730423,16279,294,3
T,3357,13546146,250,1730472,17993,261,3
T,3358,13546166,250,1730524,17993,224,3
T,3359,13546186,250,1730576,17993,212,3
T,3360,13546206,250,1730628,17993,224,3
T,3361,13546226,250,1730682,17993,225,3
T,3362,13546246,250,1730735,18707,354,3
T,3363,13546266,250,1730779,18707,453,3
T,3364,13546286,250,1730822,18707,368,3
T,3365,13546306,250,1730868,18707,295,3
T,3366,13546326,250,1730916,18707,280,3
T,3367,13546346,250,1730965,16493,279,3
T,3368,13546366,250,1731016,16493,180,3
T,3369,13546386,250,1731068,16493,233,3
T,3370,13546406,250,1731118,16493,326,3
T,3371,13546426,250,1731168,16493,274,3
T,3372,13546446,250,1731219,18135,217,3
T,3373,13546466,250,1731270,18135,195,3
T,3374,13546486,250,1731322,18135,253,3
T,3375,13546506,250,1731375,18135,237,3
T,3376,13546526,250,1731427,18135,304,3
T,3377,13546546,250,1731472,18207,392,3
T,3378,13546566,250,1731513,18207,465,3

[host] drv timeout 2000
drv timeout 2000
timeout 2000 ms, 2000 ms remaining
  any 'drv duty' kicks it; re-issuing this command kicks it too
> T,3379,13546586,250,1731557,18207,329,3
T,3380,13546606,250,1731604,18207,283,3
T,3381,13546626,250,1731654,18207,238,3
T,3382,13546646,250,1731705,16422,274,3
T,3383,13546666,250,1731756,16422,341,3
T,3384,13546686,250,1731808,16422,281,3
T,3385,13546706,250,1731856,16422,259,3
T,3386,13546726,250,1731905,16422,364,3
T,3387,13546746,250,1731956,17993,215,3
T,3388,13546766,250,1732007,17993,205,3
T,3389,13546786,250,1732059,17993,222,3
T,3390,13546806,250,1732112,17993,200,3
T,3391,13546826,250,1732161,17993,411,3
T,3392,13546846,250,1732203,17778,472,3
T,3393,13546866,250,1732245,17778,403,3
T,3394,13546886,250,1732292,17778,408,3
T,3395,13546906,250,1732340,17778,249,3
T,3396,13546926,250,1732390,17778,248,3
T,3397,13546946,250,1732441,16779,284,3
T,3398,13546966,250,1732493,16779,302,3
T,3399,13546986,250,1732542,16779,252,3
T,3400,13547006,250,1732590,16779,360,3
T,3401,13547026,250,1732640,16779,252,3
T,3402,13547046,250,1732690,17850,221,3
T,3403,13547066,250,1732741,17850,222,3

[host] drv timeout 2000
drv timeout 2000
timeout 2000 ms, 2000 ms remaining
  any 'drv duty' kicks it; re-issuing this command kicks it too
> T,3404,13547086,250,1732793,17850,268,3
T,3405,13547106,250,1732845,17850,424,3
T,3406,13547126,250,1732889,17850,561,3
T,3407,13547146,250,1732931,17350,494,3
T,3408,13547166,250,1732976,17350,343,3
T,3409,13547186,250,1733024,17350,236,3
T,3410,13547206,250,1733074,17350,208,3
T,3411,13547226,250,1733125,17350,252,3
T,3412,13547246,250,1733175,17350,345,3
T,3413,13547266,250,1733222,17350,331,3
T,3414,13547286,250,1733270,17350,368,3
T,3415,13547306,250,1733320,17350,217,3
T,3416,13547326,250,1733370,17350,294,3
T,3417,13547346,250,1733420,17421,365,3
T,3418,13547366,250,1733470,17421,227,3
T,3419,13547386,250,1733520,17421,230,3
T,3420,13547406,250,1733569,17421,407,3
T,3421,13547426,250,1733613,17421,517,3
T,3422,13547446,250,1733657,17064,390,3
T,3423,13547466,250,1733704,17064,253,3
T,3424,13547486,250,1733753,17064,326,3
T,3425,13547506,250,1733803,17064,283,3
T,3426,13547526,250,1733854,17064,211,3
T,3427,13547546,250,1733906,17636,194,3
T,3428,13547566,250,1733958,17636,237,3

[host] drv timeout 2000
drv timeout 2000
timeout 2000 ms, 2000 ms remaining
  any 'drv duty' kicks it; re-issuing this command kicks it too
> T,3429,13547586,250,1734007,17636,364,3
T,3430,13547606,250,1734055,17636,249,3
T,3431,13547626,250,1734104,17636,418,3
T,3432,13547646,250,1734153,17707,204,3
T,3433,13547666,250,1734204,17707,224,3
T,3434,13547686,250,1734254,17707,501,3
T,3435,13547706,250,1734296,17707,641,3
T,3436,13547726,250,1734339,17707,490,3
T,3437,13547746,250,1734384,16493,339,3
T,3438,13547766,250,1734432,16493,242,3
T,3439,13547786,250,1734481,16493,203,3
T,3440,13547806,250,1734533,16493,249,3
T,3441,13547826,250,1734584,16493,334,3
T,3442,13547846,250,1734632,17707,311,3
T,3443,13547866,250,1734681,17707,332,3
T,3444,13547886,250,1734731,17707,251,3
T,3445,13547906,250,1734782,17707,210,3
T,3446,13547926,250,1734833,17707,210,3
T,3447,13547946,250,1734886,17993,208,3
T,3448,13547966,250,1734938,17993,277,3
T,3449,13547986,250,1734985,17993,300,3
T,3450,13548006,250,1735029,17993,338,3
T,3451,13548026,250,1735075,17993,317,3
T,3452,13548046,250,1735123,16993,245,3
T,3453,13548066,250,1735172,16993,280,3

[host] drv timeout 2000
drv timeout 2000
timeout 2000 ms, 2000 ms remaining
  any 'drv duty' kicks it; re-issuing this command kicks it too
> T,3454,13548086,250,1735224,16993,284,3
T,3455,13548106,250,1735275,16993,280,3
T,3456,13548126,250,1735325,16993,295,3
T,3457,13548146,250,1735374,17921,316,3
T,3458,13548166,250,1735424,17921,252,3
T,3459,13548186,250,1735474,17921,211,3
T,3460,13548206,250,1735525,17921,227,3
T,3461,13548226,250,1735577,17921,268,3
T,3462,13548246,250,1735629,18207,312,3
T,3463,13548266,250,1735676,18207,322,3
T,3464,13548286,250,1735721,18207,369,3
T,3465,13548306,250,1735768,18207,476,3
T,3466,13548326,250,1735816,18207,237,3
T,3467,13548346,250,1735865,16850,293,3
T,3468,13548366,250,1735916,16850,331,3
T,3469,13548386,250,1735968,16850,221,3
T,3470,13548406,250,1736020,16850,219,3
T,3471,13548426,250,1736070,16850,263,3
T,3472,13548446,250,1736120,18207,323,3
T,3473,13548466,250,1736169,18207,236,3
T,3474,13548486,250,1736220,18207,224,3
T,3475,13548506,250,1736271,18207,241,3
T,3476,13548526,250,1736323,18207,313,3
T,3477,13548546,250,1736372,18064,357,3
T,3478,13548566,250,1736414,18064,406,3

[host] drv timeout 2000
drv timeout 2000
timeout 2000 ms, 2000 ms remaining
  any 'drv duty' kicks it; re-issuing this command kicks it too
> T,3479,13548586,250,1736459,18064,323,3
T,3480,13548606,250,1736506,18064,349,3
T,3481,13548626,250,1736556,18064,316,3
T,3482,13548646,250,1736607,16707,222,3
T,3483,13548666,250,1736659,16707,203,3
T,3484,13548686,250,1736709,16707,291,3
T,3485,13548706,250,1736758,16707,307,3
T,3486,13548726,250,1736808,16707,257,3
T,3487,13548746,250,1736858,17921,241,3
T,3488,13548766,250,1736910,17921,251,3
T,3489,13548786,250,1736962,17921,300,3
T,3490,13548806,250,1737014,17921,261,3
T,3491,13548826,250,1737061,17921,443,3
T,3492,13548846,250,1737101,17564,498,3
T,3493,13548866,250,1737145,17564,411,3
T,3494,13548886,250,1737191,17564,302,3
T,3495,13548906,250,1737240,17564,414,3
T,3496,13548926,250,1737289,17564,190,3
T,3497,13548946,250,1737340,16779,233,3
T,3498,13548966,250,1737391,16779,322,3
T,3499,13548986,250,1737439,16779,304,3
T,3500,13549006,250,1737487,16779,238,3
T,3501,13549026,250,1737537,16779,291,3
T,3502,13549046,250,1737588,17707,180,3
T,3503,13549066,250,1737641,17707,195,3

[host] drv timeout 2000
drv timeout 2000
timeout 2000 ms, 2000 ms remaining
  any 'drv duty' kicks it; re-issuing this command kicks it too
> T,3504,13549086,250,1737693,17707,195,3
T,3505,13549106,250,1737743,17707,313,3
T,3506,13549126,250,1737786,17707,425,3
T,3507,13549146,250,1737828,17350,400,3
T,3508,13549166,250,1737873,17350,286,3
T,3509,13549186,250,1737921,17350,327,3
T,3510,13549206,250,1737971,17350,221,3
T,3511,13549226,250,1738022,17350,240,3
T,3512,13549246,250,1738073,17350,273,3
T,3513,13549266,250,1738124,17350,302,3
T,3514,13549286,250,1738175,17350,233,3
T,3515,13549306,250,1738225,17350,233,3
T,3516,13549326,250,1738277,17350,190,3
T,3517,13549346,250,1738329,18207,227,3
T,3518,13549366,250,1738383,18207,193,3
T,3519,13549386,250,1738435,18207,471,3
T,3520,13549406,250,1738478,18207,573,3
T,3521,13549426,250,1738520,18207,555,3
T,3522,13549446,250,1738565,16993,370,3
T,3523,13549466,250,1738612,16993,268,3
T,3524,13549486,250,1738662,16993,261,3
T,3525,13549506,250,1738713,16993,280,3
T,3526,13549526,250,1738765,16993,288,3
T,3527,13549546,250,1738815,17778,259,3
T,3528,13549566,250,1738864,17778,277,3

[host] drv timeout 2000
drv timeout 2000
timeout 2000 ms, 2000 ms remaining
  any 'drv duty' kicks it; re-issuing this command kicks it too
> T,3529,13549586,250,1738913,17778,283,3
T,3530,13549606,250,1738964,17778,225,3
T,3531,13549626,250,1739017,17778,124,3
T,3532,13549646,250,1739070,18135,178,3
T,3533,13549666,250,1739122,18135,245,3
T,3534,13549686,250,1739168,18135,413,3
T,3535,13549706,250,1739211,18135,379,3
T,3536,13549726,250,1739257,18135,380,3
T,3537,13549746,250,1739304,16850,297,3
T,3538,13549766,250,1739353,16850,306,3
T,3539,13549786,250,1739404,16850,269,3
T,3540,13549806,250,1739455,16850,227,3
T,3541,13549826,250,1739506,16850,241,3
T,3542,13549846,250,1739556,17921,273,3
T,3543,13549866,250,1739605,17921,312,3
T,3544,13549886,250,1739656,17921,193,3
T,3545,13549906,250,1739708,17921,225,3
T,3546,13549926,250,1739760,17921,224,3
T,3547,13549946,250,1739812,18207,215,3
T,3548,13549966,250,1739860,18207,395,3
T,3549,13549986,250,1739901,18207,406,3
T,3550,13550006,250,1739943,18207,360,3
T,3551,13550026,250,1739989,18207,312,3
T,3552,13550046,250,1740037,16208,278,3
T,3553,13550066,250,1740088,16208,301,3

[host] drv timeout 2000
drv timeout 2000
timeout 2000 ms, 2000 ms remaining
  any 'drv duty' kicks it; re-issuing this command kicks it too
> T,3554,13550086,250,1740139,16208,279,3
T,3555,13550106,250,1740189,16208,275,3
T,3556,13550126,250,1740238,16208,297,3
T,3557,13550146,250,1740287,17778,257,3
T,3558,13550166,250,1740337,17778,238,3
T,3559,13550186,250,1740388,17778,201,3
T,3560,13550206,250,1740440,17778,334,3
T,3561,13550226,250,1740492,17778,238,3
T,3562,13550246,250,1740544,18350,289,3
T,3563,13550266,250,1740588,18350,519,3
T,3564,13550286,250,1740630,18350,462,3
T,3565,13550306,250,1740675,18350,478,3
T,3566,13550326,250,1740721,18350,281,3
T,3567,13550346,250,1740771,16208,261,3
T,3568,13550366,250,1740821,16208,288,3
T,3569,13550386,250,1740873,16208,193,3
T,3570,13550406,250,1740921,16208,307,3
T,3571,13550426,250,1740968,16208,316,3
T,3572,13550446,250,1741016,17493,376,3
T,3573,13550466,250,1741066,17493,227,3
T,3574,13550486,250,1741117,17493,229,3
T,3575,13550506,250,1741168,17493,229,3
T,3576,13550526,250,1741220,17493,235,3
T,3577,13550546,250,1741267,17993,349,3
T,3578,13550566,250,1741310,17993,363,3

[host] drv timeout 2000
drv timeout 2000
timeout 2000 ms, 2000 ms remaining
  any 'drv duty' kicks it; re-issuing this command kicks it too
> T,3579,13550586,250,1741355,17993,325,3
T,3580,13550606,250,1741401,17993,332,3
T,3581,13550626,250,1741450,17993,240,3
T,3582,13550646,250,1741500,16565,230,3
T,3583,13550666,250,1741552,16565,231,3
T,3584,13550686,250,1741602,16565,341,3
T,3585,13550706,250,1741649,16565,279,3
T,3586,13550726,250,1741697,16565,360,3
T,3587,13550746,250,1741747,17636,221,3
T,3588,13550766,250,1741797,17636,221,3
T,3589,13550786,250,1741848,17636,341,3
T,3590,13550806,250,1741900,17636,253,3
T,3591,13550826,250,1741951,17636,280,3
T,3592,13550846,250,1741996,17921,491,3
T,3593,13550866,250,1742041,17921,376,3
T,3594,13550886,250,1742088,17921,253,3
T,3595,13550906,250,1742137,17921,326,3
T,3596,13550926,250,1742187,17921,290,3
T,3597,13550946,250,1742238,17136,209,3
T,3598,13550966,250,1742290,17136,196,3
T,3599,13550986,250,1742342,17136,194,3
T,3600,13551006,250,1742394,17136,312,3
T,3601,13551026,250,1742442,17136,279,3
T,3602,13551046,250,1742490,17993,283,3
T,3603,13551066,250,1742539,17993,248,3

[host] drv timeout 2000
drv timeout 2000
timeout 2000 ms, 2000 ms remaining
  any 'drv duty' kicks it; re-issuing this command kicks it too
> T,3604,13551086,250,1742589,17993,221,3
T,3605,13551106,250,1742640,17993,300,3
T,3606,13551126,250,1742683,17993,477,3
T,3607,13551146,250,1742724,16922,438,3
T,3608,13551166,250,1742769,16922,350,3
T,3609,13551186,250,1742816,16922,242,3
T,3610,13551206,250,1742865,16922,212,3
T,3611,13551226,250,1742916,16922,262,3
T,3612,13551246,250,1742968,17136,275,3
T,3613,13551266,250,1743018,17136,301,3
T,3614,13551286,250,1743067,17136,293,3
T,3615,13551306,250,1743117,17136,306,3
T,3616,13551326,250,1743167,17136,232,3
T,3617,13551346,250,1743219,17921,184,3
T,3618,13551366,250,1743270,17921,195,3
T,3619,13551386,250,1743323,17921,233,3
T,3620,13551406,250,1743372,17921,373,3
T,3621,13551426,250,1743416,17921,439,3
T,3622,13551446,250,1743461,17493,317,3
T,3623,13551466,250,1743508,17493,295,3
T,3624,13551486,250,1743557,17493,265,3
T,3625,13551506,250,1743608,17493,262,3
T,3626,13551526,250,1743660,17493,320,3
T,3627,13551546,250,1743712,17707,256,3
T,3628,13551566,250,1743760,17707,263,3

[host] drv timeout 2000
drv timeout 2000
timeout 2000 ms, 2000 ms remaining
  any 'drv duty' kicks it; re-issuing this command kicks it too
> T,3629,13551586,250,1743809,17707,313,3
T,3630,13551606,250,1743859,17707,221,3
T,3631,13551626,250,1743909,17707,199,3
T,3632,13551646,250,1743961,17778,265,3
T,3633,13551666,250,1744013,17778,267,3
T,3634,13551686,250,1744062,17778,293,3
T,3635,13551706,250,1744107,17778,361,3
T,3636,13551726,250,1744152,17778,462,3
T,3637,13551746,250,1744200,17136,246,3
T,3638,13551766,250,1744249,17136,304,3
T,3639,13551786,250,1744299,17136,268,3
T,3640,13551806,250,1744350,17136,208,3
T,3641,13551826,250,1744402,17136,203,3
T,3642,13551846,250,1744452,17993,320,3
T,3643,13551866,250,1744501,17993,261,3
T,3644,13551886,250,1744550,17993,221,3
T,3645,13551906,250,1744601,17993,302,3
T,3646,13551926,250,1744652,17993,257,3
T,3647,13551946,250,1744704,17921,214,3
T,3648,13551966,250,1744754,17921,312,3
T,3649,13551986,250,1744797,17921,406,3
T,3650,13552006,250,1744841,17921,291,3
T,3651,13552026,250,1744888,17921,355,3
T,3652,13552046,250,1744936,16636,247,3
T,3653,13552066,250,1744986,16636,274,3

[host] drv timeout 2000
drv timeout 200T,3654,13552086,250,1745037,16636,278,3
0
timeout 2000 ms, 2000 ms remaining
  any 'drv duty' kicks it; re-issuing this command kicks it too
> T,3655,13552106,250,1745089,16636,321,3
T,3656,13552126,250,1745139,16636,264,3
T,3657,13552146,250,1745188,17993,263,3
T,3658,13552166,250,1745238,17993,317,3
T,3659,13552186,250,1745289,17993,183,3
T,3660,13552206,250,1745340,17993,209,3
T,3661,13552226,250,1745392,17993,204,3
T,3662,13552246,250,1745444,18278,327,3
T,3663,13552266,250,1745485,18278,540,3
T,3664,13552286,250,1745527,18278,437,3
T,3665,13552306,250,1745572,18278,307,3
T,3666,13552326,250,1745620,18278,257,3
T,3667,13552346,250,1745669,16136,252,3
T,3668,13552366,250,1745720,16136,309,3
T,3669,13552386,250,1745769,16136,285,3
T,3670,13552406,250,1745818,16136,321,3
T,3671,13552426,250,1745867,16136,242,3
T,3672,13552446,250,1745917,17636,215,3
T,3673,13552466,250,1745968,17636,245,3
T,3674,13552486,250,1746019,17636,212,3
T,3675,13552506,250,1746071,17636,339,3
T,3676,13552526,250,1746123,17636,246,3
T,3677,13552546,250,1746167,18064,412,3
T,3678,13552566,250,1746207,18064,433,3

[host] drv timeout 2000
drvT,3679,13552586,250,1746249,18064,301,3
 timeout 2000
timeout 2000 ms, 2000 ms remaining
  any 'drv duty' kicks it; re-issuing this command kicks it too
> T,3680,13552606,250,1746296,18064,347,3
T,3681,13552626,250,1746345,18064,248,3
T,3682,13552646,250,1746395,16065,253,3
T,3683,13552666,250,1746446,16065,263,3
T,3684,13552686,250,1746496,16065,302,3
T,3685,13552706,250,1746546,16065,236,3
T,3686,13552726,250,1746596,16065,249,3
T,3687,13552746,250,1746647,17993,354,3
T,3688,13552766,250,1746698,17993,163,3
T,3689,13552786,250,1746751,17993,169,3
T,3690,13552806,250,1746804,17993,185,3
T,3691,13552826,250,1746852,17993,400,3
T,3692,13552846,250,1746893,17778,514,3
T,3693,13552866,250,1746936,17778,439,3
T,3694,13552886,250,1746982,17778,316,3
T,3695,13552906,250,1747030,17778,342,3
T,3696,13552926,250,1747080,17778,200,3
T,3697,13552946,250,1747131,16707,257,3
T,3698,13552966,250,1747182,16707,311,3
T,3699,13552986,250,1747232,16707,279,3
T,3700,13553006,250,1747281,16707,227,3
T,3701,13553026,250,1747332,16707,315,3
T,3702,13553046,250,1747383,17993,263,3
T,3703,13553066,250,1747435,17993,245,3

[host] drv timeout 2000
T,3704,13553086,250,1747488,17993,201,3
drv timeout 2000
timeout 2000 ms, 2000 ms remaining
  any 'drv duty' kicks it; re-issuing this command kicks it too
> T,3705,13553106,250,1747539,17993,295,3
T,3706,13553126,250,1747583,17993,353,3
T,3707,13553146,250,1747625,17493,377,3
T,3708,13553166,250,1747671,17493,454,3
T,3709,13553186,250,1747719,17493,259,3
T,3710,13553206,250,1747768,17493,306,3
T,3711,13553226,250,1747818,17493,246,3
T,3712,13553246,250,1747869,17279,231,3
T,3713,13553266,250,1747920,17279,230,3
T,3714,13553286,250,1747969,17279,355,3
T,3715,13553306,250,1748017,17279,261,3
T,3716,13553326,250,1748067,17279,231,3
T,3717,13553346,250,1748117,17707,299,3
T,3718,13553366,250,1748169,17707,171,3
T,3719,13553386,250,1748221,17707,237,3
T,3720,13553406,250,1748265,17707,448,3
T,3721,13553426,250,1748305,17707,387,3
T,3722,13553446,250,1748348,16636,377,3
T,3723,13553466,250,1748395,16636,316,3
T,3724,13553486,250,1748444,16636,237,3
T,3725,13553506,250,1748495,16636,227,3
T,3726,13553526,250,1748546,16636,349,3
T,3727,13553546,250,1748597,17636,248,3
T,3728,13553566,250,1748647,17636,265,3

[host] drv timeout 2000
T,3729,13553586,250,1748696,17636,357,3
drv timeout 2000
timeout 2000 ms, 2000 ms remaining
  any 'drv duty' kicks it; re-issuing this command kicks it too
> T,3730,13553606,250,1748747,17636,237,3
T,3731,13553626,250,1748798,17636,215,3
T,3732,13553646,250,1748850,18064,193,3
T,3733,13553666,250,1748903,18064,190,3
T,3734,13553686,250,1748954,18064,366,3
T,3735,13553706,250,1748997,18064,465,3
T,3736,13553726,250,1749039,18064,462,3
T,3737,13553746,250,1749084,16779,331,3
T,3738,13553766,250,1749132,16779,283,3
T,3739,13553786,250,1749182,16779,233,3
T,3740,13553806,250,1749233,16779,219,3
T,3741,13553826,250,1749285,16779,237,3
T,3742,13553846,250,1749336,17921,424,3
T,3743,13553866,250,1749384,17921,215,3
T,3744,13553886,250,1749433,17921,325,3
T,3745,13553906,250,1749483,17921,284,3
T,3746,13553926,250,1749533,17921,198,3
T,3747,13553946,250,1749585,17707,203,3
T,3748,13553966,250,1749636,17707,341,3
T,3749,13553986,250,1749680,17707,421,3
T,3750,13554006,250,1749722,17707,446,3
T,3751,13554026,250,1749766,17707,342,3
T,3752,13554046,250,1749813,16350,289,3
T,3753,13554066,250,1749861,16350,270,3

[host] drv timeout 2000
T,3754,13554086,250,1749912,16350,381,3
drv timeout 2000
timeout 2000 ms, 2000 ms remaining
  any 'drv duty' kicks it; re-issuing this command kicks it too
> T,3755,13554106,250,1749962,16350,224,3
T,3756,13554126,250,1750010,16350,323,3
T,3757,13554146,250,1750056,17421,323,3
T,3758,13554166,250,1750105,17421,359,3
T,3759,13554186,250,1750155,17421,235,3
T,3760,13554206,250,1750205,17421,247,3
T,3761,13554226,250,1750256,17421,272,3
T,3762,13554246,250,1750306,17778,281,3
T,3763,13554266,250,1750355,17778,286,3
T,3764,13554286,250,1750400,17778,390,3
T,3765,13554306,250,1750444,17778,465,3
T,3766,13554326,250,1750491,17778,316,3
T,3767,13554346,250,1750540,16707,283,3
T,3768,13554366,250,1750589,16707,227,3
T,3769,13554386,250,1750640,16707,241,3
T,3770,13554406,250,1750692,16707,221,3
T,3771,13554426,250,1750744,16707,304,3
T,3772,13554446,250,1750796,18278,289,3
T,3773,13554466,250,1750844,18278,280,3
T,3774,13554486,250,1750893,18278,384,3
T,3775,13554506,250,1750942,18278,219,3
T,3776,13554526,250,1750993,18278,203,3
T,3777,13554546,250,1751044,17707,379,3
T,3778,13554566,250,1751087,17707,514,3

[host] drv timeout 2000
T,3779,13554586,250,1751128,17707,583,3
drv timeout 2000
timeout 2000 ms, 2000 ms remaining
  any 'drv duty' kicks it; re-issuing this command kicks it too
> T,3780,13554606,250,1751172,17707,395,3
T,3781,13554626,250,1751219,17707,236,3
T,3782,13554646,250,1751269,15993,248,3
T,3783,13554666,250,1751320,15993,355,3
T,3784,13554686,250,1751371,15993,235,3
T,3785,13554706,250,1751421,15993,233,3
T,3786,13554726,250,1751470,15993,373,3
T,3787,13554746,250,1751520,17921,259,3
T,3788,13554766,250,1751570,17921,214,3
T,3789,13554786,250,1751621,17921,256,3
T,3790,13554806,250,1751672,17921,267,3
T,3791,13554826,250,1751724,17921,337,3
T,3792,13554846,250,1751773,18207,370,3
T,3793,13554866,250,1751817,18207,318,3
T,3794,13554886,250,1751862,18207,360,3
T,3795,13554906,250,1751909,18207,293,3
T,3796,13554926,250,1751959,18207,396,3
T,3797,13554946,250,1752009,16779,203,3
T,3798,13554966,250,1752060,16779,194,3
T,3799,13554986,250,1752112,16779,238,3
T,3800,13555006,250,1752162,16779,348,3
T,3801,13555026,250,1752211,16779,252,3
T,3802,13555046,250,1752261,17993,273,3
T,3803,13555066,250,1752312,17993,277,3
T,3804,13555086,250,1752363,1799
[host] drv timeout 2000
3,257,3
drv timeout 2000
timeout 2000 ms, 2000 ms remaining
  any 'drv duty' kicks it; re-issuing this command kicks it too
> T,3805,13555106,250,1752415,17993,203,3
T,3806,13555126,250,1752464,17993,309,3
T,3807,13555146,250,1752508,17778,406,3
T,3808,13555166,250,1752552,17778,313,3
T,3809,13555186,250,1752600,17778,451,3
T,3810,13555206,250,1752648,17778,206,3
T,3811,13555226,250,1752699,17778,242,3
T,3812,13555246,250,1752751,17136,261,3
T,3813,13555266,250,1752801,17136,343,3
T,3814,13555286,250,1752849,17136,248,3
T,3815,13555306,250,1752899,17136,363,3
T,3816,13555326,250,1752949,17136,245,3
T,3817,13555346,250,1753000,17850,199,3
T,3818,13555366,250,1753052,17850,195,3
T,3819,13555386,250,1753104,17850,199,3
T,3820,13555406,250,1753155,17850,462,3
T,3821,13555426,250,1753200,17850,386,3
T,3822,13555446,250,1753245,17564,327,3
T,3823,13555466,250,1753292,17564,310,3
T,3824,13555486,250,1753341,17564,245,3
T,3825,13555506,250,1753392,17564,254,3
T,3826,13555526,250,1753443,17564,241,3
T,3827,13555546,250,1753495,17778,342,3
T,3828,13555566,250,1753547,17778,251,3
T,3829,13555586,250,1753596,17778,279,3

[host] drv timeout 2000
drv timeout 2000
timeout 2000 ms, 2000 ms remaining
  any 'drv duty' kicks it; re-issuing this command kicks it too
> T,3830,13555606,250,1753645,17778,390,3
T,3831,13555626,250,1753695,17778,211,3
T,3832,13555646,250,1753746,17921,203,3
T,3833,13555666,250,1753798,17921,214,3
T,3834,13555686,250,1753848,17921,395,3
T,3835,13555706,250,1753889,17921,497,3
T,3836,13555726,250,1753931,17921,347,3
T,3837,13555746,250,1753976,16493,392,3
T,3838,13555766,250,1754023,16493,265,3
T,3839,13555786,250,1754073,16493,299,3
T,3840,13555806,250,1754124,16493,267,3
T,3841,13555826,250,1754175,16493,248,3
T,3842,13555846,250,1754224,17636,280,3
T,3843,13555866,250,1754273,17636,301,3
T,3844,13555886,250,1754323,17636,222,3
T,3845,13555906,250,1754375,17636,169,3
T,3846,13555926,250,1754428,17636,193,3
T,3847,13555946,250,1754481,18278,188,3
T,3848,13555966,250,1754533,18278,304,3
T,3849,13555986,250,1754577,18278,370,3
T,3850,13556006,250,1754619,18278,439,3
T,3851,13556026,250,1754663,18278,332,3
T,3852,13556046,250,1754711,16493,376,3
T,3853,13556066,250,1754760,16493,193,3
T,3854,13556086,250,1754811,16493,275,3

[host] drv timeout 2000
drv timeout 2000
timeout 2000 ms, 2000 ms remaining
  any 'drv duty' kicks it; re-issuing this command kicks it too
> T,3855,13556106,250,1754861,16493,352,3
T,3856,13556126,250,1754912,16493,264,3
T,3857,13556146,250,1754961,17921,222,3
T,3858,13556166,250,1755011,17921,353,3
T,3859,13556186,250,1755061,17921,225,3
T,3860,13556206,250,1755112,17921,200,3
T,3861,13556226,250,1755164,17921,200,3
T,3862,13556246,250,1755216,18135,196,3
T,3863,13556266,250,1755261,18135,352,3
T,3864,13556286,250,1755302,18135,443,3
T,3865,13556306,250,1755345,18135,280,3
T,3866,13556326,250,1755391,18135,290,3
T,3867,13556346,250,1755440,15993,295,3
T,3868,13556366,250,1755489,15993,274,3
T,3869,13556386,250,1755540,15993,230,3
T,3870,13556406,250,1755590,15993,251,3
T,3871,13556426,250,1755639,15993,326,3
T,3872,13556446,250,1755688,17707,240,3
T,3873,13556466,250,1755739,17707,206,3
T,3874,13556486,250,1755791,17707,214,3
T,3875,13556506,250,1755843,17707,273,3
T,3876,13556526,250,1755896,17707,251,3
T,3877,13556546,250,1755946,18492,353,3
T,3878,13556566,250,1755989,18492,413,3
T,3879,13556586,250,1756032,18492,374,3

[host] drv timeout 2000
drv timeout 2000
timeout 2000 ms, 2000 ms remaining
  any 'drv duty' kicks it; re-issuing this command kicks it too
> T,3880,13556606,250,1756078,18492,423,3
T,3881,13556626,250,1756126,18492,258,3
T,3882,13556646,250,1756175,16279,222,3
T,3883,13556666,250,1756225,16279,329,3
T,3884,13556686,250,1756276,16279,208,3
T,3885,13556706,250,1756326,16279,290,3
T,3886,13556726,250,1756375,16279,389,3
T,3887,13556746,250,1756424,17778,208,3
T,3888,13556766,250,1756475,17778,278,3
T,3889,13556786,250,1756525,17778,338,3
T,3890,13556806,250,1756577,17778,248,3
T,3891,13556826,250,1756629,17778,283,3
T,3892,13556846,250,1756672,17921,421,3
T,3893,13556866,250,1756711,17921,434,3
T,3894,13556886,250,1756754,17921,311,3
T,3895,13556906,250,1756800,17921,328,3
T,3896,13556926,250,1756849,17921,252,3
T,3897,13556946,250,1756899,15993,246,3
T,3898,13556966,250,1756950,15993,329,3
T,3899,13556986,250,1757000,15993,226,3
T,3900,13557006,250,1757048,15993,285,3
T,3901,13557026,250,1757096,15993,257,3
T,3902,13557046,250,1757147,17707,248,3
T,3903,13557066,250,1757197,17707,272,3
T,3904,13557086,250,1757249,17707,263,3

[host] drv timeout 2000
drv timeout 2000
timeout 2000 ms, 2000 ms remaining
  any 'drv duty' kicks it; re-issuing this command kicks it too
> T,3905,13557106,250,1757301,17707,210,3
T,3906,13557126,250,1757352,17707,325,3
T,3907,13557146,250,1757394,17850,382,3
T,3908,13557166,250,1757437,17850,370,3
T,3909,13557186,250,1757482,17850,312,3
T,3910,13557206,250,1757529,17850,317,3
T,3911,13557226,250,1757579,17850,247,3
T,3912,13557246,250,1757630,16636,215,3
T,3913,13557266,250,1757681,16636,219,3
T,3914,13557286,250,1757731,16636,327,3
T,3915,13557306,250,1757779,16636,254,3
T,3916,13557326,250,1757828,16636,365,3
T,3917,13557346,250,1757877,17636,232,3
T,3918,13557366,250,1757927,17636,225,3
T,3919,13557386,250,1757979,17636,230,3
T,3920,13557406,250,1758030,17636,259,3
T,3921,13557426,250,1758077,17636,349,3
T,3922,13557446,250,1758119,17421,414,3
T,3923,13557466,250,1758163,17421,305,3
T,3924,13557486,250,1758209,17421,395,3
T,3925,13557506,250,1758258,17421,238,3
T,3926,13557526,250,1758309,17421,232,3
T,3927,13557546,250,1758360,17064,365,3
T,3928,13557566,250,1758408,17064,261,3
T,3929,13557586,250,1758454,17064,293,3

[host] drv timeout 2000
drv timeout 2000
timeout 2000 ms, 2000 ms remaining
  any 'drv duty' kicks it; re-issuing this command kicks it too
> T,3930,13557606,250,1758502,17064,277,3
T,3931,13557626,250,1758552,17064,370,3
T,3932,13557646,250,1758602,17279,208,3
T,3933,13557666,250,1758653,17279,225,3
T,3934,13557686,250,1758705,17279,245,3
T,3935,13557706,250,1758754,17279,368,3
T,3936,13557726,250,1758800,17279,312,3
T,3937,13557746,250,1758844,17421,341,3
T,3938,13557766,250,1758891,17421,337,3
T,3939,13557786,250,1758940,17421,263,3
T,3940,13557806,250,1758989,17421,283,3
T,3941,13557826,250,1759040,17421,259,3
T,3942,13557846,250,1759092,17493,193,3
T,3943,13557866,250,1759144,17493,216,3
T,3944,13557886,250,1759195,17493,302,3
T,3945,13557906,250,1759243,17493,278,3
T,3946,13557926,250,1759291,17493,328,3
T,3947,13557946,250,1759340,17778,333,3
T,3948,13557966,250,1759390,17778,212,3
T,3949,13557986,250,1759440,17778,258,3
T,3950,13558006,250,1759484,17778,421,3
T,3951,13558026,250,1759525,17778,411,3
T,3952,13558046,250,1759569,16493,305,3
T,3953,13558066,250,1759616,16493,331,3
T,3954,13558086,250,1759666,16493,229,3

[host] drv timeout 2000
drv timeout 2000
timeout 2000 ms, 2000 ms remaining
  any 'drv duty' kicks it; re-issuing this command kicks it too
> T,3955,13558106,250,1759717,16493,242,3
T,3956,13558126,250,1759769,16493,305,3
T,3957,13558146,250,1759818,17707,257,3
T,3958,13558166,250,1759867,17707,263,3
T,3959,13558186,250,1759916,17707,350,3
T,3960,13558206,250,1759967,17707,194,3
T,3961,13558226,250,1760018,17707,199,3
T,3962,13558246,250,1760069,17850,224,3
T,3963,13558266,250,1760122,17850,262,3
T,3964,13558286,250,1760171,17850,401,3
T,3965,13558306,250,1760215,17850,499,3
T,3966,13558326,250,1760260,17850,396,3
T,3967,13558346,250,1760307,16993,262,3
T,3968,13558366,250,1760356,16993,267,3
T,3969,13558386,250,1760407,16993,341,3
T,3970,13558406,250,1760458,16993,188,3
T,3971,13558426,250,1760510,16993,225,3
T,3972,13558446,250,1760559,17993,373,3
T,3973,13558466,250,1760607,17993,265,3
T,3974,13558486,250,1760657,17993,226,3
T,3975,13558506,250,1760708,17993,297,3
T,3976,13558526,250,1760759,17993,267,3
T,3977,13558546,250,1760811,17921,243,3
T,3978,13558566,250,1760860,17921,358,3
T,3979,13558586,250,1760904,17921,317,3

[host] drv timeout 2000
drv timeout 2000
timeout 2000 ms, 2000 ms remaining
  any 'drv duty' kicks it; re-issuing this command kicks it too
> T,3980,13558606,250,1760949,17921,301,3
T,3981,13558626,250,1760996,17921,273,3
T,3982,13558646,250,1761044,16707,261,3
T,3983,13558666,250,1761095,16707,200,3
T,3984,13558686,250,1761147,16707,247,3
T,3985,13558706,250,1761198,16707,318,3
T,3986,13558726,250,1761247,16707,299,3
T,3987,13558746,250,1761296,17993,229,3
T,3988,13558766,250,1761347,17993,363,3
T,3989,13558786,250,1761397,17993,238,3
T,3990,13558806,250,1761448,17993,210,3
T,3991,13558826,250,1761500,17993,189,3
T,3992,13558846,250,1761551,18207,256,3
T,3993,13558866,250,1761596,18207,347,3
T,3994,13558886,250,1761641,18207,344,3
T,3995,13558906,250,1761688,18207,428,3
T,3996,13558926,250,1761736,18207,217,3
T,3997,13558946,250,1761787,16850,273,3
T,3998,13558966,250,1761839,16850,275,3
T,3999,13558986,250,1761891,16850,265,3
T,4000,13559006,250,1761941,16850,293,3
T,4001,13559026,250,1761990,16850,251,3
T,4002,13559046,250,1762040,18064,313,3
T,4003,13559066,250,1762090,18064,237,3
T,4004,13559086,250,1762141,18064,196,3

[host] drv timeout 2000
drv timeout 2000
timeout 2000 ms, 2000 ms remaining
  any 'drv duty' kicks it; re-issuing this command kicks it too
> T,4005,13559106,250,1762193,18064,189,3
T,4006,13559126,250,1762244,18064,376,3
T,4007,13559146,250,1762287,17778,562,3
T,4008,13559166,250,1762328,17778,524,3
T,4009,13559186,250,1762373,17778,366,3
T,4010,13559206,250,1762420,17778,257,3
T,4011,13559226,250,1762470,17778,247,3
T,4012,13559246,250,1762521,16493,301,3
T,4013,13559266,250,1762571,16493,253,3
T,4014,13559286,250,1762619,16493,277,3
T,4015,13559306,250,1762668,16493,326,3
T,4016,13559326,250,1762717,16493,219,3
T,4017,13559346,250,1762768,17707,208,3
T,4018,13559366,250,1762820,17707,242,3
T,4019,13559386,250,1762873,17707,241,3
T,4020,13559406,250,1762925,17707,419,3
T,4021,13559426,250,1762969,17707,512,3
T,4022,13559446,250,1763011,17493,565,3
T,4023,13559466,250,1763055,17493,396,3
T,4024,13559486,250,1763101,17493,247,3
T,4025,13559506,250,1763151,17493,221,3
T,4026,13559526,250,1763202,17493,350,3
T,4027,13559546,250,1763253,17136,230,3
T,4028,13559566,250,1763305,17136,230,3
T,4029,13559586,250,1763356,17136,262,3

[host] drv timeout 2000
drv timeout 2000
timeout 2000 ms, 2000 ms remaining
  any 'drv duty' kicks it; re-issuing this command kicks it too
> T,4030,13559606,250,1763405,17136,291,3
T,4031,13559626,250,1763456,17136,264,3
T,4032,13559646,250,1763508,18135,185,3
T,4033,13559666,250,1763561,18135,194,3
T,4034,13559686,250,1763613,18135,204,3
T,4035,13559706,250,1763660,18135,416,3
T,4036,13559726,250,1763701,18135,405,3
T,4037,13559746,250,1763744,17064,342,3
T,4038,13559766,250,1763791,17064,284,3
T,4039,13559786,250,1763839,17064,247,3
T,4040,13559806,250,1763889,17064,251,3
T,4041,13559826,250,1763940,17064,231,3
T,4042,13559846,250,1763991,17493,364,3
T,4043,13559866,250,1764041,17493,203,3
T,4044,13559886,250,1764090,17493,277,3
T,4045,13559906,250,1764141,17493,348,3
T,4046,13559926,250,1764192,17493,194,3
T,4047,13559946,250,1764245,18064,226,3
T,4048,13559966,250,1764298,18064,184,3
T,4049,13559986,250,1764347,18064,334,3
T,4050,13560006,250,1764390,18064,409,3
T,4051,13560026,250,1764434,18064,301,3
T,4052,13560046,250,1764481,16993,359,3
T,4053,13560066,250,1764529,16993,280,3
T,4054,13560086,250,1764579,16993,274,3

[host] drv timeout 2000
drv timeout 2000
timeout 2000 ms, 2000 ms remaining
  any 'drv duty' kicks it; re-issuing this command kicks it too
> T,4055,13560106,250,1764629,16993,293,3
T,4056,13560126,250,1764681,16993,190,3
T,4057,13560146,250,1764732,17850,243,3
T,4058,13560166,250,1764782,17850,317,3
T,4059,13560186,250,1764833,17850,243,3
T,4060,13560206,250,1764884,17850,217,3
T,4061,13560226,250,1764936,17850,146,3
T,4062,13560246,250,1764988,18207,204,3
T,4063,13560266,250,1765039,18207,336,3
T,4064,13560286,250,1765081,18207,554,3
T,4065,13560306,250,1765122,18207,540,3
T,4066,13560326,250,1765166,18207,432,3
T,4067,13560346,250,1765213,16208,249,3
T,4068,13560366,250,1765263,16208,215,3
T,4069,13560386,250,1765314,16208,349,3
T,4070,13560406,250,1765365,16208,230,3
T,4071,13560426,250,1765414,16208,288,3
T,4072,13560446,250,1765463,17778,384,3
T,4073,13560466,250,1765512,17778,209,3
T,4074,13560486,250,1765563,17778,259,3
T,4075,13560506,250,1765614,17778,294,3
T,4076,13560526,250,1765666,17778,248,3
T,4077,13560546,250,1765718,18135,301,3
T,4078,13560566,250,1765767,18135,379,3
T,4079,13560586,250,1765808,18135,432,3

[host] drv timeout 2000
drv timeout 2000
timeout 2000 ms, 2000 ms remaining
  any 'drv duty' kicks it; re-issuing this command kicks it too
> T,4080,13560606,250,1765851,18135,379,3
T,4081,13560626,250,1765896,18135,264,3
T,4082,13560646,250,1765944,16208,320,3
T,4083,13560666,250,1765994,16208,237,3
T,4084,13560686,250,1766045,16208,233,3
T,4085,13560706,250,1766095,16208,296,3
T,4086,13560726,250,1766141,16208,258,3
T,4087,13560746,250,1766189,17564,418,3
T,4088,13560766,250,1766238,17564,226,3
T,4089,13560786,250,1766288,17564,245,3
T,4090,13560806,250,1766339,17564,323,3
T,4091,13560826,250,1766390,17564,246,3
T,4092,13560846,250,1766440,17850,290,3
T,4093,13560866,250,1766484,17850,412,3
T,4094,13560886,250,1766527,17850,348,3
T,4095,13560906,250,1766572,17850,418,3
T,4096,13560926,250,1766620,17850,291,3
T,4097,13560946,250,1766668,16279,293,3
T,4098,13560966,250,1766719,16279,224,3
T,4099,13560986,250,1766770,16279,211,3
T,4100,13561006,250,1766819,16279,349,3
T,4101,13561026,250,1766866,16279,259,3
T,4102,13561046,250,1766914,17636,405,3
T,4103,13561066,250,1766964,17636,200,3
T,4104,13561086,250,1767014,17636,236,3

[host] drv timeout 2000
drv timeout 2000T,4105,13561106,250,1767065,17636,277,3

timeout 2000 ms, 2000 ms remaining
  any 'drv duty' kicks it; re-issuing this command kicks it too
> T,4106,13561126,250,1767117,17636,277,3
T,4107,13561146,250,1767166,17993,310,3
T,4108,13561166,250,1767210,17993,380,3
T,4109,13561186,250,1767255,17993,470,3
T,4110,13561206,250,1767302,17993,300,3
T,4111,13561226,250,1767351,17993,289,3
T,4112,13561246,250,1767401,16636,220,3
T,4113,13561266,250,1767452,16636,214,3
T,4114,13561286,250,1767504,16636,195,3
T,4115,13561306,250,1767554,16636,427,3
T,4116,13561326,250,1767602,16636,268,3
T,4117,13561346,250,1767651,17921,291,3
T,4118,13561366,250,1767700,17921,237,3
T,4119,13561386,250,1767750,17921,235,3
T,4120,13561406,250,1767800,17921,290,3
T,4121,13561426,250,1767849,17921,331,3
T,4122,13561446,250,1767893,17421,402,3
T,4123,13561466,250,1767936,17421,363,3
T,4124,13561486,250,1767982,17421,435,3
T,4125,13561506,250,1768029,17421,247,3
T,4126,13561526,250,1768078,17421,253,3
T,4127,13561546,250,1768128,16636,289,3
T,4128,13561566,250,1768180,16636,195,3
T,4129,13561586,250,1768231,16636,258,3

[host] drv timeout 2000
T,4130,13561606,250,1768280,16636,411,3
drv timeout 2000
timeout 2000 ms, 2000 ms remaining
  any 'drv duty' kicks it; re-issuing this command kicks it too
> T,4131,13561626,250,1768329,16636,214,3
T,4132,13561646,250,1768379,17921,251,3
T,4133,13561666,250,1768430,17921,281,3
T,4134,13561686,250,1768481,17921,245,3
T,4135,13561706,250,1768533,17921,281,3
T,4136,13561726,250,1768580,17921,428,3
T,4137,13561746,250,1768624,17564,384,3
T,4138,13561766,250,1768669,17564,293,3
T,4139,13561786,250,1768716,17564,315,3
T,4140,13561806,250,1768766,17564,224,3
T,4141,13561826,250,1768817,17564,236,3
T,4142,13561846,250,1768868,17350,224,3
T,4143,13561866,250,1768920,17350,393,3
T,4144,13561886,250,1768969,17350,208,3
T,4145,13561906,250,1769019,17350,284,3
T,4146,13561926,250,1769069,17350,332,3
T,4147,13561946,250,1769121,17993,219,3
T,4148,13561966,250,1769172,17993,215,3
T,4149,13561986,250,1769225,17993,180,3
T,4150,13562006,250,1769273,17993,360,3
T,4151,13562026,250,1769316,17993,363,3
T,4152,13562046,250,1769362,17350,290,3
T,4153,13562066,250,1769409,17350,359,3
T,4154,13562086,250,1769458,17350,233,3

[host] drv timeout 2000
T,4155,13562106,250,1769509,17350,235,3
drv timeout 2000
timeout 2000 ms, 2000 ms remaining
  any 'drv duty' kicks it; re-issuing this command kicks it too
> T,4156,13562126,250,1769560,17350,328,3
T,4157,13562146,250,1769611,17707,267,3
T,4158,13562166,250,1769659,17707,293,3
T,4159,13562186,250,1769708,17707,336,3
T,4160,13562206,250,1769757,17707,212,3
T,4161,13562226,250,1769808,17707,225,3
T,4162,13562246,250,1769859,17707,299,3
T,4163,13562266,250,1769911,17707,278,3
T,4164,13562286,250,1769960,17707,328,3
T,4165,13562306,250,1770004,17707,358,3
T,4166,13562326,250,1770049,17707,374,3
T,4167,13562346,250,1770096,16922,302,3
T,4168,13562366,250,1770144,16922,268,3
T,4169,13562386,250,1770195,16922,210,3
T,4170,13562406,250,1770246,16922,212,3
T,4171,13562426,250,1770298,16922,246,3
T,4172,13562446,250,1770349,18064,376,3
T,4173,13562466,250,1770398,18064,270,3
T,4174,13562486,250,1770448,18064,230,3
T,4175,13562506,250,1770498,18064,337,3
T,4176,13562526,250,1770549,18064,232,3
T,4177,13562546,250,1770601,17993,210,3
T,4178,13562566,250,1770652,17993,368,3
T,4179,13562586,250,1770693,17993,469,3

[host] drv timeout 2000
T,4180,13562606,250,1770735,17993,444,3
drv timeout 2000
timeout 2000 ms, 2000 ms remaining
  any 'drv duty' kicks it; re-issuing this command kicks it too
> T,4181,13562626,250,1770780,17993,328,3
T,4182,13562646,250,1770827,16208,283,3
T,4183,13562666,250,1770877,16208,242,3
T,4184,13562686,250,1770928,16208,241,3
T,4185,13562706,250,1770978,16208,337,3
T,4186,13562726,250,1771026,16208,233,3
T,4187,13562746,250,1771075,17636,374,3
T,4188,13562766,250,1771125,17636,231,3
T,4189,13562786,250,1771176,17636,210,3
T,4190,13562806,250,1771227,17636,199,3
T,4191,13562826,250,1771280,17636,180,3
T,4192,13562846,250,1771331,18278,445,3
T,4193,13562866,250,1771374,18278,605,3
T,4194,13562886,250,1771415,18278,488,3
T,4195,13562906,250,1771458,18278,483,3
T,4196,13562926,250,1771504,18278,305,3
T,4197,13562946,250,1771553,15851,270,3
T,4198,13562966,250,1771603,15851,225,3
T,4199,13562986,250,1771654,15851,248,3
T,4200,13563006,250,1771704,15851,357,3
T,4201,13563026,250,1771752,15851,280,3
T,4202,13563046,250,1771800,17707,357,3
T,4203,13563066,250,1771851,17707,232,3
T,4204,13563086,250,1771901,17707,199,3

[host] drv timeout 2000
T,4205,13563106,250,1771954,17707,185,3
drv timeout 2000
timeout 2000 ms, 2000 ms remaining
  any 'drv duty' kicks it; re-issuing this command kicks it too
> T,4206,13563126,250,1772007,17707,209,3
T,4207,13563146,250,1772054,18207,440,3
T,4208,13563166,250,1772096,18207,370,3
T,4209,13563186,250,1772139,18207,368,3
T,4210,13563206,250,1772185,18207,358,3
T,4211,13563226,250,1772233,18207,237,3
T,4212,13563246,250,1772283,16208,278,3
T,4213,13563266,250,1772333,16208,358,3
T,4214,13563286,250,1772384,16208,222,3
T,4215,13563306,250,1772436,16208,232,3
T,4216,13563326,250,1772485,16208,268,3
T,4217,13563346,250,1772535,17993,289,3
T,4218,13563366,250,1772586,17993,220,3
T,4219,13563386,250,1772639,17993,152,3
T,4220,13563406,250,1772692,17993,185,3
T,4221,13563426,250,1772743,17993,297,3
T,4222,13563446,250,1772787,18135,364,3
T,4223,13563466,250,1772830,18135,326,3
T,4224,13563486,250,1772876,18135,336,3
T,4225,13563506,250,1772924,18135,302,3
T,4226,13563526,250,1772973,18135,368,3
T,4227,13563546,250,1773023,16707,210,3
T,4228,13563566,250,1773074,16707,189,3
T,4229,13563586,250,1773125,16707,281,3
T,4230,13563606,250,1773174,1670
[host] drv timeout 2000
7,283,3
drv timeout 2000
timeout 2000 ms, 2000 ms remaining
  any 'drv duty' kicks it; re-issuing this command kicks it too
> T,4231,13563626,250,1773223,16707,258,3
T,4232,13563646,250,1773272,17778,331,3
T,4233,13563666,250,1773323,17778,214,3
T,4234,13563686,250,1773374,17778,200,3
T,4235,13563706,250,1773425,17778,265,3
T,4236,13563726,250,1773468,17778,486,3
T,4237,13563746,250,1773508,17064,518,3
T,4238,13563766,250,1773551,17064,440,3
T,4239,13563786,250,1773596,17064,288,3
T,4240,13563806,250,1773644,17064,304,3
T,4241,13563826,250,1773694,17064,221,3
T,4242,13563846,250,1773745,16636,214,3
T,4243,13563866,250,1773796,16636,270,3
T,4244,13563886,250,1773844,16636,274,3
T,4245,13563906,250,1773893,16636,293,3
T,4246,13563926,250,1773943,16636,283,3
T,4247,13563946,250,1773993,17778,210,3
T,4248,13563966,250,1774044,17778,193,3
T,4249,13563986,250,1774096,17778,176,3
T,4250,13564006,250,1774148,17778,393,3
T,4251,13564026,250,1774191,17778,482,3
T,4252,13564046,250,1774233,17279,492,3
T,4253,13564066,250,1774277,17279,353,3
T,4254,13564086,250,1774324,17279,259,3
T,4255,13564106,250,1774374,1727
[host] drv timeout 2000
9,243,3
drv timeout 2000
timeout 2000 ms, 2000 ms remaining
  any 'drv duty' kicks it; re-issuing this command kicks it too
> T,4256,13564126,250,1774424,17279,332,3
T,4257,13564146,250,1774475,17136,243,3
T,4258,13564166,250,1774523,17136,289,3
T,4259,13564186,250,1774570,17136,289,3
T,4260,13564206,250,1774619,17136,268,3
T,4261,13564226,250,1774669,17136,290,3
T,4262,13564246,250,1774719,17421,221,3
T,4263,13564266,250,1774770,17421,195,3
T,4264,13564286,250,1774821,17421,256,3
T,4265,13564306,250,1774868,17421,341,3
T,4266,13564326,250,1774911,17421,358,3
T,4267,13564346,250,1774955,16922,354,3
T,4268,13564366,250,1775001,16922,345,3
T,4269,13564386,250,1775050,16922,237,3
T,4270,13564406,250,1775100,16922,231,3
T,4271,13564426,250,1775151,16922,275,3
T,4272,13564446,250,1775200,17421,327,3
T,4273,13564466,250,1775245,17421,379,3
T,4274,13564486,250,1775293,17421,254,3
T,4275,13564506,250,1775342,17421,342,3
T,4276,13564526,250,1775392,17421,204,3
T,4277,13564546,250,1775443,17350,212,3
T,4278,13564566,250,1775493,17350,261,3
T,4279,13564586,250,1775543,17350,331,3
T,4280,13564606,250,1775589,1735
[host] drv timeout 2000
0,379,3
drv timeout 2000
timeout 2000 ms, 2000 ms remaining
  any 'drv duty' kicks it; re-issuing this command kicks it too
> T,4281,13564626,250,1775633,17350,318,3
T,4282,13564646,250,1775679,16922,285,3
T,4283,13564666,250,1775727,16922,318,3
T,4284,13564686,250,1775776,16922,236,3
T,4285,13564706,250,1775826,16922,198,3
T,4286,13564726,250,1775877,16922,229,3
T,4287,13564746,250,1775929,17778,267,3
T,4288,13564766,250,1775980,17778,370,3
T,4289,13564786,250,1776029,17778,280,3
T,4290,13564806,250,1776077,17778,333,3
T,4291,13564826,250,1776126,17778,227,3
T,4292,13564846,250,1776176,17636,237,3
T,4293,13564866,250,1776228,17636,249,3
T,4294,13564886,250,1776274,17636,348,3
T,4295,13564906,250,1776315,17636,459,3
T,4296,13564926,250,1776359,17636,336,3
T,4297,13564946,250,1776405,16422,301,3
T,4298,13564966,250,1776454,16422,246,3
T,4299,13564986,250,1776504,16422,283,3
T,4300,13565006,250,1776556,16422,318,3
T,4301,13565026,250,1776606,16422,272,3
T,4302,13565046,250,1776655,17778,274,3
T,4303,13565066,250,1776704,17778,252,3
T,4304,13565086,250,1776753,17778,240,3
T,4305,13565106,250,1776804,17778,230,3

[host] drv timeout 2000
drv timeout 2000
timeout 2000 ms, 2000 ms remaining
  any 'drv duty' kicks it; re-issuing this command kicks it too
> T,4306,13565126,250,1776855,17778,365,3
T,4307,13565146,250,1776907,17921,210,3
T,4308,13565166,250,1776957,17921,268,3
T,4309,13565186,250,1777002,17921,381,3
T,4310,13565206,250,1777046,17921,442,3
T,4311,13565226,250,1777093,17921,329,3
T,4312,13565246,250,1777141,16850,257,3
T,4313,13565266,250,1777191,16850,231,3
T,4314,13565286,250,1777241,16850,274,3
T,4315,13565306,250,1777293,16850,273,3
T,4316,13565326,250,1777344,16850,275,3
T,4317,13565346,250,1777392,17850,278,3
T,4318,13565366,250,1777441,17850,270,3
T,4319,13565386,250,1777491,17850,217,3
T,4320,13565406,250,1777542,17850,208,3
T,4321,13565426,250,1777594,17850,267,3
T,4322,13565446,250,1777645,18064,408,3
T,4323,13565466,250,1777689,18064,446,3
T,4324,13565486,250,1777734,18064,338,3
T,4325,13565506,250,1777780,18064,251,3
T,4326,13565526,250,1777828,18064,262,3
T,4327,13565546,250,1777878,16636,320,3
T,4328,13565566,250,1777929,16636,180,3
T,4329,13565586,250,1777981,16636,192,3
T,4330,13565606,250,1778031,16636,290,3

[host] drv timeout 2000
drv timeout 2000
timeout 2000 ms, 2000 ms remaining
  any 'drv duty' kicks it; re-issuing this command kicks it too
> T,4331,13565626,250,1778080,16636,272,3
T,4332,13565646,250,1778129,17921,225,3
T,4333,13565666,250,1778179,17921,305,3
T,4334,13565686,250,1778230,17921,257,3
T,4335,13565706,250,1778282,17921,205,3
T,4336,13565726,250,1778333,17921,230,3
T,4337,13565746,250,1778380,18064,396,3
T,4338,13565766,250,1778423,18064,397,3
T,4339,13565786,250,1778469,18064,302,3
T,4340,13565806,250,1778516,18064,283,3
T,4341,13565826,250,1778566,18064,229,3
T,4342,13565846,250,1778617,16779,273,3
T,4343,13565866,250,1778669,16779,347,3
T,4344,13565886,250,1778718,16779,288,3
T,4345,13565906,250,1778767,16779,267,3
T,4346,13565926,250,1778816,16779,253,3
T,4347,13565946,250,1778866,17778,193,3
T,4348,13565966,250,1778917,17778,217,3
T,4349,13565986,250,1778968,17778,295,3
T,4350,13566006,250,1779020,17778,295,3
T,4351,13566026,250,1779066,17778,413,3
T,4352,13566046,250,1779107,17421,433,3
T,4353,13566066,250,1779151,17421,348,3
T,4354,13566086,250,1779196,17421,284,3
T,4355,13566106,250,1779245,17421,391,3

[host] drv timeout 2000
drv timeout 2000
timeout 2000 ms, 2000 ms remaining
  any 'drv duty' kicks it; re-issuing this command kicks it too
> T,4356,13566126,250,1779295,17421,222,3
T,4357,13566146,250,1779345,16850,217,3
T,4358,13566166,250,1779395,16850,427,3
T,4359,13566186,250,1779443,16850,220,3
T,4360,13566206,250,1779492,16850,254,3
T,4361,13566226,250,1779542,16850,302,3
T,4362,13566246,250,1779593,17564,137,3
T,4363,13566266,250,1779645,17564,188,3
T,4364,13566286,250,1779698,17564,183,3
T,4365,13566306,250,1779747,17564,413,3
T,4366,13566326,250,1779788,17564,450,3
T,4367,13566346,250,1779829,17064,364,3
T,4368,13566366,250,1779874,17064,343,3
T,4369,13566386,250,1779921,17064,233,3
T,4370,13566406,250,1779971,17064,342,3
T,4371,13566426,250,1780022,17064,257,3
T,4372,13566446,250,1780073,17207,233,3
T,4373,13566466,250,1780123,17207,275,3
T,4374,13566486,250,1780172,17207,294,3
T,4375,13566506,250,1780221,17207,230,3
T,4376,13566526,250,1780272,17207,241,3
T,4377,13566546,250,1780323,17921,212,3
T,4378,13566566,250,1780376,17921,338,3
T,4379,13566586,250,1780427,17921,290,3
T,4380,13566606,250,1780470,17921,390,3

[host] drv timeout 2000
drv timeout 2000
timeout 2000 ms, 2000 ms remaining
  any 'drv duty' kicks it; re-issuing this command kicks it too
> T,4381,13566626,250,1780511,17921,397,3
T,4382,13566646,250,1780556,16707,342,3
T,4383,13566666,250,1780602,16707,345,3
T,4384,13566686,250,1780651,16707,274,3
T,4385,13566706,250,1780700,16707,235,3
T,4386,13566726,250,1780751,16707,200,3
T,4387,13566746,250,1780802,17493,397,3
T,4388,13566766,250,1780850,17493,268,3
T,4389,13566786,250,1780899,17493,288,3
T,4390,13566806,250,1780949,17493,249,3
T,4391,13566826,250,1781000,17493,145,3
T,4392,13566846,250,1781053,17850,196,3
T,4393,13566866,250,1781105,17850,198,3
T,4394,13566886,250,1781154,17850,417,3
T,4395,13566906,250,1781196,17850,459,3
T,4396,13566926,250,1781240,17850,402,3
T,4397,13566946,250,1781287,16850,284,3
T,4398,13566966,250,1781335,16850,419,3
T,4399,13566986,250,1781384,16850,209,3
T,4400,13567006,250,1781435,16850,248,3
T,4401,13567026,250,1781485,16850,348,3
T,4402,13567046,250,1781536,17636,254,3
T,4403,13567066,250,1781585,17636,209,3
T,4404,13567086,250,1781636,17636,302,3
T,4405,13567106,250,1781687,17636,256,3

[host] drv timeout 2000
drv timeout 2000
timeout 2000 ms, 2000 ms remaining
  any 'drv duty' kicks it; re-issuing this command kicks it too
> T,4406,13567126,250,1781739,17636,242,3
T,4407,13567146,250,1781791,18207,199,3
T,4408,13567166,250,1781841,18207,280,3
T,4409,13567186,250,1781884,18207,449,3
T,4410,13567206,250,1781925,18207,371,3
T,4411,13567226,250,1781969,18207,289,3
T,4412,13567246,250,1782017,16279,354,3
T,4413,13567266,250,1782067,16279,204,3
T,4414,13567286,250,1782117,16279,226,3
T,4415,13567306,250,1782168,16279,327,3
T,4416,13567326,250,1782219,16279,249,3
T,4417,13567346,250,1782268,17850,242,3
T,4418,13567366,250,1782317,17850,377,3
T,4419,13567386,250,1782367,17850,193,3
T,4420,13567406,250,1782418,17850,193,3
T,4421,13567426,250,1782470,17850,200,3
T,4422,13567446,250,1782522,18135,262,3
T,4423,13567466,250,1782569,18135,393,3
T,4424,13567486,250,1782611,18135,357,3
T,4425,13567506,250,1782653,18135,348,3
T,4426,13567526,250,1782699,18135,336,3
T,4427,13567546,250,1782748,16136,252,3
T,4428,13567566,250,1782797,16136,279,3
T,4429,13567586,250,1782848,16136,275,3
T,4430,13567606,250,1782900,16136,211,3

[host] drv timeout 2000
drv timeout 2000
timeout 2000 ms, 2000 ms remaining
  any 'drv duty' kicks it; re-issuing this command kicks it too
> T,4431,13567626,250,1782949,16136,291,3
T,4432,13567646,250,1782997,17850,280,3
T,4433,13567666,250,1783045,17850,283,3
T,4434,13567686,250,1783095,17850,283,3
T,4435,13567706,250,1783145,17850,225,3
T,4436,13567726,250,1783197,17850,189,3
T,4437,13567746,250,1783247,17850,272,3
T,4438,13567766,250,1783290,17850,435,3
T,4439,13567786,250,1783332,17850,387,3
T,4440,13567806,250,1783376,17850,291,3
T,4441,13567826,250,1783423,17850,275,3
T,4442,13567846,250,1783472,15993,241,3
T,4443,13567866,250,1783523,15993,262,3
T,4444,13567886,250,1783573,15993,270,3
T,4445,13567906,250,1783620,15993,417,3
T,4446,13567926,250,1783667,15993,252,3
T,4447,13567946,250,1783715,17350,273,3
T,4448,13567966,250,1783765,17350,258,3
T,4449,13567986,250,1783815,17350,219,3
T,4450,13568006,250,1783864,17350,315,3
T,4451,13568026,250,1783914,17350,256,3
T,4452,13568046,250,1783963,17707,343,3
T,4453,13568066,250,1784007,17707,381,3
T,4454,13568086,250,1784051,17707,305,3
T,4455,13568106,250,1784097,17707,300,3

[host] drv timeout 2000
drv timeout 2000
timeout 2000 ms, 2000 ms remaining
  any 'drv duty' kicks it; re-issuing this command kicks it too
> T,4456,13568126,250,1784145,17707,247,3
T,4457,13568146,250,1784194,16493,369,3
T,4458,13568166,250,1784245,16493,226,3
T,4459,13568186,250,1784296,16493,210,3
T,4460,13568206,250,1784348,16493,233,3
T,4461,13568226,250,1784397,16493,358,3
T,4462,13568246,250,1784444,17921,290,3
T,4463,13568266,250,1784493,17921,384,3
T,4464,13568286,250,1784542,17921,209,3
T,4465,13568306,250,1784592,17921,203,3
T,4466,13568326,250,1784643,17921,469,3
T,4467,13568346,250,1784685,17350,590,3
T,4468,13568366,250,1784727,17350,533,3
T,4469,13568386,250,1784772,17350,424,3
T,4470,13568406,250,1784818,17350,242,3
T,4471,13568426,250,1784868,17350,245,3
T,4472,13568446,250,1784919,16422,354,3
T,4473,13568466,250,1784970,16422,211,3
T,4474,13568486,250,1785020,16422,245,3
T,4475,13568506,250,1785069,16422,387,3
T,4476,13568526,250,1785118,16422,233,3
T,4477,13568546,250,1785169,17921,225,3
T,4478,13568566,250,1785220,17921,267,3
T,4479,13568586,250,1785272,17921,265,3
T,4480,13568606,250,1785324,17921,304,3

[host] drv timeout 2000
drv timeout 2000
timeout 2000 ms, 2000 ms remaining
  any 'drv duty' kicks it; re-issuing this command kicks it too
> T,4481,13568626,250,1785373,17921,327,3
T,4482,13568646,250,1785417,17850,315,3
T,4483,13568666,250,1785463,17850,349,3
T,4484,13568686,250,1785509,17850,274,3
T,4485,13568706,250,1785559,17850,370,3
T,4486,13568726,250,1785609,17850,183,3
T,4487,13568746,250,1785660,17207,203,3
T,4488,13568766,250,1785712,17207,248,3
T,4489,13568786,250,1785760,17207,294,3
T,4490,13568806,250,1785809,17207,219,3
T,4491,13568826,250,1785859,17207,343,3
T,4492,13568846,250,1785910,17850,238,3
T,4493,13568866,250,1785961,17850,203,3
T,4494,13568886,250,1786013,17850,198,3
T,4495,13568906,250,1786062,17850,369,3
T,4496,13568926,250,1786107,17850,422,3
T,4497,13568946,250,1786152,17350,297,3
T,4498,13568966,250,1786200,17350,433,3
T,4499,13568986,250,1786249,17350,209,3
T,4500,13569006,250,1786299,17350,264,3
T,4501,13569026,250,1786350,17350,296,3
T,4502,13569046,250,1786401,17707,269,3
T,4503,13569066,250,1786452,17707,257,3
T,4504,13569086,250,1786501,17707,288,3
T,4505,13569106,250,1786551,17707,286,3

[host] drv timeout 2000
drv timeout 2000
timeout 2000 ms, 2000 ms remaining
  any 'drv duty' kicks it; re-issuing this command kicks it too
> T,4506,13569126,250,1786602,17707,219,3
T,4507,13569146,250,1786653,17921,192,3
T,4508,13569166,250,1786705,17921,189,3
T,4509,13569186,250,1786756,17921,445,3
T,4510,13569206,250,1786799,17921,450,3
T,4511,13569226,250,1786843,17921,382,3
T,4512,13569246,250,1786889,16993,248,3
T,4513,13569266,250,1786937,16993,305,3
T,4514,13569286,250,1786988,16993,305,3
T,4515,13569306,250,1787039,16993,201,3
T,4516,13569326,250,1787091,16993,210,3
T,4517,13569346,250,1787140,17850,341,3
T,4518,13569366,250,1787189,17850,253,3
T,4519,13569386,250,1787239,17850,230,3
T,4520,13569406,250,1787289,17850,246,3
T,4521,13569426,250,1787341,17850,257,3
T,4522,13569446,250,1787393,18064,301,3
T,4523,13569466,250,1787444,18064,301,3
T,4524,13569486,250,1787486,18064,443,3
T,4525,13569506,250,1787528,18064,329,3
T,4526,13569526,250,1787572,18064,286,3
T,4527,13569546,250,1787620,16208,273,3
T,4528,13569566,250,1787669,16208,272,3
T,4529,13569586,250,1787719,16208,206,3
T,4530,13569606,250,1787769,16208,309,3

[host] drv timeout 2000
drv timeoutT,4531,13569626,250,1787817,16208,252,3
 2000
timeout 2000 ms, 2000 ms remaining
  any 'drv duty' kicks it; re-issuing this command kicks it too
> T,4532,13569646,250,1787865,17564,338,3
T,4533,13569666,250,1787915,17564,241,3
T,4534,13569686,250,1787965,17564,226,3
T,4535,13569706,250,1788017,17564,196,3
T,4536,13569726,250,1788069,17564,200,3
T,4537,13569746,250,1788121,18207,317,3
T,4538,13569766,250,1788166,18207,432,3
T,4539,13569786,250,1788207,18207,409,3
T,4540,13569806,250,1788252,18207,365,3
T,4541,13569826,250,1788298,18207,262,3
T,4542,13569846,250,1788347,16136,273,3
T,4543,13569866,250,1788397,16136,344,3
T,4544,13569886,250,1788449,16136,248,3
T,4545,13569906,250,1788500,16136,222,3
T,4546,13569926,250,1788550,16136,280,3
T,4547,13569946,250,1788599,17993,305,3
T,4548,13569966,250,1788649,17993,217,3
T,4549,13569986,250,1788701,17993,168,3
T,4550,13570006,250,1788753,17993,167,3
T,4551,13570026,250,1788807,17993,184,3
T,4552,13570046,250,1788855,18350,355,3
T,4553,13570066,250,1788896,18350,449,3
T,4554,13570086,250,1788940,18350,357,3
T,4555,13570106,250,1788985,18350,370,3

[host] drv timeout 2000
T,4556,13570126,250,1789033,18350,257,3
drv timeout 2000
timeout 2000 ms, 2000 ms remaining
  any 'drv duty' kicks it; re-issuing this command kicks it too
> T,4557,13570146,250,1789083,16208,248,3
T,4558,13570166,250,1789134,16208,229,3
T,4559,13570186,250,1789185,16208,354,3
T,4560,13570206,250,1789235,16208,243,3
T,4561,13570226,250,1789284,16208,275,3
T,4562,13570246,250,1789333,17921,301,3
T,4563,13570266,250,1789385,17921,131,3
T,4564,13570286,250,1789437,17921,187,3
T,4565,13570306,250,1789490,17921,172,3
T,4566,13570326,250,1789540,17921,348,3
T,4567,13570346,250,1789584,17993,353,3
T,4568,13570366,250,1789627,17993,397,3
T,4569,13570386,250,1789673,17993,293,3
T,4570,13570406,250,1789720,17993,382,3
T,4571,13570426,250,1789769,17993,226,3
T,4572,13570446,250,1789820,16636,258,3
T,4573,13570466,250,1789870,16636,365,3
T,4574,13570486,250,1789919,16636,270,3
T,4575,13570506,250,1789968,16636,204,3
T,4576,13570526,250,1790019,16636,357,3
T,4577,13570546,250,1790069,17850,233,3
T,4578,13570566,250,1790121,17850,190,3
T,4579,13570586,250,1790173,17850,180,3
T,4580,13570606,250,1790225,17850,217,3

[host] drv timeout 2000
T,4581,13570626,250,1790270,17850,353,3
drv timeout 2000
timeout 2000 ms, 2000 ms remaining
  any 'drv duty' kicks it; re-issuing this command kicks it too
> T,4582,13570646,250,1790309,17350,432,3
T,4583,13570666,250,1790352,17350,290,3
T,4584,13570686,250,1790398,17350,274,3
T,4585,13570706,250,1790447,17350,317,3
T,4586,13570726,250,1790496,17350,247,3
T,4587,13570746,250,1790547,16779,201,3
T,4588,13570766,250,1790598,16779,229,3
T,4589,13570786,250,1790647,16779,300,3
T,4590,13570806,250,1790696,16779,247,3
T,4591,13570826,250,1790746,16779,256,3
T,4592,13570846,250,1790796,17778,275,3
T,4593,13570866,250,1790848,17778,237,3
T,4594,13570886,250,1790900,17778,184,3
T,4595,13570906,250,1790951,17778,301,3
T,4596,13570926,250,1790993,17778,366,3
T,4597,13570946,250,1791036,17279,421,3
T,4598,13570966,250,1791080,17279,306,3
T,4599,13570986,250,1791128,17279,434,3
T,4600,13571006,250,1791177,17279,204,3
T,4601,13571026,250,1791227,17279,245,3
T,4602,13571046,250,1791278,17136,304,3
T,4603,13571066,250,1791327,17136,305,3
T,4604,13571086,250,1791373,17136,374,3
T,4605,13571106,250,1791420,17136,297,3

[host] drv timeout 2000
T,4606,13571126,250,1791469,17136,380,3
drv timeout 2000
timeout 2000 ms, 2000 ms remaining
  any 'drv duty' kicks it; re-issuing this command kicks it too
> T,4607,13571146,250,1791519,17207,198,3
T,4608,13571166,250,1791569,17207,201,3
T,4609,13571186,250,1791620,17207,325,3
T,4610,13571206,250,1791666,17207,352,3
T,4611,13571226,250,1791708,17207,400,3
T,4612,13571246,250,1791752,16779,280,3
T,4613,13571266,250,1791799,16779,343,3
T,4614,13571286,250,1791847,16779,246,3
T,4615,13571306,250,1791897,16779,327,3
T,4616,13571326,250,1791948,16779,242,3
T,4617,13571346,250,1791998,17421,243,3
T,4618,13571366,250,1792045,17421,444,3
T,4619,13571386,250,1792093,17421,283,3
T,4620,13571406,250,1792141,17421,302,3
T,4621,13571426,250,1792191,17421,238,3
T,4622,13571446,250,1792242,17421,209,3
T,4623,13571466,250,1792293,17421,208,3
T,4624,13571486,250,1792345,17421,331,3
T,4625,13571506,250,1792391,17421,409,3
T,4626,13571526,250,1792433,17421,369,3
T,4627,13571546,250,1792478,16922,274,3
T,4628,13571566,250,1792526,16922,306,3
T,4629,13571586,250,1792575,16922,242,3
T,4630,13571606,250,1792627,16922,200,3
T,4631,13571626,250,1792678,1692
[host] drv timeout 2000
2,206,3
drv timeout 2000
timeout 2000 ms, 2000 ms remaining
  any 'drv duty' kicks it; re-issuing this command kicks it too
> T,4632,13571646,250,1792729,17921,291,3
T,4633,13571666,250,1792778,17921,248,3
T,4634,13571686,250,1792827,17921,325,3
T,4635,13571706,250,1792876,17921,337,3
T,4636,13571726,250,1792925,17921,222,3
T,4637,13571746,250,1792976,17564,216,3
T,4638,13571766,250,1793027,17564,350,3
T,4639,13571786,250,1793074,17564,368,3
T,4640,13571806,250,1793117,17564,387,3
T,4641,13571826,250,1793162,17564,283,3
T,4642,13571846,250,1793209,16707,354,3
T,4643,13571866,250,1793257,16707,261,3
T,4644,13571886,250,1793308,16707,248,3
T,4645,13571906,250,1793359,16707,217,3
T,4646,13571926,250,1793409,16707,369,3
T,4647,13571946,250,1793458,17778,258,3
T,4648,13571966,250,1793506,17778,318,3
T,4649,13571986,250,1793556,17778,226,3
T,4650,13572006,250,1793606,17778,236,3
T,4651,13572026,250,1793657,17778,279,3
T,4652,13572046,250,1793708,17778,336,3
T,4653,13572066,250,1793758,17778,327,3
T,4654,13572086,250,1793803,17778,371,3
T,4655,13572106,250,1793847,17778,401,3
T,4656,13572126,250,1793893,17778,310,3

[host] drv timeout 2000
drv timeout 2000
timeout 2000 ms, 2000 ms remaining
  any 'drv duty' kicks it; re-issuing this command kicks it too
> T,4657,13572146,250,1793942,16779,343,3
T,4658,13572166,250,1793992,16779,190,3
T,4659,13572186,250,1794043,16779,221,3
T,4660,13572206,250,1794095,16779,256,3
T,4661,13572226,250,1794146,16779,295,3
T,4662,13572246,250,1794195,18064,243,3
T,4663,13572266,250,1794244,18064,294,3
T,4664,13572286,250,1794295,18064,281,3
T,4665,13572306,250,1794346,18064,217,3
T,4666,13572326,250,1794397,18064,195,3
T,4667,13572346,250,1794449,18064,243,3
T,4668,13572366,250,1794494,18064,336,3
T,4669,13572386,250,1794537,18064,337,3
T,4670,13572406,250,1794583,18064,469,3
T,4671,13572426,250,1794632,18064,222,3
T,4672,13572446,250,1794682,16636,288,3
T,4673,13572466,250,1794733,16636,339,3
T,4674,13572486,250,1794785,16636,289,3
T,4675,13572506,250,1794834,16636,235,3
T,4676,13572526,250,1794883,16636,385,3
T,4677,13572546,250,1794932,17850,227,3
T,4678,13572566,250,1794983,17850,211,3
T,4679,13572586,250,1795035,17850,236,3
T,4680,13572606,250,1795087,17850,226,3
T,4681,13572626,250,1795137,17850,369,3

[host] drv timeout 2000
drv timeout 2000
timeout 2000 ms, 2000 ms remaining
  any 'drv duty' kicks it; re-issuing this command kicks it too
> T,4682,13572646,250,1795184,18135,368,3
T,4683,13572666,250,1795229,18135,350,3
T,4684,13572686,250,1795275,18135,293,3
T,4685,13572706,250,1795324,18135,288,3
T,4686,13572726,250,1795373,18135,366,3
T,4687,13572746,250,1795424,16922,241,3
T,4688,13572766,250,1795475,16922,199,3
T,4689,13572786,250,1795527,16922,194,3
T,4690,13572806,250,1795577,16922,269,3
T,4691,13572826,250,1795627,16922,273,3
T,4692,13572846,250,1795676,18064,224,3
T,4693,13572866,250,1795727,18064,224,3
T,4694,13572886,250,1795779,18064,322,3
T,4695,13572906,250,1795831,18064,327,3
T,4696,13572926,250,1795875,18064,536,3
T,4697,13572946,250,1795915,17207,401,3
T,4698,13572966,250,1795958,17207,370,3
T,4699,13572986,250,1796005,17207,290,3
T,4700,13573006,250,1796054,17207,339,3
T,4701,13573026,250,1796105,17207,184,3
T,4702,13573046,250,1796155,16993,274,3
T,4703,13573066,250,1796204,16993,349,3
T,4704,13573086,250,1796253,16993,258,3
T,4705,13573106,250,1796303,16993,238,3
T,4706,13573126,250,1796354,16993,333,3

[host] drv timeout 2000
drv timeout 2000
timeout 2000 ms, 2000 ms remaining
  any 'drv duty' kicks it; re-issuing this command kicks it too
> T,4707,13573146,250,1796405,17850,211,3
T,4708,13573166,250,1796458,17850,200,3
T,4709,13573186,250,1796510,17850,206,3
T,4710,13573206,250,1796557,17850,464,3
T,4711,13573226,250,1796597,17850,428,3
T,4712,13573246,250,1796640,16922,392,3
T,4713,13573266,250,1796686,16922,318,3
T,4714,13573286,250,1796735,16922,233,3
T,4715,13573306,250,1796785,16922,221,3
T,4716,13573326,250,1796836,16922,241,3
T,4717,13573346,250,1796887,17493,375,3
T,4718,13573366,250,1796937,17493,203,3
T,4719,13573386,250,1796987,17493,251,3
T,4720,13573406,250,1797037,17493,352,3
T,4721,13573426,250,1797088,17493,210,3
T,4722,13573446,250,1797140,17993,198,3
T,4723,13573466,250,1797193,17993,141,3
T,4724,13573486,250,1797243,17993,357,3
T,4725,13573506,250,1797284,17993,446,3
T,4726,13573526,250,1797327,17993,342,3
T,4727,13573546,250,1797372,16707,310,3

[host] drv duty 23
T,4728,13573566,250,1797420,16707,343,3
drv duty 23
duty +23%
> T,4729,13573586,230,1797469,16707,153,3
T,4730,13573606,230,1797519,16707,155,3
T,4731,13573626,230,1797568,16707,199,3
T,4732,13573646,230,1797616,17421,219,3
T,4733,13573666,230,1797663,17421,212,3
T,4734,13573686,230,1797710,17421,225,3
T,4735,13573706,230,1797758,17421,156,3
T,4736,13573726,230,1797807,17421,208,3
T,4737,13573746,230,1797856,17064,146,3
T,4738,13573766,230,1797905,17064,139,3
T,4739,13573786,230,1797951,17064,261,3
T,4740,13573806,230,1797989,17064,391,3
T,4741,13573826,230,1798030,17064,354,3
T,4742,13573846,230,1798072,15636,328,3
T,4743,13573866,230,1798117,15636,249,3
T,4744,13573886,230,1798162,15636,189,3
T,4745,13573906,230,1798208,15636,233,3
T,4746,13573926,230,1798255,15636,246,3
T,4747,13573946,230,1798301,16279,246,3
T,4748,13573966,230,1798347,16279,210,3
T,4749,13573986,230,1798393,16279,275,3
T,4750,13574006,230,1798440,16279,200,3
T,4751,13574026,230,1798487,16279,328,3
T,4752,13574046,230,1798535,16565,153,3
T,4753,13574066,230,1798583,16565,221,3

[host] drv timeout 2000
drv timeout 2000
timeout 2000 ms, 2000 ms remaining
  any 'drv duty' kicks it; re-issuing this command kicks it too
> T,4754,13574086,230,1798630,16565,293,3
T,4755,13574106,230,1798669,16565,464,3
T,4756,13574126,230,1798707,16565,333,3
T,4757,13574146,230,1798747,15279,343,3
T,4758,13574166,230,1798789,15279,295,3
T,4759,13574186,230,1798834,15279,225,3
T,4760,13574206,230,1798880,15279,226,3
T,4761,13574226,230,1798927,15279,184,3
T,4762,13574246,230,1798975,16136,182,3
T,4763,13574266,230,1799020,16136,339,3
T,4764,13574286,230,1799065,16136,278,3
T,4765,13574306,230,1799111,16136,194,3
T,4766,13574326,230,1799158,16136,221,3
T,4767,13574346,230,1799205,16493,200,3
T,4768,13574366,230,1799252,16493,185,3
T,4769,13574386,230,1799300,16493,225,3
T,4770,13574406,230,1799347,16493,267,3
T,4771,13574426,230,1799385,16493,507,3
T,4772,13574446,230,1799424,15779,326,3
T,4773,13574466,230,1799465,15779,320,3
T,4774,13574486,230,1799508,15779,258,3
T,4775,13574506,230,1799553,15779,313,3
T,4776,13574526,230,1799599,15779,264,3
T,4777,13574546,230,1799645,15708,214,3
T,4778,13574566,230,1799692,15708,262,3

[host] drv timeout 2000
drv timeout 2000
timeout 2000 ms, 2000 ms remaining
  any 'drv duty' kicks it; re-issuing this command kicks it too
> T,4779,13574586,230,1799737,15708,321,3
T,4780,13574606,230,1799781,15708,284,3
T,4781,13574626,230,1799825,15708,212,3
T,4782,13574646,230,1799871,16065,214,3
T,4783,13574666,230,1799916,16065,309,3
T,4784,13574686,230,1799963,16065,216,3
T,4785,13574706,230,1800010,16065,188,3
T,4786,13574726,230,1800054,16065,354,3
T,4787,13574746,230,1800091,15922,459,3
T,4788,13574766,230,1800129,15922,401,3
T,4789,13574786,230,1800170,15922,305,3
T,4790,13574806,230,1800213,15922,263,3
T,4791,13574826,230,1800257,15922,322,3
T,4792,13574846,230,1800304,14994,220,3
T,4793,13574866,230,1800351,14994,238,3
T,4794,13574886,230,1800394,14994,252,3
T,4795,13574906,230,1800436,14994,245,3
T,4796,13574926,230,1800480,14994,265,3
T,4797,13574946,230,1800525,15851,286,3
T,4798,13574966,230,1800571,15851,262,3
T,4799,13574986,230,1800617,15851,240,3
T,4800,13575006,230,1800662,15851,309,3
T,4801,13575026,230,1800708,15851,281,3
T,4802,13575046,230,1800753,16279,291,3
T,4803,13575066,230,1800793,16279,542,3

[host] drv timeout 2000
drv timeout 2000
timeout 2000 ms, 2000 ms remaining
  any 'drv duty' kicks it; re-issuing this command kicks it too
> T,4804,13575086,230,1800832,16279,336,3
T,4805,13575106,230,1800874,16279,290,3
T,4806,13575126,230,1800918,16279,333,3
T,4807,13575146,230,1800963,14922,334,3
T,4808,13575166,230,1801009,14922,199,3
T,4809,13575186,230,1801056,14922,209,3
T,4810,13575206,230,1801104,14922,169,3
T,4811,13575226,230,1801152,14922,211,3
T,4812,13575246,230,1801197,16779,386,3
T,4813,13575266,230,1801240,16779,456,3
T,4814,13575286,230,1801283,16779,350,3
T,4815,13575306,230,1801328,16779,246,3
T,4816,13575326,230,1801374,16779,182,3
T,4817,13575346,230,1801421,15922,240,3
T,4818,13575366,230,1801463,15922,392,3
T,4819,13575386,230,1801500,15922,409,3
T,4820,13575406,230,1801539,15922,476,3
T,4821,13575426,230,1801580,15922,381,3
T,4822,13575446,230,1801624,14565,411,3
T,4823,13575466,230,1801669,14565,270,3
T,4824,13575486,230,1801715,14565,177,3
T,4825,13575506,230,1801762,14565,251,3
T,4826,13575526,230,1801809,14565,198,3
T,4827,13575546,230,1801853,16350,210,3
T,4828,13575566,230,1801897,16350,252,3

[host] drv timeout 2000
drv timeout 2000
timeout 2000 ms, 2000 ms remaining
  any 'drv duty' kicks it; re-issuing this command kicks it too
> T,4829,13575586,230,1801943,16350,338,3
T,4830,13575606,230,1801989,16350,253,3
T,4831,13575626,230,1802036,16350,162,3
T,4832,13575646,230,1802083,16350,216,3
T,4833,13575666,230,1802131,16350,193,3
T,4834,13575686,230,1802173,16350,304,3
T,4835,13575706,230,1802212,16350,334,3
T,4836,13575726,230,1802254,16350,326,3
T,4837,13575746,230,1802297,15351,322,3
T,4838,13575766,230,1802342,15351,246,3
T,4839,13575786,230,1802388,15351,208,3
T,4840,13575806,230,1802435,15351,320,3
T,4841,13575826,230,1802481,15351,205,3
T,4842,13575846,230,1802527,16350,233,3
T,4843,13575866,230,1802572,16350,264,3
T,4844,13575886,230,1802618,16350,268,3
T,4845,13575906,230,1802664,16350,210,3
T,4846,13575926,230,1802711,16350,320,3
T,4847,13575946,230,1802757,16493,219,3
T,4848,13575966,230,1802805,16493,187,3
T,4849,13575986,230,1802851,16493,348,3
T,4850,13576006,230,1802891,16493,350,3
T,4851,13576026,230,1802931,16493,293,3
T,4852,13576046,230,1802973,15422,262,3
T,4853,13576066,230,1803016,15422,211,3

[host] drv timeout 2000
drv timeout 2000
timeout 2000 ms, 2000 ms remaining
  any 'drv duty' kicks it; re-issuing this command kicks it too
> T,4854,13576086,230,1803061,15422,233,3
T,4855,13576106,230,1803108,15422,214,3
T,4856,13576126,230,1803155,15422,177,3
T,4857,13576146,230,1803203,16279,328,3
T,4858,13576166,230,1803249,16279,241,3
T,4859,13576186,230,1803294,16279,243,3
T,4860,13576206,230,1803339,16279,232,3
T,4861,13576226,230,1803385,16279,274,3
T,4862,13576246,230,1803432,16422,194,3
T,4863,13576266,230,1803479,16422,336,3
T,4864,13576286,230,1803527,16422,199,3
T,4865,13576306,230,1803570,16422,352,3
T,4866,13576326,230,1803609,16422,466,3
T,4867,13576346,230,1803650,15636,421,3
T,4868,13576366,230,1803693,15636,393,3
T,4869,13576386,230,1803738,15636,281,3
T,4870,13576406,230,1803784,15636,185,3
T,4871,13576426,230,1803831,15636,233,3
T,4872,13576446,230,1803878,16208,195,3
T,4873,13576466,230,1803925,16208,241,3
T,4874,13576486,230,1803972,16208,325,3
T,4875,13576506,230,1804016,16208,261,3
T,4876,13576526,230,1804061,16208,190,3
T,4877,13576546,230,1804108,16350,224,3
T,4878,13576566,230,1804154,16350,256,3

[host] drv timeout 2000
drv timeout 2000
timeout 2000 ms, 2000 ms remaining
  any 'drv duty' kicks it; re-issuing this command kicks it too
> T,4879,13576586,230,1804202,16350,206,3
T,4880,13576606,230,1804246,16350,380,3
T,4881,13576626,230,1804283,16350,401,3
T,4882,13576646,230,1804321,15422,380,3
T,4883,13576666,230,1804363,15422,283,3
T,4884,13576686,230,1804406,15422,284,3
T,4885,13576706,230,1804451,15422,277,3
T,4886,13576726,230,1804497,15422,184,3
T,4887,13576746,230,1804544,15708,208,3
T,4888,13576766,230,1804590,15708,349,3
T,4889,13576786,230,1804635,15708,267,3
T,4890,13576806,230,1804680,15708,189,3
T,4891,13576826,230,1804726,15708,251,3
T,4892,13576846,230,1804773,16422,214,3
T,4893,13576866,230,1804821,16422,199,3
T,4894,13576886,230,1804870,16422,171,3
T,4895,13576906,230,1804918,16422,257,3
T,4896,13576926,230,1804959,16422,380,3
T,4897,13576946,230,1804996,16136,456,3
T,4898,13576966,230,1805035,16136,349,3
T,4899,13576986,230,1805077,16136,294,3
T,4900,13577006,230,1805120,16136,284,3
T,4901,13577026,230,1805165,16136,352,3
T,4902,13577046,230,1805212,15208,230,3
T,4903,13577066,230,1805259,15208,192,3

[host] drv timeout 2000
drv timeout 2000
timeout 2000 ms, 2000 ms remaining
  any 'drv duty' kicks it; re-issuing this command kicks it too
> T,4904,13577086,230,1805307,15208,235,3
T,4905,13577106,230,1805352,15208,270,3
T,4906,13577126,230,1805396,15208,252,3
T,4907,13577146,230,1805442,16422,333,3
T,4908,13577166,230,1805488,16422,214,3
T,4909,13577186,230,1805536,16422,182,3
T,4910,13577206,230,1805585,16422,158,3
T,4911,13577226,230,1805631,16422,279,3
T,4912,13577246,230,1805670,16493,403,3
T,4913,13577266,230,1805708,16493,361,3
T,4914,13577286,230,1805748,16493,280,3
T,4915,13577306,230,1805791,16493,263,3
T,4916,13577326,230,1805835,16493,245,3
T,4917,13577346,230,1805880,14851,293,3
T,4918,13577366,230,1805926,14851,243,3
T,4919,13577386,230,1805972,14851,229,3
T,4920,13577406,230,1806017,14851,328,3
T,4921,13577426,230,1806063,14851,265,3
T,4922,13577446,230,1806109,16279,194,3
T,4923,13577466,230,1806156,16279,247,3
T,4924,13577486,230,1806204,16279,183,3
T,4925,13577506,230,1806253,16279,273,3
T,4926,13577526,230,1806302,16279,176,3
T,4927,13577546,230,1806347,17064,304,3
T,4928,13577566,230,1806385,17064,339,3

[host] drv timeout 2000
drv timeout 20T,4929,13577586,230,1806425,17064,396,3
00
timeout 2000 ms, 2000 ms remaining
  any 'drv duty' kicks it; re-issuing this command kicks it too
> T,4930,13577606,230,1806468,17064,379,3
T,4931,13577626,230,1806511,17064,312,3
T,4932,13577646,230,1806556,14851,269,3
T,4933,13577666,230,1806601,14851,182,3
T,4934,13577686,230,1806648,14851,275,3
T,4935,13577706,230,1806695,14851,242,3
T,4936,13577726,230,1806740,14851,231,3
T,4937,13577746,230,1806786,16422,355,3
T,4938,13577766,230,1806833,16422,220,3
T,4939,13577786,230,1806880,16422,177,3
T,4940,13577806,230,1806928,16422,179,3
T,4941,13577826,230,1806976,16422,189,3
T,4942,13577846,230,1807024,16922,246,3
T,4943,13577866,230,1807064,16922,576,3
T,4944,13577886,230,1807100,16922,408,3
T,4945,13577906,230,1807139,16922,407,3
T,4946,13577926,230,1807180,16922,305,3
T,4947,13577946,230,1807224,14351,311,3
T,4948,13577966,230,1807269,14351,233,3
T,4949,13577986,230,1807316,14351,194,3
T,4950,13578006,230,1807363,14351,338,3
T,4951,13578026,230,1807408,14351,238,3
T,4952,13578046,230,1807452,16350,257,3
T,4953,13578066,230,1807497,16350,198,3

[host] drv timeout 2000
T,4954,13578086,230,1807543,16350,267,3
drv timeout 2000
timeout 2000 ms, 2000 ms remaining
  any 'drv duty' kicks it; re-issuing this command kicks it too
> T,4955,13578106,230,1807589,16350,211,3
T,4956,13578126,230,1807636,16350,200,3
T,4957,13578146,230,1807684,16493,246,3
T,4958,13578166,230,1807732,16493,199,3
T,4959,13578186,230,1807773,16493,384,3
T,4960,13578206,230,1807811,16493,524,3
T,4961,13578226,230,1807851,16493,338,3
T,4962,13578246,230,1807894,15065,333,3
T,4963,13578266,230,1807938,15065,364,3
T,4964,13578286,230,1807984,15065,246,3
T,4965,13578306,230,1808030,15065,216,3
T,4966,13578326,230,1808076,15065,267,3
T,4967,13578346,230,1808120,16136,323,3
T,4968,13578366,230,1808164,16136,277,3
T,4969,13578386,230,1808208,16136,217,3
T,4970,13578406,230,1808254,16136,190,3
T,4971,13578426,230,1808300,16136,277,3
T,4972,13578446,230,1808347,16065,229,3
T,4973,13578466,230,1808394,16065,153,3
T,4974,13578486,230,1808440,16065,350,3
T,4975,13578506,230,1808480,16065,406,3
T,4976,13578526,230,1808517,16065,396,3
T,4977,13578546,230,1808557,15208,454,3
T,4978,13578566,230,1808600,15208,439,3

[host] drv timeout 2000
T,4979,13578586,230,1808644,15208,338,3
drv timeout 2000
timeout 2000 ms, 2000 ms remaining
  any 'drv duty' kicks it; re-issuing this command kicks it too
> T,4980,13578606,230,1808689,15208,212,3
T,4981,13578626,230,1808735,15208,215,3
T,4982,13578646,230,1808780,15851,302,3
T,4983,13578666,230,1808823,15851,304,3
T,4984,13578686,230,1808865,15851,301,3
T,4985,13578706,230,1808910,15851,259,3
T,4986,13578726,230,1808956,15851,221,3
T,4987,13578746,230,1809002,15779,217,3
T,4988,13578766,230,1809048,15779,376,3
T,4989,13578786,230,1809094,15779,217,3
T,4990,13578806,230,1809140,15779,230,3
T,4991,13578826,230,1809181,15779,365,3
T,4992,13578846,230,1809220,15708,460,3
T,4993,13578866,230,1809260,15708,391,3
T,4994,13578886,230,1809304,15708,430,3
T,4995,13578906,230,1809348,15708,305,3
T,4996,13578926,230,1809394,15708,185,3
T,4997,13578946,230,1809441,15636,232,3
T,4998,13578966,230,1809488,15636,163,3
T,4999,13578986,230,1809535,15636,226,3
T,5000,13579006,230,1809578,15636,280,3
T,5001,13579026,230,1809622,15636,320,3
T,5002,13579046,230,1809667,16136,364,3
T,5003,13579066,230,1809712,16136,242,3

[host] drv timeout 2000
T,5004,13579086,230,1809758,16136,193,3
drv timeout 2000
timeout 2000 ms, 2000 ms remaining
  any 'drv duty' kicks it; re-issuing this command kicks it too
> T,5005,13579106,230,1809804,16136,257,3
T,5006,13579126,230,1809849,16136,305,3
T,5007,13579146,230,1809890,16065,391,3
T,5008,13579166,230,1809929,16065,264,3
T,5009,13579186,230,1809971,16065,254,3
T,5010,13579206,230,1810014,16065,245,3
T,5011,13579226,230,1810059,16065,210,3
T,5012,13579246,230,1810104,15208,268,3
T,5013,13579266,230,1810151,15208,214,3
T,5014,13579286,230,1810198,15208,281,3
T,5015,13579306,230,1810244,15208,310,3
T,5016,13579326,230,1810288,15208,257,3
T,5017,13579346,230,1810332,16279,232,3
T,5018,13579366,230,1810378,16279,215,3
T,5019,13579386,230,1810424,16279,254,3
T,5020,13579406,230,1810471,16279,195,3
T,5021,13579426,230,1810519,16279,297,3
T,5022,13579446,230,1810564,16565,465,3
T,5023,13579466,230,1810602,16565,370,3
T,5024,13579486,230,1810642,16565,275,3
T,5025,13579506,230,1810684,16565,295,3
T,5026,13579526,230,1810728,16565,225,3
T,5027,13579546,230,1810773,14922,248,3
T,5028,13579566,230,1810820,14922,247,3

[host] drv timeout 2000
T,5029,13579586,230,1810868,14922,171,3
drv timeout 2000
timeout 2000 ms, 2000 ms remaining
  any 'drv duty' kicks it; re-issuing this command kicks it too
> T,5030,13579606,230,1810913,14922,293,3
T,5031,13579626,230,1810957,14922,310,3
T,5032,13579646,230,1811002,16279,265,3
T,5033,13579666,230,1811047,16279,216,3
T,5034,13579686,230,1811093,16279,240,3
T,5035,13579706,230,1811139,16279,302,3
T,5036,13579726,230,1811186,16279,184,3
T,5037,13579746,230,1811233,16493,243,3
T,5038,13579766,230,1811274,16493,333,3
T,5039,13579786,230,1811312,16493,355,3
T,5040,13579806,230,1811352,16493,485,3
T,5041,13579826,230,1811395,16493,406,3
T,5042,13579846,230,1811439,14708,318,3
T,5043,13579866,230,1811484,14708,236,3
T,5044,13579886,230,1811531,14708,183,3
T,5045,13579906,230,1811577,14708,246,3
T,5046,13579926,230,1811623,14708,262,3
T,5047,13579946,230,1811667,16279,220,3
T,5048,13579966,230,1811711,16279,215,3
T,5049,13579986,230,1811757,16279,332,3
T,5050,13580006,230,1811803,16279,210,3
T,5051,13580026,230,1811850,16279,148,3
T,5052,13580046,230,1811898,16493,248,3
T,5053,13580066,230,1811944,16493,263,3
T,5054,13580086,230,1811985,1649
[host] drv timeout 2000
3,284,3
drv timeout 2000
timeout 2000 ms, 2000 ms remaining
  any 'drv duty' kicks it; re-issuing this command kicks it too
> T,5055,13580106,230,1812025,16493,361,3
T,5056,13580126,230,1812068,16493,284,3
T,5057,13580146,230,1812111,15279,225,3
T,5058,13580166,230,1812156,15279,219,3
T,5059,13580186,230,1812202,15279,214,3
T,5060,13580206,230,1812249,15279,278,3
T,5061,13580226,230,1812296,15279,157,3
T,5062,13580246,230,1812343,16493,259,3
T,5063,13580266,230,1812388,16493,238,3
T,5064,13580286,230,1812433,16493,199,3
T,5065,13580306,230,1812480,16493,208,3
T,5066,13580326,230,1812527,16493,262,3
T,5067,13580346,230,1812574,16493,171,3
T,5068,13580366,230,1812622,16493,257,3
T,5069,13580386,230,1812663,16493,369,3
T,5070,13580406,230,1812699,16493,444,3
T,5071,13580426,230,1812738,16493,456,3
T,5072,13580446,230,1812780,14780,338,3
T,5073,13580466,230,1812823,14780,395,3
T,5074,13580486,230,1812869,14780,253,3
T,5075,13580506,230,1812916,14780,173,3
T,5076,13580526,230,1812963,14780,270,3
T,5077,13580546,230,1813008,16208,216,3
T,5078,13580566,230,1813052,16208,251,3
T,5079,13580586,230,1813096,16208,225,3

[host] drv timeout 2000
drv timeout 2000
timeout 2000 ms, 2000 ms remaining
  any 'drv duty' kicks it; re-issuing this command kicks it too
> T,5080,13580606,230,1813141,16208,264,3
T,5081,13580626,230,1813188,16208,261,3
T,5082,13580646,230,1813235,16208,146,3
T,5083,13580666,230,1813283,16208,201,3
T,5084,13580686,230,1813329,16208,249,3
T,5085,13580706,230,1813367,16208,375,3
T,5086,13580726,230,1813404,16208,408,3
T,5087,13580746,230,1813443,14994,456,3
T,5088,13580766,230,1813485,14994,401,3
T,5089,13580786,230,1813529,14994,320,3
T,5090,13580806,230,1813575,14994,200,3
T,5091,13580826,230,1813621,14994,200,3
T,5092,13580846,230,1813668,15922,198,3
T,5093,13580866,230,1813716,15922,199,3
T,5094,13580886,230,1813760,15922,277,3
T,5095,13580906,230,1813804,15922,347,3
T,5096,13580926,230,1813849,15922,259,3
T,5097,13580946,230,1813896,16279,121,3
T,5098,13580966,230,1813945,16279,217,3
T,5099,13580986,230,1813993,16279,176,3
T,5100,13581006,230,1814040,16279,440,3
T,5101,13581026,230,1814078,16279,327,3
T,5102,13581046,230,1814116,15851,373,3
T,5103,13581066,230,1814156,15851,313,3
T,5104,13581086,230,1814198,15851,296,3

[host] drv timeout 2000
drv timeout 2000
timeout 2000 ms, 2000 ms remaining
  any 'drv duty' kicks it; re-issuing this command kicks it too
> T,5105,13581106,230,1814243,15851,300,3
T,5106,13581126,230,1814288,15851,188,3
T,5107,13581146,230,1814335,15422,185,3
T,5108,13581166,230,1814381,15422,327,3
T,5109,13581186,230,1814427,15422,293,3
T,5110,13581206,230,1814472,15422,212,3
T,5111,13581226,230,1814517,15422,214,3
T,5112,13581246,230,1814563,16350,229,3
T,5113,13581266,230,1814610,16350,166,3
T,5114,13581286,230,1814659,16350,289,3
T,5115,13581306,230,1814707,16350,158,3
T,5116,13581326,230,1814750,16350,350,3
T,5117,13581346,230,1814788,16279,469,3
T,5118,13581366,230,1814827,16279,345,3
T,5119,13581386,230,1814868,16279,297,3
T,5120,13581406,230,1814911,16279,251,3
T,5121,13581426,230,1814955,16279,265,3
T,5122,13581446,230,1815000,14994,357,3
T,5123,13581466,230,1815046,14994,236,3
T,5124,13581486,230,1815091,14994,221,3
T,5125,13581506,230,1815135,14994,243,3
T,5126,13581526,230,1815180,14994,265,3
T,5127,13581546,230,1815226,16065,278,3
T,5128,13581566,230,1815272,16065,206,3
T,5129,13581586,230,1815319,16065,309,3

[host] drv timeout 2000
drv timeout 2000
timeout 2000 ms, 2000 ms remaining
  any 'drv duty' kicks it; re-issuing this command kicks it too
> T,5130,13581606,230,1815366,16065,195,3
T,5131,13581626,230,1815413,16065,198,3
T,5132,13581646,230,1815456,16565,397,3
T,5133,13581666,230,1815493,16565,440,3
T,5134,13581686,230,1815532,16565,355,3
T,5135,13581706,230,1815573,16565,286,3
T,5136,13581726,230,1815616,16565,267,3
T,5137,13581746,230,1815662,14565,320,3
T,5138,13581766,230,1815708,14565,220,3
T,5139,13581786,230,1815756,14565,208,3
T,5140,13581806,230,1815803,14565,236,3
T,5141,13581826,230,1815848,14565,247,3
T,5142,13581846,230,1815893,16565,259,3
T,5143,13581866,230,1815940,16565,305,3
T,5144,13581886,230,1815986,16565,182,3
T,5145,13581906,230,1816033,16565,209,3
T,5146,13581926,230,1816081,16565,160,3
T,5147,13581946,230,1816129,16779,279,3
T,5148,13581966,230,1816170,16779,377,3
T,5149,13581986,230,1816208,16779,310,3
T,5150,13582006,230,1816247,16779,357,3
T,5151,13582026,230,1816289,16779,326,3
T,5152,13582046,230,1816333,14637,302,3
T,5153,13582066,230,1816379,14637,262,3
T,5154,13582086,230,1816425,14637,209,3

[host] drv timeout 2000
drv timeout 2000
timeout 2000 ms, 2000 ms remaining
  any 'drv duty' kicks it; re-issuing this command kicks it too
> T,5155,13582106,230,1816472,14637,321,3
T,5156,13582126,230,1816517,14637,300,3
T,5157,13582146,230,1816560,16208,262,3
T,5158,13582166,230,1816604,16208,284,3
T,5159,13582186,230,1816648,16208,196,3
T,5160,13582206,230,1816693,16208,216,3
T,5161,13582226,230,1816739,16208,219,3
T,5162,13582246,230,1816785,16065,187,3
T,5163,13582266,230,1816831,16065,235,3
T,5164,13582286,230,1816871,16065,386,3
T,5165,13582306,230,1816909,16065,398,3
T,5166,13582326,230,1816948,16065,290,3
T,5167,13582346,230,1816991,14708,243,3
T,5168,13582366,230,1817034,14708,221,3
T,5169,13582386,230,1817079,14708,267,3
T,5170,13582406,230,1817125,14708,221,3
T,5171,13582426,230,1817171,14708,227,3
T,5172,13582446,230,1817214,15922,237,3
T,5173,13582466,230,1817257,15922,264,3
T,5174,13582486,230,1817302,15922,317,3
T,5175,13582506,230,1817348,15922,297,3
T,5176,13582526,230,1817393,15922,235,3
T,5177,13582546,230,1817439,15993,195,3
T,5178,13582566,230,1817485,15993,253,3
T,5179,13582586,230,1817531,15993,274,3

[host] drv timeout 2000
drv timeout 2000
timeout 2000 ms, 2000 ms remaining
  any 'drv duty' kicks it; re-issuing this command kicks it too
> T,5180,13582606,230,1817573,15993,369,3
T,5181,13582626,230,1817612,15993,348,3
T,5182,13582646,230,1817652,15279,277,3
T,5183,13582666,230,1817693,15279,256,3
T,5184,13582686,230,1817737,15279,195,3
T,5185,13582706,230,1817783,15279,254,3
T,5186,13582726,230,1817830,15279,189,3
T,5187,13582746,230,1817877,15993,222,3
T,5188,13582766,230,1817924,15993,299,3
T,5189,13582786,230,1817968,15993,257,3
T,5190,13582806,230,1818012,15993,262,3
T,5191,13582826,230,1818056,15993,216,3
T,5192,13582846,230,1818101,16065,214,3
T,5193,13582866,230,1818147,16065,225,3
T,5194,13582886,230,1818193,16065,201,3
T,5195,13582906,230,1818238,16065,235,3
T,5196,13582926,230,1818279,16065,345,3
T,5197,13582946,230,1818318,15565,384,3
T,5198,13582966,230,1818358,15565,336,3
T,5199,13582986,230,1818401,15565,274,3
T,5200,13583006,230,1818445,15565,286,3
T,5201,13583026,230,1818490,15565,265,3
T,5202,13583046,230,1818537,15494,211,3
T,5203,13583066,230,1818584,15494,334,3
T,5204,13583086,230,1818630,15494,283,3

[host] drv timeout 2000
drv timeout 2000
timeout 2000 ms, 2000 ms remaining
  any 'drv duty' kicks it; re-issuing this command kicks it too
> T,5205,13583106,230,1818673,15494,249,3
T,5206,13583126,230,1818717,15494,252,3
T,5207,13583146,230,1818763,16136,233,3
T,5208,13583166,230,1818809,16136,243,3
T,5209,13583186,230,1818856,16136,198,3
T,5210,13583206,230,1818903,16136,336,3
T,5211,13583226,230,1818949,16136,327,3
T,5212,13583246,230,1818989,16279,493,3
T,5213,13583266,230,1819030,16279,366,3
T,5214,13583286,230,1819072,16279,294,3
T,5215,13583306,230,1819116,16279,345,3
T,5216,13583326,230,1819161,16279,290,3
T,5217,13583346,230,1819208,15494,172,3
T,5218,13583366,230,1819255,15494,233,3
T,5219,13583386,230,1819302,15494,209,3
T,5220,13583406,230,1819348,15494,225,3
T,5221,13583426,230,1819393,15494,312,3
T,5222,13583446,230,1819438,16493,309,3
T,5223,13583466,230,1819484,16493,195,3
T,5224,13583486,230,1819531,16493,199,3
T,5225,13583506,230,1819579,16493,231,3
T,5226,13583526,230,1819626,16493,206,3
T,5227,13583546,230,1819669,16565,353,3
T,5228,13583566,230,1819708,16565,403,3
T,5229,13583586,230,1819748,16565,311,3

[host] drv timeout 2000
drv timeout 2000
timeout 2000 ms, 2000 ms remaining
  any 'drv duty' kicks it; re-issuing this command kicks it too
> T,5230,13583606,230,1819790,16565,321,3
T,5231,13583626,230,1819835,16565,296,3
T,5232,13583646,230,1819880,14922,212,3
T,5233,13583666,230,1819927,14922,331,3
T,5234,13583686,230,1819975,14922,178,3
T,5235,13583706,230,1820021,14922,245,3
T,5236,13583726,230,1820065,14922,286,3
T,5237,13583746,230,1820110,16422,263,3
T,5238,13583766,230,1820156,16422,240,3
T,5239,13583786,230,1820202,16422,211,3
T,5240,13583806,230,1820249,16422,274,3
T,5241,13583826,230,1820297,16422,150,3
T,5242,13583846,230,1820343,16636,316,3
T,5243,13583866,230,1820384,16636,339,3
T,5244,13583886,230,1820424,16636,263,3
T,5245,13583906,230,1820466,16636,257,3
T,5246,13583926,230,1820509,16636,236,3
T,5247,13583946,230,1820555,15137,203,3
T,5248,13583966,230,1820600,15137,264,3
T,5249,13583986,230,1820647,15137,209,3
T,5250,13584006,230,1820694,15137,294,3
T,5251,13584026,230,1820739,15137,364,3
T,5252,13584046,230,1820784,16422,232,3
T,5253,13584066,230,1820831,16422,195,3
T,5254,13584086,230,1820877,16422,264,3

[host] drv timeout 2000
drv timeout 2000
timeout 2000 ms, 2000 ms remaining
  any 'drv duty' kicks it; re-issuing this command kicks it too
> T,5255,13584106,230,1820925,16422,189,3
T,5256,13584126,230,1820972,16422,284,3
T,5257,13584146,230,1821020,16779,240,3
T,5258,13584166,230,1821063,16779,365,3
T,5259,13584186,230,1821100,16779,460,3
T,5260,13584206,230,1821140,16779,295,3
T,5261,13584226,230,1821183,16779,257,3
T,5262,13584246,230,1821226,14780,248,3
T,5263,13584266,230,1821271,14780,366,3
T,5264,13584286,230,1821317,14780,222,3
T,5265,13584306,230,1821364,14780,185,3
T,5266,13584326,230,1821411,14780,280,3
T,5267,13584346,230,1821456,16350,211,3
T,5268,13584366,230,1821500,16350,214,3
T,5269,13584386,230,1821546,16350,215,3
T,5270,13584406,230,1821593,16350,217,3
T,5271,13584426,230,1821643,16350,150,3
T,5272,13584446,230,1821691,16779,199,3
T,5273,13584466,230,1821737,16779,309,3
T,5274,13584486,230,1821776,16779,359,3
T,5275,13584506,230,1821813,16779,347,3
T,5276,13584526,230,1821853,16779,331,3
T,5277,13584546,230,1821895,14637,240,3
T,5278,13584566,230,1821939,14637,189,3
T,5279,13584586,230,1821985,14637,257,3

[host] drv timeout 2000
drv timeout 2000
timeout 2000 ms, 2000 ms remaining
  any 'drv duty' kicks it; re-issuing this command kicks it too
> T,5280,13584606,230,1822032,14637,174,3
T,5281,13584626,230,1822080,14637,203,3
T,5282,13584646,230,1822126,16422,360,3
T,5283,13584666,230,1822169,16422,317,3
T,5284,13584686,230,1822214,16422,242,3
T,5285,13584706,230,1822260,16422,184,3
T,5286,13584726,230,1822307,16422,208,3
T,5287,13584746,230,1822355,16279,125,3
T,5288,13584766,230,1822403,16279,304,3
T,5289,13584786,230,1822446,16279,459,3
T,5290,13584806,230,1822484,16279,391,3
T,5291,13584826,230,1822522,16279,390,3
T,5292,13584846,230,1822563,15065,309,3
T,5293,13584866,230,1822606,15065,273,3
T,5294,13584886,230,1822651,15065,263,3
T,5295,13584906,230,1822696,15065,224,3
T,5296,13584926,230,1822743,15065,334,3
T,5297,13584946,230,1822788,15993,274,3
T,5298,13584966,230,1822834,15993,211,3
T,5299,13584986,230,1822880,15993,232,3
T,5300,13585006,230,1822927,15993,233,3
T,5301,13585026,230,1822974,15993,189,3
T,5302,13585046,230,1823021,16565,278,3
T,5303,13585066,230,1823070,16565,157,3
T,5304,13585086,230,1823119,16565,201,3

[host] drv timeout 2000
drv timeout 2000
timeout 2000 ms, 2000 ms remaining
  any 'drv duty' kicks it; re-issuing this command kicks it too
> T,5305,13585106,230,1823161,16565,358,3
T,5306,13585126,230,1823199,16565,374,3
T,5307,13585146,230,1823240,15708,257,3
T,5308,13585166,230,1823282,15708,257,3
T,5309,13585186,230,1823325,15708,226,3
T,5310,13585206,230,1823371,15708,208,3
T,5311,13585226,230,1823417,15708,258,3
T,5312,13585246,230,1823463,15851,221,3
T,5313,13585266,230,1823508,15851,231,3
T,5314,13585286,230,1823553,15851,317,3
T,5315,13585306,230,1823599,15851,254,3
T,5316,13585326,230,1823645,15851,189,3
T,5317,13585346,230,1823692,16350,227,3
T,5318,13585366,230,1823740,16350,204,3
T,5319,13585386,230,1823788,16350,233,3
T,5320,13585406,230,1823834,16350,323,3
T,5321,13585426,230,1823873,16350,393,3
T,5322,13585446,230,1823909,15636,374,3
T,5323,13585466,230,1823948,15636,339,3
T,5324,13585486,230,1823990,15636,306,3
T,5325,13585506,230,1824034,15636,289,3
T,5326,13585526,230,1824080,15636,185,3
T,5327,13585546,230,1824127,15351,184,3
T,5328,13585566,230,1824173,15351,328,3
T,5329,13585586,230,1824218,15351,301,3

[host] drv timeout 2000
drv timeT,5330,13585606,230,1824261,15351,288,3
out 2000
timeout 2000 ms, 2000 ms remaining
  any 'drv duty' kicks it; re-issuing this command kicks it too
> T,5331,13585626,230,1824306,15351,212,3
T,5332,13585646,230,1824352,16136,192,3
T,5333,13585666,230,1824399,16136,221,3
T,5334,13585686,230,1824446,16136,173,3
T,5335,13585706,230,1824494,16136,278,3
T,5336,13585726,230,1824541,16136,301,3
T,5337,13585746,230,1824581,16493,423,3
T,5338,13585766,230,1824620,16493,381,3
T,5339,13585786,230,1824661,16493,316,3
T,5340,13585806,230,1824704,16493,272,3
T,5341,13585826,230,1824748,16493,320,3
T,5342,13585846,230,1824793,15065,278,3
T,5343,13585866,230,1824840,15065,176,3
T,5344,13585886,230,1824886,15065,247,3
T,5345,13585906,230,1824931,15065,313,3
T,5346,13585926,230,1824975,15065,240,3
T,5347,13585946,230,1825019,16136,277,3
T,5348,13585966,230,1825065,16136,210,3
T,5349,13585986,230,1825111,16136,341,3
T,5350,13586006,230,1825158,16136,193,3
T,5351,13586026,230,1825205,16136,199,3
T,5352,13586046,230,1825250,16493,368,3
T,5353,13586066,230,1825289,16493,320,3
T,5354,13586086,230,1825328,16493,342,3

[host] drv timeout 2000
T,5355,13586106,230,1825369,16493,406,3
drv timeout 2000
timeout 2000 ms, 2000 ms remaining
  any 'drv duty' kicks it; re-issuing this command kicks it too
> T,5356,13586126,230,1825412,16493,327,3
T,5357,13586146,230,1825456,14708,227,3
T,5358,13586166,230,1825502,14708,196,3
T,5359,13586186,230,1825549,14708,275,3
T,5360,13586206,230,1825594,14708,317,3
T,5361,13586226,230,1825636,14708,288,3
T,5362,13586246,230,1825679,15922,222,3
T,5363,13586266,230,1825724,15922,246,3
T,5364,13586286,230,1825770,15922,204,3
T,5365,13586306,230,1825816,15922,358,3
T,5366,13586326,230,1825862,15922,217,3
T,5367,13586346,230,1825907,16279,215,3
T,5368,13586366,230,1825952,16279,280,3
T,5369,13586386,230,1825992,16279,331,3
T,5370,13586406,230,1826031,16279,377,3
T,5371,13586426,230,1826072,16279,437,3
T,5372,13586446,230,1826116,14922,325,3
T,5373,13586466,230,1826160,14922,241,3
T,5374,13586486,230,1826206,14922,193,3
T,5375,13586506,230,1826253,14922,245,3
T,5376,13586526,230,1826300,14922,199,3
T,5377,13586546,230,1826347,16422,235,3
T,5378,13586566,230,1826391,16422,402,3
T,5379,13586586,230,1826434,16422,401,3

[host] drv timeout 2000
T,5380,13586606,230,1826478,16422,366,3
drv timeout 2000
timeout 2000 ms, 2000 ms remaining
  any 'drv duty' kicks it; re-issuing this command kicks it too
> T,5381,13586626,230,1826523,16422,262,3
T,5382,13586646,230,1826568,15851,177,3
T,5383,13586666,230,1826615,15851,272,3
T,5384,13586686,230,1826658,15851,398,3
T,5385,13586706,230,1826696,15851,348,3
T,5386,13586726,230,1826735,15851,433,3
T,5387,13586746,230,1826776,14851,448,3
T,5388,13586766,230,1826819,14851,361,3
T,5389,13586786,230,1826864,14851,245,3
T,5390,13586806,230,1826910,14851,195,3
T,5391,13586826,230,1826957,14851,251,3
T,5392,13586846,230,1827004,16208,238,3
T,5393,13586866,230,1827048,16208,273,3
T,5394,13586886,230,1827092,16208,232,3
T,5395,13586906,230,1827137,16208,286,3
T,5396,13586926,230,1827183,16208,261,3
T,5397,13586946,230,1827229,16136,178,3
T,5398,13586966,230,1827277,16136,242,3
T,5399,13586986,230,1827325,16136,194,3
T,5400,13587006,230,1827369,16136,334,3
T,5401,13587026,230,1827408,16136,304,3
T,5402,13587046,230,1827448,15708,373,3
T,5403,13587066,230,1827491,15708,302,3
T,5404,13587086,230,1827535,15708,247,3

[host] drv timeout 2000
T,5405,13587106,230,1827580,15708,227,3
drv timeout 2000
timeout 2000 ms, 2000 ms remaining
  any 'drv duty' kicks it; re-issuing this command kicks it too
> T,5406,13587126,230,1827627,15708,209,3
T,5407,13587146,230,1827673,15993,238,3
T,5408,13587166,230,1827720,15993,209,3
T,5409,13587186,230,1827764,15993,238,3
T,5410,13587206,230,1827809,15993,262,3
T,5411,13587226,230,1827854,15993,264,3
T,5412,13587246,230,1827900,16136,216,3
T,5413,13587266,230,1827947,16136,236,3
T,5414,13587286,230,1827995,16136,212,3
T,5415,13587306,230,1828041,16136,219,3
T,5416,13587326,230,1828083,16136,341,3
T,5417,13587346,230,1828123,16065,363,3
T,5418,13587366,230,1828165,16065,327,3
T,5419,13587386,230,1828208,16065,252,3
T,5420,13587406,230,1828253,16065,211,3
T,5421,13587426,230,1828300,16065,212,3
T,5422,13587446,230,1828346,15779,235,3
T,5423,13587466,230,1828393,15779,205,3
T,5424,13587486,230,1828439,15779,347,3
T,5425,13587506,230,1828484,15779,316,3
T,5426,13587526,230,1828529,15779,211,3
T,5427,13587546,230,1828575,16350,180,3
T,5428,13587566,230,1828621,16350,253,3
T,5429,13587586,230,1828669,16350,199,3
T,5430,13587606,230,1828716,1635
[host] drv timeout 2000
0,288,3
drv timeout 2000
timeout 2000 ms, 2000 ms remaining
  any 'drv duty' kicks it; re-issuing this command kicks it too
> T,5431,13587626,230,1828761,16350,418,3
T,5432,13587646,230,1828801,16279,369,3
T,5433,13587666,230,1828841,16279,297,3
T,5434,13587686,230,1828884,16279,265,3
T,5435,13587706,230,1828928,16279,279,3
T,5436,13587726,230,1828974,16279,300,3
T,5437,13587746,230,1829021,15565,180,3
T,5438,13587766,230,1829068,15565,249,3
T,5439,13587786,230,1829115,15565,256,3
T,5440,13587806,230,1829159,15565,242,3
T,5441,13587826,230,1829204,15565,227,3
T,5442,13587846,230,1829251,16422,307,3
T,5443,13587866,230,1829297,16422,199,3
T,5444,13587886,230,1829345,16422,205,3
T,5445,13587906,230,1829393,16422,167,3
T,5446,13587926,230,1829439,16422,273,3
T,5447,13587946,230,1829477,16350,401,3
T,5448,13587966,230,1829515,16350,315,3
T,5449,13587986,230,1829556,16350,284,3
T,5450,13588006,230,1829599,16350,242,3
T,5451,13588026,230,1829643,16350,219,3
T,5452,13588046,230,1829689,14922,270,3
T,5453,13588066,230,1829735,14922,215,3
T,5454,13588086,230,1829782,14922,288,3
T,5455,13588106,230,1829827,1492
[host] drv timeout 2000
2,385,3
drv timeout 2000
timeout 2000 ms, 2000 ms remaining
  any 'drv duty' kicks it; re-issuing this command kicks it too
> T,5456,13588126,230,1829871,14922,289,3
T,5457,13588146,230,1829916,16208,227,3
T,5458,13588166,230,1829962,16208,163,3
T,5459,13588186,230,1830010,16208,217,3
T,5460,13588206,230,1830059,16208,201,3
T,5461,13588226,230,1830107,16208,210,3
T,5462,13588246,230,1830151,16922,333,3
T,5463,13588266,230,1830188,16922,439,3
T,5464,13588286,230,1830225,16922,299,3
T,5465,13588306,230,1830266,16922,353,3
T,5466,13588326,230,1830309,16922,264,3
T,5467,13588346,230,1830353,14351,193,3
T,5468,13588366,230,1830400,14351,209,3
T,5469,13588386,230,1830447,14351,256,3
T,5470,13588406,230,1830494,14351,192,3
T,5471,13588426,230,1830539,14351,237,3
T,5472,13588446,230,1830584,16422,304,3
T,5473,13588466,230,1830629,16422,231,3
T,5474,13588486,230,1830675,16422,177,3
T,5475,13588506,230,1830723,16422,277,3
T,5476,13588526,230,1830771,16422,157,3
T,5477,13588546,230,1830819,16779,268,3
T,5478,13588566,230,1830860,16779,371,3
T,5479,13588586,230,1830896,16779,355,3
T,5480,13588606,230,1830936,16779,494,3

[host] drv timeout 2000
drv timeout 2000
timeout 2000 ms, 2000 ms remaining
  any 'drv duty' kicks it; re-issuing this command kicks it too
> T,5481,13588626,230,1830977,16779,359,3
T,5482,13588646,230,1831021,14494,368,3
T,5483,13588666,230,1831065,14494,275,3
T,5484,13588686,230,1831112,14494,178,3
T,5485,13588706,230,1831158,14494,252,3
T,5486,13588726,230,1831204,14494,258,3
T,5487,13588746,230,1831248,16208,203,3
T,5488,13588766,230,1831292,16208,226,3
T,5489,13588786,230,1831338,16208,216,3
T,5490,13588806,230,1831384,16208,325,3
T,5491,13588826,230,1831432,16208,104,3
T,5492,13588846,230,1831481,16493,230,3
T,5493,13588866,230,1831528,16493,272,3
T,5494,13588886,230,1831568,16493,321,3
T,5495,13588906,230,1831607,16493,386,3
T,5496,13588926,230,1831648,16493,278,3
T,5497,13588946,230,1831690,15065,240,3
T,5498,13588966,230,1831734,15065,289,3
T,5499,13588986,230,1831779,15065,257,3
T,5500,13589006,230,1831825,15065,185,3
T,5501,13589026,230,1831872,15065,214,3
T,5502,13589046,230,1831917,16208,358,3
T,5503,13589066,230,1831963,16208,254,3
T,5504,13589086,230,1832008,16208,172,3
T,5505,13589106,230,1832055,16208,275,3

[host] drv timeout 2000
drv timeout 2000
timeout 2000 ms, 2000 ms remaining
  any 'drv duty' kicks it; re-issuing this command kicks it too
> T,5506,13589126,230,1832103,16208,193,3
T,5507,13589146,230,1832150,16565,268,3
T,5508,13589166,230,1832198,16565,174,3
T,5509,13589186,230,1832244,16565,301,3
T,5510,13589206,230,1832282,16565,482,3
T,5511,13589226,230,1832319,16565,329,3
T,5512,13589246,230,1832359,15065,295,3
T,5513,13589266,230,1832402,15065,212,3
T,5514,13589286,230,1832448,15065,216,3
T,5515,13589306,230,1832493,15065,334,3
T,5516,13589326,230,1832540,15065,185,3
T,5517,13589346,230,1832587,16136,230,3
T,5518,13589366,230,1832632,16136,290,3
T,5519,13589386,230,1832676,16136,242,3
T,5520,13589406,230,1832721,16136,187,3
T,5521,13589426,230,1832768,16136,221,3
T,5522,13589446,230,1832815,16279,233,3
T,5523,13589466,230,1832863,16279,163,3
T,5524,13589486,230,1832910,16279,214,3
T,5525,13589506,230,1832955,16279,326,3
T,5526,13589526,230,1832993,16279,400,3
T,5527,13589546,230,1833032,15636,281,3
T,5528,13589566,230,1833073,15636,300,3
T,5529,13589586,230,1833116,15636,259,3
T,5530,13589606,230,1833160,15636,190,3

[host] drv timeout 2000
drv timeout 2000
timeout 2000 ms, 2000 ms remaining
  any 'drv duty' kicks it; re-issuing this command kicks it too
> T,5531,13589626,230,1833206,15636,251,3
T,5532,13589646,230,1833253,15636,217,3
T,5533,13589666,230,1833297,15636,242,3
T,5534,13589686,230,1833340,15636,270,3
T,5535,13589706,230,1833384,15636,267,3
T,5536,13589726,230,1833428,15636,241,3
T,5537,13589746,230,1833474,15779,342,3
T,5538,13589766,230,1833520,15779,248,3
T,5539,13589786,230,1833566,15779,188,3
T,5540,13589806,230,1833612,15779,268,3
T,5541,13589826,230,1833656,15779,376,3
T,5542,13589846,230,1833693,15922,413,3
T,5543,13589866,230,1833732,15922,390,3
T,5544,13589886,230,1833774,15922,418,3
T,5545,13589906,230,1833817,15922,347,3
T,5546,13589926,230,1833862,15922,241,3
T,5547,13589946,230,1833908,15065,190,3
T,5548,13589966,230,1833955,15065,252,3
T,5549,13589986,230,1833999,15065,274,3
T,5550,13590006,230,1834041,15065,286,3
T,5551,13590026,230,1834085,15065,254,3
T,5552,13590046,230,1834131,15922,210,3
T,5553,13590066,230,1834177,15922,274,3
T,5554,13590086,230,1834224,15922,238,3
T,5555,13590106,230,1834269,15922,192,3

[host] drv timeout 2000
drv timeout 2000
timeout 2000 ms, 2000 ms remaining
  any 'drv duty' kicks it; re-issuing this command kicks it too
> T,5556,13590126,230,1834316,15922,208,3
T,5557,13590146,230,1834360,16422,353,3
T,5558,13590166,230,1834400,16422,380,3
T,5559,13590186,230,1834439,16422,274,3
T,5560,13590206,230,1834481,16422,297,3
T,5561,13590226,230,1834525,16422,227,3
T,5562,13590246,230,1834570,14922,184,3
T,5563,13590266,230,1834616,14922,261,3
T,5564,13590286,230,1834663,14922,189,3
T,5565,13590306,230,1834711,14922,316,3
T,5566,13590326,230,1834758,14922,261,3
T,5567,13590346,230,1834802,16636,278,3
T,5568,13590366,230,1834844,16636,227,3
T,5569,13590386,230,1834888,16636,214,3
T,5570,13590406,230,1834934,16636,249,3
T,5571,13590426,230,1834980,16636,222,3
T,5572,13590446,230,1835027,15993,220,3
T,5573,13590466,230,1835068,15993,392,3
T,5574,13590486,230,1835105,15993,405,3
T,5575,13590506,230,1835146,15993,253,3
T,5576,13590526,230,1835188,15993,253,3
T,5577,13590546,230,1835233,14708,246,3
T,5578,13590566,230,1835278,14708,253,3
T,5579,13590586,230,1835325,14708,198,3
T,5580,13590606,230,1835372,14708,252,3

[host] drv timeout 2000
drv timeout 2000
timeout 2000 ms, 2000 ms remaining
  any 'drv duty' kicks it; re-issuing this command kicks it too
> T,5581,13590626,230,1835419,14708,240,3
T,5582,13590646,230,1835464,16565,195,3
T,5583,13590666,230,1835509,16565,230,3
T,5584,13590686,230,1835554,16565,258,3
T,5585,13590706,230,1835600,16565,220,3
T,5586,13590726,230,1835647,16565,184,3
T,5587,13590746,230,1835694,16350,269,3
T,5588,13590766,230,1835741,16350,236,3
T,5589,13590786,230,1835783,16350,368,3
T,5590,13590806,230,1835822,16350,472,3
T,5591,13590826,230,1835864,16350,460,3
T,5592,13590846,230,1835907,15279,361,3
T,5593,13590866,230,1835952,15279,242,3
T,5594,13590886,230,1835999,15279,192,3
T,5595,13590906,230,1836047,15279,203,3
T,5596,13590926,230,1836094,15279,198,3
T,5597,13590946,230,1836139,16493,249,3
T,5598,13590966,230,1836184,16493,376,3
T,5599,13590986,230,1836229,16493,251,3
T,5600,13591006,230,1836276,16493,192,3
T,5601,13591026,230,1836322,16493,252,3
T,5602,13591046,230,1836369,16422,179,3
T,5603,13591066,230,1836416,16422,226,3
T,5604,13591086,230,1836461,16422,459,3
T,5605,13591106,230,1836500,16422,338,3

[host] drv timeout 2000
drv timeout 2000
timeout 2000 ms, 2000 ms remaining
  any 'drv duty' kicks it; re-issuing this command kicks it too
> T,5606,13591126,230,1836540,16422,342,3
T,5607,13591146,230,1836582,15279,279,3
T,5608,13591166,230,1836626,15279,224,3
T,5609,13591186,230,1836672,15279,221,3
T,5610,13591206,230,1836718,15279,289,3
T,5611,13591226,230,1836765,15279,200,3
T,5612,13591246,230,1836812,16422,288,3
T,5613,13591266,230,1836857,16422,249,3
T,5614,13591286,230,1836902,16422,251,3
T,5615,13591306,230,1836948,16422,214,3
T,5616,13591326,230,1836994,16422,305,3
T,5617,13591346,230,1837041,16279,200,3
T,5618,13591366,230,1837088,16279,185,3
T,5619,13591386,230,1837136,16279,208,3
T,5620,13591406,230,1837177,16279,347,3
T,5621,13591426,230,1837217,16279,354,3
T,5622,13591446,230,1837260,15708,263,3
T,5623,13591466,230,1837303,15708,317,3
T,5624,13591486,230,1837348,15708,229,3
T,5625,13591506,230,1837395,15708,189,3
T,5626,13591526,230,1837441,15708,294,3
T,5627,13591546,230,1837489,16279,201,3
T,5628,13591566,230,1837535,16279,229,3
T,5629,13591586,230,1837581,16279,275,3
T,5630,13591606,230,1837627,16279,232,3

[host] drv timeout 2000
drv timeout 2000
timeout 2000 ms, 2000 ms remaining
  any 'drv duty' kicks it; re-issuing this command kicks it too
> T,5631,13591626,230,1837674,16279,199,3
T,5632,13591646,230,1837721,16636,247,3
T,5633,13591666,230,1837769,16636,116,3
T,5634,13591686,230,1837818,16636,236,3
T,5635,13591706,230,1837861,16636,375,3
T,5636,13591726,230,1837898,16636,332,3
T,5637,13591746,230,1837937,15494,341,3
T,5638,13591766,230,1837979,15494,316,3
T,5639,13591786,230,1838023,15494,233,3
T,5640,13591806,230,1838068,15494,198,3
T,5641,13591826,230,1838115,15494,242,3
T,5642,13591846,230,1838161,15922,185,3
T,5643,13591866,230,1838207,15922,220,3
T,5644,13591886,230,1838250,15922,242,3
T,5645,13591906,230,1838295,15922,365,3
T,5646,13591926,230,1838341,15922,238,3
T,5647,13591946,230,1838388,16136,132,3
T,5648,13591966,230,1838436,16136,184,3
T,5649,13591986,230,1838485,16136,188,3
T,5650,13592006,230,1838531,16136,429,3
T,5651,13592026,230,1838570,16136,363,3
T,5652,13592046,230,1838607,15851,348,3
T,5653,13592066,230,1838647,15851,360,3
T,5654,13592086,230,1838688,15851,275,3
T,5655,13592106,230,1838732,15851,281,3

[host] drv timeout 2000
drv timeout 2000
timeout 2000 ms, 2000 ms remaining
  any 'drv duty' kicks it; re-issuing this command kicks it too
> T,5656,13592126,230,1838777,15851,249,3
T,5657,13592146,230,1838824,15279,209,3
T,5658,13592166,230,1838871,15279,325,3
T,5659,13592186,230,1838919,15279,195,3
T,5660,13592206,230,1838964,15279,246,3
T,5661,13592226,230,1839008,15279,243,3
T,5662,13592246,230,1839053,16422,269,3
T,5663,13592266,230,1839101,16422,179,3
T,5664,13592286,230,1839149,16422,279,3
T,5665,13592306,230,1839198,16422,178,3
T,5666,13592326,230,1839243,16422,288,3
T,5667,13592346,230,1839282,16422,352,3
T,5668,13592366,230,1839320,16422,514,3
T,5669,13592386,230,1839361,16422,344,3
T,5670,13592406,230,1839404,16422,334,3
T,5671,13592426,230,1839448,16422,344,3
T,5672,13592446,230,1839495,14994,216,3
T,5673,13592466,230,1839541,14994,212,3
T,5674,13592486,230,1839588,14994,241,3
T,5675,13592506,230,1839633,14994,206,3
T,5676,13592526,230,1839678,14994,217,3
T,5677,13592546,230,1839724,16493,311,3
T,5678,13592566,230,1839772,16493,180,3
T,5679,13592586,230,1839820,16493,204,3
T,5680,13592606,230,1839869,16493,163,3

[host] drv timeout 2000
drv timeout 2000
timeout 2000 ms, 2000 ms remaining
  any 'drv duty' kicks it; re-issuing this command kicks it too
> T,5681,13592626,230,1839917,16493,338,3
T,5682,13592646,230,1839960,16922,523,3
T,5683,13592666,230,1839998,16922,315,3
T,5684,13592686,230,1840039,16922,315,3
T,5685,13592706,230,1840081,16922,238,3
T,5686,13592726,230,1840125,16922,227,3
T,5687,13592746,230,1840170,14851,227,3
T,5688,13592766,230,1840216,14851,337,3
T,5689,13592786,230,1840263,14851,217,3
T,5690,13592806,230,1840307,14851,217,3
T,5691,13592826,230,1840352,14851,245,3
T,5692,13592846,230,1840397,16279,273,3
T,5693,13592866,230,1840444,16279,226,3
T,5694,13592886,230,1840491,16279,214,3
T,5695,13592906,230,1840538,16279,240,3
T,5696,13592926,230,1840586,16279,118,3
T,5697,13592946,230,1840633,16779,343,3
T,5698,13592966,230,1840672,16779,432,3
T,5699,13592986,230,1840709,16779,413,3
T,5700,13593006,230,1840749,16779,429,3
T,5701,13593026,230,1840791,16779,402,3
T,5702,13593046,230,1840835,14494,333,3
T,5703,13593066,230,1840881,14494,221,3
T,5704,13593086,230,1840928,14494,188,3
T,5705,13593106,230,1840975,14494,185,3

[host] drv timeout 2000
T,5706,13593126,230,1841022,14494,209,3
drv timeout 2000
timeout 2000 ms, 2000 ms remaining
  any 'drv duty' kicks it; re-issuing this command kicks it too
> T,5707,13593146,230,1841067,16493,242,3
T,5708,13593166,230,1841112,16493,368,3
T,5709,13593186,230,1841158,16493,222,3
T,5710,13593206,230,1841205,16493,183,3
T,5711,13593226,230,1841253,16493,192,3
T,5712,13593246,230,1841301,16707,205,3
T,5713,13593266,230,1841348,16707,391,3
T,5714,13593286,230,1841387,16707,396,3
T,5715,13593306,230,1841427,16707,286,3
T,5716,13593326,230,1841468,16707,300,3
T,5717,13593346,230,1841512,15137,262,3
T,5718,13593366,230,1841557,15137,243,3
T,5719,13593386,230,1841603,15137,328,3
T,5720,13593406,230,1841649,15137,199,3
T,5721,13593426,230,1841696,15137,232,3
T,5722,13593446,230,1841740,16279,290,3
T,5723,13593466,230,1841784,16279,342,3
T,5724,13593486,230,1841828,16279,267,3
T,5725,13593506,230,1841873,16279,235,3
T,5726,13593526,230,1841919,16279,203,3
T,5727,13593546,230,1841965,15993,313,3
T,5728,13593566,230,1842012,15993,231,3
T,5729,13593586,230,1842055,15993,364,3
T,5730,13593606,230,1842092,15993,454,3

[host] drv timeout 2000
T,5731,13593626,230,1842130,15993,301,3
drv timeout 2000
timeout 2000 ms, 2000 ms remaining
  any 'drv duty' kicks it; re-issuing this command kicks it too
> T,5732,13593646,230,1842171,14780,354,3
T,5733,13593666,230,1842213,14780,273,3
T,5734,13593686,230,1842258,14780,205,3
T,5735,13593706,230,1842304,14780,222,3
T,5736,13593726,230,1842350,14780,299,3
T,5737,13593746,230,1842394,15922,322,3
T,5738,13593766,230,1842437,15922,296,3
T,5739,13593786,230,1842481,15922,248,3
T,5740,13593806,230,1842527,15922,221,3
T,5741,13593826,230,1842573,15922,273,3
T,5742,13593846,230,1842620,15993,237,3
T,5743,13593866,230,1842667,15993,222,3
T,5744,13593886,230,1842713,15993,294,3
T,5745,13593906,230,1842758,15993,316,3
T,5746,13593926,230,1842799,15993,469,3
T,5747,13593946,230,1842839,15851,444,3
T,5748,13593966,230,1842881,15851,354,3
T,5749,13593986,230,1842925,15851,376,3
T,5750,13594006,230,1842971,15851,261,3
T,5751,13594026,230,1843017,15851,151,3
T,5752,13594046,230,1843065,15993,236,3
T,5753,13594066,230,1843113,15993,179,3
T,5754,13594086,230,1843160,15993,313,3
T,5755,13594106,230,1843206,15993,267,3

[host] drv timeout 2000
T,5756,13594126,230,1843249,15993,280,3
drv timeout 2000
timeout 2000 ms, 2000 ms remaining
  any 'drv duty' kicks it; re-issuing this command kicks it too
> T,5757,13594146,230,1843293,16350,224,3
T,5758,13594166,230,1843339,16350,188,3
T,5759,13594186,230,1843385,16350,251,3
T,5760,13594206,230,1843432,16350,272,3
T,5761,13594226,230,1843473,16350,328,3
T,5762,13594246,230,1843511,15636,414,3
T,5763,13594266,230,1843552,15636,313,3
T,5764,13594286,230,1843595,15636,248,3
T,5765,13594306,230,1843640,15636,313,3
T,5766,13594326,230,1843685,15636,242,3
T,5767,13594346,230,1843732,15636,204,3
T,5768,13594366,230,1843780,15636,259,3
T,5769,13594386,230,1843827,15636,235,3
T,5770,13594406,230,1843870,15636,277,3
T,5771,13594426,230,1843915,15636,222,3
T,5772,13594446,230,1843960,16279,295,3
T,5773,13594466,230,1844006,16279,219,3
T,5774,13594486,230,1844053,16279,231,3
T,5775,13594506,230,1844101,16279,217,3
T,5776,13594526,230,1844148,16279,247,3
T,5777,13594546,230,1844188,16422,358,3
T,5778,13594566,230,1844229,16422,348,3
T,5779,13594586,230,1844272,16422,295,3
T,5780,13594606,230,1844316,16422,258,3

[host] drv timeout 2000
T,5781,13594626,230,1844361,16422,174,3
drv timeout 2000
timeout 2000 ms, 2000 ms remaining
  any 'drv duty' kicks it; re-issuing this command kicks it too
> T,5782,13594646,230,1844408,15494,274,3
T,5783,13594666,230,1844455,15494,209,3
T,5784,13594686,230,1844502,15494,293,3
T,5785,13594706,230,1844548,15494,321,3
T,5786,13594726,230,1844593,15494,245,3
T,5787,13594746,230,1844639,16565,221,3
T,5788,13594766,230,1844685,16565,272,3
T,5789,13594786,230,1844732,16565,205,3
T,5790,13594806,230,1844780,16565,275,3
T,5791,13594826,230,1844828,16565,214,3
T,5792,13594846,230,1844872,16779,306,3
T,5793,13594866,230,1844911,16779,397,3
T,5794,13594886,230,1844952,16779,422,3
T,5795,13594906,230,1844996,16779,316,3
T,5796,13594926,230,1845041,16779,248,3
T,5797,13594946,230,1845087,15208,198,3
T,5798,13594966,230,1845135,15208,188,3
T,5799,13594986,230,1845183,15208,190,3
T,5800,13595006,230,1845229,15208,353,3
T,5801,13595026,230,1845273,15208,286,3
T,5802,13595046,230,1845319,16565,212,3
T,5803,13595066,230,1845365,16565,225,3
T,5804,13595086,230,1845412,16565,224,3
T,5805,13595106,230,1845459,16565,171,3

[host] drv timeout 2000
T,5806,13595126,230,1845507,16565,295,3
drv timeout 2000
timeout 2000 ms, 2000 ms remaining
  any 'drv duty' kicks it; re-issuing this command kicks it too
> T,5807,13595146,230,1845553,16779,283,3
T,5808,13595166,230,1845593,16779,423,3
T,5809,13595186,230,1845635,16779,433,3
T,5810,13595206,230,1845677,16779,406,3
T,5811,13595226,230,1845721,16779,302,3
T,5812,13595246,230,1845767,15208,200,3
T,5813,13595266,230,1845813,15208,214,3
T,5814,13595286,230,1845860,15208,215,3
T,5815,13595306,230,1845907,15208,201,3
T,5816,13595326,230,1845952,15208,229,3
T,5817,13595346,230,1845997,16493,342,3
T,5818,13595366,230,1846044,16493,205,3
T,5819,13595386,230,1846091,16493,176,3
T,5820,13595406,230,1846138,16493,246,3
T,5821,13595426,230,1846186,16493,195,3
T,5822,13595446,230,1846233,16850,349,3
T,5823,13595466,230,1846273,16850,438,3
T,5824,13595486,230,1846311,16850,379,3
T,5825,13595506,230,1846352,16850,272,3
T,5826,13595526,230,1846394,16850,327,3
T,5827,13595546,230,1846439,14637,240,3
T,5828,13595566,230,1846485,14637,221,3
T,5829,13595586,230,1846532,14637,278,3
T,5830,13595606,230,1846579,14637,192,3
T,5831,13595626,230,1846624,1463
[host] drv timeout 2000
7,281,3
drv timeout 2000
timeout 2000 ms, 2000 ms remaining
  any 'drv duty' kicks it; re-issuing this command kicks it too
> T,5832,13595646,230,1846668,16422,253,3
T,5833,13595666,230,1846713,16422,280,3
T,5834,13595686,230,1846760,16422,183,3
T,5835,13595706,230,1846808,16422,288,3
T,5836,13595726,230,1846857,16422,113,3
T,5837,13595746,230,1846906,16850,227,3
T,5838,13595766,230,1846950,16850,345,3
T,5839,13595786,230,1846988,16850,397,3
T,5840,13595806,230,1847025,16850,357,3
T,5841,13595826,230,1847066,16850,348,3
T,5842,13595846,230,1847109,14637,291,3
T,5843,13595866,230,1847154,14637,209,3
T,5844,13595886,230,1847201,14637,232,3
T,5845,13595906,230,1847248,14637,169,3
T,5846,13595926,230,1847296,14637,200,3
T,5847,13595946,230,1847341,16565,357,3
T,5848,13595966,230,1847385,16565,305,3
T,5849,13595986,230,1847431,16565,203,3
T,5850,13596006,230,1847477,16565,208,3
T,5851,13596026,230,1847525,16565,192,3
T,5852,13596046,230,1847573,16493,217,3
T,5853,13596066,230,1847621,16493,294,3
T,5854,13596086,230,1847661,16493,524,3
T,5855,13596106,230,1847699,16493,329,3
T,5856,13596126,230,1847738,1649
[host] drv timeout 2000
3,376,3
drv timeout 2000
timeout 2000 ms, 2000 ms remaining
  any 'drv duty' kicks it; re-issuing this command kicks it too
> T,5857,13596146,230,1847780,14851,277,3
T,5858,13596166,230,1847824,14851,214,3
T,5859,13596186,230,1847869,14851,215,3
T,5860,13596206,230,1847915,14851,241,3
T,5861,13596226,230,1847961,14851,280,3
T,5862,13596246,230,1848007,16136,220,3
T,5863,13596266,230,1848052,16136,214,3
T,5864,13596286,230,1848098,16136,262,3
T,5865,13596306,230,1848144,16136,196,3
T,5866,13596326,230,1848192,16136,190,3
T,5867,13596346,230,1848240,16565,182,3
T,5868,13596366,230,1848289,16565,193,3
T,5869,13596386,230,1848336,16565,242,3
T,5870,13596406,230,1848375,16565,373,3
T,5871,13596426,230,1848413,16565,353,3
T,5872,13596446,230,1848455,15494,291,3
T,5873,13596466,230,1848497,15494,259,3
T,5874,13596486,230,1848542,15494,224,3
T,5875,13596506,230,1848588,15494,222,3
T,5876,13596526,230,1848634,15494,257,3
T,5877,13596546,230,1848680,15993,252,3
T,5878,13596566,230,1848724,15993,242,3
T,5879,13596586,230,1848769,15993,323,3
T,5880,13596606,230,1848816,15993,221,3
T,5881,13596626,230,1848863,15993,173,3

[host] drv timeout 2000
drv timeout 2000
timeout 2000 ms, 2000 ms remaining
  any 'drv duty' kicks it; re-issuing this command kicks it too
> T,5882,13596646,230,1848909,16422,229,3
T,5883,13596666,230,1848957,16422,185,3
T,5884,13596686,230,1849005,16422,309,3
T,5885,13596706,230,1849049,16422,429,3
T,5886,13596726,230,1849087,16422,359,3
T,5887,13596746,230,1849124,15494,338,3
T,5888,13596766,230,1849165,15494,339,3
T,5889,13596786,230,1849209,15494,304,3
T,5890,13596806,230,1849254,15494,222,3
T,5891,13596826,230,1849301,15494,217,3
T,5892,13596846,230,1849348,15779,275,3
T,5893,13596866,230,1849394,15779,225,3
T,5894,13596886,230,1849438,15779,262,3
T,5895,13596906,230,1849483,15779,215,3
T,5896,13596926,230,1849529,15779,284,3
T,5897,13596946,230,1849575,16208,199,3
T,5898,13596966,230,1849622,16208,263,3
T,5899,13596986,230,1849670,16208,192,3
T,5900,13597006,230,1849717,16208,215,3
T,5901,13597026,230,1849761,16208,389,3
T,5902,13597046,230,1849799,16136,395,3
T,5903,13597066,230,1849838,16136,464,3
T,5904,13597086,230,1849880,16136,445,3
T,5905,13597106,230,1849923,16136,359,3
T,5906,13597126,230,1849968,16136,243,3

[host] drv timeout 2000
drv timeout 2000
timeout 2000 ms, 2000 ms remaining
  any 'drv duty' kicks it; re-issuing this command kicks it too
> T,5907,13597146,230,1850014,15208,188,3
T,5908,13597166,230,1850061,15208,262,3
T,5909,13597186,230,1850107,15208,295,3
T,5910,13597206,230,1850150,15208,301,3
T,5911,13597226,230,1850193,15208,224,3
T,5912,13597246,230,1850238,15993,236,3
T,5913,13597266,230,1850283,15993,252,3
T,5914,13597286,230,1850329,15993,261,3
T,5915,13597306,230,1850376,15993,158,3
T,5916,13597326,230,1850424,15993,293,3
T,5917,13597346,230,1850466,16422,401,3
T,5918,13597366,230,1850503,16422,377,3
T,5919,13597386,230,1850542,16422,460,3
T,5920,13597406,230,1850584,16422,448,3
T,5921,13597426,230,1850627,16422,353,3
T,5922,13597446,230,1850672,14637,214,3
T,5923,13597466,230,1850719,14637,178,3
T,5924,13597486,230,1850765,14637,316,3
T,5925,13597506,230,1850807,14637,339,3
T,5926,13597526,230,1850849,14637,286,3
T,5927,13597546,230,1850893,15779,299,3
T,5928,13597566,230,1850939,15779,279,3
T,5929,13597586,230,1850984,15779,242,3
T,5930,13597606,230,1851028,15779,247,3
T,5931,13597626,230,1851073,15779,318,3

[host] drv timeout 2000
drv timeout 2000
timeout 2000 ms, 2000 ms remaining
  any 'drv duty' kicks it; re-issuing this command kicks it too
> T,5932,13597646,230,1851119,16136,245,3
T,5933,13597666,230,1851163,16136,377,3
T,5934,13597686,230,1851201,16136,422,3
T,5935,13597706,230,1851240,16136,323,3
T,5936,13597726,230,1851282,16136,256,3
T,5937,13597746,230,1851325,14708,235,3
T,5938,13597766,230,1851371,14708,230,3
T,5939,13597786,230,1851417,14708,265,3
T,5940,13597806,230,1851464,14708,150,3
T,5941,13597826,230,1851512,14708,283,3
T,5942,13597846,230,1851557,16565,275,3
T,5943,13597866,230,1851600,16565,241,3
T,5944,13597886,230,1851644,16565,265,3
T,5945,13597906,230,1851688,16565,233,3
T,5946,13597926,230,1851734,16565,280,3
T,5947,13597946,230,1851780,15851,269,3
T,5948,13597966,230,1851826,15851,235,3
T,5949,13597986,230,1851868,15851,353,3
T,5950,13598006,230,1851907,15851,512,3
T,5951,13598026,230,1851947,15851,331,3
T,5952,13598046,230,1851989,14994,301,3
T,5953,13598066,230,1852033,14994,312,3
T,5954,13598086,230,1852078,14994,310,3
T,5955,13598106,230,1852124,14994,203,3
T,5956,13598126,230,1852172,14994,204,3

[host] drv timeout 2000
drv timeout 2000
timeout 2000 ms, 2000 ms remaining
  any 'drv duty' kicks it; re-issuing this command kicks it too
> T,5957,13598146,230,1852218,16279,272,3
T,5958,13598166,230,1852262,16279,254,3
T,5959,13598186,230,1852307,16279,211,3
T,5960,13598206,230,1852352,16279,254,3
T,5961,13598226,230,1852399,16279,252,3
T,5962,13598246,230,1852446,16279,166,3
T,5963,13598266,230,1852493,16279,240,3
T,5964,13598286,230,1852540,16279,254,3
T,5965,13598306,230,1852581,16279,353,3
T,5966,13598326,230,1852621,16279,364,3
T,5967,13598346,230,1852663,15565,326,3
T,5968,13598366,230,1852706,15565,278,3
T,5969,13598386,230,1852751,15565,222,3
T,5970,13598406,230,1852797,15565,192,3
T,5971,13598426,230,1852844,15565,289,3
T,5972,13598446,230,1852892,16208,220,3
T,5973,13598466,230,1852936,16208,209,3
T,5974,13598486,230,1852980,16208,236,3
T,5975,13598506,230,1853025,16208,241,3
T,5976,13598526,230,1853070,16208,254,3
T,5977,13598546,230,1853116,16136,206,3
T,5978,13598566,230,1853163,16136,241,3
T,5979,13598586,230,1853211,16136,235,3
T,5980,13598606,230,1853256,16136,284,3
T,5981,13598626,230,1853295,16136,390,3

[host] drv timeout 2000
drv timeout 2000
timeout 2000 ms, 2000 ms remaining
  any 'drv duty' kicks it; re-issuing this command kicks it too
> T,5982,13598646,230,1853336,15708,485,3
T,5983,13598666,230,1853378,15708,396,3
T,5984,13598686,230,1853422,15708,333,3
T,5985,13598706,230,1853467,15708,249,3
T,5986,13598726,230,1853513,15708,168,3
T,5987,13598746,230,1853560,15922,245,3
T,5988,13598766,230,1853607,15922,227,3
T,5989,13598786,230,1853652,15922,231,3
T,5990,13598806,230,1853697,15922,293,3
T,5991,13598826,230,1853742,15922,327,3
T,5992,13598846,230,1853788,16279,211,3
T,5993,13598866,230,1853834,16279,194,3
T,5994,13598886,230,1853881,16279,251,3
T,5995,13598906,230,1853928,16279,215,3
T,5996,13598926,230,1853971,16279,313,3
T,5997,13598946,230,1854009,15922,413,3
T,5998,13598966,230,1854050,15922,316,3
T,5999,13598986,230,1854093,15922,309,3
T,6000,13599006,230,1854137,15922,280,3
T,6001,13599026,230,1854184,15922,195,3
T,6002,13599046,230,1854231,15708,329,3
T,6003,13599066,230,1854279,15708,199,3
T,6004,13599086,230,1854324,15708,243,3
T,6005,13599106,230,1854369,15708,252,3
T,6006,13599126,230,1854414,15708,254,3

[host] drv timeout 2000
drv timeout 2000
timeout 2000 ms, 2000 ms remaining
  any 'drv duty' kicks it; re-issuing this command kicks it too
> T,6007,13599146,230,1854460,16422,206,3
T,6008,13599166,230,1854507,16422,232,3
T,6009,13599186,230,1854555,16422,209,3
T,6010,13599206,230,1854603,16422,160,3
T,6011,13599226,230,1854648,16422,359,3
T,6012,13599246,230,1854685,16208,418,3
T,6013,13599266,230,1854723,16208,496,3
T,6014,13599286,230,1854764,16208,318,3
T,6015,13599306,230,1854806,16208,345,3
T,6016,13599326,230,1854851,16208,369,3
T,6017,13599346,230,1854896,14851,220,3
T,6018,13599366,230,1854943,14851,194,3
T,6019,13599386,230,1854989,14851,299,3
T,6020,13599406,230,1855033,14851,272,3
T,6021,13599426,230,1855076,14851,263,3
T,6022,13599446,230,1855121,16136,200,3
T,6023,13599466,230,1855168,16136,190,3
T,6024,13599486,230,1855216,16136,194,3
T,6025,13599506,230,1855264,16136,178,3
T,6026,13599526,230,1855312,16136,195,3
T,6027,13599546,230,1855355,16779,360,3
T,6028,13599566,230,1855392,16779,405,3
T,6029,13599586,230,1855430,16779,357,3
T,6030,13599606,230,1855471,16779,312,3
T,6031,13599626,230,1855514,16779,290,3

[host] drv timeout 2000
drv timeout 2000
timeout 2000 ms, 2000 ms remaining
  any 'drv duty' kicks it; re-issuing this command kicks it too
> T,6032,13599646,230,1855560,14494,190,3
T,6033,13599666,230,1855606,14494,235,3
T,6034,13599686,230,1855653,14494,210,3
T,6035,13599706,230,1855700,14494,210,3
T,6036,13599726,230,1855746,14494,364,3
T,6037,13599746,230,1855791,16493,283,3
T,6038,13599766,230,1855836,16493,182,3
T,6039,13599786,230,1855884,16493,179,3
T,6040,13599806,230,1855932,16493,194,3
T,6041,13599826,230,1855980,16493,268,3
T,6042,13599846,230,1856028,16922,264,3
T,6043,13599866,230,1856068,16922,480,3
T,6044,13599886,230,1856105,16922,380,3
T,6045,13599906,230,1856145,16922,272,3
T,6046,13599926,230,1856188,16922,301,3
T,6047,13599946,230,1856232,14565,242,3
T,6048,13599966,230,1856277,14565,222,3
T,6049,13599986,230,1856323,14565,301,3
T,6050,13600006,230,1856370,14565,185,3
T,6051,13600026,230,1856416,14565,240,3
T,6052,13600046,230,1856462,16422,288,3
T,6053,13600066,230,1856507,16422,253,3
T,6054,13600086,230,1856553,16422,196,3
T,6055,13600106,230,1856601,16422,254,3
T,6056,13600126,230,1856649,16422,104,3

[host] drv timeout 2000
drv timeout 2000
timeout 2000 ms, 2000 ms remaining
  any 'drv duty' kicks it; re-issuing this command kicks it too
> T,6057,13600146,230,1856698,16779,222,3
T,6058,13600166,230,1856742,16779,339,3
T,6059,13600186,230,1856780,16779,397,3
T,6060,13600206,230,1856820,16779,290,3
T,6061,13600226,230,1856862,16779,293,3
T,6062,13600246,230,1856904,14922,217,3
T,6063,13600266,230,1856949,14922,237,3
T,6064,13600286,230,1856994,14922,267,3
T,6065,13600306,230,1857040,14922,177,3
T,6066,13600326,230,1857087,14922,199,3
T,6067,13600346,230,1857133,16208,339,3
T,6068,13600366,230,1857177,16208,295,3
T,6069,13600386,230,1857223,16208,201,3
T,6070,13600406,230,1857269,16208,217,3
T,6071,13600426,230,1857316,16208,199,3
T,6072,13600446,230,1857364,16422,160,3
T,6073,13600466,230,1857411,16422,307,3
T,6074,13600486,230,1857454,16422,520,3
T,6075,13600506,230,1857489,16422,376,3
T,6076,13600526,230,1857527,16422,416,3
T,6077,13600546,230,1857568,14780,286,3
T,6078,13600566,230,1857611,14780,233,3
T,6079,13600586,230,1857656,14780,288,3
T,6080,13600606,230,1857701,14780,211,3
T,6081,13600626,230,1857748,14780,196,3

[host] drv timeout 2000
drv timeout 2000
timeout 2000 ms, 2000 ms remaining
  any 'drv duty' kicks it; re-issuing this command kicks it too
> T,6082,13600646,230,1857795,16065,387,3
T,6083,13600666,230,1857839,16065,331,3
T,6084,13600686,230,1857883,16065,281,3
T,6085,13600706,230,1857928,16065,192,3
T,6086,13600726,230,1857974,16065,256,3
T,6087,13600746,230,1858021,16136,199,3
T,6088,13600766,230,1858068,16136,178,3
T,6089,13600786,230,1858116,16136,249,3
T,6090,13600806,230,1858160,16136,325,3
T,6091,13600826,230,1858198,16136,409,3
T,6092,13600846,230,1858238,15565,284,3
T,6093,13600866,230,1858280,15565,269,3
T,6094,13600886,230,1858324,15565,231,3
T,6095,13600906,230,1858368,15565,273,3
T,6096,13600926,230,1858414,15565,318,3
T,6097,13600946,230,1858460,15779,262,3
T,6098,13600966,230,1858504,15779,206,3
T,6099,13600986,230,1858548,15779,238,3
T,6100,13601006,230,1858592,15779,264,3
T,6101,13601026,230,1858636,15779,288,3
T,6102,13601046,230,1858681,15851,290,3
T,6103,13601066,230,1858726,15851,212,3
T,6104,13601086,230,1858772,15851,204,3
T,6105,13601106,230,1858819,15851,357,3
T,6106,13601126,230,1858861,15851,482,3

[host] drv timeout 2000
drv timeout 2000
timeout 2000 ms, 2000 ms remaining
  any 'drv duty' kicks it; re-issuing this command kicks it too
> T,6107,13601146,230,1858898,15636,333,3
T,6108,13601166,230,1858937,15636,382,3
T,6109,13601186,230,1858978,15636,315,3
T,6110,13601206,230,1859021,15636,300,3
T,6111,13601226,230,1859066,15636,272,3
T,6112,13601246,230,1859112,15137,194,3
T,6113,13601266,230,1859159,15137,339,3
T,6114,13601286,230,1859203,15137,437,3
T,6115,13601306,230,1859245,15137,401,3
T,6116,13601326,230,1859289,15137,295,3
T,6117,13601346,230,1859335,15851,199,3
T,6118,13601366,230,1859381,15851,217,3
T,6119,13601386,230,1859428,15851,212,3
T,6120,13601406,230,1859475,15851,183,3
T,6121,13601426,230,1859520,15851,254,3
T,6122,13601446,230,1859564,16493,393,3
T,6123,13601466,230,1859604,16493,341,3
T,6124,13601486,230,1859644,16493,344,3
T,6125,13601506,230,1859686,16493,269,3
T,6126,13601526,230,1859730,16493,215,3
T,6127,13601546,230,1859776,14922,201,3
T,6128,13601566,230,1859823,14922,236,3
T,6129,13601586,230,1859871,14922,183,3
T,6130,13601606,230,1859917,14922,280,3
T,6131,13601626,230,1859962,14922,252,3

[host] drv timeout 2000
drv timeout 2000
timeout 2000 ms, 2000 ms remaining
  any 'drv duty' kicks it; re-issuing this command kicks it too
> T,6132,13601646,230,1860007,16565,248,3
T,6133,13601666,230,1860052,16565,217,3
T,6134,13601686,230,1860096,16565,254,3
T,6135,13601706,230,1860143,16565,274,3
T,6136,13601726,230,1860189,16565,205,3
T,6137,13601746,230,1860235,16279,240,3
T,6138,13601766,230,1860276,16279,339,3
T,6139,13601786,230,1860315,16279,408,3
T,6140,13601806,230,1860356,16279,411,3
T,6141,13601826,230,1860398,16279,390,3
T,6142,13601846,230,1860442,14851,291,3
T,6143,13601866,230,1860488,14851,182,3
T,6144,13601886,230,1860533,14851,229,3
T,6145,13601906,230,1860580,14851,208,3
T,6146,13601926,230,1860627,14851,192,3
T,6147,13601946,230,1860671,16350,222,3
T,6148,13601966,230,1860716,16350,294,3
T,6149,13601986,230,1860761,16350,294,3
T,6150,13602006,230,1860807,16350,196,3
T,6151,13602026,230,1860853,16350,216,3
T,6152,13602046,230,1860900,16279,203,3
T,6153,13602066,230,1860947,16279,222,3
T,6154,13602086,230,1860986,16279,376,3
T,6155,13602106,230,1861024,16279,321,3
T,6156,13602126,230,1861065,16279,245,3

[host] drv timeout 2000
drv timeout 2000
timeout 2000 ms, 2000 ms remaining
  any 'drv duty' kicks it; re-issuing this command kicks it too
> T,6157,13602146,230,1861108,14922,236,3
T,6158,13602166,230,1861152,14922,219,3
T,6159,13602186,230,1861198,14922,219,3
T,6160,13602206,230,1861245,14922,177,3
T,6161,13602226,230,1861292,14922,294,3
T,6162,13602246,230,1861336,16279,401,3
T,6163,13602266,230,1861380,16279,278,3
T,6164,13602286,230,1861426,16279,206,3
T,6165,13602306,230,1861472,16279,184,3
T,6166,13602326,230,1861519,16279,230,3
T,6167,13602346,230,1861565,16279,209,3
T,6168,13602366,230,1861613,16279,310,3
T,6169,13602386,230,1861657,16279,395,3
T,6170,13602406,230,1861696,16279,359,3
T,6171,13602426,230,1861735,16279,304,3
T,6172,13602446,230,1861777,15208,257,3
T,6173,13602466,230,1861820,15208,256,3
T,6174,13602486,230,1861866,15208,194,3
T,6175,13602506,230,1861913,15208,267,3
T,6176,13602526,230,1861960,15208,158,3
T,6177,13602546,230,1862005,16279,249,3
T,6178,13602566,230,1862049,16279,285,3
T,6179,13602586,230,1862093,16279,295,3
T,6180,13602606,230,1862139,16279,258,3
T,6181,13602626,230,1862185,16279,195,3

[host] drv timeout 2000
drv timeout 2000
timeout 2000 ms, 2000 ms remaining
  any 'drv duty' kicks it; re-issuing this command kicks it too
> T,6182,13602646,230,1862232,16136,328,3
T,6183,13602666,230,1862280,16136,164,3
T,6184,13602686,230,1862327,16136,283,3
T,6185,13602706,230,1862370,16136,389,3
T,6186,13602726,230,1862410,16136,267,3
T,6187,13602746,230,1862452,15779,233,3
T,6188,13602766,230,1862495,15779,240,3
T,6189,13602786,230,1862540,15779,252,3
T,6190,13602806,230,1862586,15779,261,3
T,6191,13602826,230,1862632,15779,195,3
T,6192,13602846,230,1862680,16136,333,3
T,6193,13602866,230,1862727,16136,211,3
T,6194,13602886,230,1862772,16136,230,3
T,6195,13602906,230,1862817,16136,259,3
T,6196,13602926,230,1862863,16136,210,3
T,6197,13602946,230,1862910,16493,193,3
T,6198,13602966,230,1862957,16493,310,3
T,6199,13602986,230,1863004,16493,182,3
T,6200,13603006,230,1863049,16493,269,3
T,6201,13603026,230,1863087,16493,555,3
T,6202,13603046,230,1863124,15494,331,3
T,6203,13603066,230,1863165,15494,269,3
T,6204,13603086,230,1863208,15494,245,3
T,6205,13603106,230,1863254,15494,275,3
T,6206,13603126,230,1863300,15494,267,3

[host] drv timeout 2000
drv timeout 2000
timeout 2000 ms, 2000 ms remaining
  any 'drv duty' kicks it; re-issuing this command kicks it too
> T,6207,13603146,230,1863347,15708,184,3
T,6208,13603166,230,1863392,15708,273,3
T,6209,13603186,230,1863436,15708,229,3
T,6210,13603206,230,1863480,15708,245,3
T,6211,13603226,230,1863526,15708,219,3
T,6212,13603246,230,1863572,16136,188,3
T,6213,13603266,230,1863620,16136,248,3
T,6214,13603286,230,1863668,16136,162,3
T,6215,13603306,230,1863716,16136,243,3
T,6216,13603326,230,1863756,16136,387,3
T,6217,13603346,230,1863792,15851,377,3
T,6218,13603366,230,1863831,15851,475,3
T,6219,13603386,230,1863872,15851,301,3
T,6220,13603406,230,1863915,15851,299,3
T,6221,13603426,230,1863960,15851,379,3
T,6222,13603446,230,1864005,15065,230,3
T,6223,13603466,230,1864052,15065,196,3
T,6224,13603486,230,1864099,15065,241,3
T,6225,13603506,230,1864144,15065,217,3
T,6226,13603526,230,1864188,15065,233,3
T,6227,13603546,230,1864233,16279,222,3
T,6228,13603566,230,1864279,16279,331,3

[host] drv duty 21
drv duty 21
duty +21%
> T,6229,13603586,210,1864327,16279,70,3
T,6230,13603606,210,1864375,16279,137,3
T,6231,13603626,210,1864421,16279,211,3
T,6232,13603646,210,1864459,16279,294,3
T,6233,13603666,210,1864493,16279,466,3
T,6234,13603686,210,1864530,16279,241,3
T,6235,13603706,210,1864568,16279,337,3
T,6236,13603726,210,1864608,16279,227,3
T,6237,13603746,210,1864648,13423,188,3
T,6238,13603766,210,1864690,13423,193,3
T,6239,13603786,210,1864732,13423,196,3
T,6240,13603806,210,1864774,13423,224,3
T,6241,13603826,210,1864816,13423,241,3
T,6242,13603846,210,1864857,14922,284,3
T,6243,13603866,210,1864900,14922,277,3
T,6244,13603886,210,1864943,14922,225,3
T,6245,13603906,210,1864986,14922,216,3
T,6246,13603926,210,1865030,14922,166,3
T,6247,13603946,210,1865075,15422,147,3
T,6248,13603966,210,1865119,15422,251,3
T,6249,13603986,210,1865156,15422,478,3
T,6250,13604006,210,1865191,15422,366,3
T,6251,13604026,210,1865228,15422,281,3
T,6252,13604046,210,1865266,13780,274,3
T,6253,13604066,210,1865305,13780,381,3
T,6254,13604086,210,1865345,1378
[host] drv timeout 2000
0,263,3
drv timeout 2000
timeout 2000 ms, 2000 ms remaining
  any 'drv duty' kicks it; re-issuing this command kicks it too
> T,6255,13604106,210,1865386,13780,216,3
T,6256,13604126,210,1865428,13780,188,3
T,6257,13604146,210,1865471,14565,195,3
T,6258,13604166,210,1865512,14565,230,3
T,6259,13604186,210,1865553,14565,190,3
T,6260,13604206,210,1865595,14565,270,3
T,6261,13604226,210,1865636,14565,203,3
T,6262,13604246,210,1865679,14851,222,3
T,6263,13604266,210,1865721,14851,241,3
T,6264,13604286,210,1865764,14851,201,3
T,6265,13604306,210,1865808,14851,189,3
T,6266,13604326,210,1865845,14851,328,3
T,6267,13604346,210,1865879,14423,416,3
T,6268,13604366,210,1865913,14423,380,3
T,6269,13604386,210,1865951,14423,268,3
T,6270,13604406,210,1865990,14423,259,3
T,6271,13604426,210,1866031,14423,297,3
T,6272,13604446,210,1866072,13709,360,3
T,6273,13604466,210,1866114,13709,299,3
T,6274,13604486,210,1866156,13709,256,3
T,6275,13604506,210,1866197,13709,242,3
T,6276,13604526,210,1866239,13709,214,3
T,6277,13604546,210,1866280,14851,240,3
T,6278,13604566,210,1866321,14851,193,3
T,6279,13604586,210,1866363,1485
[host] drv timeout 2000
1,233,3
drv timeout 2000
timeout 2000 ms, 2000 ms remaining
  any 'drv duty' kicks it; re-issuing this command kicks it too
> T,6280,13604606,210,1866405,14851,204,3
T,6281,13604626,210,1866448,14851,172,3
T,6282,13604646,210,1866492,15065,208,3
T,6283,13604666,210,1866535,15065,270,3
T,6284,13604686,210,1866571,15065,337,3
T,6285,13604706,210,1866605,15065,424,3
T,6286,13604726,210,1866641,15065,249,3
T,6287,13604746,210,1866680,13494,349,3
T,6288,13604766,210,1866720,13494,229,3
T,6289,13604786,210,1866761,13494,166,3
T,6290,13604806,210,1866804,13494,176,3
T,6291,13604826,210,1866847,13494,193,3
T,6292,13604846,210,1866888,14851,204,3
T,6293,13604866,210,1866928,14851,253,3
T,6294,13604886,210,1866968,14851,392,3
T,6295,13604906,210,1867008,14851,238,3
T,6296,13604926,210,1867049,14851,224,3
T,6297,13604946,210,1867089,14351,222,3
T,6298,13604966,210,1867131,14351,253,3
T,6299,13604986,210,1867173,14351,206,3
T,6300,13605006,210,1867215,14351,212,3
T,6301,13605026,210,1867253,14351,345,3
T,6302,13605046,210,1867287,14280,481,3
T,6303,13605066,210,1867321,14280,385,3
T,6304,13605086,210,1867359,14280,268,3

[host] drv timeout 2000
drv timeout 2000
timeout 2000 ms, 2000 ms remaining
  any 'drv duty' kicks it; re-issuing this command kicks it too
> T,6305,13605106,210,1867398,14280,275,3
T,6306,13605126,210,1867438,14280,339,3
T,6307,13605146,210,1867480,13566,353,3
T,6308,13605166,210,1867521,13566,283,3
T,6309,13605186,210,1867561,13566,263,3
T,6310,13605206,210,1867601,13566,212,3
T,6311,13605226,210,1867641,13566,317,3
T,6312,13605246,210,1867681,14423,257,3
T,6313,13605266,210,1867721,14423,206,3
T,6314,13605286,210,1867761,14423,237,3
T,6315,13605306,210,1867801,14423,301,3
T,6316,13605326,210,1867842,14423,331,3
T,6317,13605346,210,1867883,14423,246,3
T,6318,13605366,210,1867924,14423,227,3
T,6319,13605386,210,1867963,14423,344,3
T,6320,13605406,210,1867998,14423,338,3
T,6321,13605426,210,1868035,14423,417,3
T,6322,13605446,210,1868073,13566,277,3
T,6323,13605466,210,1868113,13566,224,3
T,6324,13605486,210,1868153,13566,277,3
T,6325,13605506,210,1868196,13566,242,3
T,6326,13605526,210,1868238,13566,243,3
T,6327,13605546,210,1868281,14780,249,3
T,6328,13605566,210,1868324,14780,208,3
T,6329,13605586,210,1868366,14780,268,3

[host] drv timeout 2000
drv timeout 2000
timeout 2000 ms, 2000 ms remaining
  any 'drv duty' kicks it; re-issuing this command kicks it too
> T,6330,13605606,210,1868407,14780,291,3
T,6331,13605626,210,1868447,14780,209,3
T,6332,13605646,210,1868488,14851,189,3
T,6333,13605666,210,1868530,14851,211,3
T,6334,13605686,210,1868572,14851,194,3
T,6335,13605706,210,1868615,14851,210,3
T,6336,13605726,210,1868655,14851,397,3
T,6337,13605746,210,1868691,14565,291,3
T,6338,13605766,210,1868727,14565,352,3
T,6339,13605786,210,1868765,14565,274,3
T,6340,13605806,210,1868805,14565,284,3
T,6341,13605826,210,1868846,14565,338,3
T,6342,13605846,210,1868888,13923,355,3
T,6343,13605866,210,1868931,13923,309,3
T,6344,13605886,210,1868974,13923,305,3
T,6345,13605906,210,1869016,13923,365,3
T,6346,13605926,210,1869056,13923,248,3
T,6347,13605946,210,1869097,14994,248,3
T,6348,13605966,210,1869138,14994,193,3
T,6349,13605986,210,1869180,14994,249,3
T,6350,13606006,210,1869221,14994,211,3
T,6351,13606026,210,1869263,14994,190,3
T,6352,13606046,210,1869306,14851,248,3
T,6353,13606066,210,1869346,14851,320,3
T,6354,13606086,210,1869383,14851,336,3

[host] drv timeout 2000
drv timeout 2000
timeout 2000 ms, 2000 ms remaining
  any 'drv duty' kicks it; re-issuing this command kicks it too
> T,6355,13606106,210,1869419,14851,313,3
T,6356,13606126,210,1869457,14851,229,3
T,6357,13606146,210,1869497,13709,305,3
T,6358,13606166,210,1869539,13709,248,3
T,6359,13606186,210,1869580,13709,240,3
T,6360,13606206,210,1869623,13709,251,3
T,6361,13606226,210,1869666,13709,248,3
T,6362,13606246,210,1869708,14994,217,3
T,6363,13606266,210,1869749,14994,211,3
T,6364,13606286,210,1869790,14994,206,3
T,6365,13606306,210,1869832,14994,187,3
T,6366,13606326,210,1869874,14994,199,3
T,6367,13606346,210,1869916,14851,201,3
T,6368,13606366,210,1869959,14851,187,3
T,6369,13606386,210,1870001,14851,201,3
T,6370,13606406,210,1870043,14851,309,3
T,6371,13606426,210,1870079,14851,313,3
T,6372,13606446,210,1870115,14351,322,3
T,6373,13606466,210,1870152,14351,226,3
T,6374,13606486,210,1870192,14351,272,3
T,6375,13606506,210,1870232,14351,350,3
T,6376,13606526,210,1870275,14351,327,3
T,6377,13606546,210,1870317,14280,316,3
T,6378,13606566,210,1870360,14280,309,3
T,6379,13606586,210,1870403,14280,344,3

[host] drv timeout 2000
drv timeout 2000
timeout 2000 ms, 2000 ms remaining
  any 'drv duty' kicks it; re-issuing this command kicks it too
> T,6380,13606606,210,1870444,14280,267,3
T,6381,13606626,210,1870484,14280,219,3
T,6382,13606646,210,1870525,14922,242,3
T,6383,13606666,210,1870567,14922,195,3
T,6384,13606686,210,1870609,14922,199,3
T,6385,13606706,210,1870652,14922,232,3
T,6386,13606726,210,1870694,14922,203,3
T,6387,13606746,210,1870736,15065,227,3
T,6388,13606766,210,1870773,15065,355,3
T,6389,13606786,210,1870808,15065,497,3
T,6390,13606806,210,1870846,15065,268,3
T,6391,13606826,210,1870885,15065,249,3
T,6392,13606846,210,1870926,13494,281,3
T,6393,13606866,210,1870968,13494,262,3
T,6394,13606886,210,1871010,13494,230,3
T,6395,13606906,210,1871053,13494,259,3
T,6396,13606926,210,1871095,13494,289,3
T,6397,13606946,210,1871136,14994,256,3
T,6398,13606966,210,1871176,14994,173,3
T,6399,13606986,210,1871218,14994,210,3
T,6400,13607006,210,1871260,14994,182,3
T,6401,13607026,210,1871303,14994,174,3
T,6402,13607046,210,1871346,14994,184,3
T,6403,13607066,210,1871389,14994,183,3
T,6404,13607086,210,1871430,14994,277,3

[host] drv timeout 2000
drv timeout 2000
timeout 2000 ms, 2000 ms remaining
  any 'drv duty' kicks it; re-issuing this command kicks it too
> T,6405,13607106,210,1871467,14994,374,3
T,6406,13607126,210,1871501,14994,400,3
T,6407,13607146,210,1871538,13851,288,3
T,6408,13607166,210,1871576,13851,417,3
T,6409,13607186,210,1871616,13851,242,3
T,6410,13607206,210,1871657,13851,216,3
T,6411,13607226,210,1871699,13851,169,3
T,6412,13607246,210,1871741,14351,204,3
T,6413,13607266,210,1871782,14351,236,3
T,6414,13607286,210,1871823,14351,204,3
T,6415,13607306,210,1871864,14351,249,3
T,6416,13607326,210,1871906,14351,248,3
T,6417,13607346,210,1871948,14780,214,3
T,6418,13607366,210,1871991,14780,227,3
T,6419,13607386,210,1872034,14780,196,3
T,6420,13607406,210,1872078,14780,209,3
T,6421,13607426,210,1872121,14780,321,3
T,6422,13607446,210,1872157,15137,397,3
T,6423,13607466,210,1872190,15137,293,3
T,6424,13607486,210,1872225,15137,334,3
T,6425,13607506,210,1872263,15137,256,3
T,6426,13607526,210,1872303,15137,328,3
T,6427,13607546,210,1872343,13137,352,3
T,6428,13607566,210,1872385,13137,267,3
T,6429,13607586,210,1872428,13137,252,3

[host] drv timeout 2000
drv timeout 2000
timeout 2000 ms, 2000 ms remaining
  any 'drv duty' kicks it; re-issuing this command kicks it too
> T,6430,13607606,210,1872471,13137,306,3
T,6431,13607626,210,1872514,13137,327,3
T,6432,13607646,210,1872554,15065,262,3
T,6433,13607666,210,1872595,15065,190,3
T,6434,13607686,210,1872636,15065,231,3
T,6435,13607706,210,1872678,15065,194,3
T,6436,13607726,210,1872721,15065,158,3
T,6437,13607746,210,1872765,14994,171,3
T,6438,13607766,210,1872808,14994,211,3
T,6439,13607786,210,1872846,14994,406,3
T,6440,13607806,210,1872880,14994,396,3
T,6441,13607826,210,1872914,14994,267,3
T,6442,13607846,210,1872951,13423,357,3
T,6443,13607866,210,1872989,13423,272,3
T,6444,13607886,210,1873029,13423,270,3
T,6445,13607906,210,1873070,13423,337,3
T,6446,13607926,210,1873112,13423,354,3
T,6447,13607946,210,1873152,14280,247,3
T,6448,13607966,210,1873193,14280,232,3
T,6449,13607986,210,1873235,14280,179,3
T,6450,13608006,210,1873276,14280,184,3
T,6451,13608026,210,1873319,14280,193,3
T,6452,13608046,210,1873362,14922,167,3
T,6453,13608066,210,1873405,14922,156,3
T,6454,13608086,210,1873449,14922,146,3

[host] drv timeout 2000
drv timeout 2000
timeout 2000 ms, 2000 ms remaining
  any 'drv duty' kicks it; re-issuing this command kicks it too
> T,6455,13608106,210,1873493,14922,194,3
T,6456,13608126,210,1873535,14922,252,3
T,6457,13608146,210,1873570,15065,397,3
T,6458,13608166,210,1873605,15065,370,3
T,6459,13608186,210,1873643,15065,286,3
T,6460,13608206,210,1873681,15065,232,3
T,6461,13608226,210,1873720,15065,322,3
T,6462,13608246,210,1873760,13423,236,3
T,6463,13608266,210,1873801,13423,171,3
T,6464,13608286,210,1873844,13423,185,3
T,6465,13608306,210,1873886,13423,211,3
T,6466,13608326,210,1873928,13423,209,3
T,6467,13608346,210,1873968,14851,224,3
T,6468,13608366,210,1874009,14851,269,3
T,6469,13608386,210,1874052,14851,284,3
T,6470,13608406,210,1874094,14851,305,3
T,6471,13608426,210,1874136,14851,315,3
T,6472,13608446,210,1874180,15065,268,3
T,6473,13608466,210,1874222,15065,377,3
T,6474,13608486,210,1874258,15065,354,3
T,6475,13608506,210,1874290,15065,395,3
T,6476,13608526,210,1874325,15065,326,3
T,6477,13608546,210,1874363,13209,310,3
T,6478,13608566,210,1874403,13209,274,3
T,6479,13608586,210,1874443,13209,220,3

[host] drv timeout 2000
drv timeout 2000
timeout 2000 ms, 2000 ms remaining
  any 'drv duty' kicks it; re-issuing this command kicks it too
> T,6480,13608606,210,1874485,13209,201,3
T,6481,13608626,210,1874527,13209,196,3
T,6482,13608646,210,1874570,14637,178,3
T,6483,13608666,210,1874611,14637,235,3
T,6484,13608686,210,1874651,14637,288,3
T,6485,13608706,210,1874691,14637,355,3
T,6486,13608726,210,1874732,14637,291,3
T,6487,13608746,210,1874774,14565,262,3
T,6488,13608766,210,1874817,14565,216,3
T,6489,13608786,210,1874860,14565,227,3
T,6490,13608806,210,1874903,14565,297,3
T,6491,13608826,210,1874944,14565,283,3
T,6492,13608846,210,1874980,14922,344,3
T,6493,13608866,210,1875016,14922,252,3
T,6494,13608886,210,1875055,14922,369,3
T,6495,13608906,210,1875093,14922,275,3
T,6496,13608926,210,1875133,14922,229,3
T,6497,13608946,210,1875175,13709,227,3
T,6498,13608966,210,1875217,13709,180,3
T,6499,13608986,210,1875260,13709,227,3
T,6500,13609006,210,1875301,13709,243,3
T,6501,13609026,210,1875342,13709,288,3
T,6502,13609046,210,1875382,14851,264,3
T,6503,13609066,210,1875422,14851,205,3
T,6504,13609086,210,1875463,14851,180,3

[host] drv timeout 2000
drv timeout 2000
timeout 2000 ms, 2000 ms remaining
  any 'drv duty' kicks it; re-issuing this command kicks it too
> T,6505,13609106,210,1875505,14851,217,3
T,6506,13609126,210,1875547,14851,204,3
T,6507,13609146,210,1875590,14780,217,3
T,6508,13609166,210,1875632,14780,274,3
T,6509,13609186,210,1875668,14780,333,3
T,6510,13609206,210,1875703,14780,382,3
T,6511,13609226,210,1875740,14780,322,3
T,6512,13609246,210,1875778,13494,353,3
T,6513,13609266,210,1875818,13494,236,3
T,6514,13609286,210,1875859,13494,196,3
T,6515,13609306,210,1875901,13494,200,3
T,6516,13609326,210,1875944,13494,212,3
T,6517,13609346,210,1875984,14708,232,3
T,6518,13609366,210,1876023,14708,295,3
T,6519,13609386,210,1876063,14708,226,3
T,6520,13609406,210,1876104,14708,210,3
T,6521,13609426,210,1876144,14708,242,3
T,6522,13609446,210,1876185,14280,360,3
T,6523,13609466,210,1876225,14280,261,3
T,6524,13609486,210,1876266,14280,216,3
T,6525,13609506,210,1876308,14280,196,3
T,6526,13609526,210,1876348,14280,297,3
T,6527,13609546,210,1876384,14351,377,3
T,6528,13609566,210,1876419,14351,445,3
T,6529,13609586,210,1876457,14351,279,3

[host] drv timeout 2000
drv timeout 2000
timeout 2000 ms, 2000 ms remaining
  any 'drv duty' kicks it; re-issuing this command kicks it too
> T,6530,13609606,210,1876496,14351,258,3
T,6531,13609626,210,1876536,14351,294,3
T,6532,13609646,210,1876577,13709,258,3
T,6533,13609666,210,1876620,13709,204,3
T,6534,13609686,210,1876663,13709,222,3
T,6535,13609706,210,1876705,13709,229,3
T,6536,13609726,210,1876747,13709,214,3
T,6537,13609746,210,1876787,14994,222,3
T,6538,13609766,210,1876828,14994,232,3
T,6539,13609786,210,1876869,14994,265,3
T,6540,13609806,210,1876910,14994,329,3
T,6541,13609826,210,1876952,14994,341,3
T,6542,13609846,210,1876994,14708,325,3
T,6543,13609866,210,1877035,14708,264,3
T,6544,13609886,210,1877072,14708,295,3
T,6545,13609906,210,1877108,14708,307,3
T,6546,13609926,210,1877144,14708,438,3
T,6547,13609946,210,1877183,13637,288,3
T,6548,13609966,210,1877223,13637,246,3
T,6549,13609986,210,1877264,13637,206,3
T,6550,13610006,210,1877306,13637,253,3
T,6551,13610026,210,1877349,13637,205,3
T,6552,13610046,210,1877392,14780,183,3
T,6553,13610066,210,1877433,14780,249,3
T,6554,13610086,210,1877475,14780,274,3

[host] drv timeout 2000
drv timeout 2000
timeout 2000 ms, 2000 ms remaining
  any 'drv duty' kicks it; re-issuing this command kicks it too
> T,6555,13610106,210,1877516,14780,233,3
T,6556,13610126,210,1877558,14780,233,3
T,6557,13610146,210,1877600,14851,173,3
T,6558,13610166,210,1877643,14851,166,3
T,6559,13610186,210,1877686,14851,203,3
T,6560,13610206,210,1877729,14851,210,3
T,6561,13610226,210,1877768,14851,305,3
T,6562,13610246,210,1877803,14637,363,3
T,6563,13610266,210,1877840,14637,284,3
T,6564,13610286,210,1877878,14637,293,3
T,6565,13610306,210,1877918,14637,209,3
T,6566,13610326,210,1877959,14637,184,3
T,6567,13610346,210,1878001,14066,205,3
T,6568,13610366,210,1878044,14066,199,3
T,6569,13610386,210,1878087,14066,171,3
T,6570,13610406,210,1878129,14066,235,3
T,6571,13610426,210,1878169,14066,333,3
T,6572,13610446,210,1878210,14851,333,3
T,6573,13610466,210,1878251,14851,229,3
T,6574,13610486,210,1878293,14851,209,3
T,6575,13610506,210,1878335,14851,188,3
T,6576,13610526,210,1878378,14851,185,3
T,6577,13610546,210,1878420,15065,205,3
T,6578,13610566,210,1878459,15065,345,3
T,6579,13610586,210,1878495,15065,334,3

[host] drv timeout 2000
drv timeout 2000
timeout 2000 ms, 2000 ms remaining
  any 'drv duty' kicks it; re-issuing this command kicks it too
> T,6580,13610606,210,1878531,15065,422,3
T,6581,13610626,210,1878569,15065,279,3
T,6582,13610646,210,1878609,13494,242,3
T,6583,13610666,210,1878649,13494,285,3
T,6584,13610686,210,1878691,13494,240,3
T,6585,13610706,210,1878733,13494,247,3
T,6586,13610726,210,1878776,13494,270,3
T,6587,13610746,210,1878817,14780,242,3
T,6588,13610766,210,1878857,14780,173,3
T,6589,13610786,210,1878898,14780,217,3
T,6590,13610806,210,1878940,14780,217,3
T,6591,13610826,210,1878981,14780,238,3
T,6592,13610846,210,1879024,14780,221,3
T,6593,13610866,210,1879066,14780,220,3
T,6594,13610886,210,1879109,14780,247,3
T,6595,13610906,210,1879149,14780,412,3
T,6596,13610926,210,1879185,14780,280,3
T,6597,13610946,210,1879221,14280,318,3
T,6598,13610966,210,1879260,14280,286,3
T,6599,13610986,210,1879300,14280,326,3
T,6600,13611006,210,1879341,14280,323,3
T,6601,13611026,210,1879383,14280,299,3
T,6602,13611046,210,1879425,14351,265,3
T,6603,13611066,210,1879468,14351,269,3
T,6604,13611086,210,1879510,14351,258,3

[host] drv timeout 2000
drv timeout 2000
timeout 2000 ms, 2000 ms remaining
  any 'drv duty' kicks it; re-issuing this command kicks it too
> T,6605,13611106,210,1879552,14351,203,3
T,6606,13611126,210,1879593,14351,205,3
T,6607,13611146,210,1879635,15065,201,3
T,6608,13611166,210,1879678,15065,192,3
T,6609,13611186,210,1879720,15065,189,3
T,6610,13611206,210,1879764,15065,178,3
T,6611,13611226,210,1879807,15065,211,3
T,6612,13611246,210,1879846,15137,342,3
T,6613,13611266,210,1879880,15137,357,3
T,6614,13611286,210,1879914,15137,328,3
T,6615,13611306,210,1879951,15137,285,3
T,6616,13611326,210,1879989,15137,259,3
T,6617,13611346,210,1880029,12995,236,3
T,6618,13611366,210,1880071,12995,209,3
T,6619,13611386,210,1880113,12995,208,3
T,6620,13611406,210,1880155,12995,259,3
T,6621,13611426,210,1880195,12995,358,3
T,6622,13611446,210,1880235,14708,247,3
T,6623,13611466,210,1880276,14708,198,3
T,6624,13611486,210,1880318,14708,195,3
T,6625,13611506,210,1880360,14708,180,3
T,6626,13611526,210,1880403,14708,146,3
T,6627,13611546,210,1880446,14994,168,3
T,6628,13611566,210,1880490,14994,158,3
T,6629,13611586,210,1880531,14994,252,3

[host] drv timeout 2000
drv timeout 2000
timeout 2000 ms, 2000 ms remaining
  any 'drv duty' kicks it; re-issuing this command kicks it too
> T,6630,13611606,210,1880565,14994,311,3
T,6631,13611626,210,1880599,14994,425,3
T,6632,13611646,210,1880635,13637,332,3
T,6633,13611666,210,1880672,13637,267,3
T,6634,13611686,210,1880712,13637,217,3
T,6635,13611706,210,1880752,13637,231,3
T,6636,13611726,210,1880793,13637,302,3
T,6637,13611746,210,1880835,14137,318,3
T,6638,13611766,210,1880878,14137,307,3
T,6639,13611786,210,1880920,14137,321,3
T,6640,13611806,210,1880962,14137,317,3
T,6641,13611826,210,1881003,14137,237,3
T,6642,13611846,210,1881045,15065,225,3
T,6643,13611866,210,1881088,15065,192,3
T,6644,13611886,210,1881132,15065,251,3
T,6645,13611906,210,1881177,15065,262,3
T,6646,13611926,210,1881220,15065,323,3
T,6647,13611946,210,1881257,15279,349,3
T,6648,13611966,210,1881291,15279,348,3
T,6649,13611986,210,1881327,15279,382,3
T,6650,13612006,210,1881365,15279,259,3
T,6651,13612026,210,1881404,15279,256,3
T,6652,13612046,210,1881445,13209,241,3
T,6653,13612066,210,1881487,13209,219,3
T,6654,13612086,210,1881528,13209,296,3

[host] drv timeout 2000
drv timeout 2000
timeout 2000 ms, 2000 ms remaining
  any 'drv duty' kicks it; re-issuing this command kicks it too
> T,6655,13612106,210,1881570,13209,267,3
T,6656,13612126,210,1881612,13209,205,3
T,6657,13612146,210,1881653,14922,226,3
T,6658,13612166,210,1881696,14922,208,3
T,6659,13612186,210,1881739,14922,168,3
T,6660,13612206,210,1881781,14922,187,3
T,6661,13612226,210,1881825,14922,192,3
T,6662,13612246,210,1881869,15351,205,3
T,6663,13612266,210,1881913,15351,273,3
T,6664,13612286,210,1881951,15351,364,3
T,6665,13612306,210,1881984,15351,322,3
T,6666,13612326,210,1882020,15351,300,3
T,6667,13612346,210,1882057,13566,226,3
T,6668,13612366,210,1882096,13566,291,3
T,6669,13612386,210,1882134,13566,312,3
T,6670,13612406,210,1882174,13566,211,3
T,6671,13612426,210,1882215,13566,209,3
T,6672,13612446,210,1882257,14137,189,3
T,6673,13612466,210,1882298,14137,272,3
T,6674,13612486,210,1882339,14137,283,3
T,6675,13612506,210,1882380,14137,224,3
T,6676,13612526,210,1882422,14137,215,3
T,6677,13612546,210,1882464,14780,167,3
T,6678,13612566,210,1882507,14780,144,3
T,6679,13612586,210,1882549,14780,192,3

[host] drv timeout 2000
drv timeout 2000
timeout 2000 ms, 2000 ms remaining
  any 'drv duty' kicks it; re-issuing this command kicks it too
> T,6680,13612606,210,1882593,14780,187,3
T,6681,13612626,210,1882634,14780,257,3
T,6682,13612646,210,1882668,14851,433,3
T,6683,13612666,210,1882702,14851,419,3
T,6684,13612686,210,1882738,14851,295,3
T,6685,13612706,210,1882776,14851,428,3
T,6686,13612726,210,1882816,14851,233,3
T,6687,13612746,210,1882856,13209,214,3
T,6688,13612766,210,1882898,13209,176,3
T,6689,13612786,210,1882940,13209,198,3
T,6690,13612806,210,1882982,13209,227,3
T,6691,13612826,210,1883022,13209,281,3
T,6692,13612846,210,1883062,14708,272,3
T,6693,13612866,210,1883103,14708,201,3
T,6694,13612886,210,1883145,14708,158,3
T,6695,13612906,210,1883187,14708,164,3
T,6696,13612926,210,1883230,14708,153,3
T,6697,13612946,210,1883273,14994,151,3
T,6698,13612966,210,1883316,14994,178,3
T,6699,13612986,210,1883356,14994,357,3
T,6700,13613006,210,1883390,14994,312,3
T,6701,13613026,210,1883425,14994,311,3
T,6702,13613046,210,1883463,13709,249,3
T,6703,13613066,210,1883503,13709,358,3
T,6704,13613086,210,1883543,13709,337,3

[host] drv timeout 2000
drv timeout 2000
timeout 2000 ms, 2000 ms remaining
  any 'drv duty' kicks it; re-issuing this command kicks it too
> T,6705,13613106,210,1883584,13709,216,3
T,6706,13613126,210,1883626,13709,204,3
T,6707,13613146,210,1883667,14494,201,3
T,6708,13613166,210,1883708,14494,278,3
T,6709,13613186,210,1883747,14494,305,3
T,6710,13613206,210,1883786,14494,219,3
T,6711,13613226,210,1883825,14494,245,3
T,6712,13613246,210,1883865,14137,304,3
T,6713,13613266,210,1883906,14137,315,3
T,6714,13613286,210,1883948,14137,252,3
T,6715,13613306,210,1883989,14137,226,3
T,6716,13613326,210,1884030,14137,253,3
T,6717,13613346,210,1884066,14494,395,3
T,6718,13613366,210,1884100,14494,442,3
T,6719,13613386,210,1884136,14494,300,3
T,6720,13613406,210,1884174,14494,310,3
T,6721,13613426,210,1884214,14494,245,3
T,6722,13613446,210,1884255,13280,201,3
T,6723,13613466,210,1884296,13280,174,3
T,6724,13613486,210,1884338,13280,209,3
T,6725,13613506,210,1884378,13280,299,3
T,6726,13613526,210,1884417,13280,317,3
T,6727,13613546,210,1884458,14494,219,3
T,6728,13613566,210,1884498,14494,206,3
T,6729,13613586,210,1884538,14494,285,3

[host] drv timeout 2000
drv timeout 2000
timeout 2000 ms, 2000 ms remaining
  any 'drv duty' kicks it; re-issuing this command kicks it too
> T,6730,13613606,210,1884578,14494,251,3
T,6731,13613626,210,1884619,14494,209,3
T,6732,13613646,210,1884660,14494,204,3
T,6733,13613666,210,1884701,14494,200,3
T,6734,13613686,210,1884742,14494,286,3
T,6735,13613706,210,1884779,14494,369,3
T,6736,13613726,210,1884815,14494,323,3
T,6737,13613746,210,1884852,13780,278,3
T,6738,13613766,210,1884892,13780,273,3
T,6739,13613786,210,1884932,13780,293,3
T,6740,13613806,210,1884974,13780,337,3
T,6741,13613826,210,1885016,13780,327,3
T,6742,13613846,210,1885059,14637,286,3
T,6743,13613866,210,1885102,14637,291,3
T,6744,13613886,210,1885144,14637,373,3
T,6745,13613906,210,1885184,14637,233,3
T,6746,13613926,210,1885224,14637,247,3
T,6747,13613946,210,1885264,14708,259,3
T,6748,13613966,210,1885305,14708,275,3
T,6749,13613986,210,1885347,14708,230,3
T,6750,13614006,210,1885388,14708,258,3
T,6751,13614026,210,1885429,14708,269,3
T,6752,13614046,210,1885466,14494,433,3
T,6753,13614066,210,1885501,14494,358,3
T,6754,13614086,210,1885537,14494,306,3

[host] drv timeout 2000
drv T,6755,13614106,210,1885575,14494,245,3
timeout 2000
timeout 2000 ms, 2000 ms remaining
  any 'drv duty' kicks it; re-issuing this command kicks it too
> T,6756,13614126,210,1885615,14494,302,3
T,6757,13614146,210,1885656,13494,371,3
T,6758,13614166,210,1885698,13494,291,3
T,6759,13614186,210,1885740,13494,270,3
T,6760,13614206,210,1885782,13494,274,3
T,6761,13614226,210,1885823,13494,201,3
T,6762,13614246,210,1885863,14780,241,3
T,6763,13614266,210,1885904,14780,180,3
T,6764,13614286,210,1885946,14780,254,3
T,6765,13614306,210,1885988,14780,205,3
T,6766,13614326,210,1886030,14780,243,3
T,6767,13614346,210,1886073,14922,240,3
T,6768,13614366,210,1886116,14922,210,3
T,6769,13614386,210,1886156,14922,293,3
T,6770,13614406,210,1886192,14922,358,3
T,6771,13614426,210,1886228,14922,269,3
T,6772,13614446,210,1886267,13923,317,3
T,6773,13614466,210,1886307,13923,256,3
T,6774,13614486,210,1886348,13923,230,3
T,6775,13614506,210,1886390,13923,232,3
T,6776,13614526,210,1886433,13923,206,3
T,6777,13614546,210,1886475,14851,208,3
T,6778,13614566,210,1886516,14851,217,3
T,6779,13614586,210,1886558,14851,211,3

[host] drv timeout 2000
T,6780,13614606,210,1886600,14851,178,3
drv timeout 2000
timeout 2000 ms, 2000 ms remaining
  any 'drv duty' kicks it; re-issuing this command kicks it too
> T,6781,13614626,210,1886641,14851,199,3
T,6782,13614646,210,1886684,14851,198,3
T,6783,13614666,210,1886726,14851,212,3
T,6784,13614686,210,1886769,14851,199,3
T,6785,13614706,210,1886812,14851,203,3
T,6786,13614726,210,1886852,14851,440,3
T,6787,13614746,210,1886887,14637,381,3
T,6788,13614766,210,1886923,14637,251,3
T,6789,13614786,210,1886961,14637,279,3
T,6790,13614806,210,1887000,14637,380,3
T,6791,13614826,210,1887041,14637,278,3
T,6792,13614846,210,1887083,13923,225,3
T,6793,13614866,210,1887125,13923,222,3
T,6794,13614886,210,1887168,13923,222,3
T,6795,13614906,210,1887209,13923,252,3
T,6796,13614926,210,1887249,13923,203,3
T,6797,13614946,210,1887290,14780,267,3
T,6798,13614966,210,1887332,14780,231,3
T,6799,13614986,210,1887373,14780,261,3
T,6800,13615006,210,1887415,14780,247,3
T,6801,13615026,210,1887457,14780,188,3
T,6802,13615046,210,1887500,14922,203,3
T,6803,13615066,210,1887541,14922,252,3
T,6804,13615086,210,1887577,14922,503,3

[host] drv timeout 2000
T,6805,13615106,210,1887613,14922,339,3
drv timeout 2000
timeout 2000 ms, 2000 ms remaining
  any 'drv duty' kicks it; re-issuing this command kicks it too
> T,6806,13615126,210,1887651,14922,315,3
T,6807,13615146,210,1887690,13637,209,3
T,6808,13615166,210,1887731,13637,232,3
T,6809,13615186,210,1887772,13637,217,3
T,6810,13615206,210,1887815,13637,190,3
T,6811,13615226,210,1887857,13637,195,3
T,6812,13615246,210,1887899,14922,269,3
T,6813,13615266,210,1887940,14922,281,3
T,6814,13615286,210,1887982,14922,325,3
T,6815,13615306,210,1888024,14922,343,3
T,6816,13615326,210,1888066,14922,294,3
T,6817,13615346,210,1888109,14922,296,3
T,6818,13615366,210,1888152,14922,326,3
T,6819,13615386,210,1888195,14922,290,3
T,6820,13615406,210,1888237,14922,361,3
T,6821,13615426,210,1888272,14922,326,3
T,6822,13615446,210,1888307,14280,354,3
T,6823,13615466,210,1888344,14280,442,3
T,6824,13615486,210,1888383,14280,236,3
T,6825,13615506,210,1888423,14280,245,3
T,6826,13615526,210,1888464,14280,198,3
T,6827,13615546,210,1888506,14066,249,3
T,6828,13615566,210,1888549,14066,205,3
T,6829,13615586,210,1888591,14066,230,3
T,6830,13615606,210,1888632,1406
[host] drv timeout 2000
6,258,3
drv timeout 2000
timeout 2000 ms, 2000 ms remaining
  any 'drv duty' kicks it; re-issuing this command kicks it too
> T,6831,13615626,210,1888672,14066,227,3
T,6832,13615646,210,1888715,14922,178,3
T,6833,13615666,210,1888757,14922,184,3
T,6834,13615686,210,1888800,14922,150,3
T,6835,13615706,210,1888844,14922,172,3
T,6836,13615726,210,1888888,14922,243,3
T,6837,13615746,210,1888929,15351,315,3
T,6838,13615766,210,1888964,15351,525,3
T,6839,13615786,210,1888997,15351,371,3
T,6840,13615806,210,1889032,15351,249,3
T,6841,13615826,210,1889070,15351,374,3
T,6842,13615846,210,1889109,12923,277,3
T,6843,13615866,210,1889150,12923,194,3
T,6844,13615886,210,1889191,12923,220,3
T,6845,13615906,210,1889233,12923,163,3
T,6846,13615926,210,1889276,12923,233,3
T,6847,13615946,210,1889317,14780,231,3
T,6848,13615966,210,1889357,14780,299,3
T,6849,13615986,210,1889398,14780,251,3
T,6850,13616006,210,1889440,14780,179,3
T,6851,13616026,210,1889483,14780,151,3
T,6852,13616046,210,1889526,14851,200,3
T,6853,13616066,210,1889570,14851,209,3
T,6854,13616086,210,1889614,14851,280,3
T,6855,13616106,210,1889651,1485
[host] drv timeout 2000
1,322,3
drv timeout 2000
timeout 2000 ms, 2000 ms remaining
  any 'drv duty' kicks it; re-issuing this command kicks it too
> T,6856,13616126,210,1889685,14851,341,3
T,6857,13616146,210,1889720,13994,403,3
T,6858,13616166,210,1889758,13994,274,3
T,6859,13616186,210,1889797,13994,297,3
T,6860,13616206,210,1889837,13994,354,3
T,6861,13616226,210,1889879,13994,296,3
T,6862,13616246,210,1889921,14208,233,3
T,6863,13616266,210,1889963,14208,219,3
T,6864,13616286,210,1890004,14208,200,3
T,6865,13616306,210,1890046,14208,173,3
T,6866,13616326,210,1890089,14208,198,3
T,6867,13616346,210,1890132,15065,189,3
T,6868,13616366,210,1890175,15065,179,3
T,6869,13616386,210,1890219,15065,179,3
T,6870,13616406,210,1890264,15065,290,3
T,6871,13616426,210,1890308,15065,261,3
T,6872,13616446,210,1890348,15494,357,3
T,6873,13616466,210,1890383,15494,379,3
T,6874,13616486,210,1890419,15494,278,3
T,6875,13616506,210,1890457,15494,369,3
T,6876,13616526,210,1890496,15494,257,3
T,6877,13616546,210,1890535,13423,242,3
T,6878,13616566,210,1890576,13423,195,3
T,6879,13616586,210,1890618,13423,248,3
T,6880,13616606,210,1890660,1342
[host] drv timeout 2000
3,190,3
drv timeout 2000
timeout 2000 ms, 2000 ms remaining
  any 'drv duty' kicks it; re-issuing this command kicks it too
> T,6881,13616626,210,1890703,13423,229,3
T,6882,13616646,210,1890744,14851,295,3
T,6883,13616666,210,1890785,14851,236,3
T,6884,13616686,210,1890828,14851,225,3
T,6885,13616706,210,1890870,14851,209,3
T,6886,13616726,210,1890913,14851,193,3
T,6887,13616746,210,1890956,15065,199,3
T,6888,13616766,210,1891000,15065,258,3
T,6889,13616786,210,1891040,15065,342,3
T,6890,13616806,210,1891073,15065,423,3
T,6891,13616826,210,1891108,15065,311,3
T,6892,13616846,210,1891145,13637,226,3
T,6893,13616866,210,1891184,13637,269,3
T,6894,13616886,210,1891224,13637,365,3
T,6895,13616906,210,1891266,13637,306,3
T,6896,13616926,210,1891308,13637,262,3
T,6897,13616946,210,1891350,14494,274,3
T,6898,13616966,210,1891392,14494,221,3
T,6899,13616986,210,1891433,14494,216,3
T,6900,13617006,210,1891475,14494,194,3
T,6901,13617026,210,1891517,14494,205,3
T,6902,13617046,210,1891559,14922,185,3
T,6903,13617066,210,1891601,14922,172,3
T,6904,13617086,210,1891645,14922,194,3
T,6905,13617106,210,1891688,1492
[host] drv timeout 2000
2,177,3
drv timeout 2000
timeout 2000 ms, 2000 ms remaining
  any 'drv duty' kicks it; re-issuing this command kicks it too
> T,6906,13617126,210,1891732,14922,212,3
T,6907,13617146,210,1891769,15208,360,3
T,6908,13617166,210,1891804,15208,387,3
T,6909,13617186,210,1891840,15208,283,3
T,6910,13617206,210,1891878,15208,269,3
T,6911,13617226,210,1891918,15208,286,3
T,6912,13617246,210,1891959,13423,269,3
T,6913,13617266,210,1892001,13423,195,3
T,6914,13617286,210,1892043,13423,208,3
T,6915,13617306,210,1892084,13423,225,3
T,6916,13617326,210,1892124,13423,272,3
T,6917,13617346,210,1892164,14637,315,3
T,6918,13617366,210,1892204,14637,310,3
T,6919,13617386,210,1892244,14637,233,3
T,6920,13617406,210,1892284,14637,240,3
T,6921,13617426,210,1892325,14637,221,3
T,6922,13617446,210,1892368,14494,214,3
T,6923,13617466,210,1892409,14494,280,3
T,6924,13617486,210,1892448,14494,339,3
T,6925,13617506,210,1892483,14494,507,3
T,6926,13617526,210,1892516,14494,300,3
T,6927,13617546,210,1892553,13352,232,3
T,6928,13617566,210,1892592,13352,275,3
T,6929,13617586,210,1892632,13352,374,3
T,6930,13617606,210,1892673,13352,273,3

[host] drv timeout 2000
drv timeout 2000
timeout 2000 ms, 2000 ms remaining
  any 'drv duty' kicks it; re-issuing this command kicks it too
> T,6931,13617626,210,1892716,13352,238,3
T,6932,13617646,210,1892756,14423,265,3
T,6933,13617666,210,1892794,14423,290,3
T,6934,13617686,210,1892833,14423,280,3
T,6935,13617706,210,1892874,14423,193,3
T,6936,13617726,210,1892914,14423,254,3
T,6937,13617746,210,1892954,14137,272,3
T,6938,13617766,210,1892995,14137,341,3
T,6939,13617786,210,1893035,14137,242,3
T,6940,13617806,210,1893076,14137,214,3
T,6941,13617826,210,1893117,14137,224,3
T,6942,13617846,210,1893156,14494,297,3
T,6943,13617866,210,1893192,14494,281,3
T,6944,13617886,210,1893229,14494,395,3
T,6945,13617906,210,1893267,14494,235,3
T,6946,13617926,210,1893307,14494,283,3
T,6947,13617946,210,1893348,13637,232,3
T,6948,13617966,210,1893389,13637,256,3
T,6949,13617986,210,1893432,13637,265,3
T,6950,13618006,210,1893475,13637,208,3
T,6951,13618026,210,1893518,13637,265,3
T,6952,13618046,210,1893559,15065,283,3
T,6953,13618066,210,1893600,15065,220,3
T,6954,13618086,210,1893640,15065,210,3
T,6955,13618106,210,1893681,15065,231,3

[host] drv timeout 2000
drv timeout 2000
timeout 2000 ms, 2000 ms remaining
  any 'drv duty' kicks it; re-issuing this command kicks it too
> T,6956,13618126,210,1893722,15065,237,3
T,6957,13618146,210,1893764,14637,249,3
T,6958,13618166,210,1893807,14637,278,3
T,6959,13618186,210,1893848,14637,408,3
T,6960,13618206,210,1893884,14637,358,3
T,6961,13618226,210,1893920,14637,291,3
T,6962,13618246,210,1893958,13851,304,3
T,6963,13618266,210,1893997,13851,375,3
T,6964,13618286,210,1894038,13851,289,3
T,6965,13618306,210,1894080,13851,212,3
T,6966,13618326,210,1894123,13851,199,3
T,6967,13618346,210,1894165,14708,221,3
T,6968,13618366,210,1894208,14708,214,3
T,6969,13618386,210,1894249,14708,248,3
T,6970,13618406,210,1894289,14708,206,3
T,6971,13618426,210,1894330,14708,274,3
T,6972,13618446,210,1894372,14780,203,3
T,6973,13618466,210,1894414,14780,243,3
T,6974,13618486,210,1894456,14780,247,3
T,6975,13618506,210,1894500,14780,196,3
T,6976,13618526,210,1894541,14780,329,3
T,6977,13618546,210,1894579,14922,366,3
T,6978,13618566,210,1894615,14922,374,3
T,6979,13618586,210,1894652,14922,295,3
T,6980,13618606,210,1894691,14922,259,3

[host] drv timeout 2000
drv timeout 2000
timeout 2000 ms, 2000 ms remaining
  any 'drv duty' kicks it; re-issuing this command kicks it too
> T,6981,13618626,210,1894731,14922,221,3
T,6982,13618646,210,1894772,13709,201,3
T,6983,13618666,210,1894814,13709,188,3
T,6984,13618686,210,1894856,13709,166,3
T,6985,13618706,210,1894898,13709,231,3
T,6986,13618726,210,1894939,13709,265,3
T,6987,13618746,210,1894980,14851,289,3
T,6988,13618766,210,1895022,14851,343,3
T,6989,13618786,210,1895064,14851,349,3
T,6990,13618806,210,1895106,14851,274,3
T,6991,13618826,210,1895148,14851,253,3
T,6992,13618846,210,1895191,14994,304,3
T,6993,13618866,210,1895233,14994,284,3
T,6994,13618886,210,1895271,14994,352,3
T,6995,13618906,210,1895307,14994,264,3
T,6996,13618926,210,1895344,14994,283,3
T,6997,13618946,210,1895384,13851,386,3
T,6998,13618966,210,1895424,13851,220,3
T,6999,13618986,210,1895465,13851,209,3
T,7000,13619006,210,1895508,13851,184,3
T,7001,13619026,210,1895551,13851,185,3
T,7002,13619046,210,1895593,14851,198,3
T,7003,13619066,210,1895634,14851,192,3
T,7004,13619086,210,1895676,14851,230,3
T,7005,13619106,210,1895717,14851,208,3

[host] drv timeout 2000
drv timeout 2000
timeout 2000 ms, 2000 ms remaining
  any 'drv duty' kicks it; re-issuing this command kicks it too
> T,7006,13619126,210,1895759,14851,242,3
T,7007,13619146,210,1895800,14851,256,3
T,7008,13619166,210,1895843,14851,220,3
T,7009,13619186,210,1895885,14851,247,3
T,7010,13619206,210,1895928,14851,301,3
T,7011,13619226,210,1895965,14851,352,3
T,7012,13619246,210,1896001,14423,360,3
T,7013,13619266,210,1896038,14423,285,3
T,7014,13619286,210,1896077,14423,297,3
T,7015,13619306,210,1896118,14423,236,3
T,7016,13619326,210,1896159,14423,194,3
T,7017,13619346,210,1896201,14208,147,3
T,7018,13619366,210,1896244,14208,184,3
T,7019,13619386,210,1896287,14208,201,3
T,7020,13619406,210,1896328,14208,195,3
T,7021,13619426,210,1896368,14208,231,3
T,7022,13619446,210,1896410,14851,262,3
T,7023,13619466,210,1896452,14851,281,3
T,7024,13619486,210,1896494,14851,305,3
T,7025,13619506,210,1896537,14851,281,3
T,7026,13619526,210,1896580,14851,281,3
T,7027,13619546,210,1896621,15137,374,3
T,7028,13619566,210,1896659,15137,302,3
T,7029,13619586,210,1896693,15137,384,3
T,7030,13619606,210,1896728,15137,481,3

[host] drv timeout 2000
drv timeout 2000
timeout 2000 ms, 2000 ms remaining
  any 'drv duty' kicks it; re-issuing this command kicks it too
> T,7031,13619626,210,1896766,15137,257,3
T,7032,13619646,210,1896805,13137,248,3
T,7033,13619666,210,1896847,13137,245,3
T,7034,13619686,210,1896888,13137,268,3
T,7035,13619706,210,1896931,13137,225,3
T,7036,13619726,210,1896973,13137,263,3
T,7037,13619746,210,1897014,14851,235,3
T,7038,13619766,210,1897055,14851,217,3
T,7039,13619786,210,1897096,14851,168,3
T,7040,13619806,210,1897139,14851,188,3
T,7041,13619826,210,1897181,14851,157,3
T,7042,13619846,210,1897225,15065,113,3
T,7043,13619866,210,1897269,15065,157,3
T,7044,13619886,210,1897313,15065,232,3
T,7045,13619906,210,1897351,15065,375,3
T,7046,13619926,210,1897384,15065,385,3
T,7047,13619946,210,1897419,13994,313,3
T,7048,13619966,210,1897456,13994,275,3
T,7049,13619986,210,1897495,13994,384,3
T,7050,13620006,210,1897536,13994,209,3
T,7051,13620026,210,1897577,13994,208,3
T,7052,13620046,210,1897619,14208,174,3
T,7053,13620066,210,1897662,14208,162,3
T,7054,13620086,210,1897705,14208,200,3
T,7055,13620106,210,1897747,14208,199,3

[host] drv timeout 2000
drv timeout 2000
timeout 2000 ms, 2000 ms remaining
  any 'drv duty' kicks it; re-issuing this command kicks it too
> T,7056,13620126,210,1897788,14208,236,3
T,7057,13620146,210,1897829,14922,222,3
T,7058,13620166,210,1897871,14922,208,3
T,7059,13620186,210,1897914,14922,220,3
T,7060,13620206,210,1897958,14922,180,3
T,7061,13620226,210,1898002,14922,173,3
T,7062,13620246,210,1898040,15279,349,3
T,7063,13620266,210,1898074,15279,469,3
T,7064,13620286,210,1898108,15279,339,3
T,7065,13620306,210,1898144,15279,331,3
T,7066,13620326,210,1898181,15279,333,3
T,7067,13620346,210,1898220,12709,304,3
T,7068,13620366,210,1898260,12709,220,3
T,7069,13620386,210,1898301,12709,206,3
T,7070,13620406,210,1898342,12709,242,3
T,7071,13620426,210,1898382,12709,275,3
T,7072,13620446,210,1898423,14494,277,3
T,7073,13620466,210,1898464,14494,224,3
T,7074,13620486,210,1898506,14494,169,3
T,7075,13620506,210,1898548,14494,174,3
T,7076,13620526,210,1898591,14494,155,3
T,7077,13620546,210,1898635,15065,174,3
T,7078,13620566,210,1898679,15065,216,3
T,7079,13620586,210,1898722,15065,288,3
T,7080,13620606,210,1898759,15065,390,3

[host] drv timeout 2000
drv timeout 2000
timeout 2000 ms, 2000 ms remaining
  any 'drv duty' kicks it; re-issuing this command kicks it too
> T,7081,13620626,210,1898793,15065,350,3
T,7082,13620646,210,1898830,14066,361,3
T,7083,13620666,210,1898868,14066,270,3
T,7084,13620686,210,1898906,14066,312,3
T,7085,13620706,210,1898945,14066,316,3
T,7086,13620726,210,1898986,14066,230,3
T,7087,13620746,210,1899028,14066,199,3
T,7088,13620766,210,1899071,14066,187,3
T,7089,13620786,210,1899113,14066,204,3
T,7090,13620806,210,1899155,14066,198,3
T,7091,13620826,210,1899197,14066,206,3
T,7092,13620846,210,1899239,15065,196,3
T,7093,13620866,210,1899282,15065,161,3
T,7094,13620886,210,1899325,15065,187,3
T,7095,13620906,210,1899369,15065,179,3
T,7096,13620926,210,1899412,15065,204,3
T,7097,13620946,210,1899451,15208,345,3
T,7098,13620966,210,1899483,15208,429,3
T,7099,13620986,210,1899518,15208,316,3
T,7100,13621006,210,1899555,15208,300,3
T,7101,13621026,210,1899594,15208,216,3
T,7102,13621046,210,1899635,12995,221,3
T,7103,13621066,210,1899676,12995,205,3
T,7104,13621086,210,1899718,12995,209,3
T,7105,13621106,210,1899761,12995,209,3

[host] drv timeout 2000
drv timeout 2000
timeout 2000 ms, 2000 ms remaining
  any 'drv duty' kicks it; re-issuing this command kicks it too
> T,7106,13621126,210,1899802,12995,279,3
T,7107,13621146,210,1899843,14922,350,3
T,7108,13621166,210,1899884,14922,281,3
T,7109,13621186,210,1899925,14922,222,3
T,7110,13621206,210,1899967,14922,195,3
T,7111,13621226,210,1900010,14922,196,3
T,7112,13621246,210,1900053,14922,205,3
T,7113,13621266,210,1900096,14922,188,3
T,7114,13621286,210,1900138,14922,285,3
T,7115,13621306,210,1900173,14922,443,3
T,7116,13621326,210,1900208,14922,334,3
T,7117,13621346,210,1900246,13923,312,3
T,7118,13621366,210,1900285,13923,272,3
T,7119,13621386,210,1900324,13923,232,3
T,7120,13621406,210,1900365,13923,277,3
T,7121,13621426,210,1900408,13923,269,3
T,7122,13621446,210,1900450,14423,238,3
T,7123,13621466,210,1900492,14423,226,3
T,7124,13621486,210,1900533,14423,235,3
T,7125,13621506,210,1900573,14423,235,3
T,7126,13621526,210,1900614,14423,263,3
T,7127,13621546,210,1900655,14637,288,3
T,7128,13621566,210,1900696,14637,341,3
T,7129,13621586,210,1900739,14637,290,3
T,7130,13621606,210,1900781,14637,315,3

[host] drv timeout 2000
drv timeout 2000
timeout 2000 ms, 2000 ms remaining
  any 'drv duty' kicks it; re-issuing this command kicks it too
> T,7131,13621626,210,1900823,14637,361,3
T,7132,13621646,210,1900861,14851,318,3
T,7133,13621666,210,1900895,14851,381,3
T,7134,13621686,210,1900930,14851,414,3
T,7135,13621706,210,1900968,14851,274,3
T,7136,13621726,210,1901007,14851,235,3
T,7137,13621746,210,1901048,13280,291,3
T,7138,13621766,210,1901090,13280,231,3
T,7139,13621786,210,1901132,13280,226,3
T,7140,13621806,210,1901172,13280,264,3
T,7141,13621826,210,1901211,13280,296,3
T,7142,13621846,210,1901251,14494,354,3
T,7143,13621866,210,1901292,14494,265,3
T,7144,13621886,210,1901333,14494,231,3
T,7145,13621906,210,1901374,14494,233,3
T,7146,13621926,210,1901415,14494,233,3
T,7147,13621946,210,1901456,14565,227,3
T,7148,13621966,210,1901497,14565,261,3
T,7149,13621986,210,1901539,14565,275,3
T,7150,13622006,210,1901576,14565,304,3
T,7151,13622026,210,1901611,14565,332,3
T,7152,13622046,210,1901649,13851,289,3
T,7153,13622066,210,1901688,13851,316,3
T,7154,13622086,210,1901728,13851,219,3
T,7155,13622106,210,1901768,13851,178,3

[host] drv timeout 2000
drv timeout 2000
timeout 2000 ms, 2000 ms remaining
  any 'drv duty' kicks it; re-issuing this command kicks it too
> T,7156,13622126,210,1901811,13851,203,3
T,7157,13622146,210,1901853,14494,176,3
T,7158,13622166,210,1901896,14494,174,3
T,7159,13622186,210,1901937,14494,248,3
T,7160,13622206,210,1901978,14494,279,3
T,7161,13622226,210,1902019,14494,353,3
T,7162,13622246,210,1902060,14780,262,3
T,7163,13622266,210,1902101,14780,210,3
T,7164,13622286,210,1902143,14780,210,3
T,7165,13622306,210,1902185,14780,206,3
T,7166,13622326,210,1902226,14780,212,3
T,7167,13622346,210,1902265,14780,337,3
T,7168,13622366,210,1902300,14780,365,3
T,7169,13622386,210,1902337,14780,315,3
T,7170,13622406,210,1902375,14780,262,3
T,7171,13622426,210,1902415,14780,256,3
T,7172,13622446,210,1902455,13494,275,3
T,7173,13622466,210,1902497,13494,217,3
T,7174,13622486,210,1902540,13494,180,3
T,7175,13622506,210,1902582,13494,216,3
T,7176,13622526,210,1902624,13494,219,3
T,7177,13622546,210,1902664,14922,183,3
T,7178,13622566,210,1902706,14922,215,3
T,7179,13622586,210,1902748,14922,200,3
T,7180,13622606,210,1902790,14922,208,3

[host] drv timeout 2000
drv timeout 2000
timeout 2000 ms, 2000 ms remaining
  any 'drv duty' kicks it; re-issuing this command kicks it too
> T,7181,13622626,210,1902833,14922,195,3
T,7182,13622646,210,1902876,15065,164,3
T,7183,13622666,210,1902920,15065,178,3
T,7184,13622686,210,1902960,15065,326,3
T,7185,13622706,210,1902996,15065,293,3
T,7186,13622726,210,1903032,15065,348,3
T,7187,13622746,210,1903071,14066,232,3
T,7188,13622766,210,1903112,14066,210,3
T,7189,13622786,210,1903153,14066,216,3
T,7190,13622806,210,1903195,14066,227,3
T,7191,13622826,210,1903238,14066,214,3
T,7192,13622846,210,1903280,14851,216,3
T,7193,13622866,210,1903321,14851,309,3
T,7194,13622886,210,1903362,14851,338,3
T,7195,13622906,210,1903404,14851,243,3
T,7196,13622926,210,1903445,14851,230,3
T,7197,13622946,210,1903487,14780,196,3
T,7198,13622966,210,1903529,14780,190,3
T,7199,13622986,210,1903572,14780,187,3
T,7200,13623006,210,1903614,14780,211,3
T,7201,13623026,210,1903654,14780,327,3
T,7202,13623046,210,1903689,14565,267,3
T,7203,13623066,210,1903726,14565,434,3
T,7204,13623086,210,1903764,14565,268,3
T,7205,13623106,210,1903804,14565,285,3

[host] drv timeout 2000
drvT,7206,13623126,210,1903844,14565,233,3
 timeout 2000
timeout 2000 ms, 2000 ms remaining
  any 'drv duty' kicks it; re-issuing this command kicks it too
> T,7207,13623146,210,1903886,13851,251,3
T,7208,13623166,210,1903929,13851,264,3
T,7209,13623186,210,1903971,13851,231,3
T,7210,13623206,210,1904012,13851,262,3
T,7211,13623226,210,1904053,13851,232,3
T,7212,13623246,210,1904095,14922,229,3
T,7213,13623266,210,1904136,14922,179,3
T,7214,13623286,210,1904178,14922,192,3
T,7215,13623306,210,1904221,14922,172,3
T,7216,13623326,210,1904264,14922,168,3
T,7217,13623346,210,1904306,15065,192,3
T,7218,13623366,210,1904347,15065,327,3
T,7219,13623386,210,1904383,15065,306,3
T,7220,13623406,210,1904419,15065,336,3
T,7221,13623426,210,1904456,15065,215,3
T,7222,13623446,210,1904496,13637,248,3
T,7223,13623466,210,1904537,13637,321,3
T,7224,13623486,210,1904579,13637,311,3
T,7225,13623506,210,1904621,13637,317,3
T,7226,13623526,210,1904664,13637,285,3
T,7227,13623546,210,1904707,15065,332,3
T,7228,13623566,210,1904748,15065,289,3
T,7229,13623586,210,1904790,15065,245,3
T,7230,13623606,210,1904832,15065,196,3

[host] drv timeout 2000
T,7231,13623626,210,1904874,15065,189,3
drv timeout 2000
timeout 2000 ms, 2000 ms remaining
  any 'drv duty' kicks it; re-issuing this command kicks it too
> T,7232,13623646,210,1904916,14922,192,3
T,7233,13623666,210,1904960,14922,179,3
T,7234,13623686,210,1905003,14922,217,3
T,7235,13623706,210,1905044,14922,289,3
T,7236,13623726,210,1905078,14922,419,3
T,7237,13623746,210,1905113,14137,482,3
T,7238,13623766,210,1905150,14137,285,3
T,7239,13623786,210,1905189,14137,236,3
T,7240,13623806,210,1905229,14137,267,3
T,7241,13623826,210,1905270,14137,237,3
T,7242,13623846,210,1905312,14137,201,3
T,7243,13623866,210,1905354,14137,190,3
T,7244,13623886,210,1905395,14137,230,3
T,7245,13623906,210,1905435,14137,240,3
T,7246,13623926,210,1905476,14137,279,3
T,7247,13623946,210,1905517,14637,336,3
T,7248,13623966,210,1905560,14637,329,3
T,7249,13623986,210,1905602,14637,277,3
T,7250,13624006,210,1905646,14637,262,3
T,7251,13624026,210,1905690,14637,203,3
T,7252,13624046,210,1905731,15351,446,3
T,7253,13624066,210,1905766,15351,405,3
T,7254,13624086,210,1905800,15351,281,3
T,7255,13624106,210,1905836,15351,364,3

[host] drv timeout 2000
T,7256,13624126,210,1905875,15351,235,3
drv timeout 2000
timeout 2000 ms, 2000 ms remaining
  any 'drv duty' kicks it; re-issuing this command kicks it too
> T,7257,13624146,210,1905915,13066,267,3
T,7258,13624166,210,1905956,13066,227,3
T,7259,13624186,210,1905997,13066,273,3
T,7260,13624206,210,1906040,13066,263,3
T,7261,13624226,210,1906083,13066,248,3
T,7262,13624246,210,1906125,14922,264,3
T,7263,13624266,210,1906166,14922,249,3
T,7264,13624286,210,1906208,14922,203,3
T,7265,13624306,210,1906250,14922,167,3
T,7266,13624326,210,1906293,14922,163,3
T,7267,13624346,210,1906337,15137,198,3
T,7268,13624366,210,1906382,15137,210,3
T,7269,13624386,210,1906425,15137,313,3
T,7270,13624406,210,1906461,15137,382,3
T,7271,13624426,210,1906496,15137,294,3
T,7272,13624446,210,1906532,14066,294,3
T,7273,13624466,210,1906570,14066,235,3
T,7274,13624486,210,1906610,14066,246,3
T,7275,13624506,210,1906650,14066,272,3
T,7276,13624526,210,1906692,14066,281,3
T,7277,13624546,210,1906734,14280,305,3
T,7278,13624566,210,1906776,14280,359,3
T,7279,13624586,210,1906817,14280,283,3
T,7280,13624606,210,1906859,14280,216,3
T,7281,13624626,210,1906901,1428
[host] drv timeout 2000
0,209,3
drv timeout 2000
timeout 2000 ms, 2000 ms remaining
  any 'drv duty' kicks it; re-issuing this command kicks it too
> T,7282,13624646,210,1906944,14994,190,3
T,7283,13624666,210,1906987,14994,194,3
T,7284,13624686,210,1907031,14994,264,3
T,7285,13624706,210,1907075,14994,262,3
T,7286,13624726,210,1907118,14994,373,3
T,7287,13624746,210,1907155,15208,325,3
T,7288,13624766,210,1907189,15208,353,3
T,7289,13624786,210,1907226,15208,355,3
T,7290,13624806,210,1907264,15208,267,3
T,7291,13624826,210,1907302,15208,278,3
T,7292,13624846,210,1907341,13209,299,3
T,7293,13624866,210,1907382,13209,240,3
T,7294,13624886,210,1907424,13209,200,3
T,7295,13624906,210,1907465,13209,189,3
T,7296,13624926,210,1907506,13209,246,3
T,7297,13624946,210,1907547,14637,270,3
T,7298,13624966,210,1907588,14637,285,3
T,7299,13624986,210,1907630,14637,320,3
T,7300,13625006,210,1907672,14637,323,3
T,7301,13625026,210,1907715,14637,277,3
T,7302,13625046,210,1907758,15065,289,3
T,7303,13625066,210,1907801,15065,237,3
T,7304,13625086,210,1907842,15065,391,3
T,7305,13625106,210,1907875,15065,438,3
T,7306,13625126,210,1907909,1506
[host] drv timeout 2000
5,377,3
drv timeout 2000
timeout 2000 ms, 2000 ms remaining
  any 'drv duty' kicks it; re-issuing this command kicks it too
> T,7307,13625146,210,1907946,13566,288,3
T,7308,13625166,210,1907984,13566,227,3
T,7309,13625186,210,1908024,13566,306,3
T,7310,13625206,210,1908065,13566,235,3
T,7311,13625226,210,1908108,13566,195,3
T,7312,13625246,210,1908150,14423,219,3
T,7313,13625266,210,1908192,14423,210,3
T,7314,13625286,210,1908233,14423,192,3
T,7315,13625306,210,1908274,14423,225,3
T,7316,13625326,210,1908316,14423,216,3
T,7317,13625346,210,1908358,14851,215,3
T,7318,13625366,210,1908400,14851,200,3
T,7319,13625386,210,1908444,14851,185,3
T,7320,13625406,210,1908487,14851,162,3
T,7321,13625426,210,1908530,14851,220,3
T,7322,13625446,210,1908568,15137,477,3
T,7323,13625466,210,1908602,15137,366,3
T,7324,13625486,210,1908639,15137,273,3
T,7325,13625506,210,1908678,15137,275,3
T,7326,13625526,210,1908718,15137,359,3
T,7327,13625546,210,1908759,13566,349,3
T,7328,13625566,210,1908801,13566,252,3
T,7329,13625586,210,1908844,13566,229,3
T,7330,13625606,210,1908885,13566,240,3
T,7331,13625626,210,1908925,13566,251,3

[host] drv timeout 2000
drv timeout 2000
timeout 2000 ms, 2000 ms remaining
  any 'drv duty' kicks it; re-issuing this command kicks it too
> T,7332,13625646,210,1908964,14708,252,3
T,7333,13625666,210,1909004,14708,240,3
T,7334,13625686,210,1909043,14708,219,3
T,7335,13625706,210,1909084,14708,221,3
T,7336,13625726,210,1909125,14708,248,3
T,7337,13625746,210,1909167,14351,277,3
T,7338,13625766,210,1909208,14351,365,3
T,7339,13625786,210,1909248,14351,281,3
T,7340,13625806,210,1909282,14351,403,3
T,7341,13625826,210,1909317,14351,352,3
T,7342,13625846,210,1909355,13494,283,3
T,7343,13625866,210,1909394,13494,237,3
T,7344,13625886,210,1909434,13494,274,3
T,7345,13625906,210,1909476,13494,221,3
T,7346,13625926,210,1909518,13494,258,3
T,7347,13625946,210,1909559,14565,295,3
T,7348,13625966,210,1909599,14565,262,3
T,7349,13625986,210,1909639,14565,241,3
T,7350,13626006,210,1909680,14565,259,3
T,7351,13626026,210,1909720,14565,395,3
T,7352,13626046,210,1909760,14351,235,3
T,7353,13626066,210,1909801,14351,211,3
T,7354,13626086,210,1909843,14351,189,3
T,7355,13626106,210,1909884,14351,225,3
T,7356,13626126,210,1909926,14351,253,3

[host] drv timeout 2000
drv timeout 2000
timeout 2000 ms, 2000 ms remaining
  any 'drv duty' kicks it; re-issuing this command kicks it too
> T,7357,13626146,210,1909965,14708,360,3
T,7358,13626166,210,1910001,14708,343,3
T,7359,13626186,210,1910038,14708,325,3
T,7360,13626206,210,1910077,14708,240,3
T,7361,13626226,210,1910117,14708,248,3
T,7362,13626246,210,1910159,13780,230,3
T,7363,13626266,210,1910201,13780,254,3
T,7364,13626286,210,1910245,13780,195,3
T,7365,13626306,210,1910288,13780,176,3
T,7366,13626326,210,1910330,13780,261,3
T,7367,13626346,210,1910372,15137,251,3
T,7368,13626366,210,1910412,15137,245,3
T,7369,13626386,210,1910452,15137,232,3
T,7370,13626406,210,1910492,15137,210,3
T,7371,13626426,210,1910533,15137,253,3
T,7372,13626446,210,1910575,14565,270,3
T,7373,13626466,210,1910616,14565,385,3
T,7374,13626486,210,1910656,14565,262,3
T,7375,13626506,210,1910691,14565,357,3
T,7376,13626526,210,1910728,14565,269,3
T,7377,13626546,210,1910765,13637,406,3
T,7378,13626566,210,1910805,13637,251,3
T,7379,13626586,210,1910846,13637,203,3
T,7380,13626606,210,1910888,13637,210,3
T,7381,13626626,210,1910930,13637,166,3

[host] drv timeout 2000
drv timeout 2000
timeout 2000 ms, 2000 ms remaining
  any 'drv duty' kicks it; re-issuing this command kicks it too
> T,7382,13626646,210,1910973,14708,216,3
T,7383,13626666,210,1911014,14708,253,3
T,7384,13626686,210,1911055,14708,259,3
T,7385,13626706,210,1911096,14708,281,3
T,7386,13626726,210,1911137,14708,240,3
T,7387,13626746,210,1911179,14708,205,3
T,7388,13626766,210,1911221,14708,209,3
T,7389,13626786,210,1911264,14708,180,3
T,7390,13626806,210,1911308,14708,189,3
T,7391,13626826,210,1911349,14708,269,3
T,7392,13626846,210,1911385,14922,421,3
T,7393,13626866,210,1911422,14922,278,3
T,7394,13626886,210,1911460,14922,243,3
T,7395,13626906,210,1911500,14922,254,3
T,7396,13626926,210,1911541,14922,230,3
T,7397,13626946,210,1911584,13994,201,3
T,7398,13626966,210,1911626,13994,155,3
T,7399,13626986,210,1911669,13994,194,3
T,7400,13627006,210,1911711,13994,222,3
T,7401,13627026,210,1911752,13994,178,3
T,7402,13627046,210,1911794,14994,236,3
T,7403,13627066,210,1911836,14994,200,3
T,7404,13627086,210,1911878,14994,217,3
T,7405,13627106,210,1911921,14994,205,3
T,7406,13627126,210,1911964,14994,189,3

[host] drv timeout 2000
drv timeout 2000
timeout 2000 ms, 2000 ms remaining
  any 'drv duty' kicks it; re-issuing this command kicks it too
> T,7407,13627146,210,1912007,15208,189,3
T,7408,13627166,210,1912049,15208,265,3
T,7409,13627186,210,1912085,15208,344,3
T,7410,13627206,210,1912122,15208,354,3
T,7411,13627226,210,1912160,15208,258,3
T,7412,13627246,210,1912200,13851,208,3
T,7413,13627266,210,1912241,13851,229,3
T,7414,13627286,210,1912284,13851,222,3
T,7415,13627306,210,1912327,13851,190,3
T,7416,13627326,210,1912369,13851,199,3
T,7417,13627346,210,1912412,15065,273,3
T,7418,13627366,210,1912452,15065,283,3
T,7419,13627386,210,1912493,15065,352,3
T,7420,13627406,210,1912535,15065,320,3
T,7421,13627426,210,1912576,15065,232,3
T,7422,13627446,210,1912618,14708,201,3
T,7423,13627466,210,1912660,14708,198,3
T,7424,13627486,210,1912703,14708,201,3
T,7425,13627506,210,1912744,14708,270,3
T,7426,13627526,210,1912780,14708,332,3
T,7427,13627546,210,1912816,14280,326,3
T,7428,13627566,210,1912855,14280,333,3
T,7429,13627586,210,1912894,14280,216,3
T,7430,13627606,210,1912934,14280,233,3
T,7431,13627626,210,1912976,14280,203,3

[host] drv timeout 2000
drv timeout 2000
timeout 2000 ms, 2000 ms remaining
  any 'drv duty' kicks it; re-issuing this command kicks it too
> T,7432,13627646,210,1913018,14280,235,3
T,7433,13627666,210,1913060,14280,193,3
T,7434,13627686,210,1913102,14280,246,3
T,7435,13627706,210,1913143,14280,279,3
T,7436,13627726,210,1913185,14280,216,3
T,7437,13627746,210,1913227,14922,192,3
T,7438,13627766,210,1913269,14922,204,3
T,7439,13627786,210,1913312,14922,166,3
T,7440,13627806,210,1913356,14922,179,3
T,7441,13627826,210,1913398,14922,230,3
T,7442,13627846,210,1913439,15208,274,3
T,7443,13627866,210,1913475,15208,506,3
T,7444,13627886,210,1913509,15208,336,3
T,7445,13627906,210,1913546,15208,240,3
T,7446,13627926,210,1913584,15208,259,3
T,7447,13627946,210,1913624,13209,369,3
T,7448,13627966,210,1913666,13209,309,3
T,7449,13627986,210,1913708,13209,278,3
T,7450,13628006,210,1913751,13209,316,3
T,7451,13628026,210,1913793,13209,263,3
T,7452,13628046,210,1913833,14922,254,3
T,7453,13628066,210,1913873,14922,203,3
T,7454,13628086,210,1913915,14922,263,3
T,7455,13628106,210,1913957,14922,205,3
T,7456,13628126,210,1914000,14922,180,3

[host] drv timeout 2000
drv timeout 2000
timeout 2000 ms, 2000 ms remaining
  any 'drv duty' kicks it; re-issuing this command kicks it too
> T,7457,13628146,210,1914044,14994,184,3
T,7458,13628166,210,1914088,14994,158,3
T,7459,13628186,210,1914130,14994,226,3
T,7460,13628206,210,1914165,14994,279,3
T,7461,13628226,210,1914198,14994,391,3
T,7462,13628246,210,1914233,13709,359,3
T,7463,13628266,210,1914271,13709,289,3
T,7464,13628286,210,1914310,13709,269,3
T,7465,13628306,210,1914351,13709,301,3
T,7466,13628326,210,1914392,13709,339,3
T,7467,13628346,210,1914435,14208,320,3
T,7468,13628366,210,1914477,14208,302,3
T,7469,13628386,210,1914520,14208,344,3
T,7470,13628406,210,1914560,14208,216,3
T,7471,13628426,210,1914600,14208,220,3
T,7472,13628446,210,1914641,14780,201,3
T,7473,13628466,210,1914684,14780,214,3
T,7474,13628486,210,1914728,14780,168,3
T,7475,13628506,210,1914772,14780,164,3
T,7476,13628526,210,1914816,14780,214,3
T,7477,13628546,210,1914853,15279,385,3
T,7478,13628566,210,1914887,15279,385,3
T,7479,13628586,210,1914922,15279,342,3
T,7480,13628606,210,1914959,15279,273,3
T,7481,13628626,210,1914997,15279,284,3

[host] drv timeout 2000
drv timeout 2000
timeout 2000 ms, 2000 ms remaining
  any 'drv duty' kicks it; re-issuing this command kicks it too
> T,7482,13628646,210,1915038,12995,240,3
T,7483,13628666,210,1915079,12995,203,3
T,7484,13628686,210,1915121,12995,225,3
T,7485,13628706,210,1915162,12995,264,3
T,7486,13628726,210,1915204,12995,283,3
T,7487,13628746,210,1915246,14851,321,3
T,7488,13628766,210,1915288,14851,338,3
T,7489,13628786,210,1915331,14851,286,3
T,7490,13628806,210,1915374,14851,264,3
T,7491,13628826,210,1915418,14851,180,3
T,7492,13628846,210,1915463,15422,146,3
T,7493,13628866,210,1915508,15422,157,3
T,7494,13628886,210,1915547,15422,360,3
T,7495,13628906,210,1915582,15422,273,3
T,7496,13628926,210,1915619,15422,301,3
T,7497,13628946,210,1915656,13994,246,3
T,7498,13628966,210,1915695,13994,291,3
T,7499,13628986,210,1915735,13994,342,3
T,7500,13629006,210,1915776,13994,212,3
T,7501,13629026,210,1915817,13994,205,3
T,7502,13629046,210,1915860,14423,189,3
T,7503,13629066,210,1915901,14423,195,3
T,7504,13629086,210,1915943,14423,232,3
T,7505,13629106,210,1915984,14423,189,3
T,7506,13629126,210,1916026,14423,261,3

[host] drv timeout 2000
drv timeout 2000
timeout 2000 ms, 2000 ms remaining
  any 'drv duty' kicks it; re-issuing this command kicks it too
> T,7507,13629146,210,1916068,14922,189,3
T,7508,13629166,210,1916111,14922,210,3
T,7509,13629186,210,1916154,14922,227,3
T,7510,13629206,210,1916197,14922,193,3
T,7511,13629226,210,1916238,14922,406,3
T,7512,13629246,210,1916272,14708,391,3
T,7513,13629266,210,1916307,14708,281,3
T,7514,13629286,210,1916344,14708,331,3
T,7515,13629306,210,1916382,14708,238,3
T,7516,13629326,210,1916423,14708,237,3
T,7517,13629346,210,1916464,13494,240,3
T,7518,13629366,210,1916505,13494,258,3
T,7519,13629386,210,1916548,13494,265,3
T,7520,13629406,210,1916590,13494,347,3
T,7521,13629426,210,1916631,13494,338,3
T,7522,13629446,210,1916672,14922,226,3
T,7523,13629466,210,1916714,14922,208,3
T,7524,13629486,210,1916756,14922,193,3
T,7525,13629506,210,1916799,14922,196,3
T,7526,13629526,210,1916842,14922,171,3
T,7527,13629546,210,1916885,15137,188,3
T,7528,13629566,210,1916928,15137,236,3
T,7529,13629586,210,1916966,15137,381,3
T,7530,13629606,210,1917000,15137,311,3
T,7531,13629626,210,1917036,15137,328,3

[host] drv timeout 2000
drv timeout 2000
timeout 2000 ms, 2000 ms remaining
  any 'drv duty' kicks it; re-issuing this command kicks it too
> T,7532,13629646,210,1917074,13566,233,3
T,7533,13629666,210,1917113,13566,284,3
T,7534,13629686,210,1917154,13566,245,3
T,7535,13629706,210,1917196,13566,209,3
T,7536,13629726,210,1917238,13566,217,3
T,7537,13629746,210,1917280,14708,214,3
T,7538,13629766,210,1917320,14708,214,3
T,7539,13629786,210,1917360,14708,278,3
T,7540,13629806,210,1917399,14708,353,3
T,7541,13629826,210,1917439,14708,225,3
T,7542,13629846,210,1917480,14280,199,3
T,7543,13629866,210,1917522,14280,176,3
T,7544,13629886,210,1917565,14280,217,3
T,7545,13629906,210,1917607,14280,194,3
T,7546,13629926,210,1917647,14280,311,3
T,7547,13629946,210,1917681,14494,379,3
T,7548,13629966,210,1917716,14494,301,3
T,7549,13629986,210,1917753,14494,332,3
T,7550,13630006,210,1917792,14494,231,3
T,7551,13630026,210,1917832,14494,193,3
T,7552,13630046,210,1917873,13566,209,3
T,7553,13630066,210,1917915,13566,212,3
T,7554,13630086,210,1917957,13566,274,3
T,7555,13630106,210,1917996,13566,322,3
T,7556,13630126,210,1918035,13566,219,3

[host] drv timeout 2000
drv timeout 2000
timeout 2000 ms, 2000 ms remaining
  any 'drv duty' kicks it; re-issuing this command kicks it too
> T,7557,13630146,210,1918075,14423,278,3
T,7558,13630166,210,1918115,14423,259,3
T,7559,13630186,210,1918155,14423,269,3
T,7560,13630206,210,1918195,14423,231,3
T,7561,13630226,210,1918236,14423,246,3
T,7562,13630246,210,1918277,14351,269,3
T,7563,13630266,210,1918318,14351,359,3
T,7564,13630286,210,1918357,14351,309,3
T,7565,13630306,210,1918393,14351,387,3
T,7566,13630326,210,1918429,14351,274,3
T,7567,13630346,210,1918468,13709,385,3
T,7568,13630366,210,1918507,13709,256,3
T,7569,13630386,210,1918547,13709,219,3
T,7570,13630406,210,1918588,13709,243,3
T,7571,13630426,210,1918630,13709,214,3
T,7572,13630446,210,1918672,14565,187,3
T,7573,13630466,210,1918716,14565,224,3
T,7574,13630486,210,1918757,14565,233,3
T,7575,13630506,210,1918797,14565,309,3
T,7576,13630526,210,1918837,14565,253,3
T,7577,13630546,210,1918877,14637,195,3
T,7578,13630566,210,1918919,14637,214,3
T,7579,13630586,210,1918961,14637,208,3
T,7580,13630606,210,1919004,14637,199,3
T,7581,13630626,210,1919045,14637,327,3

[host] drv timeout 2000
drv timeout 2000
timeout 2000 ms, 2000 ms remaining
  any 'drv duty' kicks it; re-issuing this command kicks it too
> T,7582,13630646,210,1919082,14708,343,3
T,7583,13630666,210,1919118,14708,354,3
T,7584,13630686,210,1919156,14708,254,3
T,7585,13630706,210,1919195,14708,290,3
T,7586,13630726,210,1919235,14708,357,3
T,7587,13630746,210,1919276,13780,295,3
T,7588,13630766,210,1919319,13780,277,3
T,7589,13630786,210,1919361,13780,254,3
T,7590,13630806,210,1919404,13780,259,3
T,7591,13630826,210,1919445,13780,233,3
T,7592,13630846,210,1919485,14922,219,3
T,7593,13630866,210,1919526,14922,227,3
T,7594,13630886,210,1919568,14922,224,3
T,7595,13630906,210,1919609,14922,257,3
T,7596,13630926,210,1919652,14922,199,3
T,7597,13630946,210,1919695,14922,205,3
T,7598,13630966,210,1919737,14922,305,3
T,7599,13630986,210,1919775,14922,329,3
T,7600,13631006,210,1919810,14922,423,3
T,7601,13631026,210,1919848,14922,269,3
T,7602,13631046,210,1919887,13780,296,3
T,7603,13631066,210,1919927,13780,284,3
T,7604,13631086,210,1919968,13780,205,3
T,7605,13631106,210,1920009,13780,169,3
T,7606,13631126,210,1920052,13780,179,3

[host] drv timeout 2000
drv timeout 2000
timeout 2000 ms, 2000 ms remaining
  any 'drv duty' kicks it; re-issuing this command kicks it too
> T,7607,13631146,210,1920094,14708,212,3
T,7608,13631166,210,1920135,14708,252,3
T,7609,13631186,210,1920175,14708,246,3
T,7610,13631206,210,1920217,14708,321,3
T,7611,13631226,210,1920259,14708,312,3
T,7612,13631246,210,1920301,14780,301,3
T,7613,13631266,210,1920343,14780,322,3
T,7614,13631286,210,1920386,14780,295,3
T,7615,13631306,210,1920429,14780,309,3
T,7616,13631326,210,1920467,14780,284,3
T,7617,13631346,210,1920503,14565,317,3
T,7618,13631366,210,1920540,14565,301,3
T,7619,13631386,210,1920578,14565,373,3
T,7620,13631406,210,1920618,14565,231,3
T,7621,13631426,210,1920659,14565,205,3
T,7622,13631446,210,1920700,13994,219,3
T,7623,13631466,210,1920743,13994,173,3
T,7624,13631486,210,1920785,13994,184,3
T,7625,13631506,210,1920827,13994,258,3
T,7626,13631526,210,1920868,13994,201,3
T,7627,13631546,210,1920910,14922,263,3
T,7628,13631566,210,1920952,14922,280,3
T,7629,13631586,210,1920994,14922,212,3
T,7630,13631606,210,1921036,14922,220,3
T,7631,13631626,210,1921079,14922,252,3

[host] drv timeout 2000
drv timeout 2000T,7632,13631646,210,1921122,15137,238,3

timeout 2000 ms, 2000 ms remaining
  any 'drv duty' kicks it; re-issuing this command kicks it too
> T,7633,13631666,210,1921161,15137,261,3
T,7634,13631686,210,1921197,15137,445,3
T,7635,13631706,210,1921235,15137,263,3
T,7636,13631726,210,1921274,15137,299,3
T,7637,13631746,210,1921314,13780,267,3
T,7638,13631766,210,1921356,13780,220,3
T,7639,13631786,210,1921398,13780,215,3
T,7640,13631806,210,1921441,13780,215,3
T,7641,13631826,210,1921484,13780,229,3
T,7642,13631846,210,1921525,15065,222,3
T,7643,13631866,210,1921567,15065,193,3
T,7644,13631886,210,1921609,15065,177,3
T,7645,13631906,210,1921651,15065,194,3
T,7646,13631926,210,1921693,15065,161,3
T,7647,13631946,210,1921736,14994,169,3
T,7648,13631966,210,1921779,14994,169,3
T,7649,13631986,210,1921820,14994,241,3
T,7650,13632006,210,1921858,14994,390,3
T,7651,13632026,210,1921892,14994,317,3
T,7652,13632046,210,1921928,13851,285,3
T,7653,13632066,210,1921966,13851,408,3
T,7654,13632086,210,1922005,13851,243,3
T,7655,13632106,210,1922045,13851,230,3
T,7656,13632126,210,1922087,13851,217,3

[host] drv timeout 2000
drv timeT,7657,13632146,210,1922129,14208,183,3
out 2000
timeout 2000 ms, 2000 ms remaining
  any 'drv duty' kicks it; re-issuing this command kicks it too
> T,7658,13632166,210,1922171,14208,268,3
T,7659,13632186,210,1922212,14208,235,3
T,7660,13632206,210,1922253,14208,254,3
T,7661,13632226,210,1922294,14208,237,3
T,7662,13632246,210,1922336,14780,201,3
T,7663,13632266,210,1922379,14780,193,3
T,7664,13632286,210,1922422,14780,190,3
T,7665,13632306,210,1922466,14780,196,3
T,7666,13632326,210,1922510,14780,257,3
T,7667,13632346,210,1922548,15279,272,3
T,7668,13632366,210,1922581,15279,359,3
T,7669,13632386,210,1922615,15279,371,3
T,7670,13632406,210,1922652,15279,288,3
T,7671,13632426,210,1922691,15279,379,3
T,7672,13632446,210,1922731,12995,233,3
T,7673,13632466,210,1922772,12995,194,3
T,7674,13632486,210,1922813,12995,188,3
T,7675,13632506,210,1922856,12995,185,3
T,7676,13632526,210,1922899,12995,172,3
T,7677,13632546,210,1922941,14922,251,3
T,7678,13632566,210,1922981,14922,235,3
T,7679,13632586,210,1923022,14922,288,3
T,7680,13632606,210,1923064,14922,257,3
T,7681,13632626,210,1923107,14922,195,3

[host] drv timeout 2000
T,7682,13632646,210,1923151,14922,209,3
drv timeout 2000
timeout 2000 ms, 2000 ms remaining
  any 'drv duty' kicks it; re-issuing this command kicks it too
> T,7683,13632666,210,1923195,14922,211,3
T,7684,13632686,210,1923236,14922,290,3
T,7685,13632706,210,1923271,14922,382,3
T,7686,13632726,210,1923304,14922,348,3
T,7687,13632746,210,1923340,13709,332,3
T,7688,13632766,210,1923377,13709,289,3
T,7689,13632786,210,1923416,13709,409,3
T,7690,13632806,210,1923455,13709,225,3
T,7691,13632826,210,1923496,13709,221,3
T,7692,13632846,210,1923536,13923,204,3
T,7693,13632866,210,1923576,13923,295,3
T,7694,13632886,210,1923617,13923,217,3
T,7695,13632906,210,1923658,13923,184,3
T,7696,13632926,210,1923700,13923,184,3
T,7697,13632946,210,1923741,14637,171,3
T,7698,13632966,210,1923784,14637,162,3
T,7699,13632986,210,1923828,14637,136,3
T,7700,13633006,210,1923871,14637,151,3
T,7701,13633026,210,1923915,14637,200,3
T,7702,13633046,210,1923952,15137,316,3
T,7703,13633066,210,1923987,15137,280,3
T,7704,13633086,210,1924023,15137,336,3
T,7705,13633106,210,1924060,15137,290,3
T,7706,13633126,210,1924098,15137,396,3

[host] drv timeout 2000
T,7707,13633146,210,1924137,13137,245,3
drv timeout 2000
timeout 2000 ms, 2000 ms remaining
  any 'drv duty' kicks it; re-issuing this command kicks it too
> T,7708,13633166,210,1924177,13137,196,3
T,7709,13633186,210,1924218,13137,247,3
T,7710,13633206,210,1924260,13137,206,3
T,7711,13633226,210,1924301,13137,283,3
T,7712,13633246,210,1924342,14637,229,3
T,7713,13633266,210,1924384,14637,198,3
T,7714,13633286,210,1924426,14637,187,3
T,7715,13633306,210,1924468,14637,164,3
T,7716,13633326,210,1924511,14637,169,3
T,7717,13633346,210,1924555,15137,129,3
T,7718,13633366,210,1924598,15137,184,3
T,7719,13633386,210,1924639,15137,289,3
T,7720,13633406,210,1924673,15137,408,3
T,7721,13633426,210,1924706,15137,375,3
T,7722,13633446,210,1924742,13494,325,3
T,7723,13633466,210,1924780,13494,323,3
T,7724,13633486,210,1924820,13494,219,3
T,7725,13633506,210,1924860,13494,221,3
T,7726,13633526,210,1924902,13494,208,3
T,7727,13633546,210,1924944,14351,174,3
T,7728,13633566,210,1924987,14351,243,3
T,7729,13633586,210,1925027,1435
[host] drv duty 19
1,273,3
drv duty 19
duty +19%
> T,7730,13633606,190,1925067,14351,141,3
T,7731,13633626,190,1925105,14351,177,3
T,7732,13633646,190,1925145,14351,284,3
T,7733,13633666,190,1925184,14351,166,3
T,7734,13633686,190,1925223,14351,167,3
T,7735,13633706,190,1925263,14351,198,3
T,7736,13633726,190,1925303,14351,198,3
T,7737,13633746,190,1925340,13994,301,3
T,7738,13633766,190,1925371,13994,363,3
T,7739,13633786,190,1925403,13994,332,3
T,7740,13633806,190,1925435,13994,364,3
T,7741,13633826,190,1925468,13994,323,3
T,7742,13633846,190,1925501,11567,296,3
T,7743,13633866,190,1925535,11567,235,3
T,7744,13633886,190,1925571,11567,341,3
T,7745,13633906,190,1925607,11567,199,3
T,7746,13633926,190,1925644,11567,233,3
T,7747,13633946,190,1925680,12780,237,3
T,7748,13633966,190,1925716,12780,225,3
T,7749,13633986,190,1925751,12780,281,3
T,7750,13634006,190,1925785,12780,326,3
T,7751,13634026,190,1925820,12780,265,3
T,7752,13634046,190,1925856,12495,193,3
T,7753,13634066,190,1925893,12495,265,3
T,7754,13634086,190,1925930,12495,198,3

[host] drv timeout 2000
drv timeout 2000
timeout 2000 ms, 2000 ms remaining
  any 'drv duty' kicks it; re-issuing this command kicks it too
> T,7755,13634106,190,1925968,12495,199,3
T,7756,13634126,190,1926006,12495,193,3
T,7757,13634146,190,1926041,13280,430,3
T,7758,13634166,190,1926072,13280,353,3
T,7759,13634186,190,1926103,13280,396,3
T,7760,13634206,190,1926134,13280,323,3
T,7761,13634226,190,1926166,13280,333,3
T,7762,13634246,190,1926199,11281,320,3
T,7763,13634266,190,1926234,11281,306,3
T,7764,13634286,190,1926270,11281,216,3
T,7765,13634306,190,1926306,11281,251,3
T,7766,13634326,190,1926343,11281,240,3
T,7767,13634346,190,1926377,12709,264,3
T,7768,13634366,190,1926412,12709,259,3
T,7769,13634386,190,1926447,12709,288,3
T,7770,13634406,190,1926483,12709,210,3
T,7771,13634426,190,1926519,12709,274,3
T,7772,13634446,190,1926555,12638,249,3
T,7773,13634466,190,1926591,12638,196,3
T,7774,13634486,190,1926628,12638,221,3
T,7775,13634506,190,1926665,12638,166,3
T,7776,13634526,190,1926702,12638,331,3
T,7777,13634546,190,1926738,13137,229,3
T,7778,13634566,190,1926772,13137,316,3
T,7779,13634586,190,1926804,13137,284,3

[host] drv timeout 2000
drv timeout 2000
timeout 2000 ms, 2000 ms remaining
  any 'drv duty' kicks it; re-issuing this command kicks it too
> T,7780,13634606,190,1926836,13137,280,3
T,7781,13634626,190,1926869,13137,288,3
T,7782,13634646,190,1926903,11781,286,3
T,7783,13634666,190,1926938,11781,311,3
T,7784,13634686,190,1926974,11781,211,3
T,7785,13634706,190,1927011,11781,251,3
T,7786,13634726,190,1927048,11781,167,3
T,7787,13634746,190,1927086,12995,300,3
T,7788,13634766,190,1927124,12995,208,3
T,7789,13634786,190,1927160,12995,253,3
T,7790,13634806,190,1927195,12995,272,3
T,7791,13634826,190,1927231,12995,222,3
T,7792,13634846,190,1927267,12923,249,3
T,7793,13634866,190,1927303,12923,203,3
T,7794,13634886,190,1927341,12923,286,3
T,7795,13634906,190,1927379,12923,178,3
T,7796,13634926,190,1927416,12923,277,3
T,7797,13634946,190,1927452,13209,321,3
T,7798,13634966,190,1927483,13209,374,3
T,7799,13634986,190,1927513,13209,530,3
T,7800,13635006,190,1927544,13209,396,3
T,7801,13635026,190,1927576,13209,464,3
T,7802,13635046,190,1927610,11352,325,3
T,7803,13635066,190,1927646,11352,219,3
T,7804,13635086,190,1927682,11352,317,3

[host] drv timeout 2000
drv timeout 2000
timeout 2000 ms, 2000 ms remaining
  any 'drv duty' kicks it; re-issuing this command kicks it too
> T,7805,13635106,190,1927720,11352,201,3
T,7806,13635126,190,1927757,11352,252,3
T,7807,13635146,190,1927795,13137,242,3
T,7808,13635166,190,1927829,13137,270,3
T,7809,13635186,190,1927865,13137,265,3
T,7810,13635206,190,1927901,13137,212,3
T,7811,13635226,190,1927938,13137,290,3
T,7812,13635246,190,1927975,12852,178,3
T,7813,13635266,190,1928013,12852,248,3
T,7814,13635286,190,1928052,12852,177,3
T,7815,13635306,190,1928090,12852,214,3
T,7816,13635326,190,1928129,12852,230,3
T,7817,13635346,190,1928164,13566,313,3
T,7818,13635366,190,1928195,13566,445,3
T,7819,13635386,190,1928228,13566,288,3
T,7820,13635406,190,1928261,13566,326,3
T,7821,13635426,190,1928295,13566,281,3
T,7822,13635446,190,1928329,11781,206,3
T,7823,13635466,190,1928365,11781,334,3
T,7824,13635486,190,1928402,11781,195,3
T,7825,13635506,190,1928439,11781,246,3
T,7826,13635526,190,1928477,11781,195,3
T,7827,13635546,190,1928515,13209,354,3
T,7828,13635566,190,1928550,13209,280,3
T,7829,13635586,190,1928587,13209,211,3

[host] drv timeout 2000
drv timeout 2000
timeout 2000 ms, 2000 ms remaining
  any 'drv duty' kicks it; re-issuing this command kicks it too
> T,7830,13635606,190,1928623,13209,277,3
T,7831,13635626,190,1928660,13209,204,3
T,7832,13635646,190,1928699,13066,240,3
T,7833,13635666,190,1928737,13066,174,3
T,7834,13635686,190,1928775,13066,182,3
T,7835,13635706,190,1928814,13066,321,3
T,7836,13635726,190,1928850,13066,257,3
T,7837,13635746,190,1928882,13209,338,3
T,7838,13635766,190,1928914,13209,279,3
T,7839,13635786,190,1928947,13209,305,3
T,7840,13635806,190,1928980,13209,263,3
T,7841,13635826,190,1929014,13209,269,3
T,7842,13635846,190,1929050,11924,295,3
T,7843,13635866,190,1929087,11924,204,3
T,7844,13635886,190,1929124,11924,210,3
T,7845,13635906,190,1929162,11924,167,3
T,7846,13635926,190,1929199,11924,263,3
T,7847,13635946,190,1929235,13209,217,3
T,7848,13635966,190,1929271,13209,261,3
T,7849,13635986,190,1929308,13209,235,3
T,7850,13636006,190,1929345,13209,240,3
T,7851,13636026,190,1929383,13209,178,3
T,7852,13636046,190,1929421,13280,236,3
T,7853,13636066,190,1929460,13280,161,3
T,7854,13636086,190,1929499,13280,220,3

[host] drv timeout 2000
drv timeout 2000
timeout 2000 ms, 2000 ms remaining
  any 'drv duty' kicks it; re-issuing this command kicks it too
> T,7855,13636106,190,1929536,13280,236,3
T,7856,13636126,190,1929570,13280,332,3
T,7857,13636146,190,1929602,13066,402,3
T,7858,13636166,190,1929635,13066,332,3
T,7859,13636186,190,1929668,13066,405,3
T,7860,13636206,190,1929702,13066,273,3
T,7861,13636226,190,1929737,13066,187,3
T,7862,13636246,190,1929774,12138,345,3
T,7863,13636266,190,1929811,12138,199,3
T,7864,13636286,190,1929849,12138,254,3
T,7865,13636306,190,1929887,12138,176,3
T,7866,13636326,190,1929925,12138,257,3
T,7867,13636346,190,1929961,13423,214,3
T,7868,13636366,190,1929999,13423,256,3
T,7869,13636386,190,1930036,13423,199,3
T,7870,13636406,190,1930073,13423,262,3
T,7871,13636426,190,1930112,13423,192,3
T,7872,13636446,190,1930150,13423,198,3
T,7873,13636466,190,1930189,13423,233,3
T,7874,13636486,190,1930227,13423,248,3
T,7875,13636506,190,1930259,13423,325,3
T,7876,13636526,190,1930289,13423,333,3
T,7877,13636546,190,1930321,12352,295,3
T,7878,13636566,190,1930354,12352,291,3
T,7879,13636586,190,1930388,12352,252,3

[host] drv timeout 2000
drv timeout 20T,7880,13636606,190,1930423,12352,253,3
00
timeout 2000 ms, 2000 ms remaining
  any 'drv duty' kicks it; re-issuing this command kicks it too
> T,7881,13636626,190,1930459,12352,254,3
T,7882,13636646,190,1930496,12352,209,3
T,7883,13636666,190,1930533,12352,209,3
T,7884,13636686,190,1930571,12352,220,3
T,7885,13636706,190,1930607,12352,352,3
T,7886,13636726,190,1930642,12352,204,3
T,7887,13636746,190,1930678,12995,199,3
T,7888,13636766,190,1930715,12995,251,3
T,7889,13636786,190,1930752,12995,201,3
T,7890,13636806,190,1930790,12995,193,3
T,7891,13636826,190,1930829,12995,226,3
T,7892,13636846,190,1930868,13494,152,3
T,7893,13636866,190,1930907,13494,237,3
T,7894,13636886,190,1930940,13494,326,3
T,7895,13636906,190,1930970,13494,482,3
T,7896,13636926,190,1930999,13494,397,3
T,7897,13636946,190,1931029,11709,329,3
T,7898,13636966,190,1931062,11709,293,3
T,7899,13636986,190,1931096,11709,395,3
T,7900,13637006,190,1931131,11709,267,3
T,7901,13637026,190,1931167,11709,200,3
T,7902,13637046,190,1931204,12352,311,3
T,7903,13637066,190,1931241,12352,211,3
T,7904,13637086,190,1931279,12352,210,3

[host] drv timeout 2000
drT,7905,13637106,190,1931316,12352,205,3
v timeout 2000
timeout 2000 ms, 2000 ms remaining
  any 'drv duty' kicks it; re-issuing this command kicks it too
> T,7906,13637126,190,1931352,12352,380,3
T,7907,13637146,190,1931389,13209,205,3
T,7908,13637166,190,1931426,13209,220,3
T,7909,13637186,190,1931464,13209,162,3
T,7910,13637206,190,1931504,13209,192,3
T,7911,13637226,190,1931543,13209,278,3
T,7912,13637246,190,1931583,13780,192,3
T,7913,13637266,190,1931620,13780,235,3
T,7914,13637286,190,1931653,13780,349,3
T,7915,13637306,190,1931684,13780,403,3
T,7916,13637326,190,1931713,13780,381,3
T,7917,13637346,190,1931745,11781,294,3
T,7918,13637366,190,1931779,11781,396,3
T,7919,13637386,190,1931814,11781,259,3
T,7920,13637406,190,1931850,11781,178,3
T,7921,13637426,190,1931887,11781,306,3
T,7922,13637446,190,1931924,12566,201,3
T,7923,13637466,190,1931960,12566,268,3
T,7924,13637486,190,1931997,12566,231,3
T,7925,13637506,190,1932034,12566,313,3
T,7926,13637526,190,1932071,12566,233,3
T,7927,13637546,190,1932108,13209,227,3
T,7928,13637566,190,1932147,13209,189,3
T,7929,13637586,190,1932185,13209,294,3

[host] drv timeout 2000
T,7930,13637606,190,1932224,13209,157,3
drv timeout 2000
timeout 2000 ms, 2000 ms remaining
  any 'drv duty' kicks it; re-issuing this command kicks it too
> T,7931,13637626,190,1932264,13209,164,3
T,7932,13637646,190,1932303,13851,216,3
T,7933,13637666,190,1932337,13851,331,3
T,7934,13637686,190,1932368,13851,283,3
T,7935,13637706,190,1932399,13851,432,3
T,7936,13637726,190,1932431,13851,398,3
T,7937,13637746,190,1932462,11495,453,3
T,7938,13637766,190,1932494,11495,357,3
T,7939,13637786,190,1932528,11495,259,3
T,7940,13637806,190,1932564,11495,215,3
T,7941,13637826,190,1932600,11495,261,3
T,7942,13637846,190,1932636,12423,240,3
T,7943,13637866,190,1932671,12423,233,3
T,7944,13637886,190,1932706,12423,291,3
T,7945,13637906,190,1932743,12423,235,3
T,7946,13637926,190,1932780,12423,233,3
T,7947,13637946,190,1932816,12780,199,3
T,7948,13637966,190,1932853,12780,222,3
T,7949,13637986,190,1932891,12780,211,3
T,7950,13638006,190,1932929,12780,232,3
T,7951,13638026,190,1932968,12780,195,3
T,7952,13638046,190,1933007,13566,249,3
T,7953,13638066,190,1933040,13566,379,3
T,7954,13638086,190,1933070,13566,448,3

[host] drv timeout 2000
T,7955,13638106,190,1933101,13566,377,3
drv timeout 2000
timeout 2000 ms, 2000 ms remaining
  any 'drv duty' kicks it; re-issuing this command kicks it too
> T,7956,13638126,190,1933133,13566,332,3
T,7957,13638146,190,1933166,11495,423,3
T,7958,13638166,190,1933200,11495,236,3
T,7959,13638186,190,1933236,11495,225,3
T,7960,13638206,190,1933272,11495,357,3
T,7961,13638226,190,1933309,11495,184,3
T,7962,13638246,190,1933347,12852,238,3
T,7963,13638266,190,1933385,12852,177,3
T,7964,13638286,190,1933422,12852,339,3
T,7965,13638306,190,1933459,12852,212,3
T,7966,13638326,190,1933495,12852,263,3
T,7967,13638346,190,1933533,13209,190,3
T,7968,13638366,190,1933571,13209,290,3
T,7969,13638386,190,1933609,13209,187,3
T,7970,13638406,190,1933648,13209,172,3
T,7971,13638426,190,1933688,13209,240,3
T,7972,13638446,190,1933727,13923,224,3
T,7973,13638466,190,1933760,13923,295,3
T,7974,13638486,190,1933791,13923,343,3
T,7975,13638506,190,1933823,13923,277,3
T,7976,13638526,190,1933856,13923,290,3
T,7977,13638546,190,1933889,11638,295,3
T,7978,13638566,190,1933924,11638,253,3
T,7979,13638586,190,1933960,11638,200,3

[host] drv timeout 2000
T,7980,13638606,190,1933997,11638,299,3
drv timeout 2000
timeout 2000 ms, 2000 ms remaining
  any 'drv duty' kicks it; re-issuing this command kicks it too
> T,7981,13638626,190,1934034,11638,184,3
T,7982,13638646,190,1934072,12995,278,3
T,7983,13638666,190,1934108,12995,286,3
T,7984,13638686,190,1934143,12995,222,3
T,7985,13638706,190,1934177,12995,264,3
T,7986,13638726,190,1934213,12995,310,3
T,7987,13638746,190,1934249,12638,232,3
T,7988,13638766,190,1934285,12638,265,3
T,7989,13638786,190,1934322,12638,220,3
T,7990,13638806,190,1934360,12638,342,3
T,7991,13638826,190,1934398,12638,198,3
T,7992,13638846,190,1934434,13280,300,3
T,7993,13638866,190,1934466,13280,427,3
T,7994,13638886,190,1934496,13280,353,3
T,7995,13638906,190,1934528,13280,299,3
T,7996,13638926,190,1934561,13280,296,3
T,7997,13638946,190,1934595,11495,390,3
T,7998,13638966,190,1934630,11495,257,3
T,7999,13638986,190,1934667,11495,194,3
T,8000,13639006,190,1934704,11495,241,3
T,8001,13639026,190,1934741,11495,241,3
T,8002,13639046,190,1934776,12852,322,3
T,8003,13639066,190,1934811,12852,278,3
T,8004,13639086,190,1934847,12852,215,3
T,8005,13639106,190,1934883,1285
[host] drv timeout 2000
2,274,3
drv timeout 2000
timeout 2000 ms, 2000 ms remaining
  any 'drv duty' kicks it; re-issuing this command kicks it too
> T,8006,13639126,190,1934919,12852,248,3
T,8007,13639146,190,1934955,12780,229,3
T,8008,13639166,190,1934992,12780,221,3
T,8009,13639186,190,1935029,12780,216,3
T,8010,13639206,190,1935066,12780,242,3
T,8011,13639226,190,1935104,12780,203,3
T,8012,13639246,190,1935140,13209,242,3
T,8013,13639266,190,1935174,13209,338,3
T,8014,13639286,190,1935207,13209,332,3
T,8015,13639306,190,1935239,13209,293,3
T,8016,13639326,190,1935272,13209,273,3
T,8017,13639346,190,1935306,11924,210,3
T,8018,13639366,190,1935341,11924,350,3
T,8019,13639386,190,1935377,11924,206,3
T,8020,13639406,190,1935415,11924,243,3
T,8021,13639426,190,1935453,11924,192,3
T,8022,13639446,190,1935491,13137,294,3
T,8023,13639466,190,1935529,13137,204,3
T,8024,13639486,190,1935565,13137,311,3
T,8025,13639506,190,1935600,13137,280,3
T,8026,13639526,190,1935635,13137,243,3
T,8027,13639546,190,1935671,12852,278,3
T,8028,13639566,190,1935707,12852,233,3
T,8029,13639586,190,1935745,12852,227,3
T,8030,13639606,190,1935783,12852,219,3

[host] drv timeout 2000
drv timeout 2000
timeout 2000 ms, 2000 ms remaining
  any 'drv duty' kicks it; re-issuing this command kicks it too
> T,8031,13639626,190,1935820,12852,230,3
T,8032,13639646,190,1935855,13209,438,3
T,8033,13639666,190,1935886,13209,430,3
T,8034,13639686,190,1935916,13209,371,3
T,8035,13639706,190,1935948,13209,285,3
T,8036,13639726,190,1935980,13209,338,3
T,8037,13639746,190,1936015,11352,251,3
T,8038,13639766,190,1936051,11352,237,3
T,8039,13639786,190,1936088,11352,357,3
T,8040,13639806,190,1936125,11352,194,3
T,8041,13639826,190,1936163,11352,270,3
T,8042,13639846,190,1936199,13137,274,3
T,8043,13639866,190,1936234,13137,256,3
T,8044,13639886,190,1936270,13137,295,3
T,8045,13639906,190,1936307,13137,226,3
T,8046,13639926,190,1936343,13137,315,3
T,8047,13639946,190,1936380,12852,261,3
T,8048,13639966,190,1936417,12852,192,3
T,8049,13639986,190,1936455,12852,203,3
T,8050,13640006,190,1936493,12852,302,3
T,8051,13640026,190,1936532,12852,217,3
T,8052,13640046,190,1936565,13423,322,3
T,8053,13640066,190,1936597,13423,318,3
T,8054,13640086,190,1936630,13423,307,3
T,8055,13640106,190,1936664,13423,418,3

[host] drv timeout 2000
drv timeout 2000
timeout 2000 ms, 2000 ms remaining
  any 'drv duty' kicks it; re-issuing this command kicks it too
> T,8056,13640126,190,1936697,13423,327,3
T,8057,13640146,190,1936732,11852,248,3
T,8058,13640166,190,1936769,11852,235,3
T,8059,13640186,190,1936806,11852,224,3
T,8060,13640206,190,1936844,11852,194,3
T,8061,13640226,190,1936881,11852,208,3
T,8062,13640246,190,1936919,13280,333,3
T,8063,13640266,190,1936955,13280,236,3
T,8064,13640286,190,1936992,13280,222,3
T,8065,13640306,190,1937029,13280,240,3
T,8066,13640326,190,1937068,13280,216,3
T,8067,13640346,190,1937106,13280,179,3
T,8068,13640366,190,1937145,13280,238,3
T,8069,13640386,190,1937184,13280,162,3
T,8070,13640406,190,1937223,13280,205,3
T,8071,13640426,190,1937258,13280,323,3
T,8072,13640446,190,1937290,13352,242,3
T,8073,13640466,190,1937323,13352,299,3
T,8074,13640486,190,1937356,13352,281,3
T,8075,13640506,190,1937390,13352,375,3
T,8076,13640526,190,1937425,13352,235,3
T,8077,13640546,190,1937461,12066,219,3
T,8078,13640566,190,1937498,12066,268,3
T,8079,13640586,190,1937536,12066,193,3
T,8080,13640606,190,1937574,12066,209,3

[host] drv timeout 2000
drv timeout 2000
timeout 2000 ms, 2000 ms remaining
  any 'drv duty' kicks it; re-issuing this command kicks it too
> T,8081,13640626,190,1937612,12066,209,3
T,8082,13640646,190,1937648,13423,225,3
T,8083,13640666,190,1937684,13423,222,3
T,8084,13640686,190,1937721,13423,295,3
T,8085,13640706,190,1937758,13423,177,3
T,8086,13640726,190,1937796,13423,275,3
T,8087,13640746,190,1937834,13209,200,3
T,8088,13640766,190,1937872,13209,201,3
T,8089,13640786,190,1937911,13209,235,3
T,8090,13640806,190,1937947,13209,291,3
T,8091,13640826,190,1937980,13209,289,3
T,8092,13640846,190,1938012,12852,328,3
T,8093,13640866,190,1938045,12852,279,3
T,8094,13640886,190,1938078,12852,270,3
T,8095,13640906,190,1938112,12852,247,3
T,8096,13640926,190,1938148,12852,236,3
T,8097,13640946,190,1938185,12209,168,3
T,8098,13640966,190,1938223,12209,294,3
T,8099,13640986,190,1938260,12209,198,3
T,8100,13641006,190,1938298,12209,268,3
T,8101,13641026,190,1938335,12209,240,3
T,8102,13641046,190,1938371,13280,329,3
T,8103,13641066,190,1938408,13280,221,3
T,8104,13641086,190,1938446,13280,278,3
T,8105,13641106,190,1938484,13280,169,3

[host] drv timeout 2000
drv timeout 2000
timeout 2000 ms, 2000 ms remaining
  any 'drv duty' kicks it; re-issuing this command kicks it too
> T,8106,13641126,190,1938523,13280,214,3
T,8107,13641146,190,1938561,13494,220,3
T,8108,13641166,190,1938599,13494,227,3
T,8109,13641186,190,1938635,13494,265,3
T,8110,13641206,190,1938667,13494,363,3
T,8111,13641226,190,1938698,13494,268,3
T,8112,13641246,190,1938729,12209,328,3
T,8113,13641266,190,1938763,12209,245,3
T,8114,13641286,190,1938797,12209,344,3
T,8115,13641306,190,1938832,12209,206,3
T,8116,13641326,190,1938869,12209,216,3
T,8117,13641346,190,1938907,12495,262,3
T,8118,13641366,190,1938944,12495,208,3
T,8119,13641386,190,1938982,12495,230,3
T,8120,13641406,190,1939019,12495,220,3
T,8121,13641426,190,1939055,12495,284,3
T,8122,13641446,190,1939092,13280,208,3
T,8123,13641466,190,1939129,13280,251,3
T,8124,13641486,190,1939168,13280,131,3
T,8125,13641506,190,1939207,13280,155,3
T,8126,13641526,190,1939247,13280,215,3
T,8127,13641546,190,1939287,13851,257,3
T,8128,13641566,190,1939324,13851,270,3
T,8129,13641586,190,1939356,13851,371,3
T,8130,13641606,190,1939385,13851,402,3

[host] drv timeout 2000
drv timeout 2000
timeout 2000 ms, 2000 ms remaining
  any 'drv duty' kicks it; re-issuing this command kicks it too
> T,8131,13641626,190,1939414,13851,369,3
T,8132,13641646,190,1939445,11495,317,3
T,8133,13641666,190,1939479,11495,373,3
T,8134,13641686,190,1939514,11495,241,3
T,8135,13641706,190,1939550,11495,221,3
T,8136,13641726,190,1939588,11495,315,3
T,8137,13641746,190,1939625,12709,208,3
T,8138,13641766,190,1939664,12709,183,3
T,8139,13641786,190,1939701,12709,230,3
T,8140,13641806,190,1939737,12709,359,3
T,8141,13641826,190,1939772,12709,245,3
T,8142,13641846,190,1939807,12995,193,3
T,8143,13641866,190,1939843,12995,297,3
T,8144,13641886,190,1939881,12995,178,3
T,8145,13641906,190,1939920,12995,164,3
T,8146,13641926,190,1939958,12995,242,3
T,8147,13641946,190,1939994,13352,296,3
T,8148,13641966,190,1940029,13352,258,3
T,8149,13641986,190,1940060,13352,365,3
T,8150,13642006,190,1940089,13352,347,3
T,8151,13642026,190,1940120,13352,454,3
T,8152,13642046,190,1940152,11352,344,3
T,8153,13642066,190,1940185,11352,341,3
T,8154,13642086,190,1940220,11352,246,3
T,8155,13642106,190,1940256,11352,233,3

[host] drv timeout 2000
drv timeout 2000
timeout 2000 ms, 2000 ms remaining
  any 'drv duty' kicks it; re-issuing this command kicks it too
> T,8156,13642126,190,1940292,11352,285,3
T,8157,13642146,190,1940328,12495,236,3
T,8158,13642166,190,1940365,12495,284,3
T,8159,13642186,190,1940402,12495,240,3
T,8160,13642206,190,1940439,12495,275,3
T,8161,13642226,190,1940476,12495,216,3
T,8162,13642246,190,1940513,13137,194,3
T,8163,13642266,190,1940551,13137,208,3
T,8164,13642286,190,1940589,13137,264,3
T,8165,13642306,190,1940629,13137,173,3
T,8166,13642326,190,1940669,13137,173,3
T,8167,13642346,190,1940708,13923,208,3
T,8168,13642366,190,1940743,13923,299,3
T,8169,13642386,190,1940774,13923,360,3
T,8170,13642406,190,1940805,13923,364,3
T,8171,13642426,190,1940836,13923,294,3
T,8172,13642446,190,1940868,11638,376,3
T,8173,13642466,190,1940901,11638,275,3
T,8174,13642486,190,1940936,11638,200,3
T,8175,13642506,190,1940972,11638,268,3
T,8176,13642526,190,1941008,11638,174,3
T,8177,13642546,190,1941046,12566,217,3
T,8178,13642566,190,1941083,12566,253,3
T,8179,13642586,190,1941119,12566,214,3
T,8180,13642606,190,1941154,12566,268,3

[host] drv timeout 2000
drv timeout 2000
timeout 2000 ms, 2000 ms remaining
  any 'drv duty' kicks it; re-issuing this command kicks it too
> T,8181,13642626,190,1941191,12566,201,3
T,8182,13642646,190,1941228,12995,233,3
T,8183,13642666,190,1941265,12995,185,3
T,8184,13642686,190,1941303,12995,238,3
T,8185,13642706,190,1941341,12995,162,3
T,8186,13642726,190,1941380,12995,254,3
T,8187,13642746,190,1941417,13566,256,3
T,8188,13642766,190,1941448,13566,302,3
T,8189,13642786,190,1941477,13566,347,3
T,8190,13642806,190,1941507,13566,483,3
T,8191,13642826,190,1941538,13566,352,3
T,8192,13642846,190,1941570,10924,405,3
T,8193,13642866,190,1941604,10924,262,3
T,8194,13642886,190,1941639,10924,220,3
T,8195,13642906,190,1941675,10924,240,3
T,8196,13642926,190,1941712,10924,189,3
T,8197,13642946,190,1941748,12638,201,3
T,8198,13642966,190,1941784,12638,379,3
T,8199,13642986,190,1941820,12638,268,3
T,8200,13643006,190,1941855,12638,237,3
T,8201,13643026,190,1941891,12638,345,3
T,8202,13643046,190,1941928,12852,200,3
T,8203,13643066,190,1941965,12852,258,3
T,8204,13643086,190,1942003,12852,185,3
T,8205,13643106,190,1942041,12852,262,3

[host] drv timeout 2000
drv timeout 2000
timeout 2000 ms, 2000 ms remaining
  any 'drv duty' kicks it; re-issuing this command kicks it too
> T,8206,13643126,190,1942080,12852,187,3
T,8207,13643146,190,1942119,13566,220,3
T,8208,13643166,190,1942153,13566,243,3
T,8209,13643186,190,1942183,13566,337,3
T,8210,13643206,190,1942215,13566,309,3
T,8211,13643226,190,1942247,13566,328,3
T,8212,13643246,190,1942279,11567,285,3
T,8213,13643266,190,1942312,11567,240,3
T,8214,13643286,190,1942348,11567,224,3
T,8215,13643306,190,1942384,11567,248,3
T,8216,13643326,190,1942420,11567,214,3
T,8217,13643346,190,1942458,12709,258,3
T,8218,13643366,190,1942495,12709,226,3
T,8219,13643386,190,1942530,12709,360,3
T,8220,13643406,190,1942565,12709,246,3
T,8221,13643426,190,1942600,12709,203,3
T,8222,13643446,190,1942636,12709,264,3
T,8223,13643466,190,1942672,12709,203,3
T,8224,13643486,190,1942709,12709,217,3
T,8225,13643506,190,1942747,12709,214,3
T,8226,13643526,190,1942785,12709,230,3
T,8227,13643546,190,1942822,13280,240,3
T,8228,13643566,190,1942856,13280,288,3
T,8229,13643586,190,1942887,13280,364,3
T,8230,13643606,190,1942917,13280,354,3

[host] drv timeout 2000
drv timeout 2000
timeout 2000 ms, 2000 ms remaining
  any 'drv duty' kicks it; re-issuing this command kicks it too
> T,8231,13643626,190,1942950,13280,302,3
T,8232,13643646,190,1942983,11567,246,3
T,8233,13643666,190,1943018,11567,235,3
T,8234,13643686,190,1943053,11567,278,3
T,8235,13643706,190,1943090,11567,211,3
T,8236,13643726,190,1943127,11567,332,3
T,8237,13643746,190,1943163,12780,300,3
T,8238,13643766,190,1943197,12780,264,3
T,8239,13643786,190,1943232,12780,268,3
T,8240,13643806,190,1943267,12780,294,3
T,8241,13643826,190,1943302,12780,283,3
T,8242,13643846,190,1943337,12423,231,3
T,8243,13643866,190,1943373,12423,272,3
T,8244,13643886,190,1943410,12423,219,3
T,8245,13643906,190,1943447,12423,311,3
T,8246,13643926,190,1943485,12423,233,3
T,8247,13643946,190,1943521,13137,248,3
T,8248,13643966,190,1943556,13137,403,3
T,8249,13643986,190,1943588,13137,317,3
T,8250,13644006,190,1943620,13137,428,3
T,8251,13644026,190,1943652,13137,304,3
T,8252,13644046,190,1943685,11781,321,3
T,8253,13644066,190,1943720,11781,261,3
T,8254,13644086,190,1943756,11781,217,3
T,8255,13644106,190,1943792,11781,222,3

[host] drv timeout 2000
drv timeout 2000
timeout 2000 ms, 2000 ms remaining
  any 'drv duty' kicks it; re-issuing this command kicks it too
> T,8256,13644126,190,1943829,11781,235,3
T,8257,13644146,190,1943868,12923,219,3
T,8258,13644166,190,1943906,12923,247,3
T,8259,13644186,190,1943944,12923,199,3
T,8260,13644206,190,1943979,12923,257,3
T,8261,13644226,190,1944014,12923,313,3
T,8262,13644246,190,1944049,13066,247,3
T,8263,13644266,190,1944085,13066,231,3
T,8264,13644286,190,1944122,13066,268,3
T,8265,13644306,190,1944160,13066,171,3
T,8266,13644326,190,1944197,13066,240,3
T,8267,13644346,190,1944234,13209,246,3
T,8268,13644366,190,1944268,13209,321,3
T,8269,13644386,190,1944299,13209,350,3
T,8270,13644406,190,1944329,13209,273,3
T,8271,13644426,190,1944361,13209,279,3
T,8272,13644446,190,1944394,11424,221,3
T,8273,13644466,190,1944429,11424,342,3
T,8274,13644486,190,1944465,11424,208,3
T,8275,13644506,190,1944502,11424,221,3
T,8276,13644526,190,1944540,11424,225,3
T,8277,13644546,190,1944577,12995,261,3
T,8278,13644566,190,1944613,12995,251,3
T,8279,13644586,190,1944649,12995,192,3
T,8280,13644606,190,1944686,12995,348,3

[host] drv timeout 2000
drv timeout 2000
timeout 2000 ms, 2000 ms remaining
  any 'drv duty' kicks it; re-issuing this command kicks it too
> T,8281,13644626,190,1944723,12995,188,3
T,8282,13644646,190,1944760,13066,278,3
T,8283,13644666,190,1944797,13066,168,3
T,8284,13644686,190,1944836,13066,279,3
T,8285,13644706,190,1944874,13066,184,3
T,8286,13644726,190,1944912,13066,195,3
T,8287,13644746,190,1944948,13494,257,3
T,8288,13644766,190,1944981,13494,332,3
T,8289,13644786,190,1945013,13494,331,3
T,8290,13644806,190,1945046,13494,333,3
T,8291,13644826,190,1945080,13494,326,3
T,8292,13644846,190,1945114,11852,321,3
T,8293,13644866,190,1945149,11852,226,3
T,8294,13644886,190,1945186,11852,251,3
T,8295,13644906,190,1945223,11852,189,3
T,8296,13644926,190,1945261,11852,300,3
T,8297,13644946,190,1945299,13137,203,3
T,8298,13644966,190,1945335,13137,246,3
T,8299,13644986,190,1945371,13137,256,3
T,8300,13645006,190,1945407,13137,206,3
T,8301,13645026,190,1945444,13137,212,3
T,8302,13645046,190,1945482,13066,162,3
T,8303,13645066,190,1945520,13066,199,3
T,8304,13645086,190,1945559,13066,296,3
T,8305,13645106,190,1945598,13066,206,3

[host] drv timeout 2000
drv timeout 2000
timeout 2000 ms, 2000 ms remaining
  any 'drv duty' kicks it; re-issuing this command kicks it too
> T,8306,13645126,190,1945636,13066,259,3
T,8307,13645146,190,1945669,13494,361,3
T,8308,13645166,190,1945701,13494,297,3
T,8309,13645186,190,1945733,13494,352,3
T,8310,13645206,190,1945766,13494,296,3
T,8311,13645226,190,1945800,13494,240,3
T,8312,13645246,190,1945835,11709,252,3
T,8313,13645266,190,1945871,11709,242,3
T,8314,13645286,190,1945908,11709,199,3
T,8315,13645306,190,1945945,11709,270,3
T,8316,13645326,190,1945984,11709,195,3
T,8317,13645346,190,1946022,13352,220,3
T,8318,13645366,190,1946059,13352,209,3
T,8319,13645386,190,1946095,13352,304,3
T,8320,13645406,190,1946132,13352,210,3
T,8321,13645426,190,1946169,13352,256,3
T,8322,13645446,190,1946208,13209,162,3
T,8323,13645466,190,1946246,13209,214,3
T,8324,13645486,190,1946285,13209,279,3
T,8325,13645506,190,1946324,13209,199,3
T,8326,13645526,190,1946359,13209,336,3
T,8327,13645546,190,1946391,13209,397,3
T,8328,13645566,190,1946424,13209,338,3
T,8329,13645586,190,1946456,13209,461,3
T,8330,13645606,190,1946490,13209,337,3

[host] drv timeout 2000
drv timeout 2000
timeout 2000 ms, 2000 ms remaining
  any 'drv duty' kicks it; re-issuing this command kicks it too
> T,8331,13645626,190,1946524,13209,253,3
T,8332,13645646,190,1946560,11995,227,3
T,8333,13645666,190,1946597,11995,214,3
T,8334,13645686,190,1946635,11995,177,3
T,8335,13645706,190,1946672,11995,198,3
T,8336,13645726,190,1946711,11995,285,3
T,8337,13645746,190,1946748,13423,253,3
T,8338,13645766,190,1946784,13423,224,3
T,8339,13645786,190,1946820,13423,278,3
T,8340,13645806,190,1946857,13423,195,3
T,8341,13645826,190,1946895,13423,212,3
T,8342,13645846,190,1946933,13209,195,3
T,8343,13645866,190,1946972,13209,187,3
T,8344,13645886,190,1947010,13209,321,3
T,8345,13645906,190,1947045,13209,315,3
T,8346,13645926,190,1947075,13209,506,3
T,8347,13645946,190,1947106,12423,350,3
T,8348,13645966,190,1947137,12423,379,3
T,8349,13645986,190,1947170,12423,318,3
T,8350,13646006,190,1947204,12423,312,3
T,8351,13646026,190,1947240,12423,235,3
T,8352,13646046,190,1947276,12066,252,3
T,8353,13646066,190,1947314,12066,209,3
T,8354,13646086,190,1947351,12066,325,3
T,8355,13646106,190,1947388,12066,247,3

[host] drv timeout 2000
drv timeout 2000
timeout 2000 ms, 2000 ms remaining
  any 'drv duty' kicks it; re-issuing this command kicks it too
> T,8356,13646126,190,1947424,12066,222,3
T,8357,13646146,190,1947460,13137,300,3
T,8358,13646166,190,1947497,13137,201,3
T,8359,13646186,190,1947534,13137,261,3
T,8360,13646206,190,1947572,13137,171,3
T,8361,13646226,190,1947612,13137,171,3
T,8362,13646246,190,1947652,13637,254,3
T,8363,13646266,190,1947691,13637,187,3
T,8364,13646286,190,1947728,13637,231,3
T,8365,13646306,190,1947759,13637,487,3
T,8366,13646326,190,1947787,13637,342,3
T,8367,13646346,190,1947816,11924,363,3
T,8368,13646366,190,1947847,11924,306,3
T,8369,13646386,190,1947880,11924,283,3
T,8370,13646406,190,1947915,11924,235,3
T,8371,13646426,190,1947950,11924,354,3
T,8372,13646446,190,1947987,12066,196,3
T,8373,13646466,190,1948024,12066,268,3
T,8374,13646486,190,1948061,12066,200,3
T,8375,13646506,190,1948100,12066,279,3
T,8376,13646526,190,1948137,12066,221,3
T,8377,13646546,190,1948172,13280,263,3
T,8378,13646566,190,1948208,13280,212,3
T,8379,13646586,190,1948245,13280,205,3
T,8380,13646606,190,1948283,13280,235,3

[host] drv timeout 2000
drv timeout 2000
timeout 2000 ms, 2000 ms remaining
  any 'drv duty' kicks it; re-issuing this command kicks it too
> T,8381,13646626,190,1948321,13280,187,3
T,8382,13646646,190,1948360,13280,145,3
T,8383,13646666,190,1948398,13280,334,3
T,8384,13646686,190,1948433,13280,253,3
T,8385,13646706,190,1948465,13280,325,3
T,8386,13646726,190,1948493,13280,418,3
T,8387,13646746,190,1948523,11852,329,3
T,8388,13646766,190,1948555,11852,306,3
T,8389,13646786,190,1948589,11852,352,3
T,8390,13646806,190,1948624,11852,219,3
T,8391,13646826,190,1948660,11852,226,3
T,8392,13646846,190,1948696,12209,371,3
T,8393,13646866,190,1948732,12209,251,3
T,8394,13646886,190,1948768,12209,225,3
T,8395,13646906,190,1948804,12209,291,3
T,8396,13646926,190,1948841,12209,232,3
T,8397,13646946,190,1948877,12923,265,3
T,8398,13646966,190,1948914,12923,200,3
T,8399,13646986,190,1948952,12923,336,3
T,8400,13647006,190,1948991,12923,178,3
T,8401,13647026,190,1949030,12923,172,3
T,8402,13647046,190,1949069,13637,230,3
T,8403,13647066,190,1949108,13637,195,3
T,8404,13647086,190,1949143,13637,363,3
T,8405,13647106,190,1949173,13637,344,3

[host] drv timeout 2000
drv timeout 2000
timeout 2000 ms, 2000 ms remaining
  any 'drv duty' kicks it; re-issuing this command kicks it too
> T,8406,13647126,190,1949204,13637,329,3
T,8407,13647146,190,1949236,12138,320,3
T,8408,13647166,190,1949268,12138,297,3
T,8409,13647186,190,1949302,12138,295,3
T,8410,13647206,190,1949336,12138,403,3
T,8411,13647226,190,1949372,12138,231,3
T,8412,13647246,190,1949409,12209,215,3
T,8413,13647266,190,1949446,12209,241,3
T,8414,13647286,190,1949482,12209,251,3
T,8415,13647306,190,1949518,12209,272,3
T,8416,13647326,190,1949555,12209,206,3
T,8417,13647346,190,1949592,13066,334,3
T,8418,13647366,190,1949630,13066,180,3
T,8419,13647386,190,1949668,13066,217,3
T,8420,13647406,190,1949707,13066,141,3
T,8421,13647426,190,1949746,13066,158,3
T,8422,13647446,190,1949785,13709,267,3
T,8423,13647466,190,1949823,13709,241,3
T,8424,13647486,190,1949854,13709,349,3
T,8425,13647506,190,1949884,13709,342,3
T,8426,13647526,190,1949916,13709,336,3
T,8427,13647546,190,1949948,11781,323,3
T,8428,13647566,190,1949981,11781,264,3
T,8429,13647586,190,1950016,11781,233,3
T,8430,13647606,190,1950052,11781,261,3

[host] drv timeout 2000
drv timeoT,8431,13647626,190,1950088,11781,184,3
ut 2000
timeout 2000 ms, 2000 ms remaining
  any 'drv duty' kicks it; re-issuing this command kicks it too
> T,8432,13647646,190,1950125,12566,323,3
T,8433,13647666,190,1950163,12566,198,3
T,8434,13647686,190,1950200,12566,280,3
T,8435,13647706,190,1950235,12566,267,3
T,8436,13647726,190,1950271,12566,204,3
T,8437,13647746,190,1950307,12995,254,3
T,8438,13647766,190,1950344,12995,204,3
T,8439,13647786,190,1950382,12995,313,3
T,8440,13647806,190,1950420,12995,179,3
T,8441,13647826,190,1950458,12995,222,3
T,8442,13647846,190,1950496,13494,182,3
T,8443,13647866,190,1950533,13494,318,3
T,8444,13647886,190,1950565,13494,329,3
T,8445,13647906,190,1950596,13494,450,3
T,8446,13647926,190,1950628,13494,317,3
T,8447,13647946,190,1950660,11781,429,3
T,8448,13647966,190,1950693,11781,263,3
T,8449,13647986,190,1950728,11781,224,3
T,8450,13648006,190,1950763,11781,248,3
T,8451,13648026,190,1950800,11781,206,3
T,8452,13648046,190,1950836,12495,212,3
T,8453,13648066,190,1950872,12495,384,3
T,8454,13648086,190,1950908,12495,257,3
T,8455,13648106,190,1950943,12495,237,3

[host] drv timeout 2000
T,8456,13648126,190,1950979,12495,371,3
drv timeout 2000
timeout 2000 ms, 2000 ms remaining
  any 'drv duty' kicks it; re-issuing this command kicks it too
> T,8457,13648146,190,1951014,12780,254,3
T,8458,13648166,190,1951050,12780,209,3
T,8459,13648186,190,1951087,12780,264,3
T,8460,13648206,190,1951124,12780,194,3
T,8461,13648226,190,1951162,12780,254,3
T,8462,13648246,190,1951200,13137,182,3
T,8463,13648266,190,1951236,13137,377,3
T,8464,13648286,190,1951268,13137,344,3
T,8465,13648306,190,1951298,13137,439,3
T,8466,13648326,190,1951329,13137,296,3
T,8467,13648346,190,1951362,11709,392,3
T,8468,13648366,190,1951396,11709,275,3
T,8469,13648386,190,1951431,11709,236,3
T,8470,13648406,190,1951467,11709,230,3
T,8471,13648426,190,1951504,11709,209,3
T,8472,13648446,190,1951540,12638,224,3
T,8473,13648466,190,1951575,12638,334,3
T,8474,13648486,190,1951609,12638,285,3
T,8475,13648506,190,1951645,12638,254,3
T,8476,13648526,190,1951680,12638,238,3
T,8477,13648546,190,1951716,12566,247,3
T,8478,13648566,190,1951752,12566,220,3
T,8479,13648586,190,1951789,12566,293,3
T,8480,13648606,190,1951826,12566,173,3

[host] drv timeout 2000
T,8481,13648626,190,1951864,12566,258,3
drv timeout 2000
timeout 2000 ms, 2000 ms remaining
  any 'drv duty' kicks it; re-issuing this command kicks it too
> T,8482,13648646,190,1951901,13280,205,3
T,8483,13648666,190,1951937,13280,309,3
T,8484,13648686,190,1951972,13280,315,3
T,8485,13648706,190,1952004,13280,438,3
T,8486,13648726,190,1952036,13280,301,3
T,8487,13648746,190,1952069,11995,344,3
T,8488,13648766,190,1952103,11995,280,3
T,8489,13648786,190,1952137,11995,195,3
T,8490,13648806,190,1952174,11995,339,3
T,8491,13648826,190,1952211,11995,194,3
T,8492,13648846,190,1952248,12709,249,3
T,8493,13648866,190,1952287,12709,180,3
T,8494,13648886,190,1952324,12709,290,3
T,8495,13648906,190,1952360,12709,264,3
T,8496,13648926,190,1952395,12709,256,3
T,8497,13648946,190,1952429,12995,354,3
T,8498,13648966,190,1952464,12995,251,3
T,8499,13648986,190,1952501,12995,220,3
T,8500,13649006,190,1952538,12995,273,3
T,8501,13649026,190,1952576,12995,200,3
T,8502,13649046,190,1952613,12995,220,3
T,8503,13649066,190,1952648,12995,269,3
T,8504,13649086,190,1952679,12995,352,3
T,8505,13649106,190,1952709,12995,391,3

[host] drv timeout 2000
T,8506,13649126,190,1952740,12995,325,3
drv timeout 2000
timeout 2000 ms, 2000 ms remaining
  any 'drv duty' kicks it; re-issuing this command kicks it too
> T,8507,13649146,190,1952772,11567,364,3
T,8508,13649166,190,1952806,11567,268,3
T,8509,13649186,190,1952842,11567,192,3
T,8510,13649206,190,1952878,11567,334,3
T,8511,13649226,190,1952916,11567,200,3
T,8512,13649246,190,1952953,12780,268,3
T,8513,13649266,190,1952990,12780,225,3
T,8514,13649286,190,1953025,12780,304,3
T,8515,13649306,190,1953061,12780,240,3
T,8516,13649326,190,1953098,12780,180,3
T,8517,13649346,190,1953135,12995,265,3
T,8518,13649366,190,1953172,12995,206,3
T,8519,13649386,190,1953211,12995,246,3
T,8520,13649406,190,1953249,12995,192,3
T,8521,13649426,190,1953288,12995,174,3
T,8522,13649446,190,1953326,13637,322,3
T,8523,13649466,190,1953361,13637,261,3
T,8524,13649486,190,1953394,13637,296,3
T,8525,13649506,190,1953427,13637,265,3
T,8526,13649526,190,1953461,13637,252,3
T,8527,13649546,190,1953495,12138,365,3
T,8528,13649566,190,1953531,12138,291,3
T,8529,13649586,190,1953567,12138,206,3
T,8530,13649606,190,1953604,12138,285,3

[host] drv timeout 2000
T,8531,13649626,190,1953642,12138,190,3
drv timeout 2000
timeout 2000 ms, 2000 ms remaining
  any 'drv duty' kicks it; re-issuing this command kicks it too
> T,8532,13649646,190,1953680,13066,179,3
T,8533,13649666,190,1953717,13066,231,3
T,8534,13649686,190,1953753,13066,357,3
T,8535,13649706,190,1953789,13066,224,3
T,8536,13649726,190,1953826,13066,233,3
T,8537,13649746,190,1953863,13137,206,3
T,8538,13649766,190,1953901,13137,274,3
T,8539,13649786,190,1953939,13137,160,3
T,8540,13649806,190,1953977,13137,226,3
T,8541,13649826,190,1954016,13137,184,3
T,8542,13649846,190,1954052,13566,460,3
T,8543,13649866,190,1954083,13566,366,3
T,8544,13649886,190,1954115,13566,440,3
T,8545,13649906,190,1954147,13566,363,3
T,8546,13649926,190,1954179,13566,417,3
T,8547,13649946,190,1954213,11495,264,3
T,8548,13649966,190,1954249,11495,198,3
T,8549,13649986,190,1954285,11495,317,3
T,8550,13650006,190,1954323,11495,201,3
T,8551,13650026,190,1954360,11495,257,3
T,8552,13650046,190,1954398,13137,232,3
T,8553,13650066,190,1954433,13137,263,3
T,8554,13650086,190,1954468,13137,259,3
T,8555,13650106,190,1954504,13137,205,3

[host] drv timeout 2000
T,8556,13650126,190,1954541,13137,320,3
drv timeout 2000
timeout 2000 ms, 2000 ms remaining
  any 'drv duty' kicks it; re-issuing this command kicks it too
> T,8557,13650146,190,1954579,12923,178,3
T,8558,13650166,190,1954617,12923,229,3
T,8559,13650186,190,1954655,12923,155,3
T,8560,13650206,190,1954694,12923,232,3
T,8561,13650226,190,1954731,12923,243,3
T,8562,13650246,190,1954765,13423,375,3
T,8563,13650266,190,1954797,13423,428,3
T,8564,13650286,190,1954829,13423,361,3
T,8565,13650306,190,1954863,13423,418,3
T,8566,13650326,190,1954896,13423,237,3
T,8567,13650346,190,1954932,11781,226,3
T,8568,13650366,190,1954968,11781,368,3
T,8569,13650386,190,1955005,11781,204,3
T,8570,13650406,190,1955043,11781,257,3
T,8571,13650426,190,1955080,11781,172,3
T,8572,13650446,190,1955118,13280,350,3
T,8573,13650466,190,1955154,13280,209,3
T,8574,13650486,190,1955191,13280,249,3
T,8575,13650506,190,1955229,13280,189,3
T,8576,13650526,190,1955267,13280,295,3
T,8577,13650546,190,1955305,13280,183,3
T,8578,13650566,190,1955344,13280,185,3
T,8579,13650586,190,1955383,13280,215,3
T,8580,13650606,190,1955421,13280,221,3
T,8581,13650626,190,1955454,1328
[host] drv timeout 2000
0,301,3
drv timeout 2000
timeout 2000 ms, 2000 ms remaining
  any 'drv duty' kicks it; re-issuing this command kicks it too
> T,8582,13650646,190,1955484,12995,357,3
T,8583,13650666,190,1955516,12995,357,3
T,8584,13650686,190,1955548,12995,343,3
T,8585,13650706,190,1955580,12995,323,3
T,8586,13650726,190,1955615,12995,252,3
T,8587,13650746,190,1955650,11709,332,3
T,8588,13650766,190,1955687,11709,220,3
T,8589,13650786,190,1955724,11709,203,3
T,8590,13650806,190,1955761,11709,190,3
T,8591,13650826,190,1955798,11709,281,3
T,8592,13650846,190,1955834,13137,227,3
T,8593,13650866,190,1955870,13137,222,3
T,8594,13650886,190,1955907,13137,341,3
T,8595,13650906,190,1955944,13137,179,3
T,8596,13650926,190,1955982,13137,227,3
T,8597,13650946,190,1956021,13280,178,3
T,8598,13650966,190,1956060,13280,157,3
T,8599,13650986,190,1956100,13280,310,3
T,8600,13651006,190,1956134,13280,338,3
T,8601,13651026,190,1956164,13280,494,3
T,8602,13651046,190,1956193,12495,352,3
T,8603,13651066,190,1956224,12495,280,3
T,8604,13651086,190,1956256,12495,279,3
T,8605,13651106,190,1956289,12495,296,3
T,8606,13651126,190,1956324,1249
[host] drv timeout 2000
5,249,3
drv timeout 2000
timeout 2000 ms, 2000 ms remaining
  any 'drv duty' kicks it; re-issuing this command kicks it too
> T,8607,13651146,190,1956360,11781,201,3
T,8608,13651166,190,1956397,11781,316,3
T,8609,13651186,190,1956435,11781,190,3
T,8610,13651206,190,1956472,11781,248,3
T,8611,13651226,190,1956510,11781,210,3
T,8612,13651246,190,1956546,13280,317,3
T,8613,13651266,190,1956582,13280,233,3
T,8614,13651286,190,1956619,13280,211,3
T,8615,13651306,190,1956656,13280,200,3
T,8616,13651326,190,1956695,13280,288,3
T,8617,13651346,190,1956734,13423,171,3
T,8618,13651366,190,1956773,13423,182,3
T,8619,13651386,190,1956811,13423,200,3
T,8620,13651406,190,1956845,13423,424,3
T,8621,13651426,190,1956876,13423,345,3
T,8622,13651446,190,1956905,12352,338,3
T,8623,13651466,190,1956936,12352,270,3
T,8624,13651486,190,1956969,12352,270,3
T,8625,13651506,190,1957003,12352,257,3
T,8626,13651526,190,1957038,12352,360,3
T,8627,13651546,190,1957075,11995,214,3
T,8628,13651566,190,1957111,11995,254,3
T,8629,13651586,190,1957148,11995,245,3
T,8630,13651606,190,1957184,11995,216,3
T,8631,13651626,190,1957220,1199
[host] drv timeout 2000
5,225,3
drv timeout 2000
timeout 2000 ms, 2000 ms remaining
  any 'drv duty' kicks it; re-issuing this command kicks it too
> T,8632,13651646,190,1957257,12995,178,3
T,8633,13651666,190,1957295,12995,309,3
T,8634,13651686,190,1957332,12995,201,3
T,8635,13651706,190,1957371,12995,237,3
T,8636,13651726,190,1957409,12995,184,3
T,8637,13651746,190,1957449,13637,124,3
T,8638,13651766,190,1957489,13637,174,3
T,8639,13651786,190,1957526,13637,299,3
T,8640,13651806,190,1957558,13637,338,3
T,8641,13651826,190,1957589,13637,333,3
T,8642,13651846,190,1957621,12495,296,3
T,8643,13651866,190,1957653,12495,338,3
T,8644,13651886,190,1957685,12495,289,3
T,8645,13651906,190,1957719,12495,384,3
T,8646,13651926,190,1957755,12495,257,3
T,8647,13651946,190,1957791,11995,200,3
T,8648,13651966,190,1957828,11995,342,3
T,8649,13651986,190,1957863,11995,265,3
T,8650,13652006,190,1957897,11995,206,3
T,8651,13652026,190,1957933,11995,333,3
T,8652,13652046,190,1957970,12780,209,3
T,8653,13652066,190,1958006,12780,235,3
T,8654,13652086,190,1958043,12780,245,3
T,8655,13652106,190,1958080,12780,193,3
T,8656,13652126,190,1958117,12780,209,3

[host] drv timeout 2000
drv timeout 2000
timeout 2000 ms, 2000 ms remaining
  any 'drv duty' kicks it; re-issuing this command kicks it too
> T,8657,13652146,190,1958155,13209,169,3
T,8658,13652166,190,1958193,13209,184,3
T,8659,13652186,190,1958229,13209,331,3
T,8660,13652206,190,1958260,13209,380,3
T,8661,13652226,190,1958289,13209,323,3
T,8662,13652246,190,1958320,11924,321,3
T,8663,13652266,190,1958352,11924,258,3
T,8664,13652286,190,1958385,11924,263,3
T,8665,13652306,190,1958420,11924,254,3
T,8666,13652326,190,1958456,11924,268,3
T,8667,13652346,190,1958492,12138,230,3
T,8668,13652366,190,1958529,12138,265,3
T,8669,13652386,190,1958566,12138,226,3
T,8670,13652406,190,1958603,12138,211,3
T,8671,13652426,190,1958640,12138,233,3
T,8672,13652446,190,1958676,13137,225,3
T,8673,13652466,190,1958713,13137,277,3
T,8674,13652486,190,1958750,13137,171,3
T,8675,13652506,190,1958788,13137,257,3
T,8676,13652526,190,1958826,13137,194,3
T,8677,13652546,190,1958865,13423,168,3
T,8678,13652566,190,1958904,13423,235,3
T,8679,13652586,190,1958940,13423,295,3
T,8680,13652606,190,1958972,13423,359,3
T,8681,13652626,190,1959004,13423,317,3

[host] drv timeout 2000
drv timeout 2000
timeout 2000 ms, 2000 ms remaining
  any 'drv duty' kicks it; re-issuing this command kicks it too
> T,8682,13652646,190,1959037,12423,305,3
T,8683,13652666,190,1959070,12423,277,3
T,8684,13652686,190,1959104,12423,251,3
T,8685,13652706,190,1959139,12423,274,3
T,8686,13652726,190,1959175,12423,220,3
T,8687,13652746,190,1959212,12423,259,3
T,8688,13652766,190,1959250,12423,189,3
T,8689,13652786,190,1959287,12423,262,3
T,8690,13652806,190,1959322,12423,294,3
T,8691,13652826,190,1959357,12423,240,3
T,8692,13652846,190,1959392,12852,237,3
T,8693,13652866,190,1959428,12852,339,3
T,8694,13652886,190,1959464,12852,204,3
T,8695,13652906,190,1959501,12852,253,3
T,8696,13652926,190,1959539,12852,189,3
T,8697,13652946,190,1959577,13137,306,3
T,8698,13652966,190,1959614,13137,203,3
T,8699,13652986,190,1959649,13137,295,3
T,8700,13653006,190,1959680,13137,333,3
T,8701,13653026,190,1959711,13137,325,3
T,8702,13653046,190,1959743,11995,274,3
T,8703,13653066,190,1959776,11995,272,3
T,8704,13653086,190,1959810,11995,341,3
T,8705,13653106,190,1959845,11995,246,3
T,8706,13653126,190,1959882,11995,176,3

[host] drv timeout 2000
drv timeout 2000
timeout 2000 ms, 2000 ms remaining
  any 'drv duty' kicks it; re-issuing this command kicks it too
> T,8707,13653146,190,1959919,12495,270,3
T,8708,13653166,190,1959955,12495,248,3
T,8709,13653186,190,1959990,12495,259,3
T,8710,13653206,190,1960025,12495,371,3
T,8711,13653226,190,1960060,12495,249,3
T,8712,13653246,190,1960096,12638,225,3
T,8713,13653266,190,1960132,12638,332,3
T,8714,13653286,190,1960168,12638,198,3
T,8715,13653306,190,1960205,12638,253,3
T,8716,13653326,190,1960243,12638,200,3
T,8717,13653346,190,1960280,13137,373,3
T,8718,13653366,190,1960316,13137,269,3
T,8719,13653386,190,1960352,13137,264,3
T,8720,13653406,190,1960384,13137,310,3
T,8721,13653426,190,1960416,13137,305,3
T,8722,13653446,190,1960449,12138,325,3
T,8723,13653466,190,1960483,12138,326,3
T,8724,13653486,190,1960517,12138,309,3
T,8725,13653506,190,1960552,12138,209,3
T,8726,13653526,190,1960589,12138,246,3
T,8727,13653546,190,1960627,12566,209,3
T,8728,13653566,190,1960664,12566,328,3
T,8729,13653586,190,1960703,12566,195,3
T,8730,13653606,190,1960740,12566,256,3
T,8731,13653626,190,1960776,12566,246,3

[host] drv timeout 2000
drv timeout 2000
timeout 2000 ms, 2000 ms remaining
  any 'drv duty' kicks it; re-issuing this command kicks it too
> T,8732,13653646,190,1960811,13209,256,3
T,8733,13653666,190,1960845,13209,301,3
T,8734,13653686,190,1960881,13209,229,3
T,8735,13653706,190,1960918,13209,264,3
T,8736,13653726,190,1960956,13209,237,3
T,8737,13653746,190,1960993,12995,194,3
T,8738,13653766,190,1961029,12995,281,3
T,8739,13653786,190,1961063,12995,327,3
T,8740,13653806,190,1961094,12995,381,3
T,8741,13653826,190,1961124,12995,329,3
T,8742,13653846,190,1961156,11709,425,3
T,8743,13653866,190,1961189,11709,267,3
T,8744,13653886,190,1961224,11709,222,3
T,8745,13653906,190,1961260,11709,262,3
T,8746,13653926,190,1961296,11709,206,3
T,8747,13653946,190,1961334,12638,216,3
T,8748,13653966,190,1961372,12638,243,3
T,8749,13653986,190,1961408,12638,236,3
T,8750,13654006,190,1961442,12638,275,3
T,8751,13654026,190,1961478,12638,261,3
T,8752,13654046,190,1961514,12852,212,3
T,8753,13654066,190,1961552,12852,208,3
T,8754,13654086,190,1961589,12852,189,3
T,8755,13654106,190,1961627,12852,208,3
T,8756,13654126,190,1961665,12852,246,3

[host] drv timeout 2000
drv timeout 2000
timeout 2000 ms, 2000 ms remaining
  any 'drv duty' kicks it; re-issuing this command kicks it too
> T,8757,13654146,190,1961704,13494,180,3
T,8758,13654166,190,1961741,13494,322,3
T,8759,13654186,190,1961774,13494,466,3
T,8760,13654206,190,1961806,13494,380,3
T,8761,13654226,190,1961839,13494,443,3
T,8762,13654246,190,1961871,12066,288,3
T,8763,13654266,190,1961905,12066,263,3
T,8764,13654286,190,1961940,12066,227,3
T,8765,13654306,190,1961976,12066,265,3
T,8766,13654326,190,1962013,12066,212,3
T,8767,13654346,190,1962052,12780,309,3
T,8768,13654366,190,1962089,12780,195,3
T,8769,13654386,190,1962126,12780,302,3
T,8770,13654406,190,1962162,12780,257,3
T,8771,13654426,190,1962198,12780,268,3
T,8772,13654446,190,1962235,13137,243,3
T,8773,13654466,190,1962273,13137,180,3
T,8774,13654486,190,1962311,13137,176,3
T,8775,13654506,190,1962350,13137,290,3
T,8776,13654526,190,1962388,13137,185,3
T,8777,13654546,190,1962427,13709,241,3
T,8778,13654566,190,1962462,13709,316,3
T,8779,13654586,190,1962493,13709,316,3
T,8780,13654606,190,1962526,13709,262,3
T,8781,13654626,190,1962560,13709,284,3

[host] drv timeout 2000
drv timeout 2000
timeout 2000 ms, 2000 ms remaining
  any 'drv duty' kicks it; re-issuing this command kicks it too
> T,8782,13654646,190,1962593,11924,257,3
T,8783,13654666,190,1962628,11924,349,3
T,8784,13654686,190,1962664,11924,217,3
T,8785,13654706,190,1962700,11924,236,3
T,8786,13654726,190,1962738,11924,201,3
T,8787,13654746,190,1962776,12995,325,3
T,8788,13654766,190,1962814,12995,225,3
T,8789,13654786,190,1962850,12995,262,3
T,8790,13654806,190,1962886,12995,254,3
T,8791,13654826,190,1962923,12995,225,3
T,8792,13654846,190,1962960,13137,216,3
T,8793,13654866,190,1962997,13137,187,3
T,8794,13654886,190,1963035,13137,192,3
T,8795,13654906,190,1963073,13137,247,3
T,8796,13654926,190,1963112,13137,188,3
T,8797,13654946,190,1963148,13423,294,3
T,8798,13654966,190,1963180,13423,343,3
T,8799,13654986,190,1963212,13423,315,3
T,8800,13655006,190,1963244,13423,352,3
T,8801,13655026,190,1963277,13423,325,3
T,8802,13655046,190,1963312,11709,259,3
T,8803,13655066,190,1963348,11709,231,3
T,8804,13655086,190,1963385,11709,265,3
T,8805,13655106,190,1963422,11709,211,3
T,8806,13655126,190,1963460,11709,249,3

[host] drv timeout 2000
drv timeout 2000
timeout 2000 ms, 2000 ms remaining
  any 'drv duty' kicks it; re-issuing this command kicks it too
> T,8807,13655146,190,1963498,13280,229,3
T,8808,13655166,190,1963534,13280,291,3
T,8809,13655186,190,1963571,13280,236,3
T,8810,13655206,190,1963608,13280,345,3
T,8811,13655226,190,1963645,13280,192,3
T,8812,13655246,190,1963684,13209,203,3
T,8813,13655266,190,1963723,13209,145,3
T,8814,13655286,190,1963761,13209,189,3
T,8815,13655306,190,1963800,13209,339,3
T,8816,13655326,190,1963836,13209,309,3
T,8817,13655346,190,1963868,13352,368,3
T,8818,13655366,190,1963898,13352,333,3
T,8819,13655386,190,1963929,13352,486,3
T,8820,13655406,190,1963961,13352,334,3
T,8821,13655426,190,1963996,13352,290,3
T,8822,13655446,190,1964031,11495,208,3
T,8823,13655466,190,1964068,11495,253,3
T,8824,13655486,190,1964105,11495,173,3
T,8825,13655506,190,1964143,11495,251,3
T,8826,13655526,190,1964181,11495,229,3
T,8827,13655546,190,1964217,13352,241,3
T,8828,13655566,190,1964253,13352,217,3
T,8829,13655586,190,1964291,13352,325,3
T,8830,13655606,190,1964328,13352,179,3
T,8831,13655626,190,1964367,13352,192,3

[host] drv timeout 2000
drv timeout 2000
timeout 2000 ms, 2000 ms remaining
  any 'drv duty' kicks it; re-issuing this command kicks it too
> T,8832,13655646,190,1964406,13352,187,3
T,8833,13655666,190,1964445,13352,153,3
T,8834,13655686,190,1964485,13352,235,3
T,8835,13655706,190,1964522,13352,247,3
T,8836,13655726,190,1964555,13352,265,3
T,8837,13655746,190,1964583,12852,411,3
T,8838,13655766,190,1964612,12852,470,3
T,8839,13655786,190,1964644,12852,315,3
T,8840,13655806,190,1964677,12852,313,3
T,8841,13655826,190,1964712,12852,256,3
T,8842,13655846,190,1964748,11638,224,3
T,8843,13655866,190,1964784,11638,210,3
T,8844,13655886,190,1964822,11638,253,3
T,8845,13655906,190,1964860,11638,189,3
T,8846,13655926,190,1964899,11638,256,3
T,8847,13655946,190,1964936,13423,215,3
T,8848,13655966,190,1964971,13423,261,3
T,8849,13655986,190,1965007,13423,224,3
T,8850,13656006,190,1965044,13423,184,3
T,8851,13656026,190,1965082,13423,217,3
T,8852,13656046,190,1965121,13137,193,3
T,8853,13656066,190,1965160,13137,171,3
T,8854,13656086,190,1965198,13137,284,3
T,8855,13656106,190,1965233,13137,285,3
T,8856,13656126,190,1965264,13137,349,3

[host] drv timeout 2000
drv timeout 2000
timeout 2000 ms, 2000 ms remaining
  any 'drv duty' kicks it; re-issuing this command kicks it too
> T,8857,13656146,190,1965293,12566,503,3
T,8858,13656166,190,1965324,12566,320,3
T,8859,13656186,190,1965357,12566,366,3
T,8860,13656206,190,1965391,12566,288,3
T,8861,13656226,190,1965426,12566,253,3
T,8862,13656246,190,1965463,11924,323,3
T,8863,13656266,190,1965500,11924,233,3
T,8864,13656286,190,1965537,11924,221,3
T,8865,13656306,190,1965574,11924,241,3
T,8866,13656326,190,1965611,11924,233,3
T,8867,13656346,190,1965648,13209,211,3
T,8868,13656366,190,1965685,13209,236,3
T,8869,13656386,190,1965724,13209,211,3
T,8870,13656406,190,1965762,13209,251,3
T,8871,13656426,190,1965801,13209,135,3
T,8872,13656446,190,1965841,13709,152,3
T,8873,13656466,190,1965881,13709,221,3
T,8874,13656486,190,1965920,13709,227,3
T,8875,13656506,190,1965954,13709,349,3
T,8876,13656526,190,1965985,13709,326,3
T,8877,13656546,190,1966016,12709,304,3
T,8878,13656566,190,1966049,12709,294,3
T,8879,13656586,190,1966082,12709,354,3
T,8880,13656606,190,1966116,12709,268,3
T,8881,13656626,190,1966152,12709,211,3

[host] drv timeout 2000
drv timeouT,8882,13656646,190,1966189,12138,313,3
t 2000
timeout 2000 ms, 2000 ms remaining
  any 'drv duty' kicks it; re-issuing this command kicks it too
> T,8883,13656666,190,1966226,12138,200,3
T,8884,13656686,190,1966264,12138,277,3
T,8885,13656706,190,1966300,12138,242,3
T,8886,13656726,190,1966337,12138,238,3
T,8887,13656746,190,1966374,13280,241,3
T,8888,13656766,190,1966412,13280,217,3
T,8889,13656786,190,1966448,13280,209,3
T,8890,13656806,190,1966486,13280,252,3
T,8891,13656826,190,1966524,13280,221,3
T,8892,13656846,190,1966563,13423,217,3
T,8893,13656866,190,1966601,13423,163,3
T,8894,13656886,190,1966637,13423,408,3
T,8895,13656906,190,1966666,13423,321,3
T,8896,13656926,190,1966696,13423,313,3
T,8897,13656946,190,1966728,11924,290,3
T,8898,13656966,190,1966760,11924,284,3
T,8899,13656986,190,1966794,11924,222,3
T,8900,13657006,190,1966829,11924,328,3
T,8901,13657026,190,1966865,11924,212,3
T,8902,13657046,190,1966902,12352,215,3
T,8903,13657066,190,1966939,12352,245,3
T,8904,13657086,190,1966976,12352,233,3
T,8905,13657106,190,1967012,12352,253,3
T,8906,13657126,190,1967048,12352,209,3

[host] drv timeout 2000
T,8907,13657146,190,1967084,12995,296,3
drv timeout 2000
timeout 2000 ms, 2000 ms remaining
  any 'drv duty' kicks it; re-issuing this command kicks it too
> T,8908,13657166,190,1967121,12995,206,3
T,8909,13657186,190,1967159,12995,249,3
T,8910,13657206,190,1967197,12995,164,3
T,8911,13657226,190,1967236,12995,268,3
T,8912,13657246,190,1967274,13566,180,3
T,8913,13657266,190,1967313,13566,189,3
T,8914,13657286,190,1967348,13566,337,3
T,8915,13657306,190,1967379,13566,321,3
T,8916,13657326,190,1967411,13566,323,3
T,8917,13657346,190,1967443,12138,273,3
T,8918,13657366,190,1967476,12138,289,3
T,8919,13657386,190,1967511,12138,320,3
T,8920,13657406,190,1967547,12138,268,3
T,8921,13657426,190,1967583,12138,210,3
T,8922,13657446,190,1967621,12566,243,3
T,8923,13657466,190,1967659,12566,204,3
T,8924,13657486,190,1967697,12566,204,3
T,8925,13657506,190,1967733,12566,243,3
T,8926,13657526,190,1967769,12566,353,3
T,8927,13657546,190,1967805,13209,226,3
T,8928,13657566,190,1967842,13209,236,3
T,8929,13657586,190,1967880,13209,177,3
T,8930,13657606,190,1967918,13209,294,3
T,8931,13657626,190,1967956,13209,192,3

[host] drv timeout 2000
T,8932,13657646,190,1967995,13494,240,3
drv timeout 2000
timeout 2000 ms, 2000 ms remaining
  any 'drv duty' kicks it; re-issuing this command kicks it too
> T,8933,13657666,190,1968032,13494,238,3
T,8934,13657686,190,1968065,13494,361,3
T,8935,13657706,190,1968096,13494,325,3
T,8936,13657726,190,1968128,13494,304,3
T,8937,13657746,190,1968161,12066,305,3
T,8938,13657766,190,1968196,12066,387,3
T,8939,13657786,190,1968231,12066,257,3
T,8940,13657806,190,1968267,12066,196,3
T,8941,13657826,190,1968305,12066,220,3
T,8942,13657846,190,1968343,12780,262,3
T,8943,13657866,190,1968378,12780,272,3
T,8944,13657886,190,1968413,12780,265,3
T,8945,13657906,190,1968448,12780,240,3
T,8946,13657926,190,1968485,12780,241,3
T,8947,13657946,190,1968520,12780,216,3
T,8948,13657966,190,1968556,12780,258,3
T,8949,13657986,190,1968592,12780,242,3
T,8950,13658006,190,1968629,12780,209,3
T,8951,13658026,190,1968666,12780,270,3
T,8952,13658046,190,1968703,12995,229,3
T,8953,13658066,190,1968738,12995,277,3
T,8954,13658086,190,1968772,12995,455,3
T,8955,13658106,190,1968803,12995,371,3
T,8956,13658126,190,1968835,12995,440,3
T,8957,13658146,190,1968868,1185
[host] drv timeout 2000
2,336,3
drv timeout 2000
timeout 2000 ms, 2000 ms remaining
  any 'drv duty' kicks it; re-issuing this command kicks it too
> T,8958,13658166,190,1968901,11852,316,3
T,8959,13658186,190,1968936,11852,238,3
T,8960,13658206,190,1968973,11852,245,3
T,8961,13658226,190,1969010,11852,225,3
T,8962,13658246,190,1969048,12709,328,3
T,8963,13658266,190,1969086,12709,184,3
T,8964,13658286,190,1969125,12709,206,3
T,8965,13658306,190,1969161,12709,198,3
T,8966,13658326,190,1969197,12709,358,3
T,8967,13658346,190,1969232,13209,238,3
T,8968,13658366,190,1969268,13209,205,3
T,8969,13658386,190,1969305,13209,336,3
T,8970,13658406,190,1969342,13209,217,3
T,8971,13658426,190,1969380,13209,219,3
T,8972,13658446,190,1969418,13280,182,3
T,8973,13658466,190,1969453,13280,385,3
T,8974,13658486,190,1969484,13280,352,3
T,8975,13658506,190,1969515,13280,361,3
T,8976,13658526,190,1969546,13280,264,3
T,8977,13658546,190,1969579,11495,286,3
T,8978,13658566,190,1969613,11495,272,3
T,8979,13658586,190,1969649,11495,254,3
T,8980,13658606,190,1969685,11495,235,3
T,8981,13658626,190,1969723,11495,235,3
T,8982,13658646,190,1969761,1299
[host] drv timeout 2000
5,216,3
drv timeout 2000
timeout 2000 ms, 2000 ms remaining
  any 'drv duty' kicks it; re-issuing this command kicks it too
> T,8983,13658666,190,1969799,12995,233,3
T,8984,13658686,190,1969835,12995,246,3
T,8985,13658706,190,1969871,12995,241,3
T,8986,13658726,190,1969908,12995,224,3
T,8987,13658746,190,1969945,13137,270,3
T,8988,13658766,190,1969984,13137,192,3
T,8989,13658786,190,1970022,13137,188,3
T,8990,13658806,190,1970060,13137,211,3
T,8991,13658826,190,1970099,13137,183,3
T,8992,13658846,190,1970137,13709,370,3
T,8993,13658866,190,1970171,13709,317,3
T,8994,13658886,190,1970203,13709,361,3
T,8995,13658906,190,1970236,13709,316,3
T,8996,13658926,190,1970270,13709,291,3
T,8997,13658946,190,1970305,12066,279,3
T,8998,13658966,190,1970341,12066,248,3
T,8999,13658986,190,1970378,12066,179,3
T,9000,13659006,190,1970416,12066,215,3
T,9001,13659026,190,1970454,12066,240,3
T,9002,13659046,190,1970492,13280,237,3
T,9003,13659066,190,1970528,13280,230,3
T,9004,13659086,190,1970565,13280,275,3
T,9005,13659106,190,1970601,13280,231,3
T,9006,13659126,190,1970639,13280,248,3
T,9007,13659146,190,1970676,1313
[host] drv timeout 2000
7,180,3
drv timeout 2000
timeout 2000 ms, 2000 ms remaining
  any 'drv duty' kicks it; re-issuing this command kicks it too
> T,9008,13659166,190,1970714,13137,220,3
T,9009,13659186,190,1970752,13137,192,3
T,9010,13659206,190,1970791,13137,180,3
T,9011,13659226,190,1970829,13137,275,3
T,9012,13659246,190,1970863,13423,385,3
T,9013,13659266,190,1970895,13423,315,3
T,9014,13659286,190,1970928,13423,365,3
T,9015,13659306,190,1970960,13423,256,3
T,9016,13659326,190,1970994,13423,278,3
T,9017,13659346,190,1971029,11852,248,3
T,9018,13659366,190,1971065,11852,272,3
T,9019,13659386,190,1971102,11852,209,3
T,9020,13659406,190,1971140,11852,265,3
T,9021,13659426,190,1971179,11852,198,3
T,9022,13659446,190,1971216,13280,208,3
T,9023,13659466,190,1971253,13280,219,3
T,9024,13659486,190,1971289,13280,285,3
T,9025,13659506,190,1971327,13280,212,3
T,9026,13659526,190,1971365,13280,187,3
T,9027,13659546,190,1971404,13352,183,3
T,9028,13659566,190,1971442,13352,192,3
T,9029,13659586,190,1971481,13352,267,3
T,9030,13659606,190,1971520,13352,200,3
T,9031,13659626,190,1971556,13352,331,3
T,9032,13659646,190,1971587,13280,462,3

[host] drv timeout 2000
drv timeout 2000
timeout 2000 ms, 2000 ms remaining
  any 'drv duty' kicks it; re-issuing this command kicks it too
> T,9033,13659666,190,1971620,13280,293,3
T,9034,13659686,190,1971653,13280,326,3
T,9035,13659706,190,1971687,13280,268,3
T,9036,13659726,190,1971722,13280,205,3
T,9037,13659746,190,1971758,12066,338,3
T,9038,13659766,190,1971795,12066,194,3
T,9039,13659786,190,1971833,12066,251,3
T,9040,13659806,190,1971871,12066,188,3
T,9041,13659826,190,1971910,12066,236,3
T,9042,13659846,190,1971947,13494,240,3
T,9043,13659866,190,1971983,13494,230,3
T,9044,13659886,190,1972020,13494,215,3
T,9045,13659906,190,1972057,13494,301,3
T,9046,13659926,190,1972095,13494,208,3
T,9047,13659946,190,1972133,13209,200,3
T,9048,13659966,190,1972172,13209,155,3
T,9049,13659986,190,1972210,13209,226,3
T,9050,13660006,190,1972244,13209,338,3
T,9051,13660026,190,1972274,13209,359,3
T,9052,13660046,190,1972305,12495,290,3
T,9053,13660066,190,1972337,12495,306,3
T,9054,13660086,190,1972369,12495,263,3
T,9055,13660106,190,1972403,12495,269,3
T,9056,13660126,190,1972438,12495,293,3
T,9057,13660146,190,1972475,11995,257,3

[host] drv timeout 2000
drv timeout 2000
timeout 2000 ms, 2000 ms remaining
  any 'drv duty' kicks it; re-issuing this command kicks it too
> T,9058,13660166,190,1972512,11995,196,3
T,9059,13660186,190,1972549,11995,262,3
T,9060,13660206,190,1972586,11995,242,3
T,9061,13660226,190,1972622,11995,290,3
T,9062,13660246,190,1972658,13066,230,3
T,9063,13660266,190,1972695,13066,311,3
T,9064,13660286,190,1972733,13066,226,3
T,9065,13660306,190,1972771,13066,225,3
T,9066,13660326,190,1972809,13066,113,3
T,9067,13660346,190,1972849,13566,173,3
T,9068,13660366,190,1972889,13566,280,3
T,9069,13660386,190,1972926,13566,290,3
T,9070,13660406,190,1972957,13566,381,3
T,9071,13660426,190,1972985,13566,369,3
T,9072,13660446,190,1973015,11995,380,3
T,9073,13660466,190,1973046,11995,329,3
T,9074,13660486,190,1973080,11995,413,3
T,9075,13660506,190,1973115,11995,267,3
T,9076,13660526,190,1973150,11995,227,3
T,9077,13660546,190,1973187,12209,329,3
T,9078,13660566,190,1973224,12209,210,3
T,9079,13660586,190,1973263,12209,238,3
T,9080,13660606,190,1973301,12209,193,3
T,9081,13660626,190,1973339,12209,254,3
T,9082,13660646,190,1973374,13423,206,3

[host] drv timeout 2000
drv timeout 2000
timeout 2000 ms, 2000 ms remaining
  any 'drv duty' kicks it; re-issuing this command kicks it too
> T,9083,13660666,190,1973411,13423,253,3
T,9084,13660686,190,1973448,13423,192,3
T,9085,13660706,190,1973486,13423,269,3
T,9086,13660726,190,1973525,13423,195,3
T,9087,13660746,190,1973565,13494,209,3
T,9088,13660766,190,1973602,13494,253,3
T,9089,13660786,190,1973637,13494,323,3
T,9090,13660806,190,1973668,13494,360,3
T,9091,13660826,190,1973698,13494,391,3
T,9092,13660846,190,1973729,11852,285,3
T,9093,13660866,190,1973762,11852,344,3
T,9094,13660886,190,1973796,11852,269,3
T,9095,13660906,190,1973831,11852,231,3
T,9096,13660926,190,1973868,11852,240,3
T,9097,13660946,190,1973904,12423,208,3
T,9098,13660966,190,1973941,12423,231,3
T,9099,13660986,190,1973978,12423,281,3
T,9100,13661006,190,1974014,12423,199,3
T,9101,13661026,190,1974051,12423,262,3
T,9102,13661046,190,1974088,13137,194,3
T,9103,13661066,190,1974125,13137,317,3
T,9104,13661086,190,1974164,13137,168,3
T,9105,13661106,190,1974202,13137,225,3
T,9106,13661126,190,1974242,13137,187,3
T,9107,13661146,190,1974281,13709,105,3

[host] drv timeout 2000
drv timeout 2000
timeout 2000 ms, 2000 ms remaining
  any 'drv duty' kicks it; re-issuing this command kicks it too
> T,9108,13661166,190,1974319,13709,365,3
T,9109,13661186,190,1974352,13709,296,3
T,9110,13661206,190,1974383,13709,401,3
T,9111,13661226,190,1974415,13709,329,3
T,9112,13661246,190,1974447,11995,430,3
T,9113,13661266,190,1974480,11995,273,3
T,9114,13661286,190,1974513,11995,262,3
T,9115,13661306,190,1974548,11995,247,3
T,9116,13661326,190,1974584,11995,262,3
T,9117,13661346,190,1974621,12352,215,3
T,9118,13661366,190,1974658,12352,309,3
T,9119,13661386,190,1974693,12352,237,3
T,9120,13661406,190,1974730,12352,167,3
T,9121,13661426,190,1974767,12352,289,3
T,9122,13661446,190,1974804,13066,201,3
T,9123,13661466,190,1974842,13066,247,3
T,9124,13661486,190,1974880,13066,155,3
T,9125,13661506,190,1974919,13066,188,3
T,9126,13661526,190,1974957,13066,288,3
T,9127,13661546,190,1974996,13709,178,3
T,9128,13661566,190,1975033,13709,320,3
T,9129,13661586,190,1975063,13709,432,3
T,9130,13661606,190,1975093,13709,318,3
T,9131,13661626,190,1975124,13709,286,3
T,9132,13661646,190,1975157,11567,301,3

[host] drv timeout 2000
drv timeout 2000
timeout 2000 ms, 2000 ms remaining
  any 'drv duty' kicks it; re-issuing this command kicks it too
> T,9133,13661666,190,1975191,11567,334,3
T,9134,13661686,190,1975225,11567,312,3
T,9135,13661706,190,1975261,11567,226,3
T,9136,13661726,190,1975298,11567,289,3
T,9137,13661746,190,1975335,12638,192,3
T,9138,13661766,190,1975373,12638,261,3
T,9139,13661786,190,1975409,12638,231,3
T,9140,13661806,190,1975444,12638,261,3
T,9141,13661826,190,1975480,12638,291,3
T,9142,13661846,190,1975517,12995,190,3
T,9143,13661866,190,1975555,12995,307,3
T,9144,13661886,190,1975592,12995,174,3
T,9145,13661906,190,1975631,12995,232,3
T,9146,13661926,190,1975669,12995,169,3
T,9147,13661946,190,1975708,13566,194,3
T,9148,13661966,190,1975744,13566,278,3
T,9149,13661986,190,1975774,13566,327,3
T,9150,13662006,190,1975806,13566,294,3
T,9151,13662026,190,1975837,13566,309,3
T,9152,13662046,190,1975869,11709,323,3
T,9153,13662066,190,1975901,11709,281,3
T,9154,13662086,190,1975936,11709,249,3
T,9155,13662106,190,1975971,11709,267,3
T,9156,13662126,190,1976008,11709,201,3
T,9157,13662146,190,1976045,12423,309,3

[host] drv timeout 2000
drv timeout 2000
timeout 2000 ms, 2000 ms remaining
  any 'drv duty' kicks it; re-issuing this command kicks it too
> T,9158,13662166,190,1976080,12423,215,3
T,9159,13662186,190,1976115,12423,269,3
T,9160,13662206,190,1976149,12423,277,3
T,9161,13662226,190,1976184,12423,329,3
T,9162,13662246,190,1976219,12495,257,3
T,9163,13662266,190,1976255,12495,219,3
T,9164,13662286,190,1976292,12495,235,3
T,9165,13662306,190,1976329,12495,173,3
T,9166,13662326,190,1976366,12495,281,3
T,9167,13662346,190,1976404,13137,195,3
T,9168,13662366,190,1976440,13137,339,3
T,9169,13662386,190,1976470,13137,386,3
T,9170,13662406,190,1976501,13137,326,3
T,9171,13662426,190,1976533,13137,317,3
T,9172,13662446,190,1976566,11638,304,3
T,9173,13662466,190,1976599,11638,377,3
T,9174,13662486,190,1976634,11638,290,3
T,9175,13662506,190,1976670,11638,211,3
T,9176,13662526,190,1976707,11638,318,3
T,9177,13662546,190,1976744,12638,220,3
T,9178,13662566,190,1976780,12638,259,3
T,9179,13662586,190,1976814,12638,384,3
T,9180,13662606,190,1976849,12638,216,3
T,9181,13662626,190,1976884,12638,232,3
T,9182,13662646,190,1976920,12566,385,3

[host] drv timeout 2000
drv timeout 2000
timeout 2000 ms, 2000 ms remaining
  any 'drv duty' kicks it; re-issuing this command kicks it too
> T,9183,13662666,190,1976956,12566,269,3
T,9184,13662686,190,1976992,12566,187,3
T,9185,13662706,190,1977029,12566,254,3
T,9186,13662726,190,1977067,12566,212,3
T,9187,13662746,190,1977104,13137,227,3
T,9188,13662766,190,1977140,13137,249,3
T,9189,13662786,190,1977173,13137,313,3
T,9190,13662806,190,1977205,13137,322,3
T,9191,13662826,190,1977238,13137,318,3
T,9192,13662846,190,1977271,11995,307,3
T,9193,13662866,190,1977304,11995,419,3
T,9194,13662886,190,1977340,11995,289,3
T,9195,13662906,190,1977376,11995,205,3
T,9196,13662926,190,1977413,11995,252,3
T,9197,13662946,190,1977451,12709,203,3
T,9198,13662966,190,1977489,12709,179,3
T,9199,13662986,190,1977527,12709,246,3
T,9200,13663006,190,1977564,12709,257,3
T,9201,13663026,190,1977599,12709,245,3
T,9202,13663046,190,1977633,13137,237,3
T,9203,13663066,190,1977669,13137,291,3
T,9204,13663086,190,1977705,13137,215,3
T,9205,13663106,190,1977742,13137,249,3
T,9206,13663126,190,1977780,13137,184,3
T,9207,13663146,190,1977818,13137,268,3

[host] drv timeout 2000
drv timeout 2000
timeout 2000 ms, 2000 ms remaining
  any 'drv duty' kicks it; re-issuing this command kicks it too
> T,9208,13663166,190,1977852,13137,343,3
T,9209,13663186,190,1977882,13137,414,3
T,9210,13663206,190,1977913,13137,385,3
T,9211,13663226,190,1977944,13137,449,3
T,9212,13663246,190,1977976,11281,336,3
T,9213,13663266,190,1978009,11281,360,3
T,9214,13663286,190,1978045,11281,257,3
T,9215,13663306,190,1978081,11281,240,3
T,9216,13663326,190,1978119,11281,216,3
T,9217,13663346,190,1978156,12852,265,3
T,9218,13663366,190,1978194,12852,196,3
T,9219,13663386,190,1978229,12852,240,3
T,9220,13663406,190,1978264,12852,369,3
T,9221,13663426,190,1978300,12852,240,3
T,9222,13663446,190,1978337,12923,222,3
T,9223,13663466,190,1978375,12923,215,3
T,9224,13663486,190,1978413,12923,283,3
T,9225,13663506,190,1978451,12923,177,3
T,9226,13663526,190,1978490,12923,237,3
T,9227,13663546,190,1978528,13637,193,3
T,9228,13663566,190,1978563,13637,461,3
T,9229,13663586,190,1978595,13637,361,3

[host] drv duty 17
drv duty 17
duty +17%
> T,9230,13663606,170,1978627,13637,318,3
T,9231,13663626,170,1978659,13637,259,3
T,9232,13663646,170,1978691,11709,329,3
T,9233,13663666,170,1978724,11709,245,3
T,9234,13663686,170,1978757,11709,259,3
T,9235,13663706,170,1978790,11709,216,3
T,9236,13663726,170,1978824,11709,163,3
T,9237,13663746,170,1978859,11924,190,3
T,9238,13663766,170,1978893,11924,227,3
T,9239,13663786,170,1978925,11924,307,3
T,9240,13663806,170,1978956,11924,227,3
T,9241,13663826,170,1978989,11924,294,3
T,9242,13663846,170,1979022,11709,246,3
T,9243,13663866,170,1979055,11709,265,3
T,9244,13663886,170,1979089,11709,221,3
T,9245,13663906,170,1979123,11709,192,3
T,9246,13663926,170,1979157,11709,185,3
T,9247,13663946,170,1979191,12066,227,3
T,9248,13663966,170,1979225,12066,329,3
T,9249,13663986,170,1979255,12066,347,3
T,9250,13664006,170,1979282,12066,290,3
T,9251,13664026,170,1979309,12066,414,3
T,9252,13664046,170,1979337,10496,270,3
T,9253,13664066,170,1979365,10496,269,3
T,9254,13664086,170,1979394,10496,326,3

[host] drv timeout 2000
T,9255,13664106,170,1979425,10496,221,3
drv timeout 2000
timeout 2000 ms, 2000 ms remaining
  any 'drv duty' kicks it; re-issuing this command kicks it too
> T,9256,13664126,170,1979456,10496,221,3
T,9257,13664146,170,1979489,10781,200,3
T,9258,13664166,170,1979522,10781,259,3
T,9259,13664186,170,1979555,10781,241,3
T,9260,13664206,170,1979588,10781,336,3
T,9261,13664226,170,1979619,10781,280,3
T,9262,13664246,170,1979651,11567,337,3
T,9263,13664266,170,1979683,11567,254,3
T,9264,13664286,170,1979716,11567,320,3
T,9265,13664306,170,1979749,11567,212,3
T,9266,13664326,170,1979782,11567,237,3
T,9267,13664346,170,1979816,11709,190,3
T,9268,13664366,170,1979850,11709,169,3
T,9269,13664386,170,1979884,11709,227,3
T,9270,13664406,170,1979919,11709,267,3
T,9271,13664426,170,1979949,11709,371,3
T,9272,13664446,170,1979976,11638,289,3
T,9273,13664466,170,1980004,11638,313,3
T,9274,13664486,170,1980031,11638,315,3
T,9275,13664506,170,1980058,11638,366,3
T,9276,13664526,170,1980087,11638,281,3
T,9277,13664546,170,1980117,9996,256,3
T,9278,13664566,170,1980149,9996,230,3
T,9279,13664586,170,1980181,9996,233,3

[host] drv timeout 2000
T,9280,13664606,170,1980215,9996,216,3
drv timeout 2000
timeout 2000 ms, 2000 ms remaining
  any 'drv duty' kicks it; re-issuing this command kicks it too
> T,9281,13664626,170,1980248,9996,323,3
T,9282,13664646,170,1980281,11638,268,3
T,9283,13664666,170,1980313,11638,311,3
T,9284,13664686,170,1980346,11638,236,3
T,9285,13664706,170,1980378,11638,243,3
T,9286,13664726,170,1980412,11638,238,3
T,9287,13664746,170,1980445,11709,171,3
T,9288,13664766,170,1980479,11709,188,3
T,9289,13664786,170,1980513,11709,169,3
T,9290,13664806,170,1980548,11709,279,3
T,9291,13664826,170,1980582,11709,180,3
T,9292,13664846,170,1980616,12209,205,3
T,9293,13664866,170,1980645,12209,323,3
T,9294,13664886,170,1980671,12209,301,3
T,9295,13664906,170,1980696,12209,515,3
T,9296,13664926,170,1980722,12209,339,3
T,9297,13664946,170,1980749,9567,299,3
T,9298,13664966,170,1980777,9567,264,3
T,9299,13664986,170,1980807,9567,241,3
T,9300,13665006,170,1980838,9567,237,3
T,9301,13665026,170,1980871,9567,219,3
T,9302,13665046,170,1980904,10924,200,3
T,9303,13665066,170,1980937,10924,194,3
T,9304,13665086,170,1980969,10924,226,3

[host] drv timeout 2000
T,9305,13665106,170,1981000,10924,217,3
drv timeout 2000
timeout 2000 ms, 2000 ms remaining
  any 'drv duty' kicks it; re-issuing this command kicks it too
> T,9306,13665126,170,1981032,10924,241,3
T,9307,13665146,170,1981063,11424,251,3
T,9308,13665166,170,1981095,11424,233,3
T,9309,13665186,170,1981128,11424,204,3
T,9310,13665206,170,1981160,11424,178,3
T,9311,13665226,170,1981195,11424,157,3
T,9312,13665246,170,1981229,11852,262,3
T,9313,13665266,170,1981264,11852,179,3
T,9314,13665286,170,1981298,11852,221,3
T,9315,13665306,170,1981329,11852,265,3
T,9316,13665326,170,1981355,11852,366,3
T,9317,13665346,170,1981377,10853,381,3
T,9318,13665366,170,1981400,10853,534,3
T,9319,13665386,170,1981426,10853,334,3
T,9320,13665406,170,1981453,10853,365,3
T,9321,13665426,170,1981482,10853,279,3
T,9322,13665446,170,1981512,9424,225,3
T,9323,13665466,170,1981543,9424,229,3
T,9324,13665486,170,1981575,9424,225,3
T,9325,13665506,170,1981608,9424,214,3
T,9326,13665526,170,1981641,9424,176,3
T,9327,13665546,170,1981674,11495,206,3
T,9328,13665566,170,1981707,11495,211,3
T,9329,13665586,170,1981738,11495,230,3
T,9330,13665606,170,1981770,1149
[host] drv timeout 2000
5,188,3
drv timeout 2000
timeout 2000 ms, 2000 ms remaining
  any 'drv duty' kicks it; re-issuing this command kicks it too
> T,9331,13665626,170,1981802,11495,209,3
T,9332,13665646,170,1981835,11495,195,3
T,9333,13665666,170,1981869,11495,267,3
T,9334,13665686,170,1981904,11495,182,3
T,9335,13665706,170,1981940,11495,151,3
T,9336,13665726,170,1981974,11495,232,3
T,9337,13665746,170,1982006,12281,225,3
T,9338,13665766,170,1982037,12281,290,3
T,9339,13665786,170,1982063,12281,512,3
T,9340,13665806,170,1982087,12281,396,3
T,9341,13665826,170,1982112,12281,323,3
T,9342,13665846,170,1982139,9567,326,3
T,9343,13665866,170,1982167,9567,344,3
T,9344,13665886,170,1982196,9567,256,3
T,9345,13665906,170,1982227,9567,217,3
T,9346,13665926,170,1982259,9567,233,3
T,9347,13665946,170,1982291,10710,200,3
T,9348,13665966,170,1982323,10710,240,3
T,9349,13665986,170,1982356,10710,206,3
T,9350,13666006,170,1982388,10710,230,3
T,9351,13666026,170,1982420,10710,217,3
T,9352,13666046,170,1982453,11567,217,3
T,9353,13666066,170,1982485,11567,224,3
T,9354,13666086,170,1982518,11567,216,3
T,9355,13666106,170,1982552,11567,312,3

[host] drv timeout 2000
drv timeout 2000
timeout 2000 ms, 2000 ms remaining
  any 'drv duty' kicks it; re-issuing this command kicks it too
> T,9356,13666126,170,1982586,11567,225,3
T,9357,13666146,170,1982621,11995,112,3
T,9358,13666166,170,1982657,11995,174,3
T,9359,13666186,170,1982692,11995,219,3
T,9360,13666206,170,1982724,11995,389,3
T,9361,13666226,170,1982752,11995,316,3
T,9362,13666246,170,1982778,11352,358,3
T,9363,13666266,170,1982803,11352,321,3
T,9364,13666286,170,1982830,11352,460,3
T,9365,13666306,170,1982857,11352,256,3
T,9366,13666326,170,1982885,11352,280,3
T,9367,13666346,170,1982916,9710,370,3
T,9368,13666366,170,1982946,9710,246,3
T,9369,13666386,170,1982978,9710,301,3
T,9370,13666406,170,1983011,9710,247,3
T,9371,13666426,170,1983042,9710,299,3
T,9372,13666446,170,1983072,11210,236,3
T,9373,13666466,170,1983103,11210,211,3
T,9374,13666486,170,1983135,11210,230,3
T,9375,13666506,170,1983165,11210,229,3
T,9376,13666526,170,1983196,11210,269,3
T,9377,13666546,170,1983228,11067,268,3
T,9378,13666566,170,1983260,11067,188,3
T,9379,13666586,170,1983293,11067,229,3
T,9380,13666606,170,1983327,11067,163,3

[host] drv timeout 2000
drv timeout 2000
timeout 2000 ms, 2000 ms remaining
  any 'drv duty' kicks it; re-issuing this command kicks it too
> T,9381,13666626,170,1983360,11067,179,3
T,9382,13666646,170,1983394,11852,224,3
T,9383,13666666,170,1983425,11852,331,3
T,9384,13666686,170,1983452,11852,355,3
T,9385,13666706,170,1983477,11852,374,3
T,9386,13666726,170,1983502,11852,444,3
T,9387,13666746,170,1983528,9710,333,3
T,9388,13666766,170,1983556,9710,418,3
T,9389,13666786,170,1983585,9710,256,3
T,9390,13666806,170,1983616,9710,232,3
T,9391,13666826,170,1983647,9710,210,3
T,9392,13666846,170,1983680,10638,195,3
T,9393,13666866,170,1983712,10638,188,3
T,9394,13666886,170,1983745,10638,243,3
T,9395,13666906,170,1983778,10638,221,3
T,9396,13666926,170,1983810,10638,311,3
T,9397,13666946,170,1983842,11638,246,3
T,9398,13666966,170,1983873,11638,272,3
T,9399,13666986,170,1983905,11638,222,3
T,9400,13667006,170,1983938,11638,285,3
T,9401,13667026,170,1983972,11638,211,3
T,9402,13667046,170,1984006,11709,208,3
T,9403,13667066,170,1984041,11709,150,3
T,9404,13667086,170,1984076,11709,172,3
T,9405,13667106,170,1984110,11709,300,3

[host] drv timeout 2000
drv timeout 2000
timeout 2000 ms, 2000 ms remaining
  any 'drv duty' kicks it; re-issuing this command kicks it too
> T,9406,13667126,170,1984143,11709,350,3
T,9407,13667146,170,1984170,11852,369,3
T,9408,13667166,170,1984196,11852,507,3
T,9409,13667186,170,1984221,11852,342,3
T,9410,13667206,170,1984248,11852,371,3
T,9411,13667226,170,1984275,11852,280,3
T,9412,13667246,170,1984305,9567,269,3
T,9413,13667266,170,1984336,9567,238,3
T,9414,13667286,170,1984368,9567,264,3
T,9415,13667306,170,1984400,9567,180,3
T,9416,13667326,170,1984433,9567,217,3
T,9417,13667346,170,1984465,11424,211,3
T,9418,13667366,170,1984496,11424,256,3
T,9419,13667386,170,1984527,11424,311,3
T,9420,13667406,170,1984556,11424,317,3
T,9421,13667426,170,1984587,11424,232,3
T,9422,13667446,170,1984617,10853,243,3
T,9423,13667466,170,1984648,10853,235,3
T,9424,13667486,170,1984680,10853,185,3
T,9425,13667506,170,1984713,10853,187,3
T,9426,13667526,170,1984747,10853,195,3
T,9427,13667546,170,1984780,11638,215,3
T,9428,13667566,170,1984814,11638,344,3
T,9429,13667586,170,1984843,11638,327,3
T,9430,13667606,170,1984869,11638,332,3

[host] drv timeout 2000
drv timeout 2000
timeout 2000 ms, 2000 ms remaining
  any 'drv duty' kicks it; re-issuing this command kicks it too
> T,9431,13667626,170,1984894,11638,325,3
T,9432,13667646,170,1984920,10067,507,3
T,9433,13667666,170,1984947,10067,333,3
T,9434,13667686,170,1984975,10067,317,3
T,9435,13667706,170,1985004,10067,300,3
T,9436,13667726,170,1985035,10067,212,3
T,9437,13667746,170,1985067,10353,230,3
T,9438,13667766,170,1985100,10353,209,3
T,9439,13667786,170,1985131,10353,253,3
T,9440,13667806,170,1985162,10353,206,3
T,9441,13667826,170,1985193,10353,254,3
T,9442,13667846,170,1985223,11210,279,3
T,9443,13667866,170,1985253,11210,236,3
T,9444,13667886,170,1985284,11210,354,3
T,9445,13667906,170,1985315,11210,285,3
T,9446,13667926,170,1985346,11210,285,3
T,9447,13667946,170,1985377,10995,212,3
T,9448,13667966,170,1985410,10995,284,3
T,9449,13667986,170,1985443,10995,240,3
T,9450,13668006,170,1985476,10995,325,3
T,9451,13668026,170,1985507,10995,256,3
T,9452,13668046,170,1985539,11495,347,3
T,9453,13668066,170,1985567,11495,307,3
T,9454,13668086,170,1985594,11495,366,3
T,9455,13668106,170,1985621,11495,313,3

[host] drv timeout 2000
drv timeout 2000
timeout 2000 ms, 2000 ms remaining
  any 'drv duty' kicks it; re-issuing this command kicks it too
> T,9456,13668126,170,1985648,11495,326,3
T,9457,13668146,170,1985676,9924,265,3
T,9458,13668166,170,1985706,9924,267,3
T,9459,13668186,170,1985736,9924,205,3
T,9460,13668206,170,1985768,9924,199,3
T,9461,13668226,170,1985801,9924,178,3
T,9462,13668246,170,1985834,11138,199,3
T,9463,13668266,170,1985868,11138,182,3
T,9464,13668286,170,1985902,11138,301,3
T,9465,13668306,170,1985936,11138,221,3
T,9466,13668326,170,1985967,11138,336,3
T,9467,13668346,170,1985998,11781,316,3
T,9468,13668366,170,1986029,11781,306,3
T,9469,13668386,170,1986061,11781,252,3
T,9470,13668406,170,1986093,11781,310,3
T,9471,13668426,170,1986126,11781,262,3
T,9472,13668446,170,1986160,11495,222,3
T,9473,13668466,170,1986193,11495,193,3
T,9474,13668486,170,1986227,11495,233,3
T,9475,13668506,170,1986256,11495,333,3
T,9476,13668526,170,1986281,11495,376,3
T,9477,13668546,170,1986307,10638,470,3
T,9478,13668566,170,1986332,10638,348,3
T,9479,13668586,170,1986360,10638,347,3
T,9480,13668606,170,1986389,10638,259,3

[host] drv timeout 2000
drv timeout 2000
timeout 2000 ms, 2000 ms remaining
  any 'drv duty' kicks it; re-issuing this command kicks it too
> T,9481,13668626,170,1986419,10638,254,3
T,9482,13668646,170,1986451,10138,208,3
T,9483,13668666,170,1986484,10138,214,3
T,9484,13668686,170,1986517,10138,209,3
T,9485,13668706,170,1986550,10138,203,3
T,9486,13668726,170,1986584,10138,333,3
T,9487,13668746,170,1986615,11781,273,3
T,9488,13668766,170,1986645,11781,259,3
T,9489,13668786,170,1986676,11781,231,3
T,9490,13668806,170,1986708,11781,225,3
T,9491,13668826,170,1986740,11781,209,3
T,9492,13668846,170,1986773,11281,221,3
T,9493,13668866,170,1986807,11281,220,3
T,9494,13668886,170,1986840,11281,332,3
T,9495,13668906,170,1986874,11281,238,3
T,9496,13668926,170,1986908,11281,182,3
T,9497,13668946,170,1986940,11924,317,3
T,9498,13668966,170,1986968,11924,476,3
T,9499,13668986,170,1986996,11924,325,3
T,9500,13669006,170,1987024,11924,274,3
T,9501,13669026,170,1987052,11924,334,3
T,9502,13669046,170,1987081,10067,232,3
T,9503,13669066,170,1987111,10067,270,3
T,9504,13669086,170,1987142,10067,257,3
T,9505,13669106,170,1987175,10067,240,3

[host] drv timeout 2000
drv timeout 2000
timeout 2000 ms, 2000 ms remaining
  any 'drv duty' kicks it; re-issuing this command kicks it too
> T,9506,13669126,170,1987208,10067,195,3
T,9507,13669146,170,1987241,11352,214,3
T,9508,13669166,170,1987274,11352,174,3
T,9509,13669186,170,1987306,11352,233,3
T,9510,13669206,170,1987338,11352,184,3
T,9511,13669226,170,1987370,11352,215,3
T,9512,13669246,170,1987403,11567,209,3
T,9513,13669266,170,1987435,11567,222,3
T,9514,13669286,170,1987468,11567,221,3
T,9515,13669306,170,1987501,11567,291,3
T,9516,13669326,170,1987535,11567,242,3
T,9517,13669346,170,1987569,11852,209,3
T,9518,13669366,170,1987603,11852,164,3
T,9519,13669386,170,1987636,11852,281,3
T,9520,13669406,170,1987663,11852,361,3
T,9521,13669426,170,1987690,11852,327,3
T,9522,13669446,170,1987717,10710,397,3
T,9523,13669466,170,1987744,10710,284,3
T,9524,13669486,170,1987772,10710,331,3
T,9525,13669506,170,1987802,10710,321,3
T,9526,13669526,170,1987833,10710,286,3
T,9527,13669546,170,1987865,10424,332,3
T,9528,13669566,170,1987898,10424,258,3
T,9529,13669586,170,1987931,10424,227,3
T,9530,13669606,170,1987965,10424,196,3

[host] drv timeout 2000
drv timeout 2000
timeout 2000 ms, 2000 ms remaining
  any 'drv duty' kicks it; re-issuing this command kicks it too
> T,9531,13669626,170,1987999,10424,199,3
T,9532,13669646,170,1988031,11852,212,3
T,9533,13669666,170,1988062,11852,219,3
T,9534,13669686,170,1988094,11852,196,3
T,9535,13669706,170,1988127,11852,204,3
T,9536,13669726,170,1988160,11852,204,3
T,9537,13669746,170,1988193,11567,167,3
T,9538,13669766,170,1988227,11567,286,3
T,9539,13669786,170,1988261,11567,208,3
T,9540,13669806,170,1988296,11567,189,3
T,9541,13669826,170,1988329,11567,243,3
T,9542,13669846,170,1988358,11924,375,3
T,9543,13669866,170,1988385,11924,313,3
T,9544,13669886,170,1988412,11924,358,3
T,9545,13669906,170,1988439,11924,412,3
T,9546,13669926,170,1988467,11924,302,3
T,9547,13669946,170,1988497,9853,252,3
T,9548,13669966,170,1988528,9853,257,3
T,9549,13669986,170,1988560,9853,206,3
T,9550,13670006,170,1988593,9853,217,3
T,9551,13670026,170,1988626,9853,200,3
T,9552,13670046,170,1988660,11495,190,3
T,9553,13670066,170,1988692,11495,224,3
T,9554,13670086,170,1988724,11495,247,3
T,9555,13670106,170,1988756,11495,216,3

[host] drv timeout 2000
drv timeout 2000
timeout 2000 ms, 2000 ms remaining
  any 'drv duty' kicks it; re-issuing this command kicks it too
> T,9556,13670126,170,1988788,11495,220,3
T,9557,13670146,170,1988821,11567,212,3
T,9558,13670166,170,1988854,11567,206,3
T,9559,13670186,170,1988888,11567,304,3
T,9560,13670206,170,1988921,11567,243,3
T,9561,13670226,170,1988956,11567,184,3
T,9562,13670246,170,1988990,12066,200,3
T,9563,13670266,170,1989023,12066,238,3
T,9564,13670286,170,1989051,12066,328,3
T,9565,13670306,170,1989076,12066,354,3
T,9566,13670326,170,1989101,12066,446,3
T,9567,13670346,170,1989127,9924,384,3
T,9568,13670366,170,1989153,9924,301,3
T,9569,13670386,170,1989182,9924,273,3
T,9570,13670406,170,1989212,9924,274,3
T,9571,13670426,170,1989243,9924,246,3
T,9572,13670446,170,1989276,10424,246,3
T,9573,13670466,170,1989308,10424,217,3
T,9574,13670486,170,1989342,10424,217,3
T,9575,13670506,170,1989374,10424,204,3
T,9576,13670526,170,1989406,10424,237,3
T,9577,13670546,170,1989438,11638,199,3
T,9578,13670566,170,1989470,11638,219,3
T,9579,13670586,170,1989503,11638,188,3
T,9580,13670606,170,1989536,11638,172,3

[host] drv timeout 2000
drv timeout 2000
timeout 2000 ms, 2000 ms remaining
  any 'drv duty' kicks it; re-issuing this command kicks it too
> T,9581,13670626,170,1989570,11638,237,3
T,9582,13670646,170,1989605,11924,184,3
T,9583,13670666,170,1989640,11924,168,3
T,9584,13670686,170,1989675,11924,193,3
T,9585,13670706,170,1989709,11924,232,3
T,9586,13670726,170,1989739,11924,323,3
T,9587,13670746,170,1989764,11567,538,3
T,9588,13670766,170,1989787,11567,400,3
T,9589,13670786,170,1989812,11567,345,3
T,9590,13670806,170,1989840,11567,274,3
T,9591,13670826,170,1989869,11567,350,3
T,9592,13670846,170,1989899,9496,253,3
T,9593,13670866,170,1989930,9496,243,3
T,9594,13670886,170,1989962,9496,179,3
T,9595,13670906,170,1989995,9496,219,3
T,9596,13670926,170,1990028,9496,208,3
T,9597,13670946,170,1990062,11567,297,3
T,9598,13670966,170,1990096,11567,190,3
T,9599,13670986,170,1990129,11567,225,3
T,9600,13671006,170,1990160,11567,212,3
T,9601,13671026,170,1990193,11567,216,3
T,9602,13671046,170,1990225,11709,205,3
T,9603,13671066,170,1990260,11709,132,3
T,9604,13671086,170,1990295,11709,259,3
T,9605,13671106,170,1990330,11709,226,3

[host] drv timeout 2000
drvT,9606,13671126,170,1990363,11709,249,3
 timeout 2000
timeout 2000 ms, 2000 ms remaining
  any 'drv duty' kicks it; re-issuing this command kicks it too
> T,9607,13671146,170,1990395,12066,278,3
T,9608,13671166,170,1990427,12066,305,3
T,9609,13671186,170,1990453,12066,359,3
T,9610,13671206,170,1990477,12066,389,3
T,9611,13671226,170,1990503,12066,370,3
T,9612,13671246,170,1990530,9710,363,3
T,9613,13671266,170,1990557,9710,310,3
T,9614,13671286,170,1990586,9710,263,3
T,9615,13671306,170,1990616,9710,401,3
T,9616,13671326,170,1990648,9710,259,3
T,9617,13671346,170,1990680,10638,357,3
T,9618,13671366,170,1990712,10638,278,3
T,9619,13671386,170,1990744,10638,365,3
T,9620,13671406,170,1990777,10638,236,3
T,9621,13671426,170,1990810,10638,290,3
T,9622,13671446,170,1990842,11567,216,3
T,9623,13671466,170,1990875,11567,241,3
T,9624,13671486,170,1990908,11567,221,3
T,9625,13671506,170,1990942,11567,148,3
T,9626,13671526,170,1990976,11567,152,3
T,9627,13671546,170,1991012,12066,200,3
T,9628,13671566,170,1991047,12066,164,3
T,9629,13671586,170,1991082,12066,163,3
T,9630,13671606,170,1991116,12066,221,3

[host] drv timeout 2000
T,9631,13671626,170,1991145,12066,321,3
drv timeout 2000
timeout 2000 ms, 2000 ms remaining
  any 'drv duty' kicks it; re-issuing this command kicks it too
> T,9632,13671646,170,1991172,11638,493,3
T,9633,13671666,170,1991197,11638,352,3
T,9634,13671686,170,1991224,11638,349,3
T,9635,13671706,170,1991251,11638,289,3
T,9636,13671726,170,1991279,11638,417,3
T,9637,13671746,170,1991308,9639,269,3
T,9638,13671766,170,1991339,9639,235,3
T,9639,13671786,170,1991370,9639,192,3
T,9640,13671806,170,1991403,9639,215,3
T,9641,13671826,170,1991436,9639,240,3
T,9642,13671846,170,1991467,11281,261,3
T,9643,13671866,170,1991497,11281,188,3
T,9644,13671886,170,1991529,11281,222,3
T,9645,13671906,170,1991563,11281,180,3
T,9646,13671926,170,1991596,11281,219,3
T,9647,13671946,170,1991628,11567,214,3
T,9648,13671966,170,1991662,11567,296,3
T,9649,13671986,170,1991695,11567,220,3
T,9650,13672006,170,1991729,11567,198,3
T,9651,13672026,170,1991764,11567,174,3
T,9652,13672046,170,1991798,12066,198,3
T,9653,13672066,170,1991829,12066,329,3
T,9654,13672086,170,1991855,12066,496,3
T,9655,13672106,170,1991880,12066,348,3

[host] drv timeout 2000
T,9656,13672126,170,1991905,12066,377,3
drv timeout 2000
timeout 2000 ms, 2000 ms remaining
  any 'drv duty' kicks it; re-issuing this command kicks it too
> T,9657,13672146,170,1991932,9710,328,3
T,9658,13672166,170,1991961,9710,444,3
T,9659,13672186,170,1991991,9710,290,3
T,9660,13672206,170,1992021,9710,252,3
T,9661,13672226,170,1992053,9710,225,3
T,9662,13672246,170,1992085,10853,225,3
T,9663,13672266,170,1992118,10853,226,3
T,9664,13672286,170,1992151,10853,284,3
T,9665,13672306,170,1992183,10853,268,3
T,9666,13672326,170,1992215,10853,300,3
T,9667,13672346,170,1992246,11495,274,3
T,9668,13672366,170,1992277,11495,251,3
T,9669,13672386,170,1992310,11495,238,3
T,9670,13672406,170,1992343,11495,294,3
T,9671,13672426,170,1992377,11495,231,3
T,9672,13672446,170,1992411,11638,188,3
T,9673,13672466,170,1992445,11638,185,3
T,9674,13672486,170,1992480,11638,153,3
T,9675,13672506,170,1992515,11638,306,3
T,9676,13672526,170,1992545,11638,311,3
T,9677,13672546,170,1992573,11781,321,3
T,9678,13672566,170,1992599,11781,390,3
T,9679,13672586,170,1992625,11781,325,3
T,9680,13672606,170,1992652,11781,326,3

[host] drv timeout 2000
T,9681,13672626,170,1992680,11781,307,3
drv timeout 2000
timeout 2000 ms, 2000 ms remaining
  any 'drv duty' kicks it; re-issuing this command kicks it too
> T,9682,13672646,170,1992709,9710,294,3
T,9683,13672666,170,1992741,9710,241,3
T,9684,13672686,170,1992773,9710,275,3
T,9685,13672706,170,1992806,9710,236,3
T,9686,13672726,170,1992839,9710,212,3
T,9687,13672746,170,1992872,11495,251,3
T,9688,13672766,170,1992904,11495,216,3
T,9689,13672786,170,1992936,11495,253,3
T,9690,13672806,170,1992967,11495,259,3
T,9691,13672826,170,1992998,11495,259,3
T,9692,13672846,170,1993029,11281,275,3
T,9693,13672866,170,1993062,11281,220,3
T,9694,13672886,170,1993095,11281,206,3
T,9695,13672906,170,1993128,11281,183,3
T,9696,13672926,170,1993162,11281,173,3
T,9697,13672946,170,1993196,11852,233,3
T,9698,13672966,170,1993229,11852,302,3
T,9699,13672986,170,1993256,11852,343,3
T,9700,13673006,170,1993283,11852,442,3
T,9701,13673026,170,1993309,11852,345,3
T,9702,13673046,170,1993336,10138,385,3
T,9703,13673066,170,1993364,10138,281,3
T,9704,13673086,170,1993393,10138,280,3
T,9705,13673106,170,1993424,10138,232,3
T,9706,13673126,170,1993456,1013
[host] drv timeout 2000
8,247,3
drv timeout 2000
timeout 2000 ms, 2000 ms remaining
  any 'drv duty' kicks it; re-issuing this command kicks it too
> T,9707,13673146,170,1993488,10781,201,3
T,9708,13673166,170,1993522,10781,220,3
T,9709,13673186,170,1993553,10781,240,3
T,9710,13673206,170,1993585,10781,235,3
T,9711,13673226,170,1993616,10781,230,3
T,9712,13673246,170,1993646,11281,369,3
T,9713,13673266,170,1993677,11281,293,3
T,9714,13673286,170,1993708,11281,283,3
T,9715,13673306,170,1993739,11281,222,3
T,9716,13673326,170,1993771,11281,220,3
T,9717,13673346,170,1993804,11138,198,3
T,9718,13673366,170,1993836,11138,257,3
T,9719,13673386,170,1993869,11138,247,3
T,9720,13673406,170,1993900,11138,280,3
T,9721,13673426,170,1993932,11138,252,3
T,9722,13673446,170,1993960,11352,320,3
T,9723,13673466,170,1993987,11352,467,3
T,9724,13673486,170,1994013,11352,374,3
T,9725,13673506,170,1994040,11352,370,3
T,9726,13673526,170,1994068,11352,297,3
T,9727,13673546,170,1994097,9710,283,3
T,9728,13673566,170,1994128,9710,245,3
T,9729,13673586,170,1994159,9710,285,3
T,9730,13673606,170,1994192,9710,219,3
T,9731,13673626,170,1994225,9710
[host] drv timeout 2000
,215,3
drv timeout 2000
timeout 2000 ms, 2000 ms remaining
  any 'drv duty' kicks it; re-issuing this command kicks it too
> T,9732,13673646,170,1994259,11495,182,3
T,9733,13673666,170,1994293,11495,180,3
T,9734,13673686,170,1994327,11495,259,3
T,9735,13673706,170,1994358,11495,262,3
T,9736,13673726,170,1994389,11495,259,3
T,9737,13673746,170,1994421,11638,240,3
T,9738,13673766,170,1994453,11638,216,3
T,9739,13673786,170,1994485,11638,219,3
T,9740,13673806,170,1994519,11638,242,3
T,9741,13673826,170,1994552,11638,258,3
T,9742,13673846,170,1994585,11709,253,3
T,9743,13673866,170,1994619,11709,257,3
T,9744,13673886,170,1994649,11709,481,3
T,9745,13673906,170,1994675,11709,390,3
T,9746,13673926,170,1994700,11709,395,3
T,9747,13673946,170,1994725,10067,349,3
T,9748,13673966,170,1994752,10067,302,3
T,9749,13673986,170,1994780,10067,320,3
T,9750,13674006,170,1994810,10067,318,3
T,9751,13674026,170,1994841,10067,350,3
T,9752,13674046,170,1994873,10496,274,3
T,9753,13674066,170,1994906,10496,246,3
T,9754,13674086,170,1994940,10496,224,3
T,9755,13674106,170,1994973,10496,226,3
T,9756,13674126,170,1995005,1049
[host] drv timeout 2000
6,242,3
drv timeout 2000
timeout 2000 ms, 2000 ms remaining
  any 'drv duty' kicks it; re-issuing this command kicks it too
> T,9757,13674146,170,1995036,11638,256,3
T,9758,13674166,170,1995068,11638,235,3
T,9759,13674186,170,1995101,11638,226,3
T,9760,13674206,170,1995134,11638,205,3
T,9761,13674226,170,1995167,11638,162,3
T,9762,13674246,170,1995200,11709,196,3
T,9763,13674266,170,1995234,11709,212,3
T,9764,13674286,170,1995268,11709,247,3
T,9765,13674306,170,1995303,11709,182,3
T,9766,13674326,170,1995336,11709,245,3
T,9767,13674346,170,1995364,11781,328,3
T,9768,13674366,170,1995391,11781,310,3
T,9769,13674386,170,1995418,11781,427,3
T,9770,13674406,170,1995445,11781,317,3
T,9771,13674426,170,1995473,11781,270,3
T,9772,13674446,170,1995503,9853,355,3
T,9773,13674466,170,1995534,9853,289,3
T,9774,13674486,170,1995566,9853,348,3
T,9775,13674506,170,1995599,9853,235,3
T,9776,13674526,170,1995632,9853,210,3
T,9777,13674546,170,1995666,11567,200,3
T,9778,13674566,170,1995699,11567,242,3
T,9779,13674586,170,1995730,11567,232,3
T,9780,13674606,170,1995761,11567,215,3
T,9781,13674626,170,1995793,1156
[host] drv timeout 2000
7,206,3
drv timeout 2000
timeout 2000 ms, 2000 ms remaining
  any 'drv duty' kicks it; re-issuing this command kicks it too
> T,9782,13674646,170,1995826,11424,206,3
T,9783,13674666,170,1995859,11424,194,3
T,9784,13674686,170,1995892,11424,177,3
T,9785,13674706,170,1995925,11424,206,3
T,9786,13674726,170,1995960,11424,238,3
T,9787,13674746,170,1995993,11924,243,3
T,9788,13674766,170,1996027,11924,284,3
T,9789,13674786,170,1996056,11924,482,3
T,9790,13674806,170,1996083,11924,333,3
T,9791,13674826,170,1996110,11924,376,3
T,9792,13674846,170,1996137,10424,294,3
T,9793,13674866,170,1996165,10424,364,3
T,9794,13674886,170,1996194,10424,278,3
T,9795,13674906,170,1996225,10424,256,3
T,9796,13674926,170,1996256,10424,229,3
T,9797,13674946,170,1996289,10710,230,3
T,9798,13674966,170,1996322,10710,247,3
T,9799,13674986,170,1996356,10710,301,3
T,9800,13675006,170,1996389,10710,221,3
T,9801,13675026,170,1996421,10710,274,3
T,9802,13675046,170,1996453,11781,242,3
T,9803,13675066,170,1996486,11781,241,3
T,9804,13675086,170,1996519,11781,220,3
T,9805,13675106,170,1996552,11781,185,3
T,9806,13675126,170,1996586,11781,178,3

[host] drv timeout 2000
drv timeout 2000
timeout 2000 ms, 2000 ms remaining
  any 'drv duty' kicks it; re-issuing this command kicks it too
> T,9807,13675146,170,1996620,11852,183,3
T,9808,13675166,170,1996654,11852,268,3
T,9809,13675186,170,1996689,11852,182,3
T,9810,13675206,170,1996723,11852,209,3
T,9811,13675226,170,1996752,11852,281,3
T,9812,13675246,170,1996780,11567,337,3
T,9813,13675266,170,1996808,11567,288,3
T,9814,13675286,170,1996835,11567,357,3
T,9815,13675306,170,1996862,11567,284,3
T,9816,13675326,170,1996892,11567,296,3
T,9817,13675346,170,1996922,10067,294,3
T,9818,13675366,170,1996954,10067,296,3
T,9819,13675386,170,1996987,10067,238,3
T,9820,13675406,170,1997020,10067,224,3
T,9821,13675426,170,1997053,10067,188,3
T,9822,13675446,170,1997088,11709,187,3
T,9823,13675466,170,1997121,11709,227,3
T,9824,13675486,170,1997152,11709,227,3
T,9825,13675506,170,1997184,11709,225,3
T,9826,13675526,170,1997216,11709,209,3
T,9827,13675546,170,1997249,11567,226,3
T,9828,13675566,170,1997282,11567,222,3
T,9829,13675586,170,1997316,11567,280,3
T,9830,13675606,170,1997350,11567,201,3
T,9831,13675626,170,1997384,11567,174,3

[host] drv timeout 2000
drv timeout 2000
timeout 2000 ms, 2000 ms remaining
  any 'drv duty' kicks it; re-issuing this command kicks it too
> T,9832,13675646,170,1997417,12066,249,3
T,9833,13675666,170,1997444,12066,475,3
T,9834,13675686,170,1997469,12066,377,3
T,9835,13675706,170,1997494,12066,412,3
T,9836,13675726,170,1997519,12066,448,3
T,9837,13675746,170,1997544,9139,332,3
T,9838,13675766,170,1997572,9139,380,3
T,9839,13675786,170,1997602,9139,273,3
T,9840,13675806,170,1997633,9139,251,3
T,9841,13675826,170,1997665,9139,216,3
T,9842,13675846,170,1997698,10853,277,3
T,9843,13675866,170,1997729,10853,240,3
T,9844,13675886,170,1997761,10853,248,3
T,9845,13675906,170,1997792,10853,219,3
T,9846,13675926,170,1997824,10853,224,3
T,9847,13675946,170,1997855,11210,236,3
T,9848,13675966,170,1997886,11210,195,3
T,9849,13675986,170,1997919,11210,193,3
T,9850,13676006,170,1997952,11210,178,3
T,9851,13676026,170,1997987,11210,204,3
T,9852,13676046,170,1998021,11852,219,3
T,9853,13676066,170,1998056,11852,164,3
T,9854,13676086,170,1998089,11852,188,3
T,9855,13676106,170,1998121,11852,256,3
T,9856,13676126,170,1998148,11852,526,3

[host] drv timeout 2000
drv timeout 2000
timeout 2000 ms, 2000 ms remaining
  any 'drv duty' kicks it; re-issuing this command kicks it too
> T,9857,13676146,170,1998171,10924,417,3
T,9858,13676166,170,1998195,10924,382,3
T,9859,13676186,170,1998220,10924,318,3
T,9860,13676206,170,1998248,10924,331,3
T,9861,13676226,170,1998276,10924,392,3
T,9862,13676246,170,1998306,9496,261,3
T,9863,13676266,170,1998337,9496,248,3
T,9864,13676286,170,1998368,9496,217,3
T,9865,13676306,170,1998401,9496,243,3
T,9866,13676326,170,1998434,9496,226,3
T,9867,13676346,170,1998468,11495,301,3
T,9868,13676366,170,1998501,11495,206,3
T,9869,13676386,170,1998534,11495,253,3
T,9870,13676406,170,1998566,11495,240,3
T,9871,13676426,170,1998599,11495,212,3
T,9872,13676446,170,1998632,11638,166,3
T,9873,13676466,170,1998666,11638,109,3
T,9874,13676486,170,1998701,11638,257,3
T,9875,13676506,170,1998736,11638,177,3
T,9876,13676526,170,1998771,11638,203,3
T,9877,13676546,170,1998803,12281,198,3
T,9878,13676566,170,1998834,12281,247,3
T,9879,13676586,170,1998860,12281,364,3
T,9880,13676606,170,1998884,12281,368,3
T,9881,13676626,170,1998909,12281,336,3

[host] drv timeout 2000
drv timeout 2000
timeout 2000 ms, 2000 ms remaining
  any 'drv duty' kicks it; re-issuing this command kicks it too
> T,9882,13676646,170,1998936,9639,440,3
T,9883,13676666,170,1998964,9639,306,3
T,9884,13676686,170,1998992,9639,229,3
T,9885,13676706,170,1999023,9639,357,3
T,9886,13676726,170,1999054,9639,297,3
T,9887,13676746,170,1999086,10638,347,3
T,9888,13676766,170,1999118,10638,301,3
T,9889,13676786,170,1999150,10638,345,3
T,9890,13676806,170,1999183,10638,247,3
T,9891,13676826,170,1999216,10638,267,3
T,9892,13676846,170,1999247,11495,237,3
T,9893,13676866,170,1999279,11495,316,3
T,9894,13676886,170,1999312,11495,215,3
T,9895,13676906,170,1999344,11495,200,3
T,9896,13676926,170,1999379,11495,141,3
T,9897,13676946,170,1999414,11781,182,3
T,9898,13676966,170,1999448,11781,301,3
T,9899,13676986,170,1999483,11781,261,3
T,9900,13677006,170,1999515,11781,258,3
T,9901,13677026,170,1999545,11781,389,3
T,9902,13677046,170,1999570,11424,350,3
T,9903,13677066,170,1999596,11424,371,3
T,9904,13677086,170,1999622,11424,371,3
T,9905,13677106,170,1999649,11424,320,3
T,9906,13677126,170,1999677,11424,273,3

[host] drv timeout 2000
drv timeout 2000
timeout 2000 ms, 2000 ms remaining
  any 'drv duty' kicks it; re-issuing this command kicks it too
> T,9907,13677146,170,1999707,9639,296,3
T,9908,13677166,170,1999737,9639,265,3
T,9909,13677186,170,1999769,9639,349,3
T,9910,13677206,170,1999801,9639,245,3
T,9911,13677226,170,1999834,9639,286,3
T,9912,13677246,170,1999865,11281,227,3
T,9913,13677266,170,1999897,11281,318,3
T,9914,13677286,170,1999930,11281,205,3
T,9915,13677306,170,1999963,11281,245,3
T,9916,13677326,170,1999996,11281,236,3
T,9917,13677346,170,2000029,11638,203,3
T,9918,13677366,170,2000062,11638,199,3
T,9919,13677386,170,2000096,11638,173,3
T,9920,13677406,170,2000130,11638,254,3
T,9921,13677426,170,2000164,11638,192,3
T,9922,13677446,170,2000199,12138,199,3
T,9923,13677466,170,2000229,12138,328,3
T,9924,13677486,170,2000256,12138,309,3
T,9925,13677506,170,2000281,12138,525,3
T,9926,13677526,170,2000307,12138,363,3
T,9927,13677546,170,2000333,9710,336,3
T,9928,13677566,170,2000360,9710,299,3
T,9929,13677586,170,2000389,9710,312,3
T,9930,13677606,170,2000420,9710,259,3
T,9931,13677626,170,2000451,9710,333,3

[host] drv timeout 2000
drv timeout 2000
timeout 2000 ms, 2000 ms remaining
  any 'drv duty' kicks it; re-issuing this command kicks it too
> T,9932,13677646,170,2000483,10567,258,3
T,9933,13677666,170,2000516,10567,295,3
T,9934,13677686,170,2000549,10567,219,3
T,9935,13677706,170,2000581,10567,284,3
T,9936,13677726,170,2000613,10567,219,3
T,9937,13677746,170,2000644,11567,318,3
T,9938,13677766,170,2000676,11567,241,3
T,9939,13677786,170,2000708,11567,293,3
T,9940,13677806,170,2000741,11567,208,3
T,9941,13677826,170,2000774,11567,224,3
T,9942,13677846,170,2000808,11638,167,3
T,9943,13677866,170,2000843,11638,113,3
T,9944,13677886,170,2000877,11638,270,3
T,9945,13677906,170,2000912,11638,194,3
T,9946,13677926,170,2000943,11638,395,3
T,9947,13677946,170,2000969,11709,293,3
T,9948,13677966,170,2000995,11709,366,3
T,9949,13677986,170,2001020,11709,374,3
T,9950,13678006,170,2001045,11709,343,3
T,9951,13678026,170,2001072,11709,304,3
T,9952,13678046,170,2001101,9282,312,3
T,9953,13678066,170,2001132,9282,265,3
T,9954,13678086,170,2001163,9282,211,3
T,9955,13678106,170,2001195,9282,233,3
T,9956,13678126,170,2001227,9282,204,3

[host] drv timeout 2000
drv timeout 2000
timeout 2000 ms, 2000 ms remaining
  any 'drv duty' kicks it; re-issuing this command kicks it too
> T,9957,13678146,170,2001258,11138,233,3
T,9958,13678166,170,2001289,11138,209,3
T,9959,13678186,170,2001320,11138,264,3
T,9960,13678206,170,2001349,11138,304,3
T,9961,13678226,170,2001380,11138,286,3
T,9962,13678246,170,2001410,10924,310,3
T,9963,13678266,170,2001441,10924,221,3
T,9964,13678286,170,2001473,10924,224,3
T,9965,13678306,170,2001505,10924,193,3
T,9966,13678326,170,2001539,10924,289,3
T,9967,13678346,170,2001572,11495,217,3
T,9968,13678366,170,2001606,11495,247,3
T,9969,13678386,170,2001636,11495,341,3
T,9970,13678406,170,2001662,11495,321,3
T,9971,13678426,170,2001688,11495,483,3
T,9972,13678446,170,2001714,10281,341,3
T,9973,13678466,170,2001740,10281,306,3
T,9974,13678486,170,2001768,10281,291,3
T,9975,13678506,170,2001797,10281,316,3
T,9976,13678526,170,2001828,10281,254,3
T,9977,13678546,170,2001860,10281,332,3
T,9978,13678566,170,2001892,10281,221,3
T,9979,13678586,170,2001924,10281,323,3
T,9980,13678606,170,2001956,10281,277,3
T,9981,13678626,170,2001987,10281,369,3

[host] drv timeout 2000
drv timeout 2000
timeout 2000 ms, 2000 ms remaining
  any 'drv duty' kicks it; re-issuing this command kicks it too
> T,9982,13678646,170,2002017,11281,283,3
T,9983,13678666,170,2002047,11281,232,3
T,9984,13678686,170,2002078,11281,257,3
T,9985,13678706,170,2002109,11281,254,3
T,9986,13678726,170,2002140,11281,232,3
T,9987,13678746,170,2002172,11067,261,3
T,9988,13678766,170,2002204,11067,192,3
T,9989,13678786,170,2002237,11067,205,3
T,9990,13678806,170,2002271,11067,199,3
T,9991,13678826,170,2002303,11067,230,3
T,9992,13678846,170,2002334,11567,267,3
T,9993,13678866,170,2002364,11567,338,3
T,9994,13678886,170,2002391,11567,409,3
T,9995,13678906,170,2002418,11567,334,3
T,9996,13678926,170,2002446,11567,380,3
T,9997,13678946,170,2002474,9996,307,3
T,9998,13678966,170,2002503,9996,267,3
T,9999,13678986,170,2002533,9996,238,3
T,10000,13679006,170,2002565,9996,267,3
T,10001,13679026,170,2002598,9996,225,3
T,10002,13679046,170,2002631,11138,194,3
T,10003,13679066,170,2002665,11138,183,3
T,10004,13679086,170,2002699,11138,157,3
T,10005,13679106,170,2002732,11138,262,3
T,10006,13679126,170,2002763,11138,237,3

[host] drv timeout 2000
drv timeout 2000
timeout 2000 ms, 2000 ms remaining
  any 'drv duty' kicks it; re-issuing this command kicks it too
> T,10007,13679146,170,2002794,11638,263,3
T,10008,13679166,170,2002824,11638,215,3
T,10009,13679186,170,2002856,11638,205,3
T,10010,13679206,170,2002888,11638,198,3
T,10011,13679226,170,2002921,11638,195,3
T,10012,13679246,170,2002954,11424,155,3
T,10013,13679266,170,2002988,11424,226,3
T,10014,13679286,170,2003021,11424,247,3
T,10015,13679306,170,2003050,11424,355,3
T,10016,13679326,170,2003076,11424,506,3
T,10017,13679346,170,2003101,10638,380,3
T,10018,13679366,170,2003127,10638,379,3
T,10019,13679386,170,2003154,10638,294,3
T,10020,13679406,170,2003183,10638,393,3
T,10021,13679426,170,2003213,10638,286,3
T,10022,13679446,170,2003245,10210,317,3
T,10023,13679466,170,2003277,10210,256,3
T,10024,13679486,170,2003311,10210,296,3
T,10025,13679506,170,2003344,10210,183,3
T,10026,13679526,170,2003377,10210,224,3
T,10027,13679546,170,2003409,11638,206,3
T,10028,13679566,170,2003440,11638,226,3
T,10029,13679586,170,2003472,11638,190,3
T,10030,13679606,170,2003505,11638,211,3
T,10031,13679626,170,2003537,11638,205,3

[host] drv timeout 2000
drv timeout 2000
timeout 2000 ms, 2000 ms remaining
  any 'drv duty' kicks it; re-issuing this command kicks it too
> T,10032,13679646,170,2003571,11567,203,3
T,10033,13679666,170,2003604,11567,189,3
T,10034,13679686,170,2003638,11567,204,3
T,10035,13679706,170,2003672,11567,306,3
T,10036,13679726,170,2003706,11567,226,3
T,10037,13679746,170,2003738,11995,342,3
T,10038,13679766,170,2003766,11995,325,3
T,10039,13679786,170,2003793,11995,297,3
T,10040,13679806,170,2003821,11995,392,3
T,10041,13679826,170,2003848,11995,261,3
T,10042,13679846,170,2003877,9924,263,3
T,10043,13679866,170,2003907,9924,363,3
T,10044,13679886,170,2003939,9924,290,3
T,10045,13679906,170,2003971,9924,322,3
T,10046,13679926,170,2004004,9924,227,3
T,10047,13679946,170,2004037,11424,241,3
T,10048,13679966,170,2004071,11424,210,3
T,10049,13679986,170,2004104,11424,209,3
T,10050,13680006,170,2004136,11424,245,3
T,10051,13680026,170,2004168,11424,189,3
T,10052,13680046,170,2004200,11638,212,3
T,10053,13680066,170,2004233,11638,183,3
T,10054,13680086,170,2004266,11638,199,3
T,10055,13680106,170,2004300,11638,196,3
T,10056,13680126,170,2004333,11638,294,3

[host] drv timeout 2000
drv timeout 2000
timeout 2000 ms, 2000 ms remaining
  any 'drv duty' kicks it; re-issuing this command kicks it too
> T,10057,13680146,170,2004368,11852,204,3
T,10058,13680166,170,2004401,11852,193,3
T,10059,13680186,170,2004434,11852,248,3
T,10060,13680206,170,2004461,11852,464,3
T,10061,13680226,170,2004488,11852,284,3
T,10062,13680246,170,2004515,10710,384,3
T,10063,13680266,170,2004541,10710,341,3
T,10064,13680286,170,2004569,10710,384,3
T,10065,13680306,170,2004599,10710,288,3
T,10066,13680326,170,2004630,10710,269,3
T,10067,13680346,170,2004662,10353,236,3
T,10068,13680366,170,2004695,10353,295,3
T,10069,13680386,170,2004728,10353,259,3
T,10070,13680406,170,2004762,10353,253,3
T,10071,13680426,170,2004794,10353,281,3
T,10072,13680446,170,2004824,11709,403,3
T,10073,13680466,170,2004856,11709,285,3
T,10074,13680486,170,2004888,11709,357,3
T,10075,13680506,170,2004921,11709,273,3
T,10076,13680526,170,2004954,11709,227,3
T,10077,13680546,170,2004988,11495,242,3
T,10078,13680566,170,2005021,11495,155,3
T,10079,13680586,170,2005056,11495,193,3
T,10080,13680606,170,2005090,11495,195,3
T,10081,13680626,170,2005124,11495,337,3

[host] drv timeout 2000
drv tiT,10082,13680646,170,2005153,11995,323,3
meout 2000
timeout 2000 ms, 2000 ms remaining
  any 'drv duty' kicks it; re-issuing this command kicks it too
> T,10083,13680666,170,2005180,11995,361,3
T,10084,13680686,170,2005208,11995,478,3
T,10085,13680706,170,2005236,11995,342,3
T,10086,13680726,170,2005264,11995,253,3
T,10087,13680746,170,2005294,9924,385,3
T,10088,13680766,170,2005325,9924,256,3
T,10089,13680786,170,2005357,9924,317,3
T,10090,13680806,170,2005390,9924,263,3
T,10091,13680826,170,2005424,9924,232,3
T,10092,13680846,170,2005457,11709,183,3
T,10093,13680866,170,2005491,11709,219,3
T,10094,13680886,170,2005523,11709,201,3
T,10095,13680906,170,2005556,11709,222,3
T,10096,13680926,170,2005589,11709,212,3
T,10097,13680946,170,2005623,11781,225,3
T,10098,13680966,170,2005657,11781,288,3
T,10099,13680986,170,2005691,11781,241,3
T,10100,13681006,170,2005725,11781,141,3
T,10101,13681026,170,2005760,11781,176,3
T,10102,13681046,170,2005795,12209,208,3
T,10103,13681066,170,2005828,12209,374,3
T,10104,13681086,170,2005856,12209,352,3
T,10105,13681106,170,2005881,12209,345,3
T,10106,13681126,170,2005908,12209,317,3

[host] drv timeout 2000
dT,10107,13681146,170,2005935,10210,475,3
rv timeout 2000
timeout 2000 ms, 2000 ms remaining
  any 'drv duty' kicks it; re-issuing this command kicks it too
> T,10108,13681166,170,2005962,10210,237,3
T,10109,13681186,170,2005991,10210,284,3
T,10110,13681206,170,2006022,10210,274,3
T,10111,13681226,170,2006054,10210,238,3
T,10112,13681246,170,2006087,10710,215,3
T,10113,13681266,170,2006120,10710,201,3
T,10114,13681286,170,2006154,10710,183,3
T,10115,13681306,170,2006186,10710,251,3
T,10116,13681326,170,2006217,10710,195,3
T,10117,13681346,170,2006249,11567,247,3
T,10118,13681366,170,2006280,11567,200,3
T,10119,13681386,170,2006313,11567,217,3
T,10120,13681406,170,2006345,11567,176,3
T,10121,13681426,170,2006379,11567,184,3
T,10122,13681446,170,2006414,11781,221,3
T,10123,13681466,170,2006449,11781,182,3
T,10124,13681486,170,2006483,11781,174,3
T,10125,13681506,170,2006516,11781,245,3
T,10126,13681526,170,2006544,11781,339,3
T,10127,13681546,170,2006567,11138,446,3
T,10128,13681566,170,2006590,11138,336,3
T,10129,13681586,170,2006615,11138,380,3
T,10130,13681606,170,2006641,11138,285,3
T,10131,13681626,170,2006670,11138,360,3

[host] drv timeout 2000
T,10132,13681646,170,2006699,9353,278,3
drv timeout 2000
timeout 2000 ms, 2000 ms remaining
  any 'drv duty' kicks it; re-issuing this command kicks it too
> T,10133,13681666,170,2006730,9353,195,3
T,10134,13681686,170,2006761,9353,232,3
T,10135,13681706,170,2006794,9353,172,3
T,10136,13681726,170,2006827,9353,209,3
T,10137,13681746,170,2006860,11352,215,3
T,10138,13681766,170,2006892,11352,270,3
T,10139,13681786,170,2006924,11352,237,3
T,10140,13681806,170,2006956,11352,279,3
T,10141,13681826,170,2006988,11352,227,3
T,10142,13681846,170,2007021,11495,278,3
T,10143,13681866,170,2007054,11495,224,3
T,10144,13681886,170,2007089,11495,174,3
T,10145,13681906,170,2007124,11495,148,3
T,10146,13681926,170,2007159,11495,206,3
T,10147,13681946,170,2007192,12281,341,3
T,10148,13681966,170,2007224,12281,296,3
T,10149,13681986,170,2007252,12281,333,3
T,10150,13682006,170,2007276,12281,401,3
T,10151,13682026,170,2007301,12281,405,3
T,10152,13682046,170,2007327,9710,313,3
T,10153,13682066,170,2007355,9710,277,3
T,10154,13682086,170,2007383,9710,313,3
T,10155,13682106,170,2007412,9710,251,3
T,10156,13682126,170,2007444,9710,206,3

[host] drv timeout 2000
T,10157,13682146,170,2007476,10496,222,3
drv timeout 2000
timeout 2000 ms, 2000 ms remaining
  any 'drv duty' kicks it; re-issuing this command kicks it too
> T,10158,13682166,170,2007508,10496,209,3
T,10159,13682186,170,2007540,10496,236,3
T,10160,13682206,170,2007572,10496,200,3
T,10161,13682226,170,2007604,10496,212,3
T,10162,13682246,170,2007637,11495,222,3
T,10163,13682266,170,2007669,11495,226,3
T,10164,13682286,170,2007703,11495,242,3
T,10165,13682306,170,2007736,11495,254,3
T,10166,13682326,170,2007770,11495,212,3
T,10167,13682346,170,2007805,11995,176,3
T,10168,13682366,170,2007841,11995,113,3
T,10169,13682386,170,2007876,11995,279,3
T,10170,13682406,170,2007909,11995,210,3
T,10171,13682426,170,2007940,11995,444,3
T,10172,13682446,170,2007966,11709,343,3
T,10173,13682466,170,2007992,11709,376,3
T,10174,13682486,170,2008018,11709,286,3
T,10175,13682506,170,2008045,11709,421,3
T,10176,13682526,170,2008074,11709,232,3
T,10177,13682546,170,2008104,9710,267,3
T,10178,13682566,170,2008135,9710,265,3
T,10179,13682586,170,2008166,9710,243,3
T,10180,13682606,170,2008199,9710,233,3
T,10181,13682626,170,2008232,9710,225,3

[host] drv timeout 2000
T,10182,13682646,170,2008263,11281,265,3
drv timeout 2000
timeout 2000 ms, 2000 ms remaining
  any 'drv duty' kicks it; re-issuing this command kicks it too
> T,10183,13682666,170,2008293,11281,263,3
T,10184,13682686,170,2008324,11281,347,3
T,10185,13682706,170,2008355,11281,270,3
T,10186,13682726,170,2008387,11281,347,3
T,10187,13682746,170,2008418,11138,251,3
T,10188,13682766,170,2008450,11138,274,3
T,10189,13682786,170,2008482,11138,210,3
T,10190,13682806,170,2008515,11138,289,3
T,10191,13682826,170,2008549,11138,198,3
T,10192,13682846,170,2008583,11638,206,3
T,10193,13682866,170,2008615,11638,293,3
T,10194,13682886,170,2008643,11638,444,3
T,10195,13682906,170,2008668,11638,374,3
T,10196,13682926,170,2008692,11638,418,3
T,10197,13682946,170,2008716,9781,385,3
T,10198,13682966,170,2008743,9781,329,3
T,10199,13682986,170,2008771,9781,409,3
T,10200,13683006,170,2008801,9781,267,3
T,10201,13683026,170,2008831,9781,246,3
T,10202,13683046,170,2008863,10281,232,3
T,10203,13683066,170,2008895,10281,208,3
T,10204,13683086,170,2008928,10281,203,3
T,10205,13683106,170,2008961,10281,237,3
T,10206,13683126,170,2008993,10281,235,3

[host] drv timeout 2000
T,10207,13683146,170,2009025,11638,270,3
drv timeout 2000
timeout 2000 ms, 2000 ms remaining
  any 'drv duty' kicks it; re-issuing this command kicks it too
> T,10208,13683166,170,2009057,11638,237,3
T,10209,13683186,170,2009089,11638,274,3
T,10210,13683206,170,2009122,11638,232,3
T,10211,13683226,170,2009156,11638,283,3
T,10212,13683246,170,2009189,11638,215,3
T,10213,13683266,170,2009224,11638,167,3
T,10214,13683286,170,2009258,11638,167,3
T,10215,13683306,170,2009293,11638,196,3
T,10216,13683326,170,2009327,11638,333,3
T,10217,13683346,170,2009356,12066,326,3
T,10218,13683366,170,2009383,12066,354,3
T,10219,13683386,170,2009409,12066,358,3
T,10220,13683406,170,2009436,12066,350,3
T,10221,13683426,170,2009462,12066,334,3
T,10222,13683446,170,2009491,9567,254,3
T,10223,13683466,170,2009521,9567,251,3
T,10224,13683486,170,2009552,9567,208,3
T,10225,13683506,170,2009585,9567,220,3
T,10226,13683526,170,2009618,9567,187,3
T,10227,13683546,170,2009651,11352,230,3
T,10228,13683566,170,2009682,11352,215,3
T,10229,13683586,170,2009713,11352,243,3
T,10230,13683606,170,2009744,11352,225,3
T,10231,13683626,170,2009774,11352,396,3
T,10232,13683646,170,2009805,110
[host] drv timeout 2000
67,252,3
drv timeout 2000
timeout 2000 ms, 2000 ms remaining
  any 'drv duty' kicks it; re-issuing this command kicks it too
> T,10233,13683666,170,2009836,11067,243,3
T,10234,13683686,170,2009868,11067,227,3
T,10235,13683706,170,2009900,11067,230,3
T,10236,13683726,170,2009932,11067,195,3
T,10237,13683746,170,2009965,11352,293,3
T,10238,13683766,170,2009998,11352,196,3
T,10239,13683786,170,2010029,11352,387,3
T,10240,13683806,170,2010055,11352,392,3
T,10241,13683826,170,2010078,11352,334,3
T,10242,13683846,170,2010101,9996,369,3
T,10243,13683866,170,2010125,9996,412,3
T,10244,13683886,170,2010149,9996,294,3
T,10245,13683906,170,2010175,9996,267,3
T,10246,13683926,170,2010203,9996,299,3
T,10247,13683946,170,2010231,9139,258,3
T,10248,13683966,170,2010261,9139,246,3
T,10249,13683986,170,2010292,9139,227,3
T,10250,13684006,170,2010321,9139,200,3
T,10251,13684026,170,2010351,9139,328,3
T,10252,13684046,170,2010380,10638,305,3
T,10253,13684066,170,2010408,10638,229,3
T,10254,13684086,170,2010436,10638,384,3
T,10255,13684106,170,2010465,10638,217,3
T,10256,13684126,170,2010494,10638,240,3
T,10257,13684146,170,2010523,101
[host] drv timeout 2000
38,269,3
drv timeout 2000
timeout 2000 ms, 2000 ms remaining
  any 'drv duty' kicks it; re-issuing this command kicks it too
> T,10258,13684166,170,2010552,10138,273,3
T,10259,13684186,170,2010583,10138,299,3
T,10260,13684206,170,2010614,10138,215,3
T,10261,13684226,170,2010645,10138,237,3
T,10262,13684246,170,2010677,10995,236,3
T,10263,13684266,170,2010707,10995,214,3
T,10264,13684286,170,2010737,10995,254,3
T,10265,13684306,170,2010765,10995,359,3
T,10266,13684326,170,2010790,10995,321,3
T,10267,13684346,170,2010815,9996,300,3
T,10268,13684366,170,2010841,9996,510,3
T,10269,13684386,170,2010868,9996,293,3
T,10270,13684406,170,2010896,9996,232,3
T,10271,13684426,170,2010925,9996,344,3
T,10272,13684446,170,2010956,9853,226,3
T,10273,13684466,170,2010987,9853,221,3
T,10274,13684486,170,2011019,9853,190,3
T,10275,13684506,170,2011052,9853,233,3
T,10276,13684526,170,2011084,9853,203,3
T,10277,13684546,170,2011117,11567,332,3
T,10278,13684566,170,2011148,11567,245,3
T,10279,13684586,170,2011178,11567,221,3
T,10280,13684606,170,2011208,11567,231,3
T,10281,13684626,170,2011239,11567,226,3
T,10282,13684646,170,2011270,10924,272,3

[host] drv timeout 2000
drv timeout 2000
timeout 2000 ms, 2000 ms remaining
  any 'drv duty' kicks it; re-issuing this command kicks it too
> T,10283,13684666,170,2011302,10924,200,3
T,10284,13684686,170,2011335,10924,241,3
T,10285,13684706,170,2011367,10924,190,3
T,10286,13684726,170,2011400,10924,189,3
T,10287,13684746,170,2011432,11567,205,3
T,10288,13684766,170,2011460,11567,475,3
T,10289,13684786,170,2011485,11567,390,3
T,10290,13684806,170,2011509,11567,390,3
T,10291,13684826,170,2011535,11567,317,3
T,10292,13684846,170,2011561,9282,237,3
T,10293,13684866,170,2011589,9282,334,3
T,10294,13684886,170,2011619,9282,265,3
T,10295,13684906,170,2011650,9282,329,3
T,10296,13684926,170,2011682,9282,216,3
T,10297,13684946,170,2011714,10781,305,3
T,10298,13684966,170,2011747,10781,214,3
T,10299,13684986,170,2011780,10781,352,3
T,10300,13685006,170,2011811,10781,230,3
T,10301,13685026,170,2011841,10781,274,3
T,10302,13685046,170,2011872,11352,206,3
T,10303,13685066,170,2011903,11352,229,3
T,10304,13685086,170,2011934,11352,225,3
T,10305,13685106,170,2011965,11352,215,3
T,10306,13685126,170,2011997,11352,192,3
T,10307,13685146,170,2012030,11210,196,3

[host] drv timeout 2000
drv timeout 2000
timeout 2000 ms, 2000 ms remaining
  any 'drv duty' kicks it; re-issuing this command kicks it too
> T,10308,13685166,170,2012063,11210,164,3
T,10309,13685186,170,2012097,11210,193,3
T,10310,13685206,170,2012129,11210,233,3
T,10311,13685226,170,2012157,11210,354,3
T,10312,13685246,170,2012183,11067,379,3
T,10313,13685266,170,2012209,11067,343,3
T,10314,13685286,170,2012234,11067,277,3
T,10315,13685306,170,2012261,11067,283,3
T,10316,13685326,170,2012289,11067,313,3
T,10317,13685346,170,2012319,9567,269,3
T,10318,13685366,170,2012349,9567,224,3
T,10319,13685386,170,2012381,9567,233,3
T,10320,13685406,170,2012414,9567,200,3
T,10321,13685426,170,2012447,9567,222,3
T,10322,13685446,170,2012479,11424,210,3
T,10323,13685466,170,2012510,11424,254,3
T,10324,13685486,170,2012541,11424,222,3
T,10325,13685506,170,2012572,11424,242,3
T,10326,13685526,170,2012604,11424,258,3
T,10327,13685546,170,2012636,11210,229,3
T,10328,13685566,170,2012668,11210,256,3
T,10329,13685586,170,2012700,11210,184,3
T,10330,13685606,170,2012733,11210,198,3
T,10331,13685626,170,2012767,11210,164,3
T,10332,13685646,170,2012800,11709,183,3

[host] drv timeout 2000
drv timeout 2000
timeout 2000 ms, 2000 ms remaining
  any 'drv duty' kicks it; re-issuing this command kicks it too
> T,10333,13685666,170,2012833,11709,238,3
T,10334,13685686,170,2012860,11709,369,3
T,10335,13685706,170,2012885,11709,327,3
T,10336,13685726,170,2012912,11709,390,3
T,10337,13685746,170,2012938,9996,285,3
T,10338,13685766,170,2012965,9996,274,3
T,10339,13685786,170,2012995,9996,368,3
T,10340,13685806,170,2013025,9996,208,3
T,10341,13685826,170,2013056,9996,225,3
T,10342,13685846,170,2013088,10638,193,3
T,10343,13685866,170,2013121,10638,253,3
T,10344,13685886,170,2013155,10638,220,3
T,10345,13685906,170,2013188,10638,310,3
T,10346,13685926,170,2013220,10638,235,3
T,10347,13685946,170,2013251,11567,328,3
T,10348,13685966,170,2013283,11567,208,3
T,10349,13685986,170,2013315,11567,315,3
T,10350,13686006,170,2013347,11567,231,3
T,10351,13686026,170,2013380,11567,270,3
T,10352,13686046,170,2013413,11567,196,3
T,10353,13686066,170,2013447,11567,208,3
T,10354,13686086,170,2013480,11567,166,3
T,10355,13686106,170,2013514,11567,179,3
T,10356,13686126,170,2013545,11567,278,3
T,10357,13686146,170,2013572,11495,475,3

[host] drv timeout 2000
drv timeout 2000
timeout 2000 ms, 2000 ms remaining
  any 'drv duty' kicks it; re-issuing this command kicks it too
> T,10358,13686166,170,2013599,11495,352,3
T,10359,13686186,170,2013625,11495,365,3
T,10360,13686206,170,2013652,11495,278,3
T,10361,13686226,170,2013680,11495,328,3
T,10362,13686246,170,2013709,9710,300,3
T,10363,13686266,170,2013740,9710,288,3
T,10364,13686286,170,2013772,9710,215,3
T,10365,13686306,170,2013805,9710,279,3
T,10366,13686326,170,2013837,9710,247,3
T,10367,13686346,170,2013870,11495,343,3
T,10368,13686366,170,2013902,11495,286,3
T,10369,13686386,170,2013933,11495,331,3
T,10370,13686406,170,2013965,11495,267,3
T,10371,13686426,170,2013997,11495,334,3
T,10372,13686446,170,2014030,11352,254,3
T,10373,13686466,170,2014063,11352,261,3
T,10374,13686486,170,2014096,11352,182,3
T,10375,13686506,170,2014130,11352,201,3
T,10376,13686526,170,2014164,11352,177,3
T,10377,13686546,170,2014198,11995,204,3
T,10378,13686566,170,2014230,11995,290,3
T,10379,13686586,170,2014256,11995,365,3
T,10380,13686606,170,2014281,11995,309,3
T,10381,13686626,170,2014307,11995,322,3
T,10382,13686646,170,2014332,9710,382,3

[host] drv timeout 2000
drv timeout 2000
timeout 2000 ms, 2000 ms remaining
  any 'drv duty' kicks it; re-issuing this command kicks it too
> T,10383,13686666,170,2014359,9710,359,3
T,10384,13686686,170,2014388,9710,263,3
T,10385,13686706,170,2014418,9710,209,3
T,10386,13686726,170,2014449,9710,238,3
T,10387,13686746,170,2014481,10567,183,3
T,10388,13686766,170,2014514,10567,211,3
T,10389,13686786,170,2014546,10567,196,3
T,10390,13686806,170,2014577,10567,233,3
T,10391,13686826,170,2014609,10567,184,3
T,10392,13686846,170,2014640,11352,272,3
T,10393,13686866,170,2014671,11352,241,3
T,10394,13686886,170,2014703,11352,333,3
T,10395,13686906,170,2014736,11352,200,3
T,10396,13686926,170,2014769,11352,189,3
T,10397,13686946,170,2014804,11567,157,3
T,10398,13686966,170,2014838,11567,203,3
T,10399,13686986,170,2014872,11567,344,3
T,10400,13687006,170,2014904,11567,267,3
T,10401,13687026,170,2014934,11567,310,3
T,10402,13687046,170,2014959,11352,538,3
T,10403,13687066,170,2014981,11352,437,3
T,10404,13687086,170,2015006,11352,347,3
T,10405,13687106,170,2015032,11352,300,3
T,10406,13687126,170,2015060,11352,249,3
T,10407,13687146,170,2015089,9139,258,3

[host] drv timeout 2000
drv timeout 2000
timeout 2000 ms, 2000 ms remaining
  any 'drv duty' kicks it; re-issuing this command kicks it too
> T,10408,13687166,170,2015119,9139,252,3
T,10409,13687186,170,2015150,9139,353,3
T,10410,13687206,170,2015182,9139,288,3
T,10411,13687226,170,2015214,9139,325,3
T,10412,13687246,170,2015247,11210,212,3
T,10413,13687266,170,2015280,11210,205,3
T,10414,13687286,170,2015313,11210,180,3
T,10415,13687306,170,2015344,11210,258,3
T,10416,13687326,170,2015375,11210,248,3
T,10417,13687346,170,2015407,11424,331,3
T,10418,13687366,170,2015439,11424,224,3
T,10419,13687386,170,2015473,11424,203,3
T,10420,13687406,170,2015507,11424,134,3
T,10421,13687426,170,2015541,11424,180,3
T,10422,13687446,170,2015575,11995,290,3
T,10423,13687466,170,2015606,11995,251,3
T,10424,13687486,170,2015636,11995,274,3
T,10425,13687506,170,2015661,11995,442,3
T,10426,13687526,170,2015684,11995,528,3
T,10427,13687546,170,2015708,9639,370,3
T,10428,13687566,170,2015734,9639,338,3
T,10429,13687586,170,2015760,9639,254,3
T,10430,13687606,170,2015788,9639,329,3
T,10431,13687626,170,2015818,9639,205,3
T,10432,13687646,170,2015849,9924,214,3

[host] drv timeout 2000
drv timeout 2000
timeout 2000 ms, 2000 ms remaining
  any 'drv duty' kicks it; re-issuing this command kicks it too
> T,10433,13687666,170,2015880,9924,214,3
T,10434,13687686,170,2015911,9924,226,3
T,10435,13687706,170,2015943,9924,258,3
T,10436,13687726,170,2015974,9924,220,3
T,10437,13687746,170,2016006,11281,261,3
T,10438,13687766,170,2016038,11281,246,3
T,10439,13687786,170,2016069,11281,288,3
T,10440,13687806,170,2016101,11281,210,3
T,10441,13687826,170,2016134,11281,242,3
T,10442,13687846,170,2016168,11424,156,3
T,10443,13687866,170,2016203,11424,147,3
T,10444,13687886,170,2016237,11424,268,3
T,10445,13687906,170,2016271,11424,215,3
T,10446,13687926,170,2016304,11424,254,3
T,10447,13687946,170,2016335,12066,321,3
T,10448,13687966,170,2016361,12066,343,3
T,10449,13687986,170,2016386,12066,440,3
T,10450,13688006,170,2016412,12066,358,3
T,10451,13688026,170,2016439,12066,338,3
T,10452,13688046,170,2016467,9424,243,3
T,10453,13688066,170,2016495,9424,353,3
T,10454,13688086,170,2016525,9424,305,3
T,10455,13688106,170,2016556,9424,304,3
T,10456,13688126,170,2016588,9424,217,3
T,10457,13688146,170,2016621,10924,296,3

[host] drv timeout 2000
drv timeout 2000
timeout 2000 ms, 2000 ms remaining
  any 'drv duty' kicks it; re-issuing this command kicks it too
> T,10458,13688166,170,2016652,10924,237,3
T,10459,13688186,170,2016682,10924,235,3
T,10460,13688206,170,2016713,10924,190,3
T,10461,13688226,170,2016744,10924,189,3
T,10462,13688246,170,2016777,11138,176,3
T,10463,13688266,170,2016809,11138,189,3
T,10464,13688286,170,2016842,11138,179,3
T,10465,13688306,170,2016875,11138,206,3
T,10466,13688326,170,2016908,11138,193,3
T,10467,13688346,170,2016942,11781,300,3
T,10468,13688366,170,2016976,11781,188,3
T,10469,13688386,170,2017009,11781,214,3
T,10470,13688406,170,2017037,11781,393,3
T,10471,13688426,170,2017063,11781,381,3
T,10472,13688446,170,2017088,10567,316,3
T,10473,13688466,170,2017112,10567,526,3
T,10474,13688486,170,2017138,10567,332,3
T,10475,13688506,170,2017166,10567,352,3
T,10476,13688526,170,2017195,10567,261,3
T,10477,13688546,170,2017225,9710,204,3
T,10478,13688566,170,2017256,9710,196,3
T,10479,13688586,170,2017288,9710,204,3
T,10480,13688606,170,2017320,9710,194,3
T,10481,13688626,170,2017352,9710,204,3
T,10482,13688646,170,2017384,11352,210,3

[host] drv timeout 2000
drv timeout 2000
timeout 2000 ms, 2000 ms remaining
  any 'drv duty' kicks it; re-issuing this command kicks it too
> T,10483,13688666,170,2017415,11352,272,3
T,10484,13688686,170,2017445,11352,254,3
T,10485,13688706,170,2017476,11352,365,3
T,10486,13688726,170,2017507,11352,257,3
T,10487,13688746,170,2017539,10995,331,3
T,10488,13688766,170,2017572,10995,222,3
T,10489,13688786,170,2017605,10995,242,3
T,10490,13688806,170,2017639,10995,196,3
T,10491,13688826,170,2017672,10995,173,3
T,10492,13688846,170,2017706,11924,195,3
T,10493,13688866,170,2017737,11924,246,3
T,10494,13688886,170,2017764,11924,327,3
T,10495,13688906,170,2017789,11924,354,3
T,10496,13688926,170,2017815,11924,379,3
T,10497,13688946,170,2017841,9781,293,3
T,10498,13688966,170,2017868,9781,296,3
T,10499,13688986,170,2017897,9781,253,3
T,10500,13689006,170,2017927,9781,281,3
T,10501,13689026,170,2017958,9781,236,3
T,10502,13689046,170,2017991,10567,252,3
T,10503,13689066,170,2018023,10567,206,3
T,10504,13689086,170,2018055,10567,259,3
T,10505,13689106,170,2018086,10567,236,3
T,10506,13689126,170,2018117,10567,322,3
T,10507,13689146,170,2018147,11210,268,3

[host] drv timeout 2000
drv timeout 2000
timeout 2000 ms, 2000 ms remaining
  any 'drv duty' kicks it; re-issuing this command kicks it too
> T,10508,13689166,170,2018177,11210,311,3
T,10509,13689186,170,2018208,11210,215,3
T,10510,13689206,170,2018240,11210,227,3
T,10511,13689226,170,2018272,11210,179,3
T,10512,13689246,170,2018304,11138,195,3
T,10513,13689266,170,2018337,11138,173,3
T,10514,13689286,170,2018371,11138,285,3
T,10515,13689306,170,2018404,11138,195,3
T,10516,13689326,170,2018436,11138,472,3
T,10517,13689346,170,2018461,11352,377,3
T,10518,13689366,170,2018487,11352,353,3
T,10519,13689386,170,2018513,11352,267,3
T,10520,13689406,170,2018539,11352,331,3
T,10521,13689426,170,2018566,11352,350,3
T,10522,13689446,170,2018595,9496,301,3
T,10523,13689466,170,2018625,9496,270,3
T,10524,13689486,170,2018656,9496,203,3
T,10525,13689506,170,2018688,9496,225,3
T,10526,13689526,170,2018721,9496,201,3
T,10527,13689546,170,2018753,11281,293,3
T,10528,13689566,170,2018783,11281,257,3
T,10529,13689586,170,2018813,11281,258,3
T,10530,13689606,170,2018844,11281,285,3
T,10531,13689626,170,2018874,11281,264,3
T,10532,13689646,170,2018904,10853,406,3

[host] drv timeout 2000
drv timeout 2000
timeout 2000 ms, 2000 ms remaining
  any 'drv duty' kicks it; re-issuing this command kicks it too
> T,10533,13689666,170,2018935,10853,273,3
T,10534,13689686,170,2018966,10853,247,3
T,10535,13689706,170,2018998,10853,220,3
T,10536,13689726,170,2019031,10853,258,3
T,10537,13689746,170,2019063,11210,251,3
T,10538,13689766,170,2019094,11210,285,3
T,10539,13689786,170,2019125,11210,248,3
T,10540,13689806,170,2019155,11210,259,3
T,10541,13689826,170,2019181,11210,438,3
T,10542,13689846,170,2019207,10424,393,3
T,10543,13689866,170,2019233,10424,305,3
T,10544,13689886,170,2019260,10424,376,3
T,10545,13689906,170,2019288,10424,401,3
T,10546,13689926,170,2019317,10424,253,3
T,10547,13689946,170,2019348,9996,199,3
T,10548,13689966,170,2019380,9996,201,3
T,10549,13689986,170,2019412,9996,182,3
T,10550,13690006,170,2019445,9996,199,3
T,10551,13690026,170,2019479,9996,247,3
T,10552,13690046,170,2019512,11638,272,3
T,10553,13690066,170,2019543,11638,283,3
T,10554,13690086,170,2019573,11638,247,3
T,10555,13690106,170,2019604,11638,215,3
T,10556,13690126,170,2019635,11638,249,3
T,10557,13690146,170,2019667,11067,204,3

[host] drv timeout 2000
drv timeout 2000
timeout 2000 ms, 2000 ms remaining
  any 'drv duty' kicks it; re-issuing this command kicks it too
> T,10558,13690166,170,2019699,11067,215,3
T,10559,13690186,170,2019732,11067,179,3
T,10560,13690206,170,2019765,11067,195,3
T,10561,13690226,170,2019798,11067,254,3
T,10562,13690246,170,2019830,11709,253,3
T,10563,13690266,170,2019859,11709,285,3
T,10564,13690286,170,2019884,11709,393,3
T,10565,13690306,170,2019909,11709,454,3
T,10566,13690326,170,2019935,11709,353,3
T,10567,13690346,170,2019961,9424,333,3
T,10568,13690366,170,2019990,9424,286,3
T,10569,13690386,170,2020020,9424,236,3
T,10570,13690406,170,2020052,9424,204,3
T,10571,13690426,170,2020084,9424,206,3
T,10572,13690446,170,2020117,10995,211,3
T,10573,13690466,170,2020151,10995,209,3
T,10574,13690486,170,2020183,10995,309,3
T,10575,13690506,170,2020215,10995,247,3
T,10576,13690526,170,2020246,10995,254,3
T,10577,13690546,170,2020279,11567,221,3
T,10578,13690566,170,2020311,11567,301,3
T,10579,13690586,170,2020344,11567,251,3
T,10580,13690606,170,2020377,11567,264,3
T,10581,13690626,170,2020411,11567,246,3
T,10582,13690646,170,2020445,11852,158,3

[host] drv timeout 2000
drv timeout 2000
timeout 2000 ms, 2000 ms remaining
  any 'drv duty' kicks it; re-issuing this command kicks it too
> T,10583,13690666,170,2020479,11852,190,3
T,10584,13690686,170,2020513,11852,192,3
T,10585,13690706,170,2020544,11852,306,3
T,10586,13690726,170,2020572,11852,365,3
T,10587,13690746,170,2020599,11138,321,3
T,10588,13690766,170,2020626,11138,291,3
T,10589,13690786,170,2020654,11138,445,3
T,10590,13690806,170,2020683,11138,231,3
T,10591,13690826,170,2020713,11138,251,3
T,10592,13690846,170,2020744,10281,188,3
T,10593,13690866,170,2020776,10281,212,3
T,10594,13690886,170,2020809,10281,163,3
T,10595,13690906,170,2020843,10281,209,3
T,10596,13690926,170,2020877,10281,230,3
T,10597,13690946,170,2020909,11781,348,3
T,10598,13690966,170,2020940,11781,224,3
T,10599,13690986,170,2020971,11781,232,3
T,10600,13691006,170,2021003,11781,194,3
T,10601,13691026,170,2021035,11781,225,3
T,10602,13691046,170,2021068,11281,224,3
T,10603,13691066,170,2021102,11281,296,3
T,10604,13691086,170,2021136,11281,187,3
T,10605,13691106,170,2021169,11281,203,3
T,10606,13691126,170,2021204,11281,168,3
T,10607,13691146,170,2021236,12066,252,3

[host] drv timeout 2000
drv timeout 2000T,10608,13691166,170,2021264,12066,316,3

timeout 2000 ms, 2000 ms remaining
  any 'drv duty' kicks it; re-issuing this command kicks it too
> T,10609,13691186,170,2021289,12066,338,3
T,10610,13691206,170,2021316,12066,482,3
T,10611,13691226,170,2021343,12066,322,3
T,10612,13691246,170,2021371,9639,363,3
T,10613,13691266,170,2021400,9639,407,3
T,10614,13691286,170,2021431,9639,253,3
T,10615,13691306,170,2021462,9639,267,3
T,10616,13691326,170,2021495,9639,227,3
T,10617,13691346,170,2021528,11138,338,3
T,10618,13691366,170,2021562,11138,237,3
T,10619,13691386,170,2021595,11138,268,3
T,10620,13691406,170,2021626,11138,236,3
T,10621,13691426,170,2021657,11138,350,3
T,10622,13691446,170,2021689,11567,249,3
T,10623,13691466,170,2021722,11567,267,3
T,10624,13691486,170,2021755,11567,253,3
T,10625,13691506,170,2021789,11567,158,3
T,10626,13691526,170,2021823,11567,198,3
T,10627,13691546,170,2021857,11924,160,3
T,10628,13691566,170,2021891,11924,288,3
T,10629,13691586,170,2021925,11924,219,3
T,10630,13691606,170,2021955,11924,442,3
T,10631,13691626,170,2021982,11924,328,3
T,10632,13691646,170,2022010,10995,342,3

[host] drv timeout 2000
T,10633,13691666,170,2022037,10995,315,3
drv timeout 2000
timeout 2000 ms, 2000 ms remaining
  any 'drv duty' kicks it; re-issuing this command kicks it too
> T,10634,13691686,170,2022065,10995,300,3
T,10635,13691706,170,2022095,10995,263,3
T,10636,13691726,170,2022126,10995,365,3
T,10637,13691746,170,2022158,10496,273,3
T,10638,13691766,170,2022190,10496,325,3
T,10639,13691786,170,2022224,10496,178,3
T,10640,13691806,170,2022257,10496,200,3
T,10641,13691826,170,2022291,10496,171,3
T,10642,13691846,170,2022324,11924,196,3
T,10643,13691866,170,2022356,11924,219,3
T,10644,13691886,170,2022389,11924,205,3
T,10645,13691906,170,2022421,11924,219,3
T,10646,13691926,170,2022454,11924,209,3
T,10647,13691946,170,2022488,11567,297,3
T,10648,13691966,170,2022521,11567,237,3
T,10649,13691986,170,2022555,11567,196,3
T,10650,13692006,170,2022590,11567,209,3
T,10651,13692026,170,2022622,11567,285,3
T,10652,13692046,170,2022649,11709,337,3
T,10653,13692066,170,2022675,11709,296,3
T,10654,13692086,170,2022700,11709,397,3
T,10655,13692106,170,2022724,11709,531,3
T,10656,13692126,170,2022749,11709,353,3
T,10657,13692146,170,2022777,9139,310,3

[host] drv timeout 2000
T,10658,13692166,170,2022807,9139,333,3
drv timeout 2000
timeout 2000 ms, 2000 ms remaining
  any 'drv duty' kicks it; re-issuing this command kicks it too
> T,10659,13692186,170,2022838,9139,247,3
T,10660,13692206,170,2022870,9139,246,3
T,10661,13692226,170,2022903,9139,236,3
T,10662,13692246,170,2022935,11138,322,3
T,10663,13692266,170,2022967,11138,227,3
T,10664,13692286,170,2022998,11138,256,3
T,10665,13692306,170,2023029,11138,236,3
T,10666,13692326,170,2023060,11138,222,3
T,10667,13692346,170,2023091,11138,229,3
T,10668,13692366,170,2023123,11138,193,3
T,10669,13692386,170,2023156,11138,185,3
T,10670,13692406,170,2023190,11138,208,3
T,10671,13692426,170,2023225,11138,229,3
T,10672,13692446,170,2023259,11995,206,3
T,10673,13692466,170,2023292,11995,265,3
T,10674,13692486,170,2023324,11995,301,3
T,10675,13692506,170,2023350,11995,333,3
T,10676,13692526,170,2023373,11995,382,3
T,10677,13692546,170,2023397,10067,327,3
T,10678,13692566,170,2023423,10067,274,3
T,10679,13692586,170,2023449,10067,428,3
T,10680,13692606,170,2023478,10067,269,3
T,10681,13692626,170,2023507,10067,229,3
T,10682,13692646,170,2023537,9853,240,3

[host] drv timeout 2000
T,10683,13692666,170,2023569,9853,172,3
drv timeout 2000
timeout 2000 ms, 2000 ms remaining
  any 'drv duty' kicks it; re-issuing this command kicks it too
> T,10684,13692686,170,2023601,9853,210,3
T,10685,13692706,170,2023633,9853,169,3
T,10686,13692726,170,2023667,9853,209,3
T,10687,13692746,170,2023700,11567,192,3
T,10688,13692766,170,2023732,11567,205,3
T,10689,13692786,170,2023764,11567,199,3
T,10690,13692806,170,2023796,11567,189,3
T,10691,13692826,170,2023829,11567,195,3
T,10692,13692846,170,2023864,11638,221,3
T,10693,13692866,170,2023899,11638,195,3
T,10694,13692886,170,2023934,11638,182,3
T,10695,13692906,170,2023968,11638,201,3
T,10696,13692926,170,2024000,11638,226,3
T,10697,13692946,170,2024031,11995,285,3
T,10698,13692966,170,2024057,11995,354,3
T,10699,13692986,170,2024081,11995,311,3
T,10700,13693006,170,2024107,11995,334,3
T,10701,13693026,170,2024134,11995,379,3
T,10702,13693046,170,2024161,9424,284,3
T,10703,13693066,170,2024190,9424,241,3
T,10704,13693086,170,2024220,9424,278,3
T,10705,13693106,170,2024251,9424,237,3
T,10706,13693126,170,2024283,9424,251,3
T,10707,13693146,170,2024315,10853,254,3

[host] drv timeout 2000
T,10708,13693166,170,2024347,10853,256,3
drv timeout 2000
timeout 2000 ms, 2000 ms remaining
  any 'drv duty' kicks it; re-issuing this command kicks it too
> T,10709,13693186,170,2024379,10853,220,3
T,10710,13693206,170,2024411,10853,246,3
T,10711,13693226,170,2024443,10853,232,3
T,10712,13693246,170,2024476,11495,233,3
T,10713,13693266,170,2024508,11495,230,3
T,10714,13693286,170,2024542,11495,171,3
T,10715,13693306,170,2024576,11495,167,3
T,10716,13693326,170,2024611,11495,222,3
T,10717,13693346,170,2024646,12138,199,3
T,10718,13693366,170,2024681,12138,182,3
T,10719,13693386,170,2024714,12138,185,3
T,10720,13693406,170,2024744,12138,286,3
T,10721,13693426,170,2024769,12138,390,3
T,10722,13693446,170,2024794,10781,421,3
T,10723,13693466,170,2024820,10781,323,3
T,10724,13693486,170,2024846,10781,421,3
T,10725,13693506,170,2024873,10781,307,3
T,10726,13693526,170,2024902,10781,313,3
T,10727,13693546,170,2024932,9710,235,3
T,10728,13693566,170,2024964,9710,342,3
T,10729,13693586,170,2024996,9710,236,3
T,10730,13693606,170,2025028,971
[host] drv duty 15
0,344,3
drv duty 15
duty +15%
> T,10731,13693626,150,2025059,9710,252,3
T,10732,13693646,150,2025089,11210,248,3
T,10733,13693666,150,2025119,11210,229,3
T,10734,13693686,150,2025149,11210,215,3
T,10735,13693706,150,2025179,11210,269,3
T,10736,13693726,150,2025208,11210,270,3
T,10737,13693746,150,2025238,10638,251,3
T,10738,13693766,150,2025268,10638,210,3
T,10739,13693786,150,2025298,10638,180,3
T,10740,13693806,150,2025328,10638,240,3
T,10741,13693826,150,2025359,10638,263,3
T,10742,13693846,150,2025389,10781,294,3
T,10743,13693866,150,2025417,10781,285,3
T,10744,13693886,150,2025441,10781,366,3
T,10745,13693906,150,2025461,10781,409,3
T,10746,13693926,150,2025479,10781,515,3
T,10747,13693946,150,2025497,7996,615,3
T,10748,13693966,150,2025518,7996,523,3
T,10749,13693986,150,2025540,7996,510,3
T,10750,13694006,150,2025563,7996,361,3
T,10751,13694026,150,2025587,7996,332,3
T,10752,13694046,150,2025612,8068,305,3
T,10753,13694066,150,2025639,8068,280,3
T,10754,13694086,150,2025666,8068,350,3
T,10755,13694106,150,2025694,8068,267,3

[host] drv timeout 2000
drv timeout 2000
timeout 2000 ms, 2000 ms remaining
  any 'drv duty' kicks it; re-issuing this command kicks it too
> T,10756,13694126,150,2025723,8068,267,3
T,10757,13694146,150,2025751,9853,323,3
T,10758,13694166,150,2025779,9853,270,3
T,10759,13694186,150,2025807,9853,312,3
T,10760,13694206,150,2025834,9853,279,3
T,10761,13694226,150,2025861,9853,345,3
T,10762,13694246,150,2025888,9781,249,3
T,10763,13694266,150,2025916,9781,280,3
T,10764,13694286,150,2025945,9781,334,3
T,10765,13694306,150,2025974,9781,251,3
T,10766,13694326,150,2026004,9781,173,3
T,10767,13694346,150,2026034,10353,246,3
T,10768,13694366,150,2026064,10353,226,3
T,10769,13694386,150,2026094,10353,334,3
T,10770,13694406,150,2026123,10353,263,3
T,10771,13694426,150,2026148,10353,353,3
T,10772,13694446,150,2026169,9853,377,3
T,10773,13694466,150,2026189,9853,422,3
T,10774,13694486,150,2026209,9853,417,3
T,10775,13694506,150,2026229,9853,368,3
T,10776,13694526,150,2026251,9853,328,3
T,10777,13694546,150,2026274,7425,325,3
T,10778,13694566,150,2026298,7425,355,3
T,10779,13694586,150,2026323,7425,259,3
T,10780,13694606,150,2026349,7425,384,3

[host] drv timeout 2000
drv timeout 2000
timeout 2000 ms, 2000 ms remaining
  any 'drv duty' kicks it; re-issuing this command kicks it too
> T,10781,13694626,150,2026376,7425,253,3
T,10782,13694646,150,2026404,9210,279,3
T,10783,13694666,150,2026432,9210,281,3
T,10784,13694686,150,2026459,9210,326,3
T,10785,13694706,150,2026485,9210,293,3
T,10786,13694726,150,2026511,9210,359,3
T,10787,13694746,150,2026536,9424,297,3
T,10788,13694766,150,2026561,9424,354,3
T,10789,13694786,150,2026587,9424,336,3
T,10790,13694806,150,2026613,9424,284,3
T,10791,13694826,150,2026640,9424,279,3
T,10792,13694846,150,2026667,9353,268,3
T,10793,13694866,150,2026696,9353,246,3
T,10794,13694886,150,2026724,9353,270,3
T,10795,13694906,150,2026753,9353,253,3
T,10796,13694926,150,2026783,9353,215,3
T,10797,13694946,150,2026812,10281,318,3
T,10798,13694966,150,2026837,10281,338,3
T,10799,13694986,150,2026858,10281,412,3
T,10800,13695006,150,2026878,10281,407,3
T,10801,13695026,150,2026897,10281,347,3
T,10802,13695046,150,2026917,7711,391,3
T,10803,13695066,150,2026939,7711,405,3
T,10804,13695086,150,2026962,7711,317,3
T,10805,13695106,150,2026986,7711,329,3

[host] drv timeout 2000
drv timeout 2000
timeout 2000 ms, 2000 ms remaining
  any 'drv duty' kicks it; re-issuing this command kicks it too
> T,10806,13695126,150,2027012,7711,422,3
T,10807,13695146,150,2027038,8496,278,3
T,10808,13695166,150,2027065,8496,304,3
T,10809,13695186,150,2027092,8496,241,3
T,10810,13695206,150,2027121,8496,254,3
T,10811,13695226,150,2027148,8496,284,3
T,10812,13695246,150,2027175,9781,293,3
T,10813,13695266,150,2027201,9781,325,3
T,10814,13695286,150,2027227,9781,349,3
T,10815,13695306,150,2027252,9781,280,3
T,10816,13695326,150,2027279,9781,307,3
T,10817,13695346,150,2027305,9353,295,3
T,10818,13695366,150,2027332,9353,353,3
T,10819,13695386,150,2027360,9353,229,3
T,10820,13695406,150,2027388,9353,297,3
T,10821,13695426,150,2027416,9353,375,3
T,10822,13695446,150,2027445,9924,238,3
T,10823,13695466,150,2027474,9924,231,3
T,10824,13695486,150,2027502,9924,382,3
T,10825,13695506,150,2027529,9924,247,3
T,10826,13695526,150,2027555,9924,361,3
T,10827,13695546,150,2027576,9496,417,3
T,10828,13695566,150,2027597,9496,416,3
T,10829,13695586,150,2027619,9496,408,3
T,10830,13695606,150,2027641,9496,396,3

[host] drv timeout 2000
drv timeout 2000
timeout 2000 ms, 2000 ms remaining
  any 'drv duty' kicks it; re-issuing this command kicks it too
> T,10831,13695626,150,2027665,9496,294,3
T,10832,13695646,150,2027689,7996,304,3
T,10833,13695666,150,2027715,7996,407,3
T,10834,13695686,150,2027742,7996,263,3
T,10835,13695706,150,2027770,7996,299,3
T,10836,13695726,150,2027799,7996,285,3
T,10837,13695746,150,2027827,9781,243,3
T,10838,13695766,150,2027856,9781,211,3
T,10839,13695786,150,2027886,9781,343,3
T,10840,13695806,150,2027915,9781,249,3
T,10841,13695826,150,2027941,9781,302,3
T,10842,13695846,150,2027968,10067,278,3
T,10843,13695866,150,2027994,10067,338,3
T,10844,13695886,150,2028021,10067,281,3
T,10845,13695906,150,2028047,10067,300,3
T,10846,13695926,150,2028075,10067,256,3
T,10847,13695946,150,2028103,9567,286,3
T,10848,13695966,150,2028131,9567,295,3
T,10849,13695986,150,2028159,9567,269,3
T,10850,13696006,150,2028187,9567,289,3
T,10851,13696026,150,2028214,9567,288,3
T,10852,13696046,150,2028240,9853,325,3
T,10853,13696066,150,2028261,9853,385,3
T,10854,13696086,150,2028281,9853,407,3
T,10855,13696106,150,2028301,9853,427,3

[host] drv timeout 2000
drv timeout 2000
timeout 2000 ms, 2000 ms remaining
  any 'drv duty' kicks it; re-issuing this command kicks it too
> T,10856,13696126,150,2028321,9853,379,3
T,10857,13696146,150,2028343,7425,390,3
T,10858,13696166,150,2028365,7425,369,3
T,10859,13696186,150,2028390,7425,321,3
T,10860,13696206,150,2028415,7425,280,3
T,10861,13696226,150,2028441,7425,371,3
T,10862,13696246,150,2028469,8925,256,3
T,10863,13696266,150,2028497,8925,231,3
T,10864,13696286,150,2028525,8925,342,3
T,10865,13696306,150,2028554,8925,211,3
T,10866,13696326,150,2028583,8925,285,3
T,10867,13696346,150,2028609,9996,331,3
T,10868,13696366,150,2028636,9996,310,3
T,10869,13696386,150,2028663,9996,284,3
T,10870,13696406,150,2028690,9996,237,3
T,10871,13696426,150,2028718,9996,384,3
T,10872,13696446,150,2028747,9781,220,3
T,10873,13696466,150,2028776,9781,241,3
T,10874,13696486,150,2028805,9781,290,3
T,10875,13696506,150,2028834,9781,247,3
T,10876,13696526,150,2028864,9781,227,3
T,10877,13696546,150,2028893,10424,208,3
T,10878,13696566,150,2028923,10424,320,3
T,10879,13696586,150,2028948,10424,331,3
T,10880,13696606,150,2028971,10424,368,3

[host] drv timeout 2000
T,10881,13696626,150,2028992,10424,385,3
drv timeout 2000
timeout 2000 ms, 2000 ms remaining
  any 'drv duty' kicks it; re-issuing this command kicks it too
> T,10882,13696646,150,2029013,8782,369,3
T,10883,13696666,150,2029035,8782,380,3
T,10884,13696686,150,2029057,8782,392,3
T,10885,13696706,150,2029081,8782,474,3
T,10886,13696726,150,2029107,8782,305,3
T,10887,13696746,150,2029133,8425,274,3
T,10888,13696766,150,2029160,8425,254,3
T,10889,13696786,150,2029188,8425,348,3
T,10890,13696806,150,2029217,8425,233,3
T,10891,13696826,150,2029246,8425,237,3
T,10892,13696846,150,2029275,10067,296,3
T,10893,13696866,150,2029302,10067,280,3
T,10894,13696886,150,2029329,10067,238,3
T,10895,13696906,150,2029356,10067,322,3
T,10896,13696926,150,2029384,10067,238,3
T,10897,13696946,150,2029412,9853,258,3
T,10898,13696966,150,2029441,9853,257,3
T,10899,13696986,150,2029470,9853,230,3
T,10900,13697006,150,2029499,9853,294,3
T,10901,13697026,150,2029528,9853,361,3
T,10902,13697046,150,2029558,10353,238,3
T,10903,13697066,150,2029588,10353,195,3
T,10904,13697086,150,2029617,10353,257,3
T,10905,13697106,150,2029643,10353,306,3

[host] drv timeout 2000
T,10906,13697126,150,2029665,10353,369,3
drv timeout 2000
timeout 2000 ms, 2000 ms remaining
  any 'drv duty' kicks it; re-issuing this command kicks it too
> T,10907,13697146,150,2029687,9353,402,3
T,10908,13697166,150,2029708,9353,387,3
T,10909,13697186,150,2029729,9353,376,3
T,10910,13697206,150,2029752,9353,360,3
T,10911,13697226,150,2029776,9353,309,3
T,10912,13697246,150,2029801,8068,280,3
T,10913,13697266,150,2029828,8068,392,3
T,10914,13697286,150,2029855,8068,256,3
T,10915,13697306,150,2029883,8068,293,3
T,10916,13697326,150,2029912,8068,360,3
T,10917,13697346,150,2029941,9924,235,3
T,10918,13697366,150,2029969,9924,246,3
T,10919,13697386,150,2029997,9924,349,3
T,10920,13697406,150,2030023,9924,325,3
T,10921,13697426,150,2030050,9924,258,3
T,10922,13697446,150,2030077,9781,284,3
T,10923,13697466,150,2030104,9781,413,3
T,10924,13697486,150,2030132,9781,256,3
T,10925,13697506,150,2030160,9781,254,3
T,10926,13697526,150,2030188,9781,278,3
T,10927,13697546,150,2030217,9924,216,3
T,10928,13697566,150,2030246,9924,242,3
T,10929,13697586,150,2030276,9924,339,3
T,10930,13697606,150,2030305,9924,227,3

[host] drv timeout 2000
T,10931,13697626,150,2030332,9924,379,3
drv timeout 2000
timeout 2000 ms, 2000 ms remaining
  any 'drv duty' kicks it; re-issuing this command kicks it too
> T,10932,13697646,150,2030356,10067,305,3
T,10933,13697666,150,2030378,10067,377,3
T,10934,13697686,150,2030399,10067,385,3
T,10935,13697706,150,2030420,10067,338,3
T,10936,13697726,150,2030442,10067,359,3
T,10937,13697746,150,2030465,7782,377,3
T,10938,13697766,150,2030490,7782,391,3
T,10939,13697786,150,2030516,7782,275,3
T,10940,13697806,150,2030543,7782,312,3
T,10941,13697826,150,2030571,7782,252,3
T,10942,13697846,150,2030599,9424,274,3
T,10943,13697866,150,2030627,9424,284,3
T,10944,13697886,150,2030656,9424,257,3
T,10945,13697906,150,2030684,9424,285,3
T,10946,13697926,150,2030712,9424,293,3
T,10947,13697946,150,2030740,10138,237,3
T,10948,13697966,150,2030768,10138,313,3
T,10949,13697986,150,2030796,10138,251,3
T,10950,13698006,150,2030825,10138,229,3
T,10951,13698026,150,2030854,10138,278,3
T,10952,13698046,150,2030884,10210,272,3
T,10953,13698066,150,2030913,10210,231,3
T,10954,13698086,150,2030943,10210,199,3
T,10955,13698106,150,2030973,10210,259,3

[host] drv timeout 2000
T,10956,13698126,150,2031003,10210,267,3
drv timeout 2000
timeout 2000 ms, 2000 ms remaining
  any 'drv duty' kicks it; re-issuing this command kicks it too
> T,10957,13698146,150,2031029,10424,331,3
T,10958,13698166,150,2031051,10424,326,3
T,10959,13698186,150,2031071,10424,454,3
T,10960,13698206,150,2031089,10424,389,3
T,10961,13698226,150,2031109,10424,503,3
T,10962,13698246,150,2031130,7354,450,3
T,10963,13698266,150,2031153,7354,329,3
T,10964,13698286,150,2031178,7354,267,3
T,10965,13698306,150,2031204,7354,293,3
T,10966,13698326,150,2031231,7354,263,3
T,10967,13698346,150,2031259,9067,297,3
T,10968,13698366,150,2031288,9067,285,3
T,10969,13698386,150,2031316,9067,236,3
T,10970,13698406,150,2031344,9067,326,3
T,10971,13698426,150,2031372,9067,263,3
T,10972,13698446,150,2031399,9996,289,3
T,10973,13698466,150,2031425,9996,336,3
T,10974,13698486,150,2031452,9996,294,3
T,10975,13698506,150,2031479,9996,265,3
T,10976,13698526,150,2031507,9996,231,3
T,10977,13698546,150,2031535,9639,339,3
T,10978,13698566,150,2031564,9639,215,3
T,10979,13698586,150,2031595,9639,210,3
T,10980,13698606,150,2031625,9639,174,3
T,10981,13698626,150,2031655,963
[host] drv timeout 2000
9,233,3
drv timeout 2000
timeout 2000 ms, 2000 ms remaining
  any 'drv duty' kicks it; re-issuing this command kicks it too
> T,10982,13698646,150,2031684,10638,343,3
T,10983,13698666,150,2031712,10638,288,3
T,10984,13698686,150,2031736,10638,407,3
T,10985,13698706,150,2031754,10638,350,3
T,10986,13698726,150,2031771,10638,494,3
T,10987,13698746,150,2031789,7711,498,3
T,10988,13698766,150,2031808,7711,359,3
T,10989,13698786,150,2031828,7711,349,3
T,10990,13698806,150,2031850,7711,360,3
T,10991,13698826,150,2031873,7711,337,3
T,10992,13698846,150,2031896,7568,460,3
T,10993,13698866,150,2031922,7568,281,3
T,10994,13698886,150,2031948,7568,274,3
T,10995,13698906,150,2031975,7568,264,3
T,10996,13698926,150,2032003,7568,348,3
T,10997,13698946,150,2032031,9496,257,3
T,10998,13698966,150,2032059,9496,278,3
T,10999,13698986,150,2032086,9496,300,3
T,11000,13699006,150,2032113,9496,272,3
T,11001,13699026,150,2032140,9496,283,3
T,11002,13699046,150,2032167,9710,277,3
T,11003,13699066,150,2032194,9710,331,3
T,11004,13699086,150,2032222,9710,242,3
T,11005,13699106,150,2032251,9710,279,3
T,11006,13699126,150,2032281,971
[host] drv timeout 2000
0,320,3
drv timeout 2000
timeout 2000 ms, 2000 ms remaining
  any 'drv duty' kicks it; re-issuing this command kicks it too
> T,11007,13699146,150,2032311,10281,256,3
T,11008,13699166,150,2032341,10281,246,3
T,11009,13699186,150,2032369,10281,274,3
T,11010,13699206,150,2032396,10281,267,3
T,11011,13699226,150,2032423,10281,349,3
T,11012,13699246,150,2032444,9781,453,3
T,11013,13699266,150,2032463,9781,488,3
T,11014,13699286,150,2032483,9781,414,3
T,11015,13699306,150,2032502,9781,396,3
T,11016,13699326,150,2032522,9781,327,3
T,11017,13699346,150,2032544,6997,366,3
T,11018,13699366,150,2032567,6997,332,3
T,11019,13699386,150,2032592,6997,316,3
T,11020,13699406,150,2032617,6997,288,3
T,11021,13699426,150,2032644,6997,398,3
T,11022,13699446,150,2032671,8996,270,3
T,11023,13699466,150,2032698,8996,270,3
T,11024,13699486,150,2032725,8996,268,3
T,11025,13699506,150,2032753,8996,254,3
T,11026,13699526,150,2032781,8996,290,3
T,11027,13699546,150,2032808,9781,264,3
T,11028,13699566,150,2032836,9781,395,3
T,11029,13699586,150,2032863,9781,272,3
T,11030,13699606,150,2032891,9781,281,3
T,11031,13699626,150,2032920,9781,350,3

[host] drv timeout 2000
drv timeout 2000
timeout 2000 ms, 2000 ms remaining
  any 'drv duty' kicks it; re-issuing this command kicks it too
> T,11032,13699646,150,2032949,9996,192,3
T,11033,13699666,150,2032980,9996,153,3
T,11034,13699686,150,2033011,9996,222,3
T,11035,13699706,150,2033041,9996,222,3
T,11036,13699726,150,2033070,9996,361,3
T,11037,13699746,150,2033099,10710,217,3
T,11038,13699766,150,2033126,10710,321,3
T,11039,13699786,150,2033149,10710,381,3
T,11040,13699806,150,2033169,10710,336,3
T,11041,13699826,150,2033190,10710,400,3
T,11042,13699846,150,2033211,8211,385,3
T,11043,13699866,150,2033233,8211,343,3
T,11044,13699886,150,2033255,8211,369,3
T,11045,13699906,150,2033279,8211,326,3
T,11046,13699926,150,2033303,8211,358,3
T,11047,13699946,150,2033328,8282,293,3
T,11048,13699966,150,2033355,8282,272,3
T,11049,13699986,150,2033383,8282,265,3
T,11050,13700006,150,2033411,8282,353,3
T,11051,13700026,150,2033439,8282,248,3
T,11052,13700046,150,2033466,9781,270,3
T,11053,13700066,150,2033493,9781,267,3
T,11054,13700086,150,2033520,9781,290,3
T,11055,13700106,150,2033547,9781,253,3
T,11056,13700126,150,2033573,9781,275,3

[host] drv timeout 2000
drv timeout 2000
timeout 2000 ms, 2000 ms remaining
  any 'drv duty' kicks it; re-issuing this command kicks it too
> T,11057,13700146,150,2033600,9567,270,3
T,11058,13700166,150,2033628,9567,278,3
T,11059,13700186,150,2033656,9567,304,3
T,11060,13700206,150,2033685,9567,231,3
T,11061,13700226,150,2033714,9567,243,3
T,11062,13700246,150,2033743,10138,268,3
T,11063,13700266,150,2033772,10138,264,3
T,11064,13700286,150,2033801,10138,235,3
T,11065,13700306,150,2033827,10138,360,3
T,11066,13700326,150,2033848,10138,390,3
T,11067,13700346,150,2033868,9139,461,3
T,11068,13700366,150,2033886,9139,458,3
T,11069,13700386,150,2033906,9139,381,3
T,11070,13700406,150,2033928,9139,325,3
T,11071,13700426,150,2033952,9139,342,3
T,11072,13700446,150,2033976,7639,326,3
T,11073,13700466,150,2034001,7639,261,3
T,11074,13700486,150,2034028,7639,297,3
T,11075,13700506,150,2034054,7639,325,3
T,11076,13700526,150,2034081,7639,249,3
T,11077,13700546,150,2034109,9424,248,3
T,11078,13700566,150,2034138,9424,310,3
T,11079,13700586,150,2034167,9424,249,3
T,11080,13700606,150,2034195,9424,232,3
T,11081,13700626,150,2034222,9424,389,3

[host] drv timeout 2000
drv timeout 2000
timeout 2000 ms, 2000 ms remaining
  any 'drv duty' kicks it; re-issuing this command kicks it too
> T,11082,13700646,150,2034248,9924,268,3
T,11083,13700666,150,2034275,9924,290,3
T,11084,13700686,150,2034302,9924,238,3
T,11085,13700706,150,2034330,9924,291,3
T,11086,13700726,150,2034359,9924,258,3
T,11087,13700746,150,2034388,9996,205,3
T,11088,13700766,150,2034418,9996,232,3
T,11089,13700786,150,2034448,9996,209,3
T,11090,13700806,150,2034478,9996,323,3
T,11091,13700826,150,2034507,9996,225,3
T,11092,13700846,150,2034535,10496,307,3
T,11093,13700866,150,2034558,10496,358,3
T,11094,13700886,150,2034577,10496,365,3
T,11095,13700906,150,2034597,10496,377,3
T,11096,13700926,150,2034617,10496,392,3
T,11097,13700946,150,2034639,7497,450,3
T,11098,13700966,150,2034661,7497,349,3
T,11099,13700986,150,2034685,7497,353,3
T,11100,13701006,150,2034711,7497,325,3
T,11101,13701026,150,2034737,7497,259,3
T,11102,13701046,150,2034764,8853,261,3
T,11103,13701066,150,2034792,8853,241,3
T,11104,13701086,150,2034820,8853,359,3
T,11105,13701106,150,2034848,8853,259,3
T,11106,13701126,150,2034876,8853,318,3

[host] drv timeout 2000
drv timeout 2000
timeout 2000 ms, 2000 ms remaining
  any 'drv duty' kicks it; re-issuing this command kicks it too
> T,11107,13701146,150,2034902,9924,325,3
T,11108,13701166,150,2034928,9924,350,3
T,11109,13701186,150,2034953,9924,267,3
T,11110,13701206,150,2034980,9924,325,3
T,11111,13701226,150,2035005,9924,312,3
T,11112,13701246,150,2035032,9210,409,3
T,11113,13701266,150,2035059,9210,273,3
T,11114,13701286,150,2035087,9210,288,3
T,11115,13701306,150,2035116,9210,262,3
T,11116,13701326,150,2035145,9210,216,3
T,11117,13701346,150,2035174,10067,233,3
T,11118,13701366,150,2035204,10067,349,3
T,11119,13701386,150,2035230,10067,369,3
T,11120,13701406,150,2035252,10067,442,3
T,11121,13701426,150,2035272,10067,493,3
T,11122,13701446,150,2035290,8568,560,3
T,11123,13701466,150,2035310,8568,528,3
T,11124,13701486,150,2035331,8568,498,3
T,11125,13701506,150,2035353,8568,538,3
T,11126,13701526,150,2035376,8568,364,3
T,11127,13701546,150,2035401,7711,283,3
T,11128,13701566,150,2035426,7711,302,3
T,11129,13701586,150,2035453,7711,302,3
T,11130,13701606,150,2035480,7711,413,3
T,11131,13701626,150,2035508,7711,252,3

[host] drv timeout 2000
drv timeout 2000
timeout 2000 ms, 2000 ms remaining
  any 'drv duty' kicks it; re-issuing this command kicks it too
> T,11132,13701646,150,2035536,9639,267,3
T,11133,13701666,150,2035561,9639,294,3
T,11134,13701686,150,2035587,9639,439,3
T,11135,13701706,150,2035612,9639,334,3
T,11136,13701726,150,2035637,9639,302,3
T,11137,13701746,150,2035663,9139,306,3
T,11138,13701766,150,2035689,9139,273,3
T,11139,13701786,150,2035715,9139,407,3
T,11140,13701806,150,2035741,9139,252,3
T,11141,13701826,150,2035769,9139,296,3
T,11142,13701846,150,2035797,9496,262,3
T,11143,13701866,150,2035826,9496,256,3
T,11144,13701886,150,2035854,9496,312,3
T,11145,13701906,150,2035881,9496,253,3
T,11146,13701926,150,2035908,9496,349,3
T,11147,13701946,150,2035935,9924,305,3
T,11148,13701966,150,2035959,9924,382,3
T,11149,13701986,150,2035980,9924,386,3
T,11150,13702006,150,2036002,9924,373,3
T,11151,13702026,150,2036023,9924,386,3
T,11152,13702046,150,2036045,7925,384,3
T,11153,13702066,150,2036069,7925,326,3
T,11154,13702086,150,2036093,7925,323,3
T,11155,13702106,150,2036119,7925,360,3
T,11156,13702126,150,2036146,7925,268,3

[host] drv timeout 2000
drv timeout 2000
timeout 2000 ms, 2000 ms remaining
  any 'drv duty' kicks it; re-issuing this command kicks it too
> T,11157,13702146,150,2036174,9067,305,3
T,11158,13702166,150,2036203,9067,252,3
T,11159,13702186,150,2036232,9067,246,3
T,11160,13702206,150,2036260,9067,246,3
T,11161,13702226,150,2036290,9067,307,3
T,11162,13702246,150,2036319,10353,281,3
T,11163,13702266,150,2036345,10353,301,3
T,11164,13702286,150,2036372,10353,261,3
T,11165,13702306,150,2036398,10353,400,3
T,11166,13702326,150,2036425,10353,261,3
T,11167,13702346,150,2036452,9496,280,3
T,11168,13702366,150,2036480,9496,254,3
T,11169,13702386,150,2036508,9496,252,3
T,11170,13702406,150,2036536,9496,283,3
T,11171,13702426,150,2036565,9496,259,3
T,11172,13702446,150,2036593,9996,273,3
T,11173,13702466,150,2036621,9996,272,3
T,11174,13702486,150,2036646,9996,375,3
T,11175,13702506,150,2036667,9996,422,3
T,11176,13702526,150,2036688,9996,391,3
T,11177,13702546,150,2036708,8425,386,3
T,11178,13702566,150,2036729,8425,390,3
T,11179,13702586,150,2036752,8425,312,3
T,11180,13702606,150,2036776,8425,297,3
T,11181,13702626,150,2036802,8425,357,3

[host] drv timeout 2000
drv timeout 2000
timeout 2000 ms, 2000 ms remaining
  any 'drv duty' kicks it; re-issuing this command kicks it too
> T,11182,13702646,150,2036828,8425,289,3
T,11183,13702666,150,2036856,8425,293,3
T,11184,13702686,150,2036884,8425,237,3
T,11185,13702706,150,2036913,8425,248,3
T,11186,13702726,150,2036943,8425,294,3
T,11187,13702746,150,2036972,10210,277,3
T,11188,13702766,150,2036999,10210,295,3
T,11189,13702786,150,2037026,10210,289,3
T,11190,13702806,150,2037053,10210,279,3
T,11191,13702826,150,2037080,10210,396,3
T,11192,13702846,150,2037108,9781,246,3
T,11193,13702866,150,2037136,9781,256,3
T,11194,13702886,150,2037164,9781,273,3
T,11195,13702906,150,2037193,9781,224,3
T,11196,13702926,150,2037222,9781,238,3
T,11197,13702946,150,2037252,10210,339,3
T,11198,13702966,150,2037281,10210,215,3
T,11199,13702986,150,2037311,10210,241,3
T,11200,13703006,150,2037337,10210,504,3
T,11201,13703026,150,2037360,10210,401,3
T,11202,13703046,150,2037382,9496,456,3
T,11203,13703066,150,2037404,9496,412,3
T,11204,13703086,150,2037425,9496,377,3
T,11205,13703106,150,2037448,9496,361,3
T,11206,13703126,150,2037472,9496,339,3

[host] drv timeout 2000
drv timeout 2000
timeout 2000 ms, 2000 ms remaining
  any 'drv duty' kicks it; re-issuing this command kicks it too
> T,11207,13703146,150,2037496,8068,339,3
T,11208,13703166,150,2037522,8068,267,3
T,11209,13703186,150,2037549,8068,379,3
T,11210,13703206,150,2037577,8068,227,3
T,11211,13703226,150,2037606,8068,257,3
T,11212,13703246,150,2037635,9781,343,3
T,11213,13703266,150,2037664,9781,261,3
T,11214,13703286,150,2037692,9781,310,3
T,11215,13703306,150,2037719,9781,326,3
T,11216,13703326,150,2037747,9781,288,3
T,11217,13703346,150,2037775,9996,313,3
T,11218,13703366,150,2037802,9996,272,3
T,11219,13703386,150,2037829,9996,310,3
T,11220,13703406,150,2037858,9996,237,3
T,11221,13703426,150,2037886,9996,249,3
T,11222,13703446,150,2037915,10067,248,3
T,11223,13703466,150,2037945,10067,269,3
T,11224,13703486,150,2037974,10067,253,3
T,11225,13703506,150,2038004,10067,229,3
T,11226,13703526,150,2038031,10067,343,3
T,11227,13703546,150,2038054,9996,373,3
T,11228,13703566,150,2038076,9996,464,3
T,11229,13703586,150,2038096,9996,349,3
T,11230,13703606,150,2038117,9996,375,3
T,11231,13703626,150,2038140,9996,419,3

[host] drv timeout 2000
drv timeout 2000
timeout 2000 ms, 2000 ms remaining
  any 'drv duty' kicks it; re-issuing this command kicks it too
> T,11232,13703646,150,2038163,7782,302,3
T,11233,13703666,150,2038188,7782,350,3
T,11234,13703686,150,2038214,7782,333,3
T,11235,13703706,150,2038241,7782,268,3
T,11236,13703726,150,2038269,7782,268,3
T,11237,13703746,150,2038298,9496,306,3
T,11238,13703766,150,2038327,9496,254,3
T,11239,13703786,150,2038356,9496,224,3
T,11240,13703806,150,2038385,9496,248,3
T,11241,13703826,150,2038412,9496,283,3
T,11242,13703846,150,2038439,10138,277,3
T,11243,13703866,150,2038467,10138,353,3
T,11244,13703886,150,2038495,10138,262,3
T,11245,13703906,150,2038523,10138,322,3
T,11246,13703926,150,2038551,10138,294,3
T,11247,13703946,150,2038579,9924,262,3
T,11248,13703966,150,2038607,9924,269,3
T,11249,13703986,150,2038636,9924,277,3
T,11250,13704006,150,2038665,9924,217,3
T,11251,13704026,150,2038695,9924,236,3
T,11252,13704046,150,2038724,10424,381,3
T,11253,13704066,150,2038748,10424,395,3
T,11254,13704086,150,2038770,10424,385,3
T,11255,13704106,150,2038792,10424,355,3
T,11256,13704126,150,2038814,10424,400,3

[host] drv timeout 2000
drv timeout 2000
timeout 2000 ms, 2000 ms remaining
  any 'drv duty' kicks it; re-issuing this command kicks it too
> T,11257,13704146,150,2038836,8068,380,3
T,11258,13704166,150,2038860,8068,310,3
T,11259,13704186,150,2038884,8068,297,3
T,11260,13704206,150,2038911,8068,283,3
T,11261,13704226,150,2038937,8068,397,3
T,11262,13704246,150,2038965,9139,252,3
T,11263,13704266,150,2038993,9139,232,3
T,11264,13704286,150,2039022,9139,365,3
T,11265,13704306,150,2039050,9139,231,3
T,11266,13704326,150,2039078,9139,272,3
T,11267,13704346,150,2039105,9996,321,3
T,11268,13704366,150,2039132,9996,302,3
T,11269,13704386,150,2039160,9996,288,3
T,11270,13704406,150,2039188,9996,238,3
T,11271,13704426,150,2039216,9996,288,3
T,11272,13704446,150,2039244,9924,273,3
T,11273,13704466,150,2039273,9924,232,3
T,11274,13704486,150,2039303,9924,248,3
T,11275,13704506,150,2039332,9924,233,3
T,11276,13704526,150,2039362,9924,310,3
T,11277,13704546,150,2039392,10496,209,3
T,11278,13704566,150,2039420,10496,363,3
T,11279,13704586,150,2039443,10496,331,3
T,11280,13704606,150,2039464,10496,412,3
T,11281,13704626,150,2039483,10496,455,3

[host] drv timeout 2000
drv timeout 2000
timeout 2000 ms, 2000 ms remaining
  any 'drv duty' kicks it; re-issuing this command kicks it too
> T,11282,13704646,150,2039503,8068,504,3
T,11283,13704666,150,2039523,8068,397,3
T,11284,13704686,150,2039545,8068,369,3
T,11285,13704706,150,2039569,8068,272,3
T,11286,13704726,150,2039594,8068,295,3
T,11287,13704746,150,2039621,8353,348,3
T,11288,13704766,150,2039648,8353,252,3
T,11289,13704786,150,2039676,8353,291,3
T,11290,13704806,150,2039704,8353,406,3
T,11291,13704826,150,2039732,8353,258,3
T,11292,13704846,150,2039760,9853,257,3
T,11293,13704866,150,2039787,9853,280,3
T,11294,13704886,150,2039814,9853,326,3
T,11295,13704906,150,2039840,9853,281,3
T,11296,13704926,150,2039868,9853,278,3
T,11297,13704946,150,2039895,9710,327,3
T,11298,13704966,150,2039923,9710,248,3
T,11299,13704986,150,2039952,9710,246,3
T,11300,13705006,150,2039983,9710,284,3
T,11301,13705026,150,2040013,9710,263,3
T,11302,13705046,150,2040044,10567,247,3
T,11303,13705066,150,2040073,10567,226,3
T,11304,13705086,150,2040101,10567,245,3
T,11305,13705106,150,2040128,10567,345,3
T,11306,13705126,150,2040149,10567,405,3

[host] drv timeout 2000
drv timeout 2000
timeout 2000 ms, 2000 ms remaining
  any 'drv duty' kicks it; re-issuing this command kicks it too
> T,11307,13705146,150,2040168,9067,433,3
T,11308,13705166,150,2040187,9067,396,3
T,11309,13705186,150,2040207,9067,512,3
T,11310,13705206,150,2040228,9067,350,3
T,11311,13705226,150,2040251,9067,332,3
T,11312,13705246,150,2040275,7568,302,3
T,11313,13705266,150,2040300,7568,315,3
T,11314,13705286,150,2040325,7568,359,3
T,11315,13705306,150,2040352,7568,267,3
T,11316,13705326,150,2040380,7568,277,3
T,11317,13705346,150,2040408,9353,342,3
T,11318,13705366,150,2040436,9353,236,3
T,11319,13705386,150,2040465,9353,209,3
T,11320,13705406,150,2040494,9353,365,3
T,11321,13705426,150,2040521,9353,259,3
T,11322,13705446,150,2040547,9996,302,3
T,11323,13705466,150,2040573,9996,278,3
T,11324,13705486,150,2040600,9996,396,3
T,11325,13705506,150,2040629,9996,225,3
T,11326,13705526,150,2040658,9996,222,3
T,11327,13705546,150,2040688,9996,235,3
T,11328,13705566,150,2040718,9996,288,3
T,11329,13705586,150,2040747,9996,268,3
T,11330,13705606,150,2040773,9996,317,3
T,11331,13705626,150,2040801,9996,254,3

[host] drv timeout 2000
drv timeout 2000
timeout 2000 ms, 2000 ms remaining
  any 'drv duty' kicks it; re-issuing this command kicks it too
> T,11332,13705646,150,2040827,10067,368,3
T,11333,13705666,150,2040847,10067,530,3
T,11334,13705686,150,2040867,10067,395,3
T,11335,13705706,150,2040886,10067,414,3
T,11336,13705726,150,2040906,10067,341,3
T,11337,13705746,150,2040927,7140,395,3
T,11338,13705766,150,2040949,7140,300,3
T,11339,13705786,150,2040973,7140,321,3
T,11340,13705806,150,2040997,7140,299,3
T,11341,13705826,150,2041024,7140,265,3
T,11342,13705846,150,2041050,8710,353,3
T,11343,13705866,150,2041077,8710,274,3
T,11344,13705886,150,2041104,8710,257,3
T,11345,13705906,150,2041131,8710,278,3
T,11346,13705926,150,2041159,8710,300,3
T,11347,13705946,150,2041187,9710,281,3
T,11348,13705966,150,2041214,9710,263,3
T,11349,13705986,150,2041241,9710,412,3
T,11350,13706006,150,2041269,9710,249,3
T,11351,13706026,150,2041297,9710,225,3
T,11352,13706046,150,2041326,9924,326,3
T,11353,13706066,150,2041356,9924,180,3
T,11354,13706086,150,2041386,9924,184,3
T,11355,13706106,150,2041417,9924,178,3
T,11356,13706126,150,2041447,9924,242,3

[host] drv timeout 2000
drT,11357,13706146,150,2041476,10781,342,3
v timeout 2000
timeout 2000 ms, 2000 ms remaining
  any 'drv duty' kicks it; re-issuing this command kicks it too
> T,11358,13706166,150,2041504,10781,256,3
T,11359,13706186,150,2041531,10781,398,3
T,11360,13706206,150,2041553,10781,369,3
T,11361,13706226,150,2041574,10781,407,3
T,11362,13706246,150,2041595,8639,382,3
T,11363,13706266,150,2041616,8639,369,3
T,11364,13706286,150,2041638,8639,395,3
T,11365,13706306,150,2041661,8639,361,3
T,11366,13706326,150,2041684,8639,322,3
T,11367,13706346,150,2041710,8068,421,3
T,11368,13706366,150,2041736,8068,277,3
T,11369,13706386,150,2041763,8068,294,3
T,11370,13706406,150,2041791,8068,241,3
T,11371,13706426,150,2041820,8068,277,3
T,11372,13706446,150,2041847,9781,285,3
T,11373,13706466,150,2041874,9781,265,3
T,11374,13706486,150,2041901,9781,363,3
T,11375,13706506,150,2041929,9781,252,3
T,11376,13706526,150,2041956,9781,304,3
T,11377,13706546,150,2041983,9639,262,3
T,11378,13706566,150,2042010,9639,333,3
T,11379,13706586,150,2042038,9639,246,3
T,11380,13706606,150,2042067,9639,230,3
T,11381,13706626,150,2042095,9639,290,3

[host] drv timeout 2000
T,11382,13706646,150,2042125,10138,233,3
drv timeout 2000
timeout 2000 ms, 2000 ms remaining
  any 'drv duty' kicks it; re-issuing this command kicks it too
> T,11383,13706666,150,2042154,10138,220,3
T,11384,13706686,150,2042184,10138,220,3
T,11385,13706706,150,2042212,10138,309,3
T,11386,13706726,150,2042236,10138,387,3
T,11387,13706746,150,2042256,9567,402,3
T,11388,13706766,150,2042276,9567,472,3
T,11389,13706786,150,2042295,9567,421,3
T,11390,13706806,150,2042315,9567,349,3
T,11391,13706826,150,2042338,9567,344,3
T,11392,13706846,150,2042362,7497,333,3
T,11393,13706866,150,2042388,7497,309,3
T,11394,13706886,150,2042414,7497,401,3
T,11395,13706906,150,2042441,7497,247,3
T,11396,13706926,150,2042469,7497,263,3
T,11397,13706946,150,2042497,9567,286,3
T,11398,13706966,150,2042526,9567,254,3
T,11399,13706986,150,2042555,9567,264,3
T,11400,13707006,150,2042583,9567,331,3
T,11401,13707026,150,2042610,9567,277,3
T,11402,13707046,150,2042636,9924,293,3
T,11403,13707066,150,2042663,9924,302,3
T,11404,13707086,150,2042690,9924,329,3
T,11405,13707106,150,2042717,9924,263,3
T,11406,13707126,150,2042746,9924,295,3

[host] drv timeout 2000
T,11407,13707146,150,2042775,9853,284,3
drv timeout 2000
timeout 2000 ms, 2000 ms remaining
  any 'drv duty' kicks it; re-issuing this command kicks it too
> T,11408,13707166,150,2042804,9853,200,3
T,11409,13707186,150,2042834,9853,214,3
T,11410,13707206,150,2042864,9853,259,3
T,11411,13707226,150,2042893,9853,269,3
T,11412,13707246,150,2042922,10567,284,3
T,11413,13707266,150,2042947,10567,466,3
T,11414,13707286,150,2042968,10567,531,3
T,11415,13707306,150,2042988,10567,435,3
T,11416,13707326,150,2043008,10567,377,3
T,11417,13707346,150,2043029,7782,400,3
T,11418,13707366,150,2043052,7782,363,3
T,11419,13707386,150,2043075,7782,455,3
T,11420,13707406,150,2043100,7782,337,3
T,11421,13707426,150,2043126,7782,288,3
T,11422,13707446,150,2043153,8710,238,3
T,11423,13707466,150,2043181,8710,333,3
T,11424,13707486,150,2043209,8710,233,3
T,11425,13707506,150,2043237,8710,251,3
T,11426,13707526,150,2043265,8710,294,3
T,11427,13707546,150,2043292,9924,306,3
T,11428,13707566,150,2043319,9924,307,3
T,11429,13707586,150,2043345,9924,267,3
T,11430,13707606,150,2043371,9924,297,3
T,11431,13707626,150,2043397,9924,353,3

[host] drv timeout 2000
T,11432,13707646,150,2043424,9424,281,3
drv timeout 2000
timeout 2000 ms, 2000 ms remaining
  any 'drv duty' kicks it; re-issuing this command kicks it too
> T,11433,13707666,150,2043452,9424,302,3
T,11434,13707686,150,2043480,9424,384,3
T,11435,13707706,150,2043509,9424,217,3
T,11436,13707726,150,2043538,9424,227,3
T,11437,13707746,150,2043567,10138,305,3
T,11438,13707766,150,2043596,10138,235,3
T,11439,13707786,150,2043624,10138,312,3
T,11440,13707806,150,2043648,10138,371,3
T,11441,13707826,150,2043669,10138,424,3
T,11442,13707846,150,2043689,8925,396,3
T,11443,13707866,150,2043709,8925,442,3
T,11444,13707886,150,2043730,8925,348,3
T,11445,13707906,150,2043753,8925,326,3
T,11446,13707926,150,2043776,8925,326,3
T,11447,13707946,150,2043801,7925,423,3
T,11448,13707966,150,2043828,7925,256,3
T,11449,13707986,150,2043855,7925,300,3
T,11450,13708006,150,2043883,7925,253,3
T,11451,13708026,150,2043911,7925,264,3
T,11452,13708046,150,2043939,9781,305,3
T,11453,13708066,150,2043965,9781,283,3
T,11454,13708086,150,2043992,9781,424,3
T,11455,13708106,150,2044017,9781,278,3
T,11456,13708126,150,2044043,9781,277,3
T,11457,13708146,150,2044069,928
[host] drv timeout 2000
2,294,3
drv timeout 2000
timeout 2000 ms, 2000 ms remaining
  any 'drv duty' kicks it; re-issuing this command kicks it too
> T,11458,13708166,150,2044095,9282,275,3
T,11459,13708186,150,2044121,9282,449,3
T,11460,13708206,150,2044147,9282,278,3
T,11461,13708226,150,2044175,9282,322,3
T,11462,13708246,150,2044203,9496,245,3
T,11463,13708266,150,2044231,9496,261,3
T,11464,13708286,150,2044259,9496,291,3
T,11465,13708306,150,2044287,9496,252,3
T,11466,13708326,150,2044314,9496,338,3
T,11467,13708346,150,2044340,9924,278,3
T,11468,13708366,150,2044362,9924,332,3
T,11469,13708386,150,2044383,9924,434,3
T,11470,13708406,150,2044403,9924,395,3
T,11471,13708426,150,2044424,9924,411,3
T,11472,13708446,150,2044446,7568,377,3
T,11473,13708466,150,2044469,7568,326,3
T,11474,13708486,150,2044493,7568,309,3
T,11475,13708506,150,2044519,7568,301,3
T,11476,13708526,150,2044546,7568,328,3
T,11477,13708546,150,2044573,8996,247,3
T,11478,13708566,150,2044602,8996,278,3
T,11479,13708586,150,2044631,8996,283,3
T,11480,13708606,150,2044660,8996,219,3
T,11481,13708626,150,2044689,8996,219,3
T,11482,13708646,150,2044716,102
[host] drv timeout 2000
10,347,3
drv timeout 2000
timeout 2000 ms, 2000 ms remaining
  any 'drv duty' kicks it; re-issuing this command kicks it too
> T,11483,13708666,150,2044742,10210,358,3
T,11484,13708686,150,2044768,10210,295,3
T,11485,13708706,150,2044794,10210,304,3
T,11486,13708726,150,2044821,10210,277,3
T,11487,13708746,150,2044848,9424,281,3
T,11488,13708766,150,2044876,9424,275,3
T,11489,13708786,150,2044904,9424,252,3
T,11490,13708806,150,2044932,9424,348,3
T,11491,13708826,150,2044960,9424,240,3
T,11492,13708846,150,2044988,9996,315,3
T,11493,13708866,150,2045016,9996,358,3
T,11494,13708886,150,2045041,9996,318,3
T,11495,13708906,150,2045062,9996,488,3
T,11496,13708926,150,2045082,9996,530,3
T,11497,13708946,150,2045102,8282,554,3
T,11498,13708966,150,2045123,8282,508,3
T,11499,13708986,150,2045144,8282,539,3
T,11500,13709006,150,2045168,8282,398,3
T,11501,13709026,150,2045193,8282,277,3
T,11502,13709046,150,2045219,8211,317,3
T,11503,13709066,150,2045245,8211,291,3
T,11504,13709086,150,2045273,8211,400,3
T,11505,13709106,150,2045301,8211,249,3
T,11506,13709126,150,2045330,8211,240,3
T,11507,13709146,150,2045359,9924,337,3

[host] drv timeout 2000
drv timeout 2000
timeout 2000 ms, 2000 ms remaining
  any 'drv duty' kicks it; re-issuing this command kicks it too
> T,11508,13709166,150,2045388,9924,256,3
T,11509,13709186,150,2045414,9924,311,3
T,11510,13709206,150,2045441,9924,302,3
T,11511,13709226,150,2045468,9924,295,3
T,11512,13709246,150,2045496,9853,293,3
T,11513,13709266,150,2045525,9853,252,3
T,11514,13709286,150,2045554,9853,235,3
T,11515,13709306,150,2045583,9853,295,3
T,11516,13709326,150,2045613,9853,272,3
T,11517,13709346,150,2045643,10353,188,3
T,11518,13709366,150,2045672,10353,211,3
T,11519,13709386,150,2045703,10353,257,3
T,11520,13709406,150,2045732,10353,323,3
T,11521,13709426,150,2045756,10353,391,3
T,11522,13709446,150,2045779,9924,355,3
T,11523,13709466,150,2045800,9924,405,3
T,11524,13709486,150,2045821,9924,418,3
T,11525,13709506,150,2045844,9924,321,3
T,11526,13709526,150,2045868,9924,358,3
T,11527,13709546,150,2045892,8068,413,3
T,11528,13709566,150,2045919,8068,309,3
T,11529,13709586,150,2045945,8068,317,3
T,11530,13709606,150,2045973,8068,268,3
T,11531,13709626,150,2046002,8068,259,3
T,11532,13709646,150,2046031,9853,254,3

[host] drv timeout 2000
drv timeout 2000
timeout 2000 ms, 2000 ms remaining
  any 'drv duty' kicks it; re-issuing this command kicks it too
> T,11533,13709666,150,2046060,9853,285,3
T,11534,13709686,150,2046090,9853,219,3
T,11535,13709706,150,2046117,9853,279,3
T,11536,13709726,150,2046144,9853,270,3
T,11537,13709746,150,2046171,9996,311,3
T,11538,13709766,150,2046198,9996,263,3
T,11539,13709786,150,2046226,9996,254,3
T,11540,13709806,150,2046255,9996,355,3
T,11541,13709826,150,2046283,9996,242,3
T,11542,13709846,150,2046312,10067,214,3
T,11543,13709866,150,2046342,10067,273,3
T,11544,13709886,150,2046371,10067,270,3
T,11545,13709906,150,2046401,10067,237,3
T,11546,13709926,150,2046429,10067,304,3
T,11547,13709946,150,2046453,10138,355,3
T,11548,13709966,150,2046476,10138,369,3
T,11549,13709986,150,2046497,10138,380,3
T,11550,13710006,150,2046519,10138,364,3
T,11551,13710026,150,2046541,10138,344,3
T,11552,13710046,150,2046565,7925,306,3
T,11553,13710066,150,2046590,7925,295,3
T,11554,13710086,150,2046616,7925,419,3
T,11555,13710106,150,2046643,7925,262,3
T,11556,13710126,150,2046671,7925,279,3
T,11557,13710146,150,2046700,9567,277,3

[host] drv timeout 2000
drv timeout 2000
timeout 2000 ms, 2000 ms remaining
  any 'drv duty' kicks it; re-issuing this command kicks it too
> T,11558,13710166,150,2046729,9567,225,3
T,11559,13710186,150,2046758,9567,252,3
T,11560,13710206,150,2046787,9567,371,3
T,11561,13710226,150,2046813,9567,288,3
T,11562,13710246,150,2046841,10138,275,3
T,11563,13710266,150,2046869,10138,248,3
T,11564,13710286,150,2046897,10138,243,3
T,11565,13710306,150,2046924,10138,274,3
T,11566,13710326,150,2046952,10138,247,3
T,11567,13710346,150,2046981,9924,301,3
T,11568,13710366,150,2047009,9924,216,3
T,11569,13710386,150,2047039,9924,247,3
T,11570,13710406,150,2047068,9924,214,3
T,11571,13710426,150,2047097,9924,259,3
T,11572,13710446,150,2047126,10424,300,3
T,11573,13710466,150,2047150,10424,474,3
T,11574,13710486,150,2047172,10424,470,3
T,11575,13710506,150,2047195,10424,414,3
T,11576,13710526,150,2047216,10424,406,3
T,11577,13710546,150,2047239,8139,413,3
T,11578,13710566,150,2047263,8139,339,3
T,11579,13710586,150,2047288,8139,306,3
T,11580,13710606,150,2047313,8139,270,3
T,11581,13710626,150,2047341,8139,322,3
T,11582,13710646,150,2047369,9139,233,3

[host] drv timeout 2000
drv timeout 2000
timeout 2000 ms, 2000 ms remaining
  any 'drv duty' kicks it; re-issuing this command kicks it too
> T,11583,13710666,150,2047397,9139,256,3
T,11584,13710686,150,2047426,9139,321,3
T,11585,13710706,150,2047456,9139,245,3
T,11586,13710726,150,2047484,9139,279,3
T,11587,13710746,150,2047513,10281,398,3
T,11588,13710766,150,2047541,10281,245,3
T,11589,13710786,150,2047569,10281,225,3
T,11590,13710806,150,2047597,10281,349,3
T,11591,13710826,150,2047626,10281,209,3
T,11592,13710846,150,2047656,10210,225,3
T,11593,13710866,150,2047685,10210,279,3
T,11594,13710886,150,2047715,10210,245,3
T,11595,13710906,150,2047744,10210,224,3
T,11596,13710926,150,2047774,10210,204,3
T,11597,13710946,150,2047804,10567,293,3
T,11598,13710966,150,2047830,10567,358,3
T,11599,13710986,150,2047852,10567,408,3
T,11600,13711006,150,2047871,10567,419,3
T,11601,13711026,150,2047889,10567,413,3
T,11602,13711046,150,2047908,7711,381,3
T,11603,13711066,150,2047929,7711,361,3
T,11604,13711086,150,2047952,7711,333,3
T,11605,13711106,150,2047976,7711,300,3
T,11606,13711126,150,2048002,7711,365,3
T,11607,13711146,150,2048029,8425,286,3

[host] drv timeout 2000
drv timeout 2000
timeout 2000 ms, 2000 ms remaining
  any 'drv duty' kicks it; re-issuing this command kicks it too
> T,11608,13711166,150,2048056,8425,301,3
T,11609,13711186,150,2048084,8425,258,3
T,11610,13711206,150,2048112,8425,278,3
T,11611,13711226,150,2048140,8425,252,3
T,11612,13711246,150,2048168,9924,274,3
T,11613,13711266,150,2048196,9924,398,3
T,11614,13711286,150,2048222,9924,316,3
T,11615,13711306,150,2048249,9924,285,3
T,11616,13711326,150,2048276,9924,277,3
T,11617,13711346,150,2048304,9710,251,3
T,11618,13711366,150,2048333,9710,278,3
T,11619,13711386,150,2048363,9710,209,3
T,11620,13711406,150,2048393,9710,162,3
T,11621,13711426,150,2048424,9710,212,3
T,11622,13711446,150,2048454,10638,277,3
T,11623,13711466,150,2048483,10638,297,3
T,11624,13711486,150,2048511,10638,273,3
T,11625,13711506,150,2048535,10638,419,3
T,11626,13711526,150,2048555,10638,397,3
T,11627,13711546,150,2048573,8782,403,3
T,11628,13711566,150,2048592,8782,425,3
T,11629,13711586,150,2048613,8782,401,3
T,11630,13711606,150,2048634,8782,322,3
T,11631,13711626,150,2048657,8782,339,3
T,11632,13711646,150,2048681,7568,332,3

[host] drv timeout 2000
drv timeout 2000
timeout 2000 ms, 2000 ms remaining
  any 'drv duty' kicks it; re-issuing this command kicks it too
> T,11633,13711666,150,2048707,7568,391,3
T,11634,13711686,150,2048733,7568,313,3
T,11635,13711706,150,2048760,7568,262,3
T,11636,13711726,150,2048788,7568,262,3
T,11637,13711746,150,2048816,9567,249,3
T,11638,13711766,150,2048845,9567,252,3
T,11639,13711786,150,2048874,9567,232,3
T,11640,13711806,150,2048904,9567,249,3
T,11641,13711826,150,2048931,9567,320,3
T,11642,13711846,150,2048958,10138,265,3
T,11643,13711866,150,2048984,10138,417,3
T,11644,13711886,150,2049012,10138,219,3
T,11645,13711906,150,2049042,10138,198,3
T,11646,13711926,150,2049072,10138,220,3
T,11647,13711946,150,2049103,10281,256,3
T,11648,13711966,150,2049132,10281,285,3
T,11649,13711986,150,2049160,10281,270,3
T,11650,13712006,150,2049187,10281,300,3
T,11651,13712026,150,2049214,10281,278,3
T,11652,13712046,150,2049238,9853,406,3
T,11653,13712066,150,2049258,9853,449,3
T,11654,13712086,150,2049278,9853,412,3
T,11655,13712106,150,2049298,9853,406,3
T,11656,13712126,150,2049319,9853,425,3
T,11657,13712146,150,2049340,7211,364,3

[host] drv timeout 2000
drv timeout 2000
timeout 2000 ms, 2000 ms remaining
  any 'drv duty' kicks it; re-issuing this command kicks it too
> T,11658,13712166,150,2049364,7211,321,3
T,11659,13712186,150,2049388,7211,347,3
T,11660,13712206,150,2049415,7211,325,3
T,11661,13712226,150,2049441,7211,279,3
T,11662,13712246,150,2049469,9067,274,3
T,11663,13712266,150,2049496,9067,396,3
T,11664,13712286,150,2049525,9067,256,3
T,11665,13712306,150,2049553,9067,231,3
T,11666,13712326,150,2049581,9067,344,3
T,11667,13712346,150,2049609,10067,246,3
T,11668,13712366,150,2049636,10067,262,3
T,11669,13712386,150,2049664,10067,268,3
T,11670,13712406,150,2049693,10067,263,3
T,11671,13712426,150,2049722,10067,279,3
T,11672,13712446,150,2049752,10138,321,3
T,11673,13712466,150,2049782,10138,227,3
T,11674,13712486,150,2049813,10138,199,3
T,11675,13712506,150,2049843,10138,237,3
T,11676,13712526,150,2049871,10138,289,3
T,11677,13712546,150,2049899,10567,254,3
T,11678,13712566,150,2049926,10567,406,3
T,11679,13712586,150,2049948,10567,425,3
T,11680,13712606,150,2049968,10567,472,3
T,11681,13712626,150,2049988,10567,574,3
T,11682,13712646,150,2050009,7996,576,3

[host] drv timeout 2000
drv timeout 2000
timeout 2000 ms, 2000 ms remaining
  any 'drv duty' kicks it; re-issuing this command kicks it too
> T,11683,13712666,150,2050030,7996,515,3
T,11684,13712686,150,2050052,7996,494,3
T,11685,13712706,150,2050076,7996,374,3
T,11686,13712726,150,2050100,7996,321,3
T,11687,13712746,150,2050125,8139,331,3
T,11688,13712766,150,2050152,8139,264,3
T,11689,13712786,150,2050180,8139,370,3
T,11690,13712806,150,2050208,8139,254,3
T,11691,13712826,150,2050236,8139,272,3
T,11692,13712846,150,2050264,9924,384,3
T,11693,13712866,150,2050291,9924,261,3
T,11694,13712886,150,2050319,9924,317,3
T,11695,13712906,150,2050347,9924,254,3
T,11696,13712926,150,2050374,9924,312,3
T,11697,13712946,150,2050402,9781,248,3
T,11698,13712966,150,2050430,9781,236,3
T,11699,13712986,150,2050459,9781,248,3
T,11700,13713006,150,2050488,9781,278,3
T,11701,13713026,150,2050517,9781,245,3
T,11702,13713046,150,2050547,10424,222,3
T,11703,13713066,150,2050577,10424,222,3
T,11704,13713086,150,2050606,10424,374,3
T,11705,13713106,150,2050632,10424,412,3
T,11706,13713126,150,2050652,10424,433,3
T,11707,13713146,150,2050672,9067,515,3

[host] drv timeout 2000
drv timeout 2000
timeout 2000 ms, 2000 ms remaining
  any 'drv duty' kicks it; re-issuing this command kicks it too
> T,11708,13713166,150,2050691,9067,525,3
T,11709,13713186,150,2050710,9067,418,3
T,11710,13713206,150,2050732,9067,389,3
T,11711,13713226,150,2050756,9067,474,3
T,11712,13713246,150,2050780,7639,349,3
T,11713,13713266,150,2050805,7639,305,3
T,11714,13713286,150,2050832,7639,252,3
T,11715,13713306,150,2050860,7639,274,3
T,11716,13713326,150,2050888,7639,251,3
T,11717,13713346,150,2050916,9639,248,3
T,11718,13713366,150,2050945,9639,283,3
T,11719,13713386,150,2050974,9639,277,3
T,11720,13713406,150,2051001,9639,309,3
T,11721,13713426,150,2051028,9639,280,3
T,11722,13713446,150,2051055,9924,384,3
T,11723,13713466,150,2051082,9924,221,3
T,11724,13713486,150,2051110,9924,264,3
T,11725,13713506,150,2051139,9924,336,3
T,11726,13713526,150,2051168,9924,205,3
T,11727,13713546,150,2051197,10067,232,3
T,11728,13713566,150,2051227,10067,241,3
T,11729,13713586,150,2051257,10067,262,3
T,11730,13713606,150,2051287,10067,302,3
T,11731,13713626,150,2051316,10067,252,3
T,11732,13713646,150,2051341,10496,397,3

[host] drv timeout 2000
drv timeout 2000
timeout 2000 ms, 2000 ms remaining
  any 'drv duty' kicks it; re-issuing this command kicks it too
> T,11733,13713666,150,2051363,10496,397,3
T,11734,13713686,150,2051382,10496,407,3
T,11735,13713706,150,2051401,10496,354,3
T,11736,13713726,150,2051422,10496,402,3
T,11737,13713746,150,2051444,7354,345,3
T,11738,13713766,150,2051468,7354,363,3
T,11739,13713786,150,2051492,7354,318,3
T,11740,13713806,150,2051517,7354,307,3
T,11741,13713826,150,2051544,7354,418,3
T,11742,13713846,150,2051571,8925,283,3
T,11743,13713866,150,2051599,8925,323,3
T,11744,13713886,150,2051627,8925,251,3
T,11745,13713906,150,2051654,8925,323,3
T,11746,13713926,150,2051681,8925,270,3
T,11747,13713946,150,2051707,9781,347,3
T,11748,13713966,150,2051733,9781,289,3
T,11749,13713986,150,2051758,9781,422,3
T,11750,13714006,150,2051784,9781,297,3
T,11751,13714026,150,2051810,9781,306,3
T,11752,13714046,150,2051837,9210,297,3
T,11753,13714066,150,2051865,9210,395,3
T,11754,13714086,150,2051893,9210,227,3
T,11755,13714106,150,2051921,9210,245,3
T,11756,13714126,150,2051951,9210,341,3
T,11757,13714146,150,2051980,10138,217,3

[host] drv timeout 2000
drv timeout 2000
timeout 2000 ms, 2000 ms remaining
  any 'drv duty' kicks it; re-issuing this command kicks it too
> T,11758,13714166,150,2052009,10138,236,3
T,11759,13714186,150,2052035,10138,464,3
T,11760,13714206,150,2052056,10138,558,3
T,11761,13714226,150,2052076,10138,471,3
T,11762,13714246,150,2052096,8496,414,3
T,11763,13714266,150,2052117,8496,379,3
T,11764,13714286,150,2052139,8496,353,3
T,11765,13714306,150,2052162,8496,406,3
T,11766,13714326,150,2052186,8496,396,3
T,11767,13714346,150,2052212,8139,291,3
T,11768,13714366,150,2052238,8139,327,3
T,11769,13714386,150,2052265,8139,252,3
T,11770,13714406,150,2052293,8139,297,3
T,11771,13714426,150,2052322,8139,272,3
T,11772,13714446,150,2052349,9781,296,3
T,11773,13714466,150,2052376,9781,414,3
T,11774,13714486,150,2052402,9781,265,3
T,11775,13714506,150,2052428,9781,297,3
T,11776,13714526,150,2052454,9781,309,3
T,11777,13714546,150,2052481,9424,304,3
T,11778,13714566,150,2052507,9424,305,3
T,11779,13714586,150,2052535,9424,265,3
T,11780,13714606,150,2052562,9424,242,3
T,11781,13714626,150,2052591,9424,349,3
T,11782,13714646,150,2052619,9853,209,3

[host] drv timeout 2000
drv timeout 2000
timeout 2000 ms, 2000 ms remaining
  any 'drv duty' kicks it; re-issuing this command kicks it too
> T,11783,13714666,150,2052648,9853,245,3
T,11784,13714686,150,2052676,9853,368,3
T,11785,13714706,150,2052703,9853,249,3
T,11786,13714726,150,2052731,9853,312,3
T,11787,13714746,150,2052755,9781,361,3
T,11788,13714766,150,2052777,9781,347,3
T,11789,13714786,150,2052798,9781,392,3
T,11790,13714806,150,2052820,9781,360,3
T,11791,13714826,150,2052842,9781,361,3
T,11792,13714846,150,2052865,7854,368,3
T,11793,13714866,150,2052890,7854,386,3
T,11794,13714886,150,2052916,7854,270,3
T,11795,13714906,150,2052943,7854,315,3
T,11796,13714926,150,2052971,7854,259,3
T,11797,13714946,150,2052999,9496,249,3
T,11798,13714966,150,2053028,9496,264,3
T,11799,13714986,150,2053057,9496,272,3
T,11800,13715006,150,2053087,9496,231,3
T,11801,13715026,150,2053116,9496,277,3
T,11802,13715046,150,2053144,10353,386,3
T,11803,13715066,150,2053169,10353,278,3
T,11804,13715086,150,2053196,10353,279,3
T,11805,13715106,150,2053222,10353,296,3
T,11806,13715126,150,2053249,10353,283,3
T,11807,13715146,150,2053277,9424,226,3

[host] drv timeout 2000
drv timeout 2000
timeout 2000 ms, 2000 ms remaining
  any 'drv duty' kicks it; re-issuing this command kicks it too
> T,11808,13715166,150,2053305,9424,280,3
T,11809,13715186,150,2053334,9424,267,3
T,11810,13715206,150,2053363,9424,253,3
T,11811,13715226,150,2053391,9424,302,3
T,11812,13715246,150,2053418,10138,288,3
T,11813,13715266,150,2053443,10138,482,3
T,11814,13715286,150,2053464,10138,518,3
T,11815,13715306,150,2053484,10138,435,3
T,11816,13715326,150,2053504,10138,419,3
T,11817,13715346,150,2053525,7782,386,3
T,11818,13715366,150,2053547,7782,359,3
T,11819,13715386,150,2053571,7782,434,3
T,11820,13715406,150,2053596,7782,328,3
T,11821,13715426,150,2053623,7782,315,3
T,11822,13715446,150,2053650,8710,264,3
T,11823,13715466,150,2053678,8710,359,3
T,11824,13715486,150,2053706,8710,208,3
T,11825,13715506,150,2053736,8710,237,3
T,11826,13715526,150,2053765,8710,312,3
T,11827,13715546,150,2053793,10281,254,3
T,11828,13715566,150,2053820,10281,313,3
T,11829,13715586,150,2053848,10281,371,3
T,11830,13715606,150,2053876,10281,274,3
T,11831,13715626,150,2053904,10281,230,3
T,11832,13715646,150,2053933,9924,311,3

[host] drv timeout 2000
drv timeT,11833,13715666,150,2053962,9924,201,3
out 2000
timeout 2000 ms, 2000 ms remaining
  any 'drv duty' kicks it; re-issuing this command kicks it too
> T,11834,13715686,150,2053992,9924,219,3
T,11835,13715706,150,2054021,9924,272,3
T,11836,13715726,150,2054051,9924,262,3
T,11837,13715746,150,2054081,10567,238,3
T,11838,13715766,150,2054111,10567,230,3
T,11839,13715786,150,2054138,10567,363,3
T,11840,13715806,150,2054161,10567,373,3
T,11841,13715826,150,2054184,10567,371,3
T,11842,13715846,150,2054206,9067,421,3
T,11843,13715866,150,2054228,9067,360,3
T,11844,13715886,150,2054252,9067,375,3
T,11845,13715906,150,2054277,9067,413,3
T,11846,13715926,150,2054302,9067,290,3
T,11847,13715946,150,2054329,8710,322,3
T,11848,13715966,150,2054357,8710,257,3
T,11849,13715986,150,2054385,8710,261,3
T,11850,13716006,150,2054414,8710,305,3
T,11851,13716026,150,2054444,8710,258,3
T,11852,13716046,150,2054473,10210,217,3
T,11853,13716066,150,2054502,10210,280,3
T,11854,13716086,150,2054530,10210,334,3
T,11855,13716106,150,2054557,10210,246,3
T,11856,13716126,150,2054586,10210,291,3
T,11857,13716146,150,2054615,10138,295,3

[host] drv timeout 2000
T,11858,13716166,150,2054644,10138,226,3
drv timeout 2000
timeout 2000 ms, 2000 ms remaining
  any 'drv duty' kicks it; re-issuing this command kicks it too
> T,11859,13716186,150,2054673,10138,247,3
T,11860,13716206,150,2054703,10138,321,3
T,11861,13716226,150,2054732,10138,238,3
T,11862,13716246,150,2054762,10496,216,3
T,11863,13716266,150,2054792,10496,215,3
T,11864,13716286,150,2054821,10496,267,3
T,11865,13716306,150,2054846,10496,389,3
T,11866,13716326,150,2054868,10496,365,3
T,11867,13716346,150,2054890,9353,429,3
T,11868,13716366,150,2054912,9353,416,3
T,11869,13716386,150,2054933,9353,359,3
T,11870,13716406,150,2054957,9353,417,3
T,11871,13716426,150,2054982,9353,354,3
T,11872,13716446,150,2055008,8282,293,3
T,11873,13716466,150,2055036,8282,317,3
T,11874,13716486,150,2055064,8282,382,3
T,11875,13716506,150,2055093,8282,237,3
T,11876,13716526,150,2055122,8282,224,3
T,11877,13716546,150,2055152,10210,286,3
T,11878,13716566,150,2055180,10210,264,3
T,11879,13716586,150,2055208,10210,265,3
T,11880,13716606,150,2055235,10210,361,3
T,11881,13716626,150,2055262,10210,259,3
T,11882,13716646,150,2055290,9924,296,3

[host] drv timeout 2000
T,11883,13716666,150,2055318,9924,284,3
drv timeout 2000
timeout 2000 ms, 2000 ms remaining
  any 'drv duty' kicks it; re-issuing this command kicks it too
> T,11884,13716686,150,2055346,9924,270,3
T,11885,13716706,150,2055375,9924,285,3
T,11886,13716726,150,2055404,9924,256,3
T,11887,13716746,150,2055433,10210,211,3
T,11888,13716766,150,2055463,10210,216,3
T,11889,13716786,150,2055493,10210,284,3
T,11890,13716806,150,2055522,10210,280,3
T,11891,13716826,150,2055547,10210,381,3
T,11892,13716846,150,2055569,9853,343,3
T,11893,13716866,150,2055592,9853,412,3
T,11894,13716886,150,2055613,9853,446,3
T,11895,13716906,150,2055635,9853,338,3
T,11896,13716926,150,2055659,9853,329,3
T,11897,13716946,150,2055684,8068,411,3
T,11898,13716966,150,2055711,8068,279,3
T,11899,13716986,150,2055738,8068,315,3
T,11900,13717006,150,2055766,8068,278,3
T,11901,13717026,150,2055795,8068,257,3
T,11902,13717046,150,2055824,9924,233,3
T,11903,13717066,150,2055853,9924,318,3
T,11904,13717086,150,2055881,9924,226,3
T,11905,13717106,150,2055910,9924,270,3
T,11906,13717126,150,2055938,9924,334,3
T,11907,13717146,150,2055967,10210,245,3

[host] drv timeout 2000
T,11908,13717166,150,2055996,10210,295,3
drv timeout 2000
timeout 2000 ms, 2000 ms remaining
  any 'drv duty' kicks it; re-issuing this command kicks it too
> T,11909,13717186,150,2056024,10210,365,3
T,11910,13717206,150,2056054,10210,238,3
T,11911,13717226,150,2056084,10210,231,3
T,11912,13717246,150,2056113,10424,224,3
T,11913,13717266,150,2056144,10424,251,3
T,11914,13717286,150,2056174,10424,312,3
T,11915,13717306,150,2056204,10424,222,3
T,11916,13717326,150,2056230,10424,345,3
T,11917,13717346,150,2056252,10138,423,3
T,11918,13717366,150,2056273,10138,393,3
T,11919,13717386,150,2056292,10138,422,3
T,11920,13717406,150,2056312,10138,446,3
T,11921,13717426,150,2056334,10138,427,3
T,11922,13717446,150,2056357,7425,322,3
T,11923,13717466,150,2056381,7425,323,3
T,11924,13717486,150,2056408,7425,403,3
T,11925,13717506,150,2056435,7425,277,3
T,11926,13717526,150,2056463,7425,268,3
T,11927,13717546,150,2056492,9496,275,3
T,11928,13717566,150,2056520,9496,253,3
T,11929,13717586,150,2056548,9496,259,3
T,11930,13717606,150,2056576,9496,293,3
T,11931,13717626,150,2056604,9496,290,3
T,11932,13717646,150,2056631,9996,295,3

[host] drv timeout 2000
T,11933,13717666,150,2056658,9996,263,3
drv timeout 2000
timeout 2000 ms, 2000 ms remaining
  any 'drv duty' kicks it; re-issuing this command kicks it too
> T,11934,13717686,150,2056685,9996,354,3
T,11935,13717706,150,2056713,9996,238,3
T,11936,13717726,150,2056742,9996,236,3
T,11937,13717746,150,2056772,9996,297,3
T,11938,13717766,150,2056802,9996,224,3
T,11939,13717786,150,2056832,9996,222,3
T,11940,13717806,150,2056862,9996,235,3
T,11941,13717826,150,2056890,9996,302,3
T,11942,13717846,150,2056917,10424,300,3
T,11943,13717866,150,2056939,10424,423,3
T,11944,13717886,150,2056957,10424,488,3
T,11945,13717906,150,2056975,10424,560,3
T,11946,13717926,150,2056993,10424,429,3
T,11947,13717946,150,2057013,6997,332,3
T,11948,13717966,150,2057035,6997,294,3
T,11949,13717986,150,2057057,6997,349,3
T,11950,13718006,150,2057081,6997,316,3
T,11951,13718026,150,2057106,6997,252,3
T,11952,13718046,150,2057132,8353,299,3
T,11953,13718066,150,2057157,8353,320,3
T,11954,13718086,150,2057184,8353,242,3
T,11955,13718106,150,2057212,8353,270,3
T,11956,13718126,150,2057239,8353,305,3
T,11957,13718146,150,2057267,9567,272,3
T,11958,13718166,150,2057293,956
[host] drv timeout 2000
7,309,3
drv timeout 2000
timeout 2000 ms, 2000 ms remaining
  any 'drv duty' kicks it; re-issuing this command kicks it too
> T,11959,13718186,150,2057319,9567,309,3
T,11960,13718206,150,2057344,9567,288,3
T,11961,13718226,150,2057370,9567,353,3
T,11962,13718246,150,2057396,9282,144,3
T,11963,13718266,150,2057424,9282,230,3
T,11964,13718286,150,2057452,9282,269,3
T,11965,13718306,150,2057482,9282,160,3
T,11966,13718326,150,2057511,9282,176,3
T,11967,13718346,150,2057540,10210,334,3
T,11968,13718366,150,2057567,10210,237,3
T,11969,13718386,150,2057593,10210,309,3
T,11970,13718406,150,2057619,10210,270,3
T,11971,13718426,150,2057640,10210,393,3
T,11972,13718446,150,2057659,8710,421,3
T,11973,13718466,150,2057677,8710,470,3
T,11974,13718486,150,2057696,8710,401,3
T,11975,13718506,150,2057715,8710,411,3
T,11976,13718526,150,2057735,8710,428,3
T,11977,13718546,150,2057757,6925,341,3
T,11978,13718566,150,2057780,6925,325,3
T,11979,13718586,150,2057804,6925,333,3
T,11980,13718606,150,2057829,6925,284,3
T,11981,13718626,150,2057856,6925,290,3
T,11982,13718646,150,2057882,8853,307,3
T,11983,13718666,150,2057909,8853,249,3

[host] drv timeout 2000
drv timeout 2000
timeout 2000 ms, 2000 ms remaining
  any 'drv duty' kicks it; re-issuing this command kicks it too
> T,11984,13718686,150,2057937,8853,226,3
T,11985,13718706,150,2057964,8853,317,3
T,11986,13718726,150,2057992,8853,241,3
T,11987,13718746,150,2058019,9781,294,3
T,11988,13718766,150,2058047,9781,252,3
T,11989,13718786,150,2058075,9781,278,3
T,11990,13718806,150,2058103,9781,259,3
T,11991,13718826,150,2058132,9781,158,3
T,11992,13718846,150,2058162,10138,204,3
T,11993,13718866,150,2058192,10138,173,3
T,11994,13718886,150,2058223,10138,284,3
T,11995,13718906,150,2058252,10138,240,3
T,11996,13718926,150,2058280,10138,227,3
T,11997,13718946,150,2058308,10496,374,3
T,11998,13718966,150,2058333,10496,361,3
T,11999,13718986,150,2058354,10496,409,3
T,12000,13719006,150,2058375,10496,440,3
T,12001,13719026,150,2058396,10496,396,3
T,12002,13719046,150,2058416,7854,416,3
T,12003,13719066,150,2058438,7854,439,3
T,12004,13719086,150,2058460,7854,354,3
T,12005,13719106,150,2058484,7854,345,3
T,12006,13719126,150,2058508,7854,320,3
T,12007,13719146,150,2058533,8282,294,3
T,12008,13719166,150,2058560,8282,285,3

[host] drv timeout 2000
drv timeout 2000
timeout 2000 ms, 2000 ms remaining
  any 'drv duty' kicks it; re-issuing this command kicks it too
> T,12009,13719186,150,2058588,8282,258,3
T,12010,13719206,150,2058616,8282,274,3
T,12011,13719226,150,2058644,8282,243,3
T,12012,13719246,150,2058671,9781,377,3
T,12013,13719266,150,2058698,9781,225,3
T,12014,13719286,150,2058726,9781,289,3
T,12015,13719306,150,2058752,9781,299,3
T,12016,13719326,150,2058779,9781,280,3
T,12017,13719346,150,2058807,9639,285,3
T,12018,13719366,150,2058835,9639,231,3
T,12019,13719386,150,2058863,9639,312,3
T,12020,13719406,150,2058892,9639,227,3
T,12021,13719426,150,2058921,9639,219,3
T,12022,13719446,150,2058950,10210,269,3
T,12023,13719466,150,2058980,10210,241,3
T,12024,13719486,150,2059008,10210,281,3
T,12025,13719506,150,2059033,10210,523,3
T,12026,13719526,150,2059053,10210,518,3
T,12027,13719546,150,2059071,8925,456,3
T,12028,13719566,150,2059089,8925,350,3
T,12029,13719586,150,2059109,8925,374,3
T,12030,13719606,150,2059131,8925,348,3
T,12031,13719626,150,2059153,8925,279,3
T,12032,13719646,150,2059178,7497,339,3
T,12033,13719666,150,2059203,7497,428,3

[host] drv timeout 2000
drv timeout 2000
timeout 2000 ms, 2000 ms remaining
  any 'drv duty' kicks it; re-issuing this command kicks it too
> T,12034,13719686,150,2059229,7497,293,3
T,12035,13719706,150,2059256,7497,318,3
T,12036,13719726,150,2059283,7497,238,3
T,12037,13719746,150,2059311,9353,358,3
T,12038,13719766,150,2059339,9353,258,3
T,12039,13719786,150,2059368,9353,229,3
T,12040,13719806,150,2059396,9353,398,3
T,12041,13719826,150,2059422,9353,278,3
T,12042,13719846,150,2059449,9924,280,3
T,12043,13719866,150,2059476,9924,248,3
T,12044,13719886,150,2059503,9924,353,3
T,12045,13719906,150,2059532,9924,241,3
T,12046,13719926,150,2059560,9924,216,3
T,12047,13719946,150,2059590,9996,261,3
T,12048,13719966,150,2059620,9996,233,3
T,12049,13719986,150,2059650,9996,280,3
T,12050,13720006,150,2059680,9996,189,3
T,12051,13720026,150,2059708,9996,304,3
T,12052,13720046,150,2059736,10496,398,3
T,12053,13720066,150,2059759,10496,504,3
T,12054,13720086,150,2059778,10496,509,3
T,12055,13720106,150,2059798,10496,413,3
T,12056,13720126,150,2059819,10496,392,3
T,12057,13720146,150,2059841,7639,409,3
T,12058,13720166,150,2059864,7639,467,3

[host] drv timeout 2000
drv timeout 2000
timeout 2000 ms, 2000 ms remaining
  any 'drv duty' kicks it; re-issuing this command kicks it too
> T,12059,13720186,150,2059888,7639,405,3
T,12060,13720206,150,2059913,7639,273,3
T,12061,13720226,150,2059939,7639,317,3
T,12062,13720246,150,2059967,8782,267,3
T,12063,13720266,150,2059995,8782,288,3
T,12064,13720286,150,2060023,8782,290,3
T,12065,13720306,150,2060051,8782,233,3
T,12066,13720326,150,2060078,8782,391,3
T,12067,13720346,150,2060105,9924,254,3
T,12068,13720366,150,2060131,9924,334,3
T,12069,13720386,150,2060157,9924,313,3
T,12070,13720406,150,2060184,9924,389,3
T,12071,13720426,150,2060210,9924,299,3
T,12072,13720446,150,2060237,9353,293,3
T,12073,13720466,150,2060264,9353,232,3
T,12074,13720486,150,2060292,9353,313,3
T,12075,13720506,150,2060321,9353,227,3
T,12076,13720526,150,2060350,9353,253,3
T,12077,13720546,150,2060379,10138,253,3
T,12078,13720566,150,2060407,10138,306,3
T,12079,13720586,150,2060434,10138,280,3
T,12080,13720606,150,2060456,10138,423,3
T,12081,13720626,150,2060475,10138,424,3
T,12082,13720646,150,2060495,8425,531,3
T,12083,13720666,150,2060515,8425,422,3

[host] drv timeout 2000
drv timeout 2000
timeout 2000 ms, 2000 ms remaining
  any 'drv duty' kicks it; re-issuing this command kicks it too
> T,12084,13720686,150,2060536,8425,458,3
T,12085,13720706,150,2060558,8425,424,3
T,12086,13720726,150,2060581,8425,331,3
T,12087,13720746,150,2060606,7854,323,3
T,12088,13720766,150,2060632,7854,411,3
T,12089,13720786,150,2060659,7854,291,3
T,12090,13720806,150,2060686,7854,331,3
T,12091,13720826,150,2060713,7854,267,3
T,12092,13720846,150,2060740,9567,402,3
T,12093,13720866,150,2060766,9567,299,3
T,12094,13720886,150,2060792,9567,358,3
T,12095,13720906,150,2060816,9567,279,3
T,12096,13720926,150,2060842,9567,321,3
T,12097,13720946,150,2060868,9139,435,3
T,12098,13720966,150,2060894,9139,275,3
T,12099,13720986,150,2060920,9139,347,3
T,12100,13721006,150,2060947,9139,235,3
T,12101,13721026,150,2060975,9139,322,3
T,12102,13721046,150,2061003,9639,224,3
T,12103,13721066,150,2061032,9639,225,3
T,12104,13721086,150,2061060,9639,374,3
T,12105,13721106,150,2061087,9639,233,3
T,12106,13721126,150,2061115,9639,321,3
T,12107,13721146,150,2061141,9853,305,3
T,12108,13721166,150,2061164,9853,379,3

[host] drv timeout 2000
drv timeout 2000
timeout 2000 ms, 2000 ms remaining
  any 'drv duty' kicks it; re-issuing this command kicks it too
> T,12109,13721186,150,2061185,9853,407,3
T,12110,13721206,150,2061206,9853,395,3
T,12111,13721226,150,2061228,9853,417,3
T,12112,13721246,150,2061252,7925,474,3
T,12113,13721266,150,2061276,7925,334,3
T,12114,13721286,150,2061301,7925,291,3
T,12115,13721306,150,2061328,7925,270,3
T,12116,13721326,150,2061356,7925,275,3
T,12117,13721346,150,2061384,9353,227,3
T,12118,13721366,150,2061412,9353,247,3
T,12119,13721386,150,2061441,9353,290,3
T,12120,13721406,150,2061471,9353,220,3
T,12121,13721426,150,2061500,9353,288,3
T,12122,13721446,150,2061528,10353,423,3
T,12123,13721466,150,2061556,10353,290,3
T,12124,13721486,150,2061582,10353,353,3
T,12125,13721506,150,2061609,10353,268,3
T,12126,13721526,150,2061636,10353,364,3
T,12127,13721546,150,2061664,9710,227,3
T,12128,13721566,150,2061692,9710,305,3
T,12129,13721586,150,2061720,9710,384,3
T,12130,13721606,150,2061749,9710,231,3
T,12131,13721626,150,2061779,9710,200,3
T,12132,13721646,150,2061807,10210,336,3
T,12133,13721666,150,2061834,10210,243,3

[host] drv timeout 2000
drv timeout 2000
timeout 2000 ms, 2000 ms remaining
  any 'drv duty' kicks it; re-issuing this command kicks it too
> T,12134,13721686,150,2061858,10210,386,3
T,12135,13721706,150,2061878,10210,438,3
T,12136,13721726,150,2061899,10210,341,3
T,12137,13721746,150,2061919,8139,403,3
T,12138,13721766,150,2061941,8139,352,3
T,12139,13721786,150,2061964,8139,315,3
T,12140,13721806,150,2061989,8139,297,3
T,12141,13721826,150,2062015,8139,290,3
T,12142,13721846,150,2062042,8639,315,3
T,12143,13721866,150,2062070,8639,269,3
T,12144,13721886,150,2062098,8639,230,3
T,12145,13721906,150,2062127,8639,328,3
T,12146,13721926,150,2062156,8639,240,3
T,12147,13721946,150,2062185,10210,268,3
T,12148,13721966,150,2062212,10210,402,3
T,12149,13721986,150,2062239,10210,268,3
T,12150,13722006,150,2062266,10210,265,3
T,12151,13722026,150,2062293,10210,263,3
T,12152,13722046,150,2062321,9710,258,3
T,12153,13722066,150,2062349,9710,297,3
T,12154,13722086,150,2062378,9710,231,3
T,12155,13722106,150,2062407,9710,264,3
T,12156,13722126,150,2062436,9710,246,3
T,12157,13722146,150,2062466,10281,269,3
T,12158,13722166,150,2062496,10281,189,3

[host] drv timeout 2000
drv timeout 2000
timeout 2000 ms, 2000 ms remaining
  any 'drv duty' kicks it; re-issuing this command kicks it too
> T,12159,13722186,150,2062524,10281,341,3
T,12160,13722206,150,2062549,10281,326,3
T,12161,13722226,150,2062572,10281,382,3
T,12162,13722246,150,2062593,9282,422,3
T,12163,13722266,150,2062613,9282,379,3
T,12164,13722286,150,2062635,9282,360,3
T,12165,13722306,150,2062659,9282,445,3
T,12166,13722326,150,2062683,9282,371,3
T,12167,13722346,150,2062708,8068,304,3
T,12168,13722366,150,2062734,8068,333,3
T,12169,13722386,150,2062761,8068,270,3
T,12170,13722406,150,2062790,8068,305,3
T,12171,13722426,150,2062819,8068,285,3
T,12172,13722446,150,2062848,9924,246,3
T,12173,13722466,150,2062875,9924,281,3
T,12174,13722486,150,2062903,9924,270,3
T,12175,13722506,150,2062931,9924,230,3
T,12176,13722526,150,2062959,9924,389,3
T,12177,13722546,150,2062987,9924,221,3
T,12178,13722566,150,2063015,9924,270,3
T,12179,13722586,150,2063043,9924,332,3
T,12180,13722606,150,2063072,9924,205,3
T,12181,13722626,150,2063101,9924,265,3
T,12182,13722646,150,2063131,10281,246,3
T,12183,13722666,150,2063161,10281,279,3

[host] drv timeout 2000
drv timeout 2000
timeout 2000 ms, 2000 ms remaining
  any 'drv duty' kicks it; re-issuing this command kicks it too
> T,12184,13722686,150,2063191,10281,256,3
T,12185,13722706,150,2063220,10281,242,3
T,12186,13722726,150,2063245,10281,397,3
T,12187,13722746,150,2063268,9924,413,3
T,12188,13722766,150,2063289,9924,428,3
T,12189,13722786,150,2063311,9924,428,3
T,12190,13722806,150,2063332,9924,348,3
T,12191,13722826,150,2063356,9924,397,3
T,12192,13722846,150,2063381,7996,289,3
T,12193,13722866,150,2063407,7996,398,3
T,12194,13722886,150,2063434,7996,232,3
T,12195,13722906,150,2063462,7996,269,3
T,12196,13722926,150,2063490,7996,336,3
T,12197,13722946,150,2063519,9853,235,3
T,12198,13722966,150,2063548,9853,273,3
T,12199,13722986,150,2063578,9853,301,3
T,12200,13723006,150,2063605,9853,264,3
T,12201,13723026,150,2063632,9853,237,3
T,12202,13723046,150,2063660,10067,285,3
T,12203,13723066,150,2063688,10067,253,3
T,12204,13723086,150,2063716,10067,263,3
T,12205,13723106,150,2063745,10067,258,3
T,12206,13723126,150,2063773,10067,201,3
T,12207,13723146,150,2063802,10067,294,3
T,12208,13723166,150,2063832,10067,326,3

[host] drv timeout 2000
drv timeout 200T,12209,13723186,150,2063861,10067,203,3
0
timeout 2000 ms, 2000 ms remaining
  any 'drv duty' kicks it; re-issuing this command kicks it too
> T,12210,13723206,150,2063891,10067,206,3
T,12211,13723226,150,2063920,10067,312,3
T,12212,13723246,150,2063944,10281,342,3
T,12213,13723266,150,2063967,10281,348,3
T,12214,13723286,150,2063989,10281,390,3
T,12215,13723306,150,2064011,10281,368,3
T,12216,13723326,150,2064033,10281,354,3
T,12217,13723346,150,2064057,7996,387,3
T,12218,13723366,150,2064082,7996,293,3
T,12219,13723386,150,2064108,7996,325,3
T,12220,13723406,150,2064136,7996,274,3
T,12221,13723426,150,2064164,7996,288,3
T,12222,13723446,150,2064192,9639,257,3
T,12223,13723466,150,2064221,9639,247,3
T,12224,13723486,150,2064249,9639,302,3
T,12225,13723506,150,2064278,9639,285,3
T,12226,13723526,150,2064306,9639,286,3
T,12227,13723546,150,2064333,10067,316,3
T,12228,13723566,150,2064361,10067,283,3
T,12229,13723586,150,2064390,10067,306,3
T,12230,13723606,150,2064419,10067,273,3

[host] drv duty 13
drv duty 13
duty +13%
> T,12231,13723626,130,2064448,10067,192,2
T,12232,13723646,130,2064476,10210,48,2
T,12233,13723666,130,2064505,10210,249,2
T,12234,13723686,130,2064532,10210,221,2
T,12235,13723706,130,2064560,10210,93,2
T,12236,13723726,130,2064587,10210,208,2
T,12237,13723746,130,2064612,9710,141,2
T,12238,13723766,130,2064632,9710,389,2
T,12239,13723786,130,2064650,9710,220,2
T,12240,13723806,130,2064664,9710,539,2
T,12241,13723826,130,2064678,9710,291,2
T,12242,13723846,130,2064693,6069,427,2
T,12243,13723866,130,2064710,6069,341,2
T,12244,13723886,130,2064727,6069,405,2
T,12245,13723906,130,2064746,6069,215,2
T,12246,13723926,130,2064766,6069,328,2
T,12247,13723946,130,2064788,6568,99,2
T,12248,13723966,130,2064810,6568,332,2
T,12249,13723986,130,2064833,6568,121,2
T,12250,13724006,130,2064856,6568,391,2
T,12251,13724026,130,2064881,6568,94,2
T,12252,13724046,130,2064905,8353,269,2
T,12253,13724066,130,2064929,8353,132,2
T,12254,13724086,130,2064953,8353,320,2
T,12255,13724106,130,2064976,8353,183,2

[host] drv timeout 2000
T,12256,13724126,130,2064999,8353,294,2
drv timeout 2000
timeout 2000 ms, 2000 ms remaining
  any 'drv duty' kicks it; re-issuing this command kicks it too
> T,12257,13724146,130,2065021,8353,243,2
T,12258,13724166,130,2065044,8353,215,2
T,12259,13724186,130,2065066,8353,313,2
T,12260,13724206,130,2065090,8353,206,2
T,12261,13724226,130,2065113,8353,352,2
T,12262,13724246,130,2065139,8282,68,2
T,12263,13724266,130,2065165,8282,263,2
T,12264,13724286,130,2065191,8282,93,2
T,12265,13724306,130,2065216,8282,290,2
T,12266,13724326,130,2065237,8282,204,2
T,12267,13724346,130,2065260,8710,323,2
T,12268,13724366,130,2065284,8710,233,2
T,12269,13724386,130,2065307,8710,352,2
T,12270,13724406,130,2065325,8710,336,2
T,12271,13724426,130,2065342,8710,235,2
T,12272,13724446,130,2065356,7068,470,2
T,12273,13724466,130,2065368,7068,425,2
T,12274,13724486,130,2065382,7068,437,2
T,12275,13724506,130,2065397,7068,240,2
T,12276,13724526,130,2065414,7068,423,2
T,12277,13724546,130,2065432,5355,245,2
T,12278,13724566,130,2065451,5355,344,2
T,12279,13724586,130,2065471,5355,151,2
T,12280,13724606,130,2065492,5355,259,2
T,12281,13724626,130,2065513,535
[host] drv timeout 2000
5,162,2
drv timeout 2000
timeout 2000 ms, 2000 ms remaining
  any 'drv duty' kicks it; re-issuing this command kicks it too
> T,12282,13724646,130,2065536,7282,110,2
T,12283,13724666,130,2065559,7282,325,2
T,12284,13724686,130,2065583,7282,347,2
T,12285,13724706,130,2065607,7282,203,2
T,12286,13724726,130,2065632,7282,225,2
T,12287,13724746,130,2065657,8568,130,2
T,12288,13724766,130,2065681,8568,274,2
T,12289,13724786,130,2065703,8568,229,2
T,12290,13724806,130,2065725,8568,295,2
T,12291,13724826,130,2065748,8568,131,2
T,12292,13724846,130,2065771,8211,310,2
T,12293,13724866,130,2065794,8211,151,2
T,12294,13724886,130,2065817,8211,193,2
T,12295,13724906,130,2065842,8211,112,2
T,12296,13724926,130,2065867,8211,80,2
T,12297,13724946,130,2065892,8639,102,2
T,12298,13724966,130,2065918,8639,144,2
T,12299,13724986,130,2065943,8639,306,2
T,12300,13725006,130,2065967,8639,231,2
T,12301,13725026,130,2065991,8639,245,2
T,12302,13725046,130,2066014,8782,151,2
T,12303,13725066,130,2066032,8782,480,2
T,12304,13725086,130,2066047,8782,320,2
T,12305,13725106,130,2066060,8782,435,2
T,12306,13725126,130,2066073,8782,488,2

[host] drv timeout 2000
drv timeout 2000
timeout 2000 ms, 2000 ms remaining
  any 'drv duty' kicks it; re-issuing this command kicks it too
> T,12307,13725146,130,2066088,5426,449,2
T,12308,13725166,130,2066104,5426,294,2
T,12309,13725186,130,2066120,5426,315,2
T,12310,13725206,130,2066137,5426,474,2
T,12311,13725226,130,2066156,5426,272,2
T,12312,13725246,130,2066176,6069,311,2
T,12313,13725266,130,2066196,6069,188,2
T,12314,13725286,130,2066219,6069,155,2
T,12315,13725306,130,2066242,6069,156,2
T,12316,13725326,130,2066265,6069,406,2
T,12317,13725346,130,2066288,7996,144,2
T,12318,13725366,130,2066311,7996,325,2
T,12319,13725386,130,2066334,7996,215,2
T,12320,13725406,130,2066358,7996,236,2
T,12321,13725426,130,2066381,7996,211,2
T,12322,13725446,130,2066404,8282,245,2
T,12323,13725466,130,2066428,8282,214,2
T,12324,13725486,130,2066450,8282,229,2
T,12325,13725506,130,2066474,8282,217,2
T,12326,13725526,130,2066498,8282,293,2
T,12327,13725546,130,2066523,8425,94,2
T,12328,13725566,130,2066548,8425,243,2
T,12329,13725586,130,2066575,8425,162,2
T,12330,13725606,130,2066601,8425,263,2
T,12331,13725626,130,2066625,8425,189,2

[host] drv timeout 2000
drv timeout 2000
timeout 2000 ms, 2000 ms remaining
  any 'drv duty' kicks it; re-issuing this command kicks it too
> T,12332,13725646,130,2066648,8996,371,2
T,12333,13725666,130,2066671,8996,277,2
T,12334,13725686,130,2066695,8996,208,2
T,12335,13725706,130,2066716,8996,194,2
T,12336,13725726,130,2066734,8996,363,2
T,12337,13725746,130,2066751,7497,407,2
T,12338,13725766,130,2066765,7497,328,2
T,12339,13725786,130,2066780,7497,418,2
T,12340,13725806,130,2066796,7497,309,2
T,12341,13725826,130,2066812,7497,391,2
T,12342,13725846,130,2066829,5569,214,2
T,12343,13725866,130,2066848,5569,359,2
T,12344,13725886,130,2066867,5569,188,2
T,12345,13725906,130,2066887,5569,370,2
T,12346,13725926,130,2066908,5569,243,2
T,12347,13725946,130,2066930,7068,317,2
T,12348,13725966,130,2066953,7068,123,2
T,12349,13725986,130,2066977,7068,286,2
T,12350,13726006,130,2067001,7068,169,2
T,12351,13726026,130,2067025,7068,270,2
T,12352,13726046,130,2067047,8425,156,2
T,12353,13726066,130,2067069,8425,289,2
T,12354,13726086,130,2067092,8425,160,2
T,12355,13726106,130,2067116,8425,306,2
T,12356,13726126,130,2067139,8425,196,2

[host] drv timeout 2000
drv timeout 2000
timeout 2000 ms, 2000 ms remaining
  any 'drv duty' kicks it; re-issuing this command kicks it too
> T,12357,13726146,130,2067161,8068,254,2
T,12358,13726166,130,2067184,8068,184,2
T,12359,13726186,130,2067208,8068,134,2
T,12360,13726206,130,2067232,8068,99,2
T,12361,13726226,130,2067256,8068,131,2
T,12362,13726246,130,2067281,8496,107,2
T,12363,13726266,130,2067307,8496,98,2
T,12364,13726286,130,2067332,8496,331,2
T,12365,13726306,130,2067357,8496,168,2
T,12366,13726326,130,2067383,8496,277,2
T,12367,13726346,130,2067407,9067,164,2
T,12368,13726366,130,2067427,9067,398,2
T,12369,13726386,130,2067443,9067,348,2
T,12370,13726406,130,2067456,9067,440,2
T,12371,13726426,130,2067469,9067,345,2
T,12372,13726446,130,2067484,5640,446,2
T,12373,13726466,130,2067500,5640,309,2
T,12374,13726486,130,2067517,5640,375,2
T,12375,13726506,130,2067536,5640,221,2
T,12376,13726526,130,2067556,5640,275,2
T,12377,13726546,130,2067577,6568,161,2
T,12378,13726566,130,2067599,6568,350,2
T,12379,13726586,130,2067621,6568,210,2
T,12380,13726606,130,2067645,6568,300,2
T,12381,13726626,130,2067669,6568,94,2

[host] drv timeout 2000
drv timeout 2000
timeout 2000 ms, 2000 ms remaining
  any 'drv duty' kicks it; re-issuing this command kicks it too
> T,12382,13726646,130,2067693,8211,196,2
T,12383,13726666,130,2067718,8211,115,2
T,12384,13726686,130,2067744,8211,92,2
T,12385,13726706,130,2067768,8211,341,2
T,12386,13726726,130,2067791,8211,212,2
T,12387,13726746,130,2067813,8568,331,2
T,12388,13726766,130,2067835,8568,248,2
T,12389,13726786,130,2067856,8568,262,2
T,12390,13726806,130,2067879,8568,221,2
T,12391,13726826,130,2067901,8568,294,2
T,12392,13726846,130,2067925,7996,113,2
T,12393,13726866,130,2067949,7996,321,2
T,12394,13726886,130,2067975,7996,178,2
T,12395,13726906,130,2068000,7996,160,2
T,12396,13726926,130,2068026,7996,222,2
T,12397,13726946,130,2068049,8853,302,2
T,12398,13726966,130,2068072,8853,188,2
T,12399,13726986,130,2068096,8853,269,2
T,12400,13727006,130,2068120,8853,262,2
T,12401,13727026,130,2068139,8853,401,2
T,12402,13727046,130,2068155,7782,238,2
T,12403,13727066,130,2068171,7782,359,2
T,12404,13727086,130,2068185,7782,469,2
T,12405,13727106,130,2068201,7782,359,2
T,12406,13727126,130,2068219,7782,293,2

[host] drv timeout 2000
drv timeout 2000
timeout 2000 ms, 2000 ms remaining
  any 'drv duty' kicks it; re-issuing this command kicks it too
> T,12407,13727146,130,2068236,5712,222,2
T,12408,13727166,130,2068255,5712,290,2
T,12409,13727186,130,2068273,5712,256,2
T,12410,13727206,130,2068294,5712,295,2
T,12411,13727226,130,2068316,5712,203,2
T,12412,13727246,130,2068338,7211,280,2
T,12413,13727266,130,2068362,7211,82,2
T,12414,13727286,130,2068386,7211,286,2
T,12415,13727306,130,2068410,7211,173,2
T,12416,13727326,130,2068435,7211,269,2
T,12417,13727346,130,2068459,8568,107,2
T,12418,13727366,130,2068481,8568,293,2
T,12419,13727386,130,2068504,8568,210,2
T,12420,13727406,130,2068526,8568,396,2
T,12421,13727426,130,2068547,8568,286,2
T,12422,13727446,130,2068567,7782,349,2
T,12423,13727466,130,2068589,7782,235,2
T,12424,13727486,130,2068611,7782,353,2
T,12425,13727506,130,2068634,7782,264,2
T,12426,13727526,130,2068657,7782,245,2
T,12427,13727546,130,2068681,8068,86,2
T,12428,13727566,130,2068705,8068,258,2
T,12429,13727586,130,2068729,8068,112,2
T,12430,13727606,130,2068754,8068,300,2
T,12431,13727626,130,2068779,8068,176,2

[host] drv timeout 2000
drv timeout 2000
timeout 2000 ms, 2000 ms remaining
  any 'drv duty' kicks it; re-issuing this command kicks it too
> T,12432,13727646,130,2068804,8710,208,2
T,12433,13727666,130,2068826,8710,411,2
T,12434,13727686,130,2068844,8710,425,2
T,12435,13727706,130,2068860,8710,327,2
T,12436,13727726,130,2068875,8710,348,2
T,12437,13727746,130,2068889,6354,406,2
T,12438,13727766,130,2068906,6354,417,2
T,12439,13727786,130,2068924,6354,241,2
T,12440,13727806,130,2068942,6354,379,2
T,12441,13727826,130,2068961,6354,196,2
T,12442,13727846,130,2068980,6426,322,2
T,12443,13727866,130,2069001,6426,206,2
T,12444,13727886,130,2069023,6426,274,2
T,12445,13727906,130,2069046,6426,205,2
T,12446,13727926,130,2069069,6426,227,2
T,12447,13727946,130,2069093,7925,105,2
T,12448,13727966,130,2069118,7925,232,2
T,12449,13727986,130,2069141,7925,141,2
T,12450,13728006,130,2069162,7925,353,2
T,12451,13728026,130,2069184,7925,135,2
T,12452,13728046,130,2069206,8068,161,2
T,12453,13728066,130,2069227,8068,316,2
T,12454,13728086,130,2069248,8068,216,2
T,12455,13728106,130,2069269,8068,320,2
T,12456,13728126,130,2069292,8068,220,2

[host] drv timeout 2000
drv timeout 2000
timeout 2000 ms, 2000 ms remaining
  any 'drv duty' kicks it; re-issuing this command kicks it too
> T,12457,13728146,130,2069313,7711,161,2
T,12458,13728166,130,2069335,7711,194,2
T,12459,13728186,130,2069358,7711,198,2
T,12460,13728206,130,2069381,7711,326,2
T,12461,13728226,130,2069405,7711,145,2
T,12462,13728246,130,2069430,8282,279,2
T,12463,13728266,130,2069454,8282,118,2
T,12464,13728286,130,2069479,8282,274,2
T,12465,13728306,130,2069502,8282,128,2
T,12466,13728326,130,2069524,8282,289,2
T,12467,13728346,130,2069544,8282,222,2
T,12468,13728366,130,2069560,8282,477,2
T,12469,13728386,130,2069575,8282,364,2
T,12470,13728406,130,2069591,8282,345,2
T,12471,13728426,130,2069608,8282,295,2
T,12472,13728446,130,2069625,5783,361,2
T,12473,13728466,130,2069643,5783,178,2
T,12474,13728486,130,2069661,5783,284,2
T,12475,13728506,130,2069681,5783,320,2
T,12476,13728526,130,2069701,5783,232,2
T,12477,13728546,130,2069723,6854,278,2
T,12478,13728566,130,2069746,6854,209,2
T,12479,13728586,130,2069770,6854,204,2
T,12480,13728606,130,2069794,6854,193,2
T,12481,13728626,130,2069819,6854,242,2

[host] drv timeout 2000
drv timeout 2000
timeout 2000 ms, 2000 ms remaining
  any 'drv duty' kicks it; re-issuing this command kicks it too
> T,12482,13728646,130,2069844,8568,264,2
T,12483,13728666,130,2069869,8568,129,2
T,12484,13728686,130,2069893,8568,184,2
T,12485,13728706,130,2069915,8568,347,2
T,12486,13728726,130,2069936,8568,238,2
T,12487,13728746,130,2069958,8282,369,2
T,12488,13728766,130,2069980,8282,144,2
T,12489,13728786,130,2070002,8282,315,2
T,12490,13728806,130,2070024,8282,212,2
T,12491,13728826,130,2070045,8282,264,2
T,12492,13728846,130,2070068,7782,109,2
T,12493,13728866,130,2070091,7782,264,2
T,12494,13728886,130,2070115,7782,108,2
T,12495,13728906,130,2070139,7782,142,2
T,12496,13728926,130,2070164,7782,110,2
T,12497,13728946,130,2070188,8568,216,2
T,12498,13728966,130,2070212,8568,336,2
T,12499,13728986,130,2070233,8568,384,2
T,12500,13729006,130,2070250,8568,417,2
T,12501,13729026,130,2070266,8568,331,2
T,12502,13729046,130,2070281,6783,385,2
T,12503,13729066,130,2070297,6783,427,2
T,12504,13729086,130,2070314,6783,412,2
T,12505,13729106,130,2070331,6783,283,2
T,12506,13729126,130,2070349,6783,369,2

[host] drv timeout 2000
drv timeout 2000
timeout 2000 ms, 2000 ms remaining
  any 'drv duty' kicks it; re-issuing this command kicks it too
> T,12507,13729146,130,2070368,6140,265,2
T,12508,13729166,130,2070388,6140,318,2
T,12509,13729186,130,2070410,6140,294,2
T,12510,13729206,130,2070433,6140,128,2
T,12511,13729226,130,2070456,6140,331,2
T,12512,13729246,130,2070480,7925,91,2
T,12513,13729266,130,2070505,7925,277,2
T,12514,13729286,130,2070529,7925,141,2
T,12515,13729306,130,2070555,7925,304,2
T,12516,13729326,130,2070578,7925,128,2
T,12517,13729346,130,2070600,8639,203,2
T,12518,13729366,130,2070623,8639,254,2
T,12519,13729386,130,2070645,8639,209,2
T,12520,13729406,130,2070669,8639,297,2
T,12521,13729426,130,2070693,8639,128,2
T,12522,13729446,130,2070717,8211,296,2
T,12523,13729466,130,2070740,8211,112,2
T,12524,13729486,130,2070764,8211,296,2
T,12525,13729506,130,2070788,8211,225,2
T,12526,13729526,130,2070813,8211,231,2
T,12527,13729546,130,2070838,8639,128,2
T,12528,13729566,130,2070863,8639,293,2
T,12529,13729586,130,2070888,8639,151,2
T,12530,13729606,130,2070913,8639,288,2
T,12531,13729626,130,2070936,8639,274,2

[host] drv timeout 2000
drv timeout 2000
timeout 2000 ms, 2000 ms remaining
  any 'drv duty' kicks it; re-issuing this command kicks it too
> T,12532,13729646,130,2070954,8496,268,2
T,12533,13729666,130,2070972,8496,256,2
T,12534,13729686,130,2070989,8496,235,2
T,12535,13729706,130,2071005,8496,373,2
T,12536,13729726,130,2071024,8496,258,2
T,12537,13729746,130,2071044,6283,423,2
T,12538,13729766,130,2071063,6283,245,2
T,12539,13729786,130,2071083,6283,198,2
T,12540,13729806,130,2071105,6283,147,2
T,12541,13729826,130,2071127,6283,157,2
T,12542,13729846,130,2071150,7568,288,2
T,12543,13729866,130,2071174,7568,224,2
T,12544,13729886,130,2071199,7568,180,2
T,12545,13729906,130,2071224,7568,203,2
T,12546,13729926,130,2071248,7568,180,2
T,12547,13729946,130,2071274,8782,103,2
T,12548,13729966,130,2071299,8782,348,2
T,12549,13729986,130,2071320,8782,294,2
T,12550,13730006,130,2071343,8782,382,2
T,12551,13730026,130,2071365,8782,225,2
T,12552,13730046,130,2071388,8211,310,2
T,12553,13730066,130,2071411,8211,146,2
T,12554,13730086,130,2071434,8211,288,2
T,12555,13730106,130,2071457,8211,158,2
T,12556,13730126,130,2071481,8211,289,2

[host] drv timeout 2000
drv timeout 2000
timeout 2000 ms, 2000 ms remaining
  any 'drv duty' kicks it; re-issuing this command kicks it too
> T,12557,13730146,130,2071505,8353,252,2
T,12558,13730166,130,2071530,8353,281,2
T,12559,13730186,130,2071555,8353,326,2
T,12560,13730206,130,2071580,8353,114,2
T,12561,13730226,130,2071604,8353,102,2
T,12562,13730246,130,2071627,8782,304,2
T,12563,13730266,130,2071645,8782,342,2
T,12564,13730286,130,2071661,8782,446,2
T,12565,13730306,130,2071677,8782,360,2
T,12566,13730326,130,2071693,8782,387,2
T,12567,13730346,130,2071710,5926,217,2
T,12568,13730366,130,2071728,5926,475,2
T,12569,13730386,130,2071746,5926,327,2
T,12570,13730406,130,2071765,5926,338,2
T,12571,13730426,130,2071786,5926,221,2
T,12572,13730446,130,2071808,6925,289,2
T,12573,13730466,130,2071830,6925,144,2
T,12574,13730486,130,2071853,6925,333,2
T,12575,13730506,130,2071877,6925,236,2
T,12576,13730526,130,2071902,6925,196,2
T,12577,13730546,130,2071927,8425,134,2
T,12578,13730566,130,2071952,8425,270,2
T,12579,13730586,130,2071976,8425,155,2
T,12580,13730606,130,2071998,8425,296,2
T,12581,13730626,130,2072020,8425,183,2

[host] drv timeout 2000
drv timeout 2000
timeout 2000 ms, 2000 ms remaining
  any 'drv duty' kicks it; re-issuing this command kicks it too
> T,12582,13730646,130,2072043,8353,299,2
T,12583,13730666,130,2072066,8353,242,2
T,12584,13730686,130,2072088,8353,295,2
T,12585,13730706,130,2072112,8353,343,2
T,12586,13730726,130,2072135,8353,194,2
T,12587,13730746,130,2072159,8211,272,2
T,12588,13730766,130,2072183,8211,146,2
T,12589,13730786,130,2072207,8211,283,2
T,12590,13730806,130,2072232,8211,105,2
T,12591,13730826,130,2072257,8211,272,2
T,12592,13730846,130,2072283,8853,108,2
T,12593,13730866,130,2072308,8853,294,2
T,12594,13730886,130,2072330,8853,151,2
T,12595,13730906,130,2072349,8853,364,2
T,12596,13730926,130,2072366,8853,323,2
T,12597,13730946,130,2072383,7354,400,2
T,12598,13730966,130,2072400,7354,254,2
T,12599,13730986,130,2072418,7354,359,2
T,12600,13731006,130,2072436,7354,188,2
T,12601,13731026,130,2072456,7354,305,2
T,12602,13731046,130,2072477,6640,167,2
T,12603,13731066,130,2072499,6640,341,2
T,12604,13731086,130,2072521,6640,177,2
T,12605,13731106,130,2072544,6640,299,2
T,12606,13731126,130,2072568,6640,227,2

[host] drv timeout 2000
drT,12607,13731146,130,2072592,8139,257,2
v timeout 2000
timeout 2000 ms, 2000 ms remaining
  any 'drv duty' kicks it; re-issuing this command kicks it too
> T,12608,13731166,130,2072617,8139,193,2
T,12609,13731186,130,2072643,8139,220,2
T,12610,13731206,130,2072668,8139,192,2
T,12611,13731226,130,2072693,8139,120,2
T,12612,13731246,130,2072716,8853,294,2
T,12613,13731266,130,2072740,8853,166,2
T,12614,13731286,130,2072763,8853,327,2
T,12615,13731306,130,2072787,8853,172,2
T,12616,13731326,130,2072811,8853,293,2
T,12617,13731346,130,2072836,8496,136,2
T,12618,13731366,130,2072860,8496,270,2
T,12619,13731386,130,2072885,8496,194,2
T,12620,13731406,130,2072911,8496,227,2
T,12621,13731426,130,2072936,8496,182,2
T,12622,13731446,130,2072961,8996,302,2
T,12623,13731466,130,2072986,8996,225,2
T,12624,13731486,130,2073010,8996,281,2
T,12625,13731506,130,2073031,8996,307,2
T,12626,13731526,130,2073048,8996,418,2
T,12627,13731546,130,2073063,7497,297,2
T,12628,13731566,130,2073077,7497,418,2
T,12629,13731586,130,2073092,7497,349,2
T,12630,13731606,130,2073108,7497,193,2
T,12631,13731626,130,2073124,7497,278,2

[host] drv timeout 2000
T,12632,13731646,130,2073141,5497,293,2
drv timeout 2000
timeout 2000 ms, 2000 ms remaining
  any 'drv duty' kicks it; re-issuing this command kicks it too
> T,12633,13731666,130,2073161,5497,332,2
T,12634,13731686,130,2073181,5497,353,2
T,12635,13731706,130,2073204,5497,225,2
T,12636,13731726,130,2073227,5497,193,2
T,12637,13731746,130,2073250,7639,134,2
T,12638,13731766,130,2073274,7639,307,2
T,12639,13731786,130,2073298,7639,131,2
T,12640,13731806,130,2073322,7639,315,2
T,12641,13731826,130,2073345,7639,189,2
T,12642,13731846,130,2073369,8425,358,2
T,12643,13731866,130,2073392,8425,173,2
T,12644,13731886,130,2073414,8425,357,2
T,12645,13731906,130,2073436,8425,203,2
T,12646,13731926,130,2073459,8425,311,2
T,12647,13731946,130,2073481,8139,88,2
T,12648,13731966,130,2073505,8139,220,2
T,12649,13731986,130,2073529,8139,215,2
T,12650,13732006,130,2073555,8139,211,2
T,12651,13732026,130,2073581,8139,177,2
T,12652,13732046,130,2073607,8925,163,2
T,12653,13732066,130,2073630,8925,136,2
T,12654,13732086,130,2073652,8925,157,2
T,12655,13732106,130,2073675,8925,88,2
T,12656,13732126,130,2073698,8925,307,2

[host] drv timeout 2000
T,12657,13732146,130,2073717,7996,203,2
drv timeout 2000
timeout 2000 ms, 2000 ms remaining
  any 'drv duty' kicks it; re-issuing this command kicks it too
> T,12658,13732166,130,2073735,7996,316,2
T,12659,13732186,130,2073749,7996,310,2
T,12660,13732206,130,2073761,7996,329,2
T,12661,13732226,130,2073774,7996,354,2
T,12662,13732246,130,2073788,5140,357,2
T,12663,13732266,130,2073804,5140,310,2
T,12664,13732286,130,2073820,5140,300,2
T,12665,13732306,130,2073838,5140,347,2
T,12666,13732326,130,2073857,5140,301,2
T,12667,13732346,130,2073877,6211,162,2
T,12668,13732366,130,2073897,6211,300,2
T,12669,13732386,130,2073920,6211,137,2
T,12670,13732406,130,2073942,6211,293,2
T,12671,13732426,130,2073965,6211,166,2
T,12672,13732446,130,2073989,7854,353,2
T,12673,13732466,130,2074013,7854,204,2
T,12674,13732486,130,2074037,7854,273,2
T,12675,13732506,130,2074063,7854,217,2
T,12676,13732526,130,2074087,7854,278,2
T,12677,13732546,130,2074109,8710,120,2
T,12678,13732566,130,2074132,8710,291,2
T,12679,13732586,130,2074154,8710,142,2
T,12680,13732606,130,2074177,8710,315,2
T,12681,13732626,130,2074201,8710,211,2

[host] drv timeout 2000
T,12682,13732646,130,2074225,8211,253,2
drv timeout 2000
timeout 2000 ms, 2000 ms remaining
  any 'drv duty' kicks it; re-issuing this command kicks it too
> T,12683,13732666,130,2074251,8211,227,2
T,12684,13732686,130,2074277,8211,270,2
T,12685,13732706,130,2074303,8211,179,2
T,12686,13732726,130,2074327,8211,336,2
T,12687,13732746,130,2074350,8925,188,2
T,12688,13732766,130,2074374,8925,281,2
T,12689,13732786,130,2074398,8925,84,2
T,12690,13732806,130,2074420,8925,386,2
T,12691,13732826,130,2074437,8925,344,2
T,12692,13732846,130,2074452,7497,391,2
T,12693,13732866,130,2074466,7497,392,2
T,12694,13732886,130,2074480,7497,434,2
T,12695,13732906,130,2074495,7497,295,2
T,12696,13732926,130,2074512,7497,433,2
T,12697,13732946,130,2074529,5426,210,2
T,12698,13732966,130,2074547,5426,368,2
T,12699,13732986,130,2074567,5426,262,2
T,12700,13733006,130,2074587,5426,360,2
T,12701,13733026,130,2074608,5426,214,2
T,12702,13733046,130,2074631,7140,300,2
T,12703,13733066,130,2074654,7140,130,2
T,12704,13733086,130,2074678,7140,291,2
T,12705,13733106,130,2074702,7140,215,2
T,12706,13733126,130,2074725,7140,310,2
T,12707,13733146,130,2074749,842
[host] drv timeout 2000
5,130,2
drv timeout 2000
timeout 2000 ms, 2000 ms remaining
  any 'drv duty' kicks it; re-issuing this command kicks it too
> T,12708,13733166,130,2074773,8425,120,2
T,12709,13733186,130,2074796,8425,151,2
T,12710,13733206,130,2074820,8425,360,2
T,12711,13733226,130,2074843,8425,148,2
T,12712,13733246,130,2074866,8353,293,2
T,12713,13733266,130,2074891,8353,77,2
T,12714,13733286,130,2074915,8353,277,2
T,12715,13733306,130,2074940,8353,199,2
T,12716,13733326,130,2074967,8353,261,2
T,12717,13733346,130,2074993,8996,81,2
T,12718,13733366,130,2075019,8996,97,2
T,12719,13733386,130,2075042,8996,107,2
T,12720,13733406,130,2075065,8996,329,2
T,12721,13733426,130,2075089,8996,168,2
T,12722,13733446,130,2075112,8568,326,2
T,12723,13733466,130,2075131,8568,222,2
T,12724,13733486,130,2075147,8568,317,2
T,12725,13733506,130,2075162,8568,385,2
T,12726,13733526,130,2075177,8568,408,2
T,12727,13733546,130,2075193,5926,195,2
T,12728,13733566,130,2075209,5926,355,2
T,12729,13733586,130,2075226,5926,316,2
T,12730,13733606,130,2075244,5926,386,2
T,12731,13733626,130,2075262,5926,179,2
T,12732,13733646,130,2075282,628
[host] drv timeout 2000
3,297,2
drv timeout 2000
timeout 2000 ms, 2000 ms remaining
  any 'drv duty' kicks it; re-issuing this command kicks it too
> T,12733,13733666,130,2075302,6283,337,2
T,12734,13733686,130,2075324,6283,329,2
T,12735,13733706,130,2075346,6283,187,2
T,12736,13733726,130,2075369,6283,305,2
T,12737,13733746,130,2075393,7854,131,2
T,12738,13733766,130,2075417,7854,349,2
T,12739,13733786,130,2075440,7854,129,2
T,12740,13733806,130,2075463,7854,195,2
T,12741,13733826,130,2075485,7854,142,2
T,12742,13733846,130,2075509,8282,189,2
T,12743,13733866,130,2075532,8282,299,2
T,12744,13733886,130,2075554,8282,200,2
T,12745,13733906,130,2075576,8282,256,2
T,12746,13733926,130,2075600,8282,199,2
T,12747,13733946,130,2075624,8139,293,2
T,12748,13733966,130,2075648,8139,103,2
T,12749,13733986,130,2075674,8139,301,2
T,12750,13734006,130,2075700,8139,157,2
T,12751,13734026,130,2075724,8139,295,2
T,12752,13734046,130,2075747,8853,120,2
T,12753,13734066,130,2075769,8853,296,2
T,12754,13734086,130,2075793,8853,105,2
T,12755,13734106,130,2075815,8853,325,2
T,12756,13734126,130,2075833,8853,226,2
T,12757,13734146,130,2075848,7425,493,2

[host] drv timeout 2000
drv timeout 2000
timeout 2000 ms, 2000 ms remaining
  any 'drv duty' kicks it; re-issuing this command kicks it too
> T,12758,13734166,130,2075861,7425,466,2
T,12759,13734186,130,2075873,7425,438,2
T,12760,13734206,130,2075888,7425,430,2
T,12761,13734226,130,2075904,7425,382,2
T,12762,13734246,130,2075920,5140,179,2
T,12763,13734266,130,2075939,5140,284,2
T,12764,13734286,130,2075958,5140,320,2
T,12765,13734306,130,2075979,5140,216,2
T,12766,13734326,130,2076000,5140,224,2
T,12767,13734346,130,2076021,7068,121,2
T,12768,13734366,130,2076044,7068,290,2
T,12769,13734386,130,2076068,7068,155,2
T,12770,13734406,130,2076092,7068,294,2
T,12771,13734426,130,2076116,7068,108,2
T,12772,13734446,130,2076141,8496,299,2
T,12773,13734466,130,2076166,8496,142,2
T,12774,13734486,130,2076189,8496,313,2
T,12775,13734506,130,2076211,8496,232,2
T,12776,13734526,130,2076233,8496,246,2
T,12777,13734546,130,2076255,8139,153,2
T,12778,13734566,130,2076277,8139,307,2
T,12779,13734586,130,2076300,8139,166,2
T,12780,13734606,130,2076324,8139,313,2
T,12781,13734626,130,2076348,8139,224,2
T,12782,13734646,130,2076373,8425,251,2

[host] drv timeout 2000
drv timeout 2000
timeout 2000 ms, 2000 ms remaining
  any 'drv duty' kicks it; re-issuing this command kicks it too
> T,12783,13734666,130,2076399,8425,348,2
T,12784,13734686,130,2076424,8425,173,2
T,12785,13734706,130,2076449,8425,220,2
T,12786,13734726,130,2076473,8425,221,2
T,12787,13734746,130,2076497,8853,284,2
T,12788,13734766,130,2076521,8853,158,2
T,12789,13734786,130,2076541,8853,348,2
T,12790,13734806,130,2076558,8853,224,2
T,12791,13734826,130,2076573,8853,450,2
T,12792,13734846,130,2076589,6711,277,2
T,12793,13734866,130,2076606,6711,368,2
T,12794,13734886,130,2076623,6711,309,2
T,12795,13734906,130,2076641,6711,396,2
T,12796,13734926,130,2076660,6711,265,2
T,12797,13734946,130,2076679,6354,374,2
T,12798,13734966,130,2076700,6354,164,2
T,12799,13734986,130,2076722,6354,307,2
T,12800,13735006,130,2076745,6354,116,2
T,12801,13735026,130,2076768,6354,254,2
T,12802,13735046,130,2076792,7996,112,2
T,12803,13735066,130,2076816,7996,270,2
T,12804,13735086,130,2076839,7996,208,2
T,12805,13735106,130,2076862,7996,285,2
T,12806,13735126,130,2076884,7996,212,2
T,12807,13735146,130,2076905,8139,318,2

[host] drv timeout 2000
drv timeout 2000
timeout 2000 ms, 2000 ms remaining
  any 'drv duty' kicks it; re-issuing this command kicks it too
> T,12808,13735166,130,2076925,8139,323,2
T,12809,13735186,130,2076945,8139,312,2
T,12810,13735206,130,2076966,8139,257,2
T,12811,13735226,130,2076987,8139,354,2
T,12812,13735246,130,2077008,7354,96,2
T,12813,13735266,130,2077030,7354,248,2
T,12814,13735286,130,2077053,7354,209,2
T,12815,13735306,130,2077076,7354,261,2
T,12816,13735326,130,2077100,7354,193,2
T,12817,13735346,130,2077124,8211,342,2
T,12818,13735366,130,2077149,8211,147,2
T,12819,13735386,130,2077174,8211,280,2
T,12820,13735406,130,2077199,8211,124,2
T,12821,13735426,130,2077221,8211,328,2
T,12822,13735446,130,2077239,8353,248,2
T,12823,13735466,130,2077255,8353,501,2
T,12824,13735486,130,2077269,8353,272,2
T,12825,13735506,130,2077284,8353,453,2
T,12826,13735526,130,2077300,8353,302,2
T,12827,13735546,130,2077317,5569,472,2
T,12828,13735566,130,2077335,5569,243,2
T,12829,13735586,130,2077353,5569,329,2
T,12830,13735606,130,2077373,5569,194,2
T,12831,13735626,130,2077393,5569,119,2
T,12832,13735646,130,2077415,6854,286,2

[host] drv timeout 2000
drv timeout 2000
timeout 2000 ms, 2000 ms remaining
  any 'drv duty' kicks it; re-issuing this command kicks it too
> T,12833,13735666,130,2077437,6854,199,2
T,12834,13735686,130,2077461,6854,281,2
T,12835,13735706,130,2077484,6854,221,2
T,12836,13735726,130,2077509,6854,252,2
T,12837,13735746,130,2077532,8353,139,2
T,12838,13735766,130,2077554,8353,275,2
T,12839,13735786,130,2077576,8353,151,2
T,12840,13735806,130,2077597,8353,331,2
T,12841,13735826,130,2077619,8353,217,2
T,12842,13735846,130,2077640,7782,305,2
T,12843,13735866,130,2077662,7782,210,2
T,12844,13735886,130,2077685,7782,270,2
T,12845,13735906,130,2077707,7782,192,2
T,12846,13735926,130,2077730,7782,299,2
T,12847,13735946,130,2077753,7996,119,2
T,12848,13735966,130,2077777,7996,281,2
T,12849,13735986,130,2077802,7996,174,2
T,12850,13736006,130,2077827,7996,304,2
T,12851,13736026,130,2077851,7996,195,2
T,12852,13736046,130,2077876,8710,284,2
T,12853,13736066,130,2077900,8710,108,2
T,12854,13736086,130,2077922,8710,156,2
T,12855,13736106,130,2077944,8710,229,2
T,12856,13736126,130,2077960,8710,291,2
T,12857,13736146,130,2077976,7354,448,2

[host] drv timeout 2000
drv timeout 2000
timeout 2000 ms, 2000 ms remaining
  any 'drv duty' kicks it; re-issuing this command kicks it too
> T,12858,13736166,130,2077992,7354,252,2
T,12859,13736186,130,2078009,7354,414,2
T,12860,13736206,130,2078027,7354,166,2
T,12861,13736226,130,2078045,7354,375,2
T,12862,13736246,130,2078064,6211,204,2
T,12863,13736266,130,2078084,6211,400,2
T,12864,13736286,130,2078105,6211,277,2
T,12865,13736306,130,2078128,6211,311,2
T,12866,13736326,130,2078151,6211,152,2
T,12867,13736346,130,2078175,7854,258,2
T,12868,13736366,130,2078200,7854,177,2
T,12869,13736386,130,2078225,7854,246,2
T,12870,13736406,130,2078250,7854,183,2
T,12871,13736426,130,2078275,7854,332,2
T,12872,13736446,130,2078299,8853,192,2
T,12873,13736466,130,2078321,8853,310,2
T,12874,13736486,130,2078344,8853,222,2
T,12875,13736506,130,2078365,8853,334,2
T,12876,13736526,130,2078388,8853,156,2
T,12877,13736546,130,2078409,7925,304,2
T,12878,13736566,130,2078430,7925,124,2
T,12879,13736586,130,2078452,7925,285,2
T,12880,13736606,130,2078475,7925,124,2
T,12881,13736626,130,2078498,7925,258,2
T,12882,13736646,130,2078522,7996,125,2

[host] drv timeout 2000
drv timeout 2000
timeout 2000 ms, 2000 ms remaining
  any 'drv duty' kicks it; re-issuing this command kicks it too
> T,12883,13736666,130,2078546,7996,93,2
T,12884,13736686,130,2078571,7996,281,2
T,12885,13736706,130,2078596,7996,230,2
T,12886,13736726,130,2078619,7996,256,2
T,12887,13736746,130,2078637,8353,290,2
T,12888,13736766,130,2078654,8353,434,2
T,12889,13736786,130,2078668,8353,310,2
T,12890,13736806,130,2078683,8353,442,2
T,12891,13736826,130,2078699,8353,290,2
T,12892,13736846,130,2078715,5569,429,2
T,12893,13736866,130,2078732,5569,306,2
T,12894,13736886,130,2078749,5569,332,2
T,12895,13736906,130,2078768,5569,245,2
T,12896,13736926,130,2078789,5569,252,2
T,12897,13736946,130,2078810,6711,215,2
T,12898,13736966,130,2078832,6711,176,2
T,12899,13736986,130,2078856,6711,115,2
T,12900,13737006,130,2078880,6711,126,2
T,12901,13737026,130,2078905,6711,146,2
T,12902,13737046,130,2078930,8496,185,2
T,12903,13737066,130,2078954,8496,310,2
T,12904,13737086,130,2078977,8496,229,2
T,12905,13737106,130,2079000,8496,286,2
T,12906,13737126,130,2079023,8496,279,2
T,12907,13737146,130,2079046,8282,344,2

[host] drv timeout 2000
drv timeout 2000
timeout 2000 ms, 2000 ms remaining
  any 'drv duty' kicks it; re-issuing this command kicks it too
> T,12908,13737166,130,2079069,8282,182,2
T,12909,13737186,130,2079093,8282,299,2
T,12910,13737206,130,2079117,8282,107,2
T,12911,13737226,130,2079140,8282,309,2
T,12912,13737246,130,2079165,8425,114,2
T,12913,13737266,130,2079190,8425,274,2
T,12914,13737286,130,2079215,8425,226,2
T,12915,13737306,130,2079240,8425,283,2
T,12916,13737326,130,2079265,8425,110,2
T,12917,13737346,130,2079291,8996,283,2
T,12918,13737366,130,2079315,8996,169,2
T,12919,13737386,130,2079337,8996,373,2
T,12920,13737406,130,2079356,8996,284,2
T,12921,13737426,130,2079372,8996,432,2
T,12922,13737446,130,2079388,7140,269,2
T,12923,13737466,130,2079404,7140,371,2
T,12924,13737486,130,2079422,7140,229,2
T,12925,13737506,130,2079441,7140,295,2
T,12926,13737526,130,2079460,7140,307,2
T,12927,13737546,130,2079480,6497,360,2
T,12928,13737566,130,2079501,6497,121,2
T,12929,13737586,130,2079523,6497,339,2
T,12930,13737606,130,2079545,6497,205,2
T,12931,13737626,130,2079569,6497,210,2
T,12932,13737646,130,2079594,8068,129,2

[host] drv timeout 2000
drv timeout 2000
timeout 2000 ms, 2000 ms remaining
  any 'drv duty' kicks it; re-issuing this command kicks it too
> T,12933,13737666,130,2079619,8068,199,2
T,12934,13737686,130,2079644,8068,110,2
T,12935,13737706,130,2079669,8068,284,2
T,12936,13737726,130,2079694,8068,168,2
T,12937,13737746,130,2079717,8782,318,2
T,12938,13737766,130,2079740,8782,160,2
T,12939,13737786,130,2079763,8782,252,2
T,12940,13737806,130,2079787,8782,121,2
T,12941,13737826,130,2079811,8782,161,2
T,12942,13737846,130,2079836,8425,280,2
T,12943,13737866,130,2079860,8425,189,2
T,12944,13737886,130,2079885,8425,306,2
T,12945,13737906,130,2079910,8425,132,2
T,12946,13737926,130,2079936,8425,290,2
T,12947,13737946,130,2079961,8925,162,2
T,12948,13737966,130,2079986,8925,272,2
T,12949,13737986,130,2080011,8925,145,2
T,12950,13738006,130,2080033,8925,366,2
T,12951,13738026,130,2080051,8925,268,2
T,12952,13738046,130,2080068,7854,491,2
T,12953,13738066,130,2080084,7854,182,2
T,12954,13738086,130,2080100,7854,411,2
T,12955,13738106,130,2080117,7854,225,2
T,12956,13738126,130,2080136,7854,369,2
T,12957,13738146,130,2080155,6140,184,2

[host] drv timeout 2000
drv timeout 2000
timeout 2000 ms, 2000 ms remaining
  any 'drv duty' kicks it; re-issuing this command kicks it too
> T,12958,13738166,130,2080175,6140,231,2
T,12959,13738186,130,2080196,6140,238,2
T,12960,13738206,130,2080219,6140,155,2
T,12961,13738226,130,2080241,6140,135,2
T,12962,13738246,130,2080265,7782,188,2
T,12963,13738266,130,2080290,7782,301,2
T,12964,13738286,130,2080315,7782,205,2
T,12965,13738306,130,2080340,7782,221,2
T,12966,13738326,130,2080365,7782,247,2
T,12967,13738346,130,2080388,8782,386,2
T,12968,13738366,130,2080409,8782,283,2
T,12969,13738386,130,2080432,8782,328,2
T,12970,13738406,130,2080455,8782,249,2
T,12971,13738426,130,2080477,8782,261,2
T,12972,13738446,130,2080500,7996,112,2
T,12973,13738466,130,2080523,7996,246,2
T,12974,13738486,130,2080547,7996,155,2
T,12975,13738506,130,2080571,7996,326,2
T,12976,13738526,130,2080595,7996,164,2
T,12977,13738546,130,2080620,8496,245,2
T,12978,13738566,130,2080645,8496,132,2
T,12979,13738586,130,2080670,8496,257,2
T,12980,13738606,130,2080695,8496,182,2
T,12981,13738626,130,2080719,8496,339,2
T,12982,13738646,130,2080739,8639,201,2

[host] drv timeout 2000
drv timeout 2000
timeout 2000 ms, 2000 ms remaining
  any 'drv duty' kicks it; re-issuing this command kicks it too
> T,12983,13738666,130,2080757,8639,366,2
T,12984,13738686,130,2080773,8639,299,2
T,12985,13738706,130,2080789,8639,222,2
T,12986,13738726,130,2080806,8639,395,2
T,12987,13738746,130,2080823,6069,230,2
T,12988,13738766,130,2080842,6069,339,2
T,12989,13738786,130,2080861,6069,245,2
T,12990,13738806,130,2080882,6069,344,2
T,12991,13738826,130,2080903,6069,226,2
T,12992,13738846,130,2080925,7211,311,2
T,12993,13738866,130,2080948,7211,147,2
T,12994,13738886,130,2080972,7211,286,2
T,12995,13738906,130,2080996,7211,208,2
T,12996,13738926,130,2081021,7211,294,2
T,12997,13738946,130,2081046,8568,129,2
T,12998,13738966,130,2081071,8568,345,2
T,12999,13738986,130,2081095,8568,188,2
T,13000,13739006,130,2081119,8568,316,2
T,13001,13739026,130,2081141,8568,221,2
T,13002,13739046,130,2081165,8496,261,2
T,13003,13739066,130,2081189,8496,211,2
T,13004,13739086,130,2081214,8496,129,2
T,13005,13739106,130,2081239,8496,168,2
T,13006,13739126,130,2081264,8496,128,2
T,13007,13739146,130,2081289,8782,144,2

[host] drv timeout 2000
drv timeout 2000
timeout 2000 ms, 2000 ms remaining
  any 'drv duty' kicks it; re-issuing this command kicks it too
> T,13008,13739166,130,2081314,8782,103,2
T,13009,13739186,130,2081340,8782,273,2
T,13010,13739206,130,2081365,8782,142,2
T,13011,13739226,130,2081390,8782,297,2
T,13012,13739246,130,2081413,8996,176,2
T,13013,13739266,130,2081434,8996,450,2
T,13014,13739286,130,2081450,8996,363,2
T,13015,13739306,130,2081464,8996,418,2
T,13016,13739326,130,2081479,8996,414,2
T,13017,13739346,130,2081493,5854,402,2
T,13018,13739366,130,2081510,5854,272,2
T,13019,13739386,130,2081527,5854,401,2
T,13020,13739406,130,2081546,5854,171,2
T,13021,13739426,130,2081566,5854,349,2
T,13022,13739446,130,2081587,6568,146,2
T,13023,13739466,130,2081610,6568,274,2
T,13024,13739486,130,2081633,6568,212,2
T,13025,13739506,130,2081657,6568,268,2
T,13026,13739526,130,2081682,6568,171,2
T,13027,13739546,130,2081707,8496,294,2
T,13028,13739566,130,2081732,8496,168,2
T,13029,13739586,130,2081756,8496,278,2
T,13030,13739606,130,2081780,8496,135,2
T,13031,13739626,130,2081803,8496,249,2
T,13032,13739646,130,2081826,8496,304,2

[host] drv timeout 2000
drv timeout 2000
timeout 2000 ms, 2000 ms remaining
  any 'drv duty' kicks it; re-issuing this command kicks it too
> T,13033,13739666,130,2081849,8496,203,2
T,13034,13739686,130,2081872,8496,277,2
T,13035,13739706,130,2081896,8496,129,2
T,13036,13739726,130,2081920,8496,230,2
T,13037,13739746,130,2081945,8425,145,2
T,13038,13739766,130,2081972,8425,256,2
T,13039,13739786,130,2081998,8425,119,2
T,13040,13739806,130,2082023,8425,310,2
T,13041,13739826,130,2082046,8425,199,2
T,13042,13739846,130,2082069,8925,283,2
T,13043,13739866,130,2082093,8925,141,2
T,13044,13739886,130,2082114,8925,390,2
T,13045,13739906,130,2082132,8925,194,2
T,13046,13739926,130,2082147,8925,478,2
T,13047,13739946,130,2082159,6711,382,2
T,13048,13739966,130,2082171,6711,422,2
T,13049,13739986,130,2082184,6711,331,2
T,13050,13740006,130,2082199,6711,427,2
T,13051,13740026,130,2082215,6711,299,2
T,13052,13740046,130,2082232,4998,354,2
T,13053,13740066,130,2082249,4998,235,2
T,13054,13740086,130,2082269,4998,347,2
T,13055,13740106,130,2082289,4998,231,2
T,13056,13740126,130,2082311,4998,293,2
T,13057,13740146,130,2082333,7140,148,2

[host] drv timeout 2000
drv timeout 2000
timeout 2000 ms, 2000 ms remaining
  any 'drv duty' kicks it; re-issuing this command kicks it too
> T,13058,13740166,130,2082356,7140,289,2
T,13059,13740186,130,2082380,7140,110,2
T,13060,13740206,130,2082404,7140,316,2
T,13061,13740226,130,2082428,7140,174,2
T,13062,13740246,130,2082452,8496,274,2
T,13063,13740266,130,2082476,8496,219,2
T,13064,13740286,130,2082498,8496,273,2
T,13065,13740306,130,2082520,8496,258,2
T,13066,13740326,130,2082542,8496,336,2
T,13067,13740346,130,2082564,7996,225,2
T,13068,13740366,130,2082587,7996,326,2
T,13069,13740386,130,2082610,7996,180,2
T,13070,13740406,130,2082635,7996,237,2
T,13071,13740426,130,2082660,7996,174,2
T,13072,13740446,130,2082686,8639,248,2
T,13073,13740466,130,2082712,8639,140,2
T,13074,13740486,130,2082736,8639,328,2
T,13075,13740506,130,2082759,8639,199,2
T,13076,13740526,130,2082783,8639,107,2
T,13077,13740546,130,2082806,8639,281,2
T,13078,13740566,130,2082826,8639,235,2
T,13079,13740586,130,2082841,8639,545,2
T,13080,13740606,130,2082856,8639,403,2
T,13081,13740626,130,2082869,8639,440,2
T,13082,13740646,130,2082883,5712,317,2

[host] drv timeout 2000
drv timeT,13083,13740666,130,2082897,5712,306,2
out 2000
timeout 2000 ms, 2000 ms remaining
  any 'drv duty' kicks it; re-issuing this command kicks it too
> T,13084,13740686,130,2082913,5712,322,2
T,13085,13740706,130,2082930,5712,294,2
T,13086,13740726,130,2082948,5712,374,2
T,13087,13740746,130,2082967,5854,196,2
T,13088,13740766,130,2082987,5854,311,2
T,13089,13740786,130,2083008,5854,135,2
T,13090,13740806,130,2083031,5854,327,2
T,13091,13740826,130,2083054,5854,265,2
T,13092,13740846,130,2083078,7854,341,2
T,13093,13740866,130,2083101,7854,136,2
T,13094,13740886,130,2083125,7854,279,2
T,13095,13740906,130,2083149,7854,84,2
T,13096,13740926,130,2083173,7854,291,2
T,13097,13740946,130,2083197,8496,151,2
T,13098,13740966,130,2083220,8496,121,2
T,13099,13740986,130,2083244,8496,140,2
T,13100,13741006,130,2083268,8496,210,2
T,13101,13741026,130,2083292,8496,124,2
T,13102,13741046,130,2083317,8496,87,2
T,13103,13741066,130,2083343,8496,82,2
T,13104,13741086,130,2083369,8496,258,2
T,13105,13741106,130,2083396,8496,190,2
T,13106,13741126,130,2083421,8496,270,2
T,13107,13741146,130,2083445,9210,114,2

[host] drv timeout 2000
drvT,13108,13741166,130,2083468,9210,300,2
 timeout 2000
timeout 2000 ms, 2000 ms remaining
  any 'drv duty' kicks it; re-issuing this command kicks it too
> T,13109,13741186,130,2083492,9210,192,2
T,13110,13741206,130,2083515,9210,323,2
T,13111,13741226,130,2083533,9210,245,2
T,13112,13741246,130,2083549,7639,432,2
T,13113,13741266,130,2083565,7639,414,2
T,13114,13741286,130,2083580,7639,325,2
T,13115,13741306,130,2083595,7639,240,2
T,13116,13741326,130,2083612,7639,427,2
T,13117,13741346,130,2083628,5569,232,2
T,13118,13741366,130,2083647,5569,294,2
T,13119,13741386,130,2083665,5569,123,2
T,13120,13741406,130,2083685,5569,339,2
T,13121,13741426,130,2083705,5569,229,2
T,13122,13741446,130,2083727,6925,339,2
T,13123,13741466,130,2083750,6925,227,2
T,13124,13741486,130,2083773,6925,236,2
T,13125,13741506,130,2083797,6925,183,2
T,13126,13741526,130,2083822,6925,349,2
T,13127,13741546,130,2083847,8568,144,2
T,13128,13741566,130,2083869,8568,310,2
T,13129,13741586,130,2083892,8568,132,2
T,13130,13741606,130,2083916,8568,286,2
T,13131,13741626,130,2083940,8568,225,2
T,13132,13741646,130,2083963,8282,270,2

[host] drv timeout 2000
T,13133,13741666,130,2083986,8282,116,2
drv timeout 2000
timeout 2000 ms, 2000 ms remaining
  any 'drv duty' kicks it; re-issuing this command kicks it too
> T,13134,13741686,130,2084009,8282,130,2
T,13135,13741706,130,2084033,8282,100,2
T,13136,13741726,130,2084058,8282,150,2
T,13137,13741746,130,2084083,8568,180,2
T,13138,13741766,130,2084108,8568,184,2
T,13139,13741786,130,2084133,8568,185,2
T,13140,13741806,130,2084159,8568,243,2
T,13141,13741826,130,2084183,8568,224,2
T,13142,13741846,130,2084206,8853,403,2
T,13143,13741866,130,2084226,8853,316,2
T,13144,13741886,130,2084241,8853,389,2
T,13145,13741906,130,2084253,8853,409,2
T,13146,13741926,130,2084267,8853,465,2
T,13147,13741946,130,2084281,5426,277,2
T,13148,13741966,130,2084296,5426,408,2
T,13149,13741986,130,2084313,5426,392,2
T,13150,13742006,130,2084331,5426,395,2
T,13151,13742026,130,2084351,5426,211,2
T,13152,13742046,130,2084371,6283,328,2
T,13153,13742066,130,2084391,6283,237,2
T,13154,13742086,130,2084413,6283,285,2
T,13155,13742106,130,2084436,6283,193,2
T,13156,13742126,130,2084460,6283,320,2
T,13157,13742146,130,2084484,8068,162,2

[host] drv timeout 2000
T,13158,13742166,130,2084509,8068,304,2
drv timeout 2000
timeout 2000 ms, 2000 ms remaining
  any 'drv duty' kicks it; re-issuing this command kicks it too
> T,13159,13742186,130,2084534,8068,167,2
T,13160,13742206,130,2084560,8068,102,2
T,13161,13742226,130,2084584,8068,144,2
T,13162,13742246,130,2084608,8782,192,2
T,13163,13742266,130,2084630,8782,194,2
T,13164,13742286,130,2084653,8782,352,2
T,13165,13742306,130,2084676,8782,185,2
T,13166,13742326,130,2084700,8782,328,2
T,13167,13742346,130,2084724,8282,93,2
T,13168,13742366,130,2084749,8282,291,2
T,13169,13742386,130,2084775,8282,120,2
T,13170,13742406,130,2084801,8282,252,2
T,13171,13742426,130,2084826,8282,182,2
T,13172,13742446,130,2084851,9139,283,2
T,13173,13742466,130,2084875,9139,103,2
T,13174,13742486,130,2084899,9139,281,2
T,13175,13742506,130,2084923,9139,158,2
T,13176,13742526,130,2084942,9139,438,2
T,13177,13742546,130,2084959,7854,233,2
T,13178,13742566,130,2084975,7854,538,2
T,13179,13742586,130,2084990,7854,215,2
T,13180,13742606,130,2085006,7854,438,2
T,13181,13742626,130,2085023,7854,304,2
T,13182,13742646,130,2085040,5783,402,2

[host] drv timeout 2000
T,13183,13742666,130,2085059,5783,246,2
drv timeout 2000
timeout 2000 ms, 2000 ms remaining
  any 'drv duty' kicks it; re-issuing this command kicks it too
> T,13184,13742686,130,2085078,5783,198,2
T,13185,13742706,130,2085098,5783,325,2
T,13186,13742726,130,2085120,5783,97,2
T,13187,13742746,130,2085143,7211,185,2
T,13188,13742766,130,2085167,7211,206,2
T,13189,13742786,130,2085191,7211,102,2
T,13190,13742806,130,2085216,7211,126,2
T,13191,13742826,130,2085240,7211,152,2
T,13192,13742846,130,2085263,8568,274,2
T,13193,13742866,130,2085286,8568,230,2
T,13194,13742886,130,2085309,8568,323,2
T,13195,13742906,130,2085331,8568,200,2
T,13196,13742926,130,2085352,8568,328,2
T,13197,13742946,130,2085374,7996,150,2
T,13198,13742966,130,2085397,7996,252,2
T,13199,13742986,130,2085420,7996,128,2
T,13200,13743006,130,2085443,7996,342,2
T,13201,13743026,130,2085467,7996,209,2
T,13202,13743046,130,2085491,8282,293,2
T,13203,13743066,130,2085515,8282,187,2
T,13204,13743086,130,2085540,8282,224,2
T,13205,13743106,130,2085564,8282,198,2
T,13206,13743126,130,2085588,8282,274,2
T,13207,13743146,130,2085612,8639,148,2
T,13208,13743166,130,2085633,863
[host] drv timeout 2000
9,364,2
drv timeout 2000
timeout 2000 ms, 2000 ms remaining
  any 'drv duty' kicks it; re-issuing this command kicks it too
> T,13209,13743186,130,2085649,8639,376,2
T,13210,13743206,130,2085663,8639,369,2
T,13211,13743226,130,2085678,8639,493,2
T,13212,13743246,130,2085693,5926,252,2
T,13213,13743266,130,2085710,5926,391,2
T,13214,13743286,130,2085727,5926,241,2
T,13215,13743306,130,2085744,5926,408,2
T,13216,13743326,130,2085763,5926,302,2
T,13217,13743346,130,2085783,6283,336,2
T,13218,13743366,130,2085803,6283,184,2
T,13219,13743386,130,2085825,6283,262,2
T,13220,13743406,130,2085848,6283,199,2
T,13221,13743426,130,2085872,6283,305,2
T,13222,13743446,130,2085896,8068,82,2
T,13223,13743466,130,2085920,8068,317,2
T,13224,13743486,130,2085941,8068,233,2
T,13225,13743506,130,2085964,8068,245,2
T,13226,13743526,130,2085985,8068,261,2
T,13227,13743546,130,2086007,7925,350,2
T,13228,13743566,130,2086028,7925,208,2
T,13229,13743586,130,2086049,7925,354,2
T,13230,13743606,130,2086071,7925,222,2
T,13231,13743626,130,2086093,7925,304,2
T,13232,13743646,130,2086116,7782,169,2
T,13233,13743666,130,2086138,778
[host] drv timeout 2000
2,337,2
drv timeout 2000
timeout 2000 ms, 2000 ms remaining
  any 'drv duty' kicks it; re-issuing this command kicks it too
> T,13234,13743686,130,2086162,7782,109,2
T,13235,13743706,130,2086186,7782,121,2
T,13236,13743726,130,2086211,7782,132,2
T,13237,13743746,130,2086235,8496,187,2
T,13238,13743766,130,2086260,8496,236,2
T,13239,13743786,130,2086284,8496,187,2
T,13240,13743806,130,2086307,8496,325,2
T,13241,13743826,130,2086330,8496,265,2
T,13242,13743846,130,2086349,8282,370,2
T,13243,13743866,130,2086365,8282,268,2
T,13244,13743886,130,2086382,8282,466,2
T,13245,13743906,130,2086399,8282,290,2
T,13246,13743926,130,2086416,8282,320,2
T,13247,13743946,130,2086433,5997,227,2
T,13248,13743966,130,2086452,5997,376,2
T,13249,13743986,130,2086471,5997,219,2
T,13250,13744006,130,2086491,5997,353,2
T,13251,13744026,130,2086512,5997,224,2
T,13252,13744046,130,2086535,7140,321,2
T,13253,13744066,130,2086558,7140,137,2
T,13254,13744086,130,2086582,7140,291,2
T,13255,13744106,130,2086607,7140,169,2
T,13256,13744126,130,2086632,7140,128,2
T,13257,13744146,130,2086657,8639,193,2
T,13258,13744166,130,2086682,8639,177,2

[host] drv timeout 2000
drv timeout 2000
timeout 2000 ms, 2000 ms remaining
  any 'drv duty' kicks it; re-issuing this command kicks it too
> T,13259,13744186,130,2086707,8639,153,2
T,13260,13744206,130,2086729,8639,116,2
T,13261,13744226,130,2086751,8639,178,2
T,13262,13744246,130,2086773,8425,210,2
T,13263,13744266,130,2086796,8425,277,2
T,13264,13744286,130,2086819,8425,209,2
T,13265,13744306,130,2086842,8425,332,2
T,13266,13744326,130,2086865,8425,196,2
T,13267,13744346,130,2086889,8211,267,2
T,13268,13744366,130,2086913,8211,169,2
T,13269,13744386,130,2086938,8211,322,2
T,13270,13744406,130,2086962,8211,214,2
T,13271,13744426,130,2086986,8211,212,2
T,13272,13744446,130,2087010,8639,102,2
T,13273,13744466,130,2087032,8639,387,2
T,13274,13744486,130,2087049,8639,230,2
T,13275,13744506,130,2087065,8639,560,2
T,13276,13744526,130,2087081,8639,279,2
T,13277,13744546,130,2087097,6354,430,2
T,13278,13744566,130,2087113,6354,349,2
T,13279,13744586,130,2087131,6354,304,2
T,13280,13744606,130,2087149,6354,408,2
T,13281,13744626,130,2087169,6354,209,2
T,13282,13744646,130,2087189,6497,316,2
T,13283,13744666,130,2087211,6497,211,2

[host] drv timeout 2000
drv timeout 2000
timeout 2000 ms, 2000 ms remaining
  any 'drv duty' kicks it; re-issuing this command kicks it too
> T,13284,13744686,130,2087233,6497,119,2
T,13285,13744706,130,2087256,6497,389,2
T,13286,13744726,130,2087280,6497,208,2
T,13287,13744746,130,2087305,8139,270,2
T,13288,13744766,130,2087329,8139,136,2
T,13289,13744786,130,2087354,8139,316,2
T,13290,13744806,130,2087377,8139,121,2
T,13291,13744826,130,2087400,8139,344,2
T,13292,13744846,130,2087422,8496,93,2
T,13293,13744866,130,2087445,8496,304,2
T,13294,13744886,130,2087468,8496,142,2
T,13295,13744906,130,2087492,8496,339,2
T,13296,13744926,130,2087514,8496,164,2
T,13297,13744946,130,2087537,8211,307,2
T,13298,13744966,130,2087561,8211,91,2
T,13299,13744986,130,2087585,8211,256,2
T,13300,13745006,130,2087610,8211,130,2
T,13301,13745026,130,2087635,8211,273,2
T,13302,13745046,130,2087660,8639,91,2
T,13303,13745066,130,2087685,8639,269,2
T,13304,13745086,130,2087709,8639,179,2
T,13305,13745106,130,2087732,8639,342,2
T,13306,13745126,130,2087751,8639,341,2
T,13307,13745146,130,2087767,7925,432,2
T,13308,13745166,130,2087783,7925,268,2

[host] drv timeout 2000
drv timeout 2000
timeout 2000 ms, 2000 ms remaining
  any 'drv duty' kicks it; re-issuing this command kicks it too
> T,13309,13745186,130,2087800,7925,278,2
T,13310,13745206,130,2087818,7925,161,2
T,13311,13745226,130,2087836,7925,375,2
T,13312,13745246,130,2087856,6211,264,2
T,13313,13745266,130,2087876,6211,425,2
T,13314,13745286,130,2087896,6211,307,2
T,13315,13745306,130,2087917,6211,348,2
T,13316,13745326,130,2087940,6211,247,2
T,13317,13745346,130,2087964,7568,291,2
T,13318,13745366,130,2087988,7568,126,2
T,13319,13745386,130,2088012,7568,269,2
T,13320,13745406,130,2088037,7568,203,2
T,13321,13745426,130,2088063,7568,114,2
T,13322,13745446,130,2088086,8782,125,2
T,13323,13745466,130,2088109,8782,357,2
T,13324,13745486,130,2088132,8782,279,2
T,13325,13745506,130,2088155,8782,258,2
T,13326,13745526,130,2088178,8782,211,2
T,13327,13745546,130,2088202,8282,262,2
T,13328,13745566,130,2088226,8282,199,2
T,13329,13745586,130,2088251,8282,305,2
T,13330,13745606,130,2088276,8282,180,2
T,13331,13745626,130,2088300,8282,269,2
T,13332,13745646,130,2088325,8782,150,2
T,13333,13745666,130,2088351,8782,236,2

[host] drv timeout 2000
drv timeout 2000
timeout 2000 ms, 2000 ms remaining
  any 'drv duty' kicks it; re-issuing this command kicks it too
> T,13334,13745686,130,2088376,8782,113,2
T,13335,13745706,130,2088401,8782,162,2
T,13336,13745726,130,2088425,8782,307,2
T,13337,13745746,130,2088444,8639,235,2
T,13338,13745766,130,2088460,8639,429,2
T,13339,13745786,130,2088475,8639,334,2
T,13340,13745806,130,2088491,8639,445,2
T,13341,13745826,130,2088508,8639,345,2
T,13342,13745846,130,2088525,5783,344,2
T,13343,13745866,130,2088543,5783,200,2
T,13344,13745886,130,2088562,5783,374,2
T,13345,13745906,130,2088583,5783,221,2
T,13346,13745926,130,2088604,5783,345,2
T,13347,13745946,130,2088626,7068,124,2
T,13348,13745966,130,2088649,7068,273,2
T,13349,13745986,130,2088673,7068,139,2
T,13350,13746006,130,2088698,7068,307,2
T,13351,13746026,130,2088723,7068,108,2
T,13352,13746046,130,2088748,8639,291,2
T,13353,13746066,130,2088773,8639,182,2
T,13354,13746086,130,2088796,8639,329,2
T,13355,13746106,130,2088818,8639,129,2
T,13356,13746126,130,2088841,8639,288,2
T,13357,13746146,130,2088864,8353,124,2
T,13358,13746166,130,2088888,8353,281,2

[host] drv timeout 2000
drv timeout 2000
timeout 2000 ms, 2000 ms remaining
  any 'drv duty' kicks it; re-issuing this command kicks it too
> T,13359,13746186,130,2088911,8353,141,2
T,13360,13746206,130,2088935,8353,316,2
T,13361,13746226,130,2088959,8353,124,2
T,13362,13746246,130,2088983,8496,316,2
T,13363,13746266,130,2089008,8496,208,2
T,13364,13746286,130,2089033,8496,268,2
T,13365,13746306,130,2089058,8496,161,2
T,13366,13746326,130,2089083,8496,296,2
T,13367,13746346,130,2089108,8925,81,2
T,13368,13746366,130,2089130,8925,355,2
T,13369,13746386,130,2089149,8925,226,2
T,13370,13746406,130,2089166,8925,376,2
T,13371,13746426,130,2089181,8925,286,2
T,13372,13746446,130,2089197,6497,460,2
T,13373,13746466,130,2089214,6497,253,2
T,13374,13746486,130,2089232,6497,375,2
T,13375,13746506,130,2089251,6497,301,2
T,13376,13746526,130,2089271,6497,277,2
T,13377,13746546,130,2089292,6640,161,2
T,13378,13746566,130,2089313,6640,337,2
T,13379,13746586,130,2089336,6640,229,2
T,13380,13746606,130,2089359,6640,278,2
T,13381,13746626,130,2089383,6640,217,2
T,13382,13746646,130,2089408,8211,294,2
T,13383,13746666,130,2089433,8211,251,2

[host] drv timeout 2000
drv timeout 2000
timeout 2000 ms, 2000 ms remaining
  any 'drv duty' kicks it; re-issuing this command kicks it too
> T,13384,13746686,130,2089458,8211,99,2
T,13385,13746706,130,2089481,8211,108,2
T,13386,13746726,130,2089504,8211,323,2
T,13387,13746746,130,2089527,8568,145,2
T,13388,13746766,130,2089550,8568,147,2
T,13389,13746786,130,2089573,8568,156,2
T,13390,13746806,130,2089597,8568,124,2
T,13391,13746826,130,2089621,8568,115,2
T,13392,13746846,130,2089646,8496,259,2
T,13393,13746866,130,2089671,8496,267,2
T,13394,13746886,130,2089696,8496,174,2
T,13395,13746906,130,2089722,8496,273,2
T,13396,13746926,130,2089747,8496,146,2
T,13397,13746946,130,2089772,8996,257,2
T,13398,13746966,130,2089796,8996,163,2
T,13399,13746986,130,2089820,8996,339,2
T,13400,13747006,130,2089838,8996,405,2
T,13401,13747026,130,2089854,8996,361,2
T,13402,13747046,130,2089868,7068,307,2
T,13403,13747066,130,2089883,7068,485,2
T,13404,13747086,130,2089899,7068,333,2
T,13405,13747106,130,2089915,7068,336,2
T,13406,13747126,130,2089933,7068,288,2
T,13407,13747146,130,2089951,5783,382,2
T,13408,13747166,130,2089972,5783,233,2

[host] drv timeout 2000
drv timeout 2000
timeout 2000 ms, 2000 ms remaining
  any 'drv duty' kicks it; re-issuing this command kicks it too
> T,13409,13747186,130,2089993,5783,192,2
T,13410,13747206,130,2090016,5783,328,2
T,13411,13747226,130,2090040,5783,210,2
T,13412,13747246,130,2090064,7925,277,2
T,13413,13747266,130,2090088,7925,136,2
T,13414,13747286,130,2090112,7925,299,2
T,13415,13747306,130,2090136,7925,220,2
T,13416,13747326,130,2090159,7925,341,2
T,13417,13747346,130,2090183,8568,136,2
T,13418,13747366,130,2090206,8568,273,2
T,13419,13747386,130,2090228,8568,135,2
T,13420,13747406,130,2090251,8568,235,2
T,13421,13747426,130,2090274,8568,155,2
T,13422,13747446,130,2090298,8211,295,2
T,13423,13747466,130,2090323,8211,150,2
T,13424,13747486,130,2090349,8211,274,2
T,13425,13747506,130,2090376,8211,164,2
T,13426,13747526,130,2090402,8211,264,2
T,13427,13747546,130,2090427,9210,150,2
T,13428,13747566,130,2090449,9210,264,2
T,13429,13747586,130,2090473,9210,184,2
T,13430,13747606,130,2090497,9210,279,2
T,13431,13747626,130,2090518,9210,264,2
T,13432,13747646,130,2090536,7925,438,2
T,13433,13747666,130,2090551,7925,280,2

[host] drv timeout 2000
drv timeout 2000
timeout 2000 ms, 2000 ms remaining
  any 'drv duty' kicks it; re-issuing this command kicks it too
> T,13434,13747686,130,2090564,7925,370,2
T,13435,13747706,130,2090576,7925,229,2
T,13436,13747726,130,2090591,7925,288,2
T,13437,13747746,130,2090607,5069,361,2
T,13438,13747766,130,2090624,5069,248,2
T,13439,13747786,130,2090642,5069,264,2
T,13440,13747806,130,2090662,5069,265,2
T,13441,13747826,130,2090683,5069,280,2
T,13442,13747846,130,2090705,6854,99,2
T,13443,13747866,130,2090727,6854,309,2
T,13444,13747886,130,2090751,6854,190,2
T,13445,13747906,130,2090775,6854,237,2
T,13446,13747926,130,2090799,6854,247,2
T,13447,13747946,130,2090824,8496,259,2
T,13448,13747966,130,2090849,8496,178,2
T,13449,13747986,130,2090875,8496,315,2
T,13450,13748006,130,2090899,8496,188,2
T,13451,13748026,130,2090921,8496,296,2
T,13452,13748046,130,2090944,8568,89,2
T,13453,13748066,130,2090967,8568,232,2
T,13454,13748086,130,2090990,8568,258,2
T,13455,13748106,130,2091015,8568,264,2
T,13456,13748126,130,2091039,8568,157,2
T,13457,13748146,130,2091065,8568,114,2
T,13458,13748166,130,2091091,8568,104,2

[host] drv timeout 2000
drv timeout 2000
timeout 2000 ms, 2000 ms remaining
  any 'drv duty' kicks it; re-issuing this command kicks it too
> T,13459,13748186,130,2091116,8568,131,2
T,13460,13748206,130,2091139,8568,343,2
T,13461,13748226,130,2091161,8568,310,2
T,13462,13748246,130,2091184,8568,316,2
T,13463,13748266,130,2091207,8568,258,2
T,13464,13748286,130,2091225,8568,514,2
T,13465,13748306,130,2091240,8568,336,2
T,13466,13748326,130,2091255,8568,392,2
T,13467,13748346,130,2091267,6140,369,2
T,13468,13748366,130,2091280,6140,459,2
T,13469,13748386,130,2091295,6140,286,2
T,13470,13748406,130,2091311,6140,496,2
T,13471,13748426,130,2091328,6140,251,2
T,13472,13748446,130,2091346,5497,307,2
T,13473,13748466,130,2091365,5497,184,2
T,13474,13748486,130,2091385,5497,283,2
T,13475,13748506,130,2091407,5497,188,2
T,13476,13748526,130,2091429,5497,300,2
T,13477,13748546,130,2091452,7497,104,2
T,13478,13748566,130,2091476,7497,265,2
T,13479,13748586,130,2091499,7497,128,2
T,13480,13748606,130,2091523,7497,203,2
T,13481,13748626,130,2091545,7497,224,2
T,13482,13748646,130,2091569,8353,189,2
T,13483,13748666,130,2091592,8353,273,2

[host] drv timeout 2000
drv timeout 200T,13484,13748686,130,2091616,8353,386,2
0
timeout 2000 ms, 2000 ms remaining
  any 'drv duty' kicks it; re-issuing this command kicks it too
> T,13485,13748706,130,2091639,8353,124,2
T,13486,13748726,130,2091663,8353,344,2
T,13487,13748746,130,2091687,8425,120,2
T,13488,13748766,130,2091712,8425,268,2
T,13489,13748786,130,2091737,8425,132,2
T,13490,13748806,130,2091764,8425,245,2
T,13491,13748826,130,2091791,8425,86,2
T,13492,13748846,130,2091816,9210,252,2
T,13493,13748866,130,2091841,9210,86,2
T,13494,13748886,130,2091865,9210,382,2
T,13495,13748906,130,2091889,9210,116,2
T,13496,13748926,130,2091913,9210,301,2
T,13497,13748946,130,2091932,8425,216,2
T,13498,13748966,130,2091949,8425,445,2
T,13499,13748986,130,2091964,8425,349,2
T,13500,13749006,130,2091979,8425,345,2
T,13501,13749026,130,2091995,8425,257,2
T,13502,13749046,130,2092012,5712,307,2
T,13503,13749066,130,2092029,5712,354,2
T,13504,13749086,130,2092047,5712,349,2
T,13505,13749106,130,2092065,5712,361,2
T,13506,13749126,130,2092085,5712,188,2
T,13507,13749146,130,2092105,6568,285,2
T,13508,13749166,130,2092128,6568,160,2

[host] drv timeout 2000
drv timeT,13509,13749186,130,2092151,6568,209,2
out 2000
timeout 2000 ms, 2000 ms remaining
  any 'drv duty' kicks it; re-issuing this command kicks it too
> T,13510,13749206,130,2092174,6568,332,2
T,13511,13749226,130,2092198,6568,204,2
T,13512,13749246,130,2092223,8282,263,2
T,13513,13749266,130,2092245,8282,139,2
T,13514,13749286,130,2092267,8282,334,2
T,13515,13749306,130,2092289,8282,109,2
T,13516,13749326,130,2092313,8282,363,2
T,13517,13749346,130,2092337,8139,96,2
T,13518,13749366,130,2092360,8139,325,2
T,13519,13749386,130,2092383,8139,201,2
T,13520,13749406,130,2092406,8139,284,2
T,13521,13749426,130,2092430,8139,164,2
T,13522,13749446,130,2092455,8425,257,2
T,13523,13749466,130,2092480,8425,97,2
T,13524,13749486,130,2092505,8425,339,2
T,13525,13749506,130,2092531,8425,123,2
T,13526,13749526,130,2092556,8425,284,2
T,13527,13749546,130,2092581,9067,99,2
T,13528,13749566,130,2092605,9067,278,2
T,13529,13749586,130,2092626,9067,243,2
T,13530,13749606,130,2092641,9067,469,2
T,13531,13749626,130,2092655,9067,453,2
T,13532,13749646,130,2092668,6426,474,2
T,13533,13749666,130,2092683,6426,274,2

[host] drv timeout 2000
T,13534,13749686,130,2092699,6426,361,2
drv timeout 2000
timeout 2000 ms, 2000 ms remaining
  any 'drv duty' kicks it; re-issuing this command kicks it too
> T,13535,13749706,130,2092716,6426,406,2
T,13536,13749726,130,2092734,6426,236,2
T,13537,13749746,130,2092753,5997,307,2
T,13538,13749766,130,2092773,5997,262,2
T,13539,13749786,130,2092795,5997,297,2
T,13540,13749806,130,2092817,5997,177,2
T,13541,13749826,130,2092840,5997,229,2
T,13542,13749846,130,2092864,7782,120,2
T,13543,13749866,130,2092888,7782,361,2
T,13544,13749886,130,2092913,7782,120,2
T,13545,13749906,130,2092938,7782,229,2
T,13546,13749926,130,2092962,7782,169,2
T,13547,13749946,130,2092984,8568,332,2
T,13548,13749966,130,2093006,8568,241,2
T,13549,13749986,130,2093028,8568,364,2
T,13550,13750006,130,2093049,8568,230,2
T,13551,13750026,130,2093071,8568,345,2
T,13552,13750046,130,2093093,7782,151,2
T,13553,13750066,130,2093116,7782,329,2
T,13554,13750086,130,2093140,7782,103,2
T,13555,13750106,130,2093165,7782,322,2
T,13556,13750126,130,2093191,7782,195,2
T,13557,13750146,130,2093217,8782,254,2
T,13558,13750166,130,2093242,8782,210,2

[host] drv timeout 2000
T,13559,13750186,130,2093266,8782,201,2
drv timeout 2000
timeout 2000 ms, 2000 ms remaining
  any 'drv duty' kicks it; re-issuing this command kicks it too
> T,13560,13750206,130,2093290,8782,109,2
T,13561,13750226,130,2093314,8782,137,2
T,13562,13750246,130,2093335,8568,295,2
T,13563,13750266,130,2093352,8568,397,2
T,13564,13750286,130,2093369,8568,348,2
T,13565,13750306,130,2093385,8568,327,2
T,13566,13750326,130,2093401,8568,450,2
T,13567,13750346,130,2093419,5997,222,2
T,13568,13750366,130,2093437,5997,231,2
T,13569,13750386,130,2093455,5997,434,2
T,13570,13750406,130,2093475,5997,227,2
T,13571,13750426,130,2093496,5997,360,2
T,13572,13750446,130,2093517,6997,126,2
T,13573,13750466,130,2093540,6997,312,2
T,13574,13750486,130,2093564,6997,192,2
T,13575,13750506,130,2093588,6997,107,2
T,13576,13750526,130,2093613,6997,201,2
T,13577,13750546,130,2093638,8568,248,2
T,13578,13750566,130,2093662,8568,225,2
T,13579,13750586,130,2093685,8568,251,2
T,13580,13750606,130,2093709,8568,188,2
T,13581,13750626,130,2093731,8568,347,2
T,13582,13750646,130,2093752,8139,182,2
T,13583,13750666,130,2093773,8139,278,2
T,13584,13750686,130,2093795,813
[host] drv timeout 2000
9,357,2
drv timeout 2000
timeout 2000 ms, 2000 ms remaining
  any 'drv duty' kicks it; re-issuing this command kicks it too
> T,13585,13750706,130,2093818,8139,158,2
T,13586,13750726,130,2093841,8139,262,2
T,13587,13750746,130,2093864,7996,97,2
T,13588,13750766,130,2093888,7996,289,2
T,13589,13750786,130,2093912,7996,196,2
T,13590,13750806,130,2093937,7996,300,2
T,13591,13750826,130,2093962,7996,182,2
T,13592,13750846,130,2093987,8710,273,2
T,13593,13750866,130,2094011,8710,216,2
T,13594,13750886,130,2094032,8710,407,2
T,13595,13750906,130,2094049,8710,315,2
T,13596,13750926,130,2094064,8710,498,2
T,13597,13750946,130,2094078,6783,242,2
T,13598,13750966,130,2094093,6783,408,2
T,13599,13750986,130,2094110,6783,295,2
T,13600,13751006,130,2094127,6783,470,2
T,13601,13751026,130,2094145,6783,232,2
T,13602,13751046,130,2094164,6069,327,2
T,13603,13751066,130,2094184,6069,192,2
T,13604,13751086,130,2094205,6069,321,2
T,13605,13751106,130,2094227,6069,124,2
T,13606,13751126,130,2094250,6069,274,2
T,13607,13751146,130,2094274,7711,120,2
T,13608,13751166,130,2094298,7711,326,2
T,13609,13751186,130,2094323,771
[host] drv timeout 2000
1,134,2
drv timeout 2000
timeout 2000 ms, 2000 ms remaining
  any 'drv duty' kicks it; re-issuing this command kicks it too
> T,13610,13751206,130,2094345,7711,297,2
T,13611,13751226,130,2094367,7711,182,2
T,13612,13751246,130,2094388,8211,210,2
T,13613,13751266,130,2094411,8211,205,2
T,13614,13751286,130,2094431,8211,254,2
T,13615,13751306,130,2094453,8211,296,2
T,13616,13751326,130,2094475,8211,195,2
T,13617,13751346,130,2094497,7782,297,2
T,13618,13751366,130,2094519,7782,141,2
T,13619,13751386,130,2094542,7782,334,2
T,13620,13751406,130,2094565,7782,169,2
T,13621,13751426,130,2094589,7782,312,2
T,13622,13751446,130,2094613,8211,87,2
T,13623,13751466,130,2094638,8211,326,2
T,13624,13751486,130,2094663,8211,192,2
T,13625,13751506,130,2094687,8211,193,2
T,13626,13751526,130,2094710,8211,219,2
T,13627,13751546,130,2094732,8568,332,2
T,13628,13751566,130,2094750,8568,316,2
T,13629,13751586,130,2094765,8568,451,2
T,13630,13751606,130,2094781,8568,345,2
T,13631,13751626,130,2094797,8568,380,2
T,13632,13751646,130,2094814,5926,209,2
T,13633,13751666,130,2094832,5926,482,2
T,13634,13751686,130,2094849,592
[host] drv timeout 2000
6,230,2
drv timeout 2000
timeout 2000 ms, 2000 ms remaining
  any 'drv duty' kicks it; re-issuing this command kicks it too
> T,13635,13751706,130,2094868,5926,336,2
T,13636,13751726,130,2094888,5926,243,2
T,13637,13751746,130,2094909,6711,321,2
T,13638,13751766,130,2094931,6711,194,2
T,13639,13751786,130,2094954,6711,211,2
T,13640,13751806,130,2094978,6711,208,2
T,13641,13751826,130,2095002,6711,299,2
T,13642,13751846,130,2095027,8282,99,2
T,13643,13751866,130,2095052,8282,263,2
T,13644,13751886,130,2095077,8282,192,2
T,13645,13751906,130,2095100,8282,349,2
T,13646,13751926,130,2095122,8282,125,2
T,13647,13751946,130,2095144,8425,332,2
T,13648,13751966,130,2095166,8425,221,2
T,13649,13751986,130,2095188,8425,279,2
T,13650,13752006,130,2095210,8425,242,2
T,13651,13752026,130,2095232,8425,317,2
T,13652,13752046,130,2095254,7854,135,2
T,13653,13752066,130,2095277,7854,293,2
T,13654,13752086,130,2095300,7854,147,2
T,13655,13752106,130,2095324,7854,289,2
T,13656,13752126,130,2095348,7854,162,2
T,13657,13752146,130,2095372,8425,261,2
T,13658,13752166,130,2095397,8425,188,2
T,13659,13752186,130,2095420,842
[host] drv timeout 2000
5,273,2
drv timeout 2000
timeout 2000 ms, 2000 ms remaining
  any 'drv duty' kicks it; re-issuing this command kicks it too
> T,13660,13752206,130,2095439,8425,454,2
T,13661,13752226,130,2095455,8425,265,2
T,13662,13752246,130,2095469,7140,481,2
T,13663,13752266,130,2095485,7140,341,2
T,13664,13752286,130,2095501,7140,401,2
T,13665,13752306,130,2095518,7140,307,2
T,13666,13752326,130,2095536,7140,458,2
T,13667,13752346,130,2095554,5926,205,2
T,13668,13752366,130,2095574,5926,332,2
T,13669,13752386,130,2095595,5926,247,2
T,13670,13752406,130,2095617,5926,265,2
T,13671,13752426,130,2095640,5926,267,2
T,13672,13752446,130,2095664,7711,332,2
T,13673,13752466,130,2095688,7711,156,2
T,13674,13752486,130,2095713,7711,288,2
T,13675,13752506,130,2095738,7711,211,2
T,13676,13752526,130,2095762,7711,259,2
T,13677,13752546,130,2095784,8710,134,2
T,13678,13752566,130,2095807,8710,269,2
T,13679,13752586,130,2095829,8710,148,2
T,13680,13752606,130,2095853,8710,152,2
T,13681,13752626,130,2095876,8710,210,2
T,13682,13752646,130,2095900,8211,201,2
T,13683,13752666,130,2095924,8211,270,2
T,13684,13752686,130,2095948,8211,204,2

[host] drv timeout 2000
drv timeout 2000
timeout 2000 ms, 2000 ms remaining
  any 'drv duty' kicks it; re-issuing this command kicks it too
> T,13685,13752706,130,2095973,8211,269,2
T,13686,13752726,130,2095997,8211,128,2
T,13687,13752746,130,2096022,8710,281,2
T,13688,13752766,130,2096047,8710,115,2
T,13689,13752786,130,2096072,8710,259,2
T,13690,13752806,130,2096098,8710,179,2
T,13691,13752826,130,2096122,8710,315,2
T,13692,13752846,130,2096143,8710,225,2
T,13693,13752866,130,2096161,8710,357,2
T,13694,13752886,130,2096177,8710,226,2
T,13695,13752906,130,2096193,8710,408,2
T,13696,13752926,130,2096210,8710,229,2
T,13697,13752946,130,2096228,6140,405,2
T,13698,13752966,130,2096247,6140,215,2
T,13699,13752986,130,2096267,6140,306,2
T,13700,13753006,130,2096286,6140,198,2
T,13701,13753026,130,2096307,6140,322,2
T,13702,13753046,130,2096330,7140,238,2
T,13703,13753066,130,2096353,7140,215,2
T,13704,13753086,130,2096377,7140,311,2
T,13705,13753106,130,2096401,7140,171,2
T,13706,13753126,130,2096426,7140,253,2
T,13707,13753146,130,2096452,8639,140,2
T,13708,13753166,130,2096477,8639,289,2
T,13709,13753186,130,2096500,8639,169,2

[host] drv timeout 2000
drv timeout 2000
timeout 2000 ms, 2000 ms remaining
  any 'drv duty' kicks it; re-issuing this command kicks it too
> T,13710,13753206,130,2096523,8639,265,2
T,13711,13753226,130,2096545,8639,147,2
T,13712,13753246,130,2096568,8353,331,2
T,13713,13753266,130,2096591,8353,258,2
T,13714,13753286,130,2096614,8353,306,2
T,13715,13753306,130,2096637,8353,238,2
T,13716,13753326,130,2096661,8353,221,2
T,13717,13753346,130,2096685,8282,145,2
T,13718,13753366,130,2096709,8282,280,2
T,13719,13753386,130,2096734,8282,61,2
T,13720,13753406,130,2096759,8282,286,2
T,13721,13753426,130,2096784,8282,104,2
T,13722,13753446,130,2096808,8853,288,2
T,13723,13753466,130,2096831,8853,151,2
T,13724,13753486,130,2096848,8853,349,2
T,13725,13753506,130,2096864,8853,306,2
T,13726,13753526,130,2096879,8853,523,2
T,13727,13753546,130,2096895,6354,222,2
T,13728,13753566,130,2096912,6354,361,2
T,13729,13753586,130,2096929,6354,280,2
T,13730,13753606,130,2096947,6354,371,2

[host] drv duty 11
T,13731,13753626,130,2096967,6354,263,2
drv duty 11
duty +11%
> T,13732,13753646,110,2096986,6426,144,2
T,13733,13753666,110,2097006,6426,167,2
T,13734,13753686,110,2097027,6426,166,2
T,13735,13753706,110,2097047,6426,216,2
T,13736,13753726,110,2097068,6426,78,2
T,13737,13753746,110,2097089,7354,68,2
T,13738,13753766,110,2097111,7354,70,2
T,13739,13753786,110,2097132,7354,77,2
T,13740,13753806,110,2097152,7354,214,2
T,13741,13753826,110,2097172,7354,71,2
T,13742,13753846,110,2097190,7211,263,2
T,13743,13753866,110,2097208,7211,130,2
T,13744,13753886,110,2097227,7211,214,2
T,13745,13753906,110,2097245,7211,105,2
T,13746,13753926,110,2097264,7211,343,2
T,13747,13753946,110,2097283,6640,114,2
T,13748,13753966,110,2097301,6640,89,2
T,13749,13753986,110,2097320,6640,113,2
T,13750,13754006,110,2097340,6640,108,2
T,13751,13754026,110,2097360,6640,73,2
T,13752,13754046,110,2097380,6925,70,2
T,13753,13754066,110,2097401,6925,70,2
T,13754,13754086,110,2097423,6925,231,2
T,13755,13754106,110,2097444,6925,62,2
T,13756,13754126,110,2097465,6925,299,2

[host] drv timeout 2000
drv timeout 2000
timeout 2000 ms, 2000 ms remaining
  any 'drv duty' kicks it; re-issuing this command kicks it too
> T,13757,13754146,110,2097486,7568,83,2
T,13758,13754166,110,2097506,7568,235,2
T,13759,13754186,110,2097524,7568,146,2
T,13760,13754206,110,2097539,7568,196,2
T,13761,13754226,110,2097552,7568,171,2
T,13762,13754246,110,2097564,5712,248,2
T,13763,13754266,110,2097577,5712,160,2
T,13764,13754286,110,2097590,5712,236,2
T,13765,13754306,110,2097603,5712,322,2
T,13766,13754326,110,2097616,5712,148,2
T,13767,13754346,110,2097629,4641,299,2
T,13768,13754366,110,2097644,4641,193,2
T,13769,13754386,110,2097659,4641,147,2
T,13770,13754406,110,2097675,4641,110,2
T,13771,13754426,110,2097692,4641,205,2
T,13772,13754446,110,2097711,5712,376,2
T,13773,13754466,110,2097730,5712,91,2
T,13774,13754486,110,2097749,5712,75,2
T,13775,13754506,110,2097769,5712,270,2
T,13776,13754526,110,2097789,5712,75,2
T,13777,13754546,110,2097810,7068,241,2
T,13778,13754566,110,2097831,7068,80,2
T,13779,13754586,110,2097852,7068,309,2
T,13780,13754606,110,2097871,7068,103,2
T,13781,13754626,110,2097890,7068,277,2

[host] drv timeout 2000
drv timeout 2000
timeout 2000 ms, 2000 ms remaining
  any 'drv duty' kicks it; re-issuing this command kicks it too
> T,13782,13754646,110,2097909,7140,113,2
T,13783,13754666,110,2097928,7140,134,2
T,13784,13754686,110,2097947,7140,128,2
T,13785,13754706,110,2097965,7140,155,2
T,13786,13754726,110,2097985,7140,83,2
T,13787,13754746,110,2098004,6783,86,2
T,13788,13754766,110,2098024,6783,227,2
T,13789,13754786,110,2098045,6783,88,2
T,13790,13754806,110,2098065,6783,66,2
T,13791,13754826,110,2098086,6783,270,2
T,13792,13754846,110,2098107,7211,89,2
T,13793,13754866,110,2098128,7211,182,2
T,13794,13754886,110,2098148,7211,83,2
T,13795,13754906,110,2098169,7211,288,2
T,13796,13754926,110,2098190,7211,82,2
T,13797,13754946,110,2098209,7425,283,2
T,13798,13754966,110,2098224,7425,167,2
T,13799,13754986,110,2098237,7425,206,2
T,13800,13755006,110,2098247,7425,293,2
T,13801,13755026,110,2098256,7425,229,2
T,13802,13755046,110,2098266,4212,382,2
T,13803,13755066,110,2098276,4212,334,2
T,13804,13755086,110,2098286,4212,325,2
T,13805,13755106,110,2098297,4212,196,2
T,13806,13755126,110,2098308,4212,291,2

[host] drv timeout 2000
drv timeout 2000
timeout 2000 ms, 2000 ms remaining
  any 'drv duty' kicks it; re-issuing this command kicks it too
> T,13807,13755146,110,2098319,3784,273,2
T,13808,13755166,110,2098332,3784,285,2
T,13809,13755186,110,2098346,3784,166,2
T,13810,13755206,110,2098363,3784,115,2
T,13811,13755226,110,2098380,3784,100,2
T,13812,13755246,110,2098399,5497,131,2
T,13813,13755266,110,2098418,5497,92,2
T,13814,13755286,110,2098438,5497,119,2
T,13815,13755306,110,2098457,5497,158,2
T,13816,13755326,110,2098477,5497,161,2
T,13817,13755346,110,2098496,6997,129,2
T,13818,13755366,110,2098516,6997,87,2
T,13819,13755386,110,2098534,6997,264,2
T,13820,13755406,110,2098553,6997,100,2
T,13821,13755426,110,2098572,6997,573,2
T,13822,13755446,110,2098590,6640,113,2
T,13823,13755466,110,2098607,6640,288,2
T,13824,13755486,110,2098625,6640,100,2
T,13825,13755506,110,2098641,6640,252,2
T,13826,13755526,110,2098659,6640,114,2
T,13827,13755546,110,2098678,6283,82,2
T,13828,13755566,110,2098697,6283,64,2
T,13829,13755586,110,2098717,6283,48,2
T,13830,13755606,110,2098739,6283,237,2
T,13831,13755626,110,2098761,6283,41,2

[host] drv timeout 2000
drv timeout 2000
timeout 2000 ms, 2000 ms remaining
  any 'drv duty' kicks it; re-issuing this command kicks it too
> T,13832,13755646,110,2098782,7425,46,2
T,13833,13755666,110,2098802,7425,116,2
T,13834,13755686,110,2098821,7425,108,2
T,13835,13755706,110,2098840,7425,150,2
T,13836,13755726,110,2098860,7425,89,2
T,13837,13755746,110,2098880,6997,86,2
T,13838,13755766,110,2098899,6997,107,2
T,13839,13755786,110,2098915,6997,157,2
T,13840,13755806,110,2098928,6997,317,2
T,13841,13755826,110,2098937,6997,274,2
T,13842,13755846,110,2098944,4783,313,2
T,13843,13755866,110,2098950,4783,281,2
T,13844,13755886,110,2098957,4783,405,2
T,13845,13755906,110,2098963,4783,286,2
T,13846,13755926,110,2098971,4783,338,2
T,13847,13755946,110,2098979,2570,376,2
T,13848,13755966,110,2098988,2570,221,2
T,13849,13755986,110,2098999,2570,171,2
T,13850,13756006,110,2099011,2570,201,2
T,13851,13756026,110,2099023,2570,194,2
T,13852,13756046,110,2099036,3927,211,2
T,13853,13756066,110,2099051,3927,126,2
T,13854,13756086,110,2099066,3927,160,2
T,13855,13756106,110,2099081,3927,145,2
T,13856,13756126,110,2099097,3927,231,2

[host] drv timeout 2000
drv timeout 2000
timeout 2000 ms, 2000 ms remaining
  any 'drv duty' kicks it; re-issuing this command kicks it too
> T,13857,13756146,110,2099115,5569,139,2
T,13858,13756166,110,2099133,5569,105,2
T,13859,13756186,110,2099152,5569,113,2
T,13860,13756206,110,2099171,5569,198,2
T,13861,13756226,110,2099190,5569,80,2
T,13862,13756246,110,2099209,6640,75,2
T,13863,13756266,110,2099229,6640,67,2
T,13864,13756286,110,2099248,6640,86,2
T,13865,13756306,110,2099268,6640,210,2
T,13866,13756326,110,2099286,6640,105,2
T,13867,13756346,110,2099304,6783,128,2
T,13868,13756366,110,2099321,6783,88,2
T,13869,13756386,110,2099339,6783,264,2
T,13870,13756406,110,2099357,6783,87,2
T,13871,13756426,110,2099375,6783,150,2
T,13872,13756446,110,2099394,6426,142,2
T,13873,13756466,110,2099413,6426,99,2
T,13874,13756486,110,2099435,6426,238,2
T,13875,13756506,110,2099456,6426,56,2
T,13876,13756526,110,2099478,6426,64,2
T,13877,13756546,110,2099499,7497,80,2
T,13878,13756566,110,2099518,7497,102,2
T,13879,13756586,110,2099536,7497,224,2
T,13880,13756606,110,2099556,7497,75,2
T,13881,13756626,110,2099575,7497,84,2

[host] drv timeout 2000
drv timeout 2000
timeout 2000 ms, 2000 ms remaining
  any 'drv duty' kicks it; re-issuing this command kicks it too
> T,13882,13756646,110,2099595,6854,158,2
T,13883,13756666,110,2099612,6854,130,2
T,13884,13756686,110,2099626,6854,353,2
T,13885,13756706,110,2099636,6854,486,2
T,13886,13756726,110,2099645,6854,272,2
T,13887,13756746,110,2099652,4355,312,2
T,13888,13756766,110,2099660,4355,310,2
T,13889,13756786,110,2099668,4355,219,2
T,13890,13756806,110,2099678,4355,209,2
T,13891,13756826,110,2099688,4355,249,2
T,13892,13756846,110,2099698,3213,253,2
T,13893,13756866,110,2099709,3213,193,2
T,13894,13756886,110,2099722,3213,230,2
T,13895,13756906,110,2099735,3213,252,2
T,13896,13756926,110,2099750,3213,148,2
T,13897,13756946,110,2099766,4712,118,2
T,13898,13756966,110,2099783,4712,194,2
T,13899,13756986,110,2099801,4712,162,2
T,13900,13757006,110,2099819,4712,87,2
T,13901,13757026,110,2099839,4712,290,2
T,13902,13757046,110,2099858,6497,59,2
T,13903,13757066,110,2099878,6497,248,2
T,13904,13757086,110,2099897,6497,82,2
T,13905,13757106,110,2099917,6497,82,2
T,13906,13757126,110,2099936,6497,235,2

[host] drv timeout 2000
drv timeout 2000
timeout 2000 ms, 2000 ms remaining
  any 'drv duty' kicks it; re-issuing this command kicks it too
> T,13907,13757146,110,2099956,6997,108,2
T,13908,13757166,110,2099976,6997,118,2
T,13909,13757186,110,2099994,6997,141,2
T,13910,13757206,110,2100012,6997,107,2
T,13911,13757226,110,2100031,6997,104,2
T,13912,13757246,110,2100050,6711,75,2
T,13913,13757266,110,2100069,6711,76,2
T,13914,13757286,110,2100089,6711,131,2
T,13915,13757306,110,2100109,6711,94,2
T,13916,13757326,110,2100131,6711,45,2
T,13917,13757346,110,2100153,7282,82,2
T,13918,13757366,110,2100175,7282,187,2
T,13919,13757386,110,2100196,7282,77,2
T,13920,13757406,110,2100215,7282,99,2
T,13921,13757426,110,2100234,7282,257,2
T,13922,13757446,110,2100253,7282,55,2
T,13923,13757466,110,2100273,7282,279,2
T,13924,13757486,110,2100293,7282,129,2
T,13925,13757506,110,2100309,7282,323,2
T,13926,13757526,110,2100324,7282,188,2
T,13927,13757546,110,2100335,5997,304,2
T,13928,13757566,110,2100343,5997,231,2
T,13929,13757586,110,2100352,5997,385,2
T,13930,13757606,110,2100362,5997,198,2
T,13931,13757626,110,2100372,5997,174,2

[host] drv timeout 2000
drv timeout 2000
timeout 2000 ms, 2000 ms remaining
  any 'drv duty' kicks it; re-issuing this command kicks it too
> T,13932,13757646,110,2100383,3355,185,2
T,13933,13757666,110,2100393,3355,241,2
T,13934,13757686,110,2100404,3355,270,2
T,13935,13757706,110,2100415,3355,277,2
T,13936,13757726,110,2100427,3355,158,2
T,13937,13757746,110,2100440,4069,297,2
T,13938,13757766,110,2100453,4069,131,2
T,13939,13757786,110,2100468,4069,157,2
T,13940,13757806,110,2100483,4069,167,2
T,13941,13757826,110,2100499,4069,102,2
T,13942,13757846,110,2100516,5355,140,2
T,13943,13757866,110,2100533,5355,92,2
T,13944,13757886,110,2100552,5355,88,2
T,13945,13757906,110,2100571,5355,258,2
T,13946,13757926,110,2100591,5355,150,2
T,13947,13757946,110,2100610,6640,102,2
T,13948,13757966,110,2100628,6640,93,2
T,13949,13757986,110,2100646,6640,279,2
T,13950,13758006,110,2100664,6640,110,2
T,13951,13758026,110,2100683,6640,187,2
T,13952,13758046,110,2100701,6568,112,2
T,13953,13758066,110,2100718,6568,176,2
T,13954,13758086,110,2100735,6568,93,2
T,13955,13758106,110,2100753,6568,245,2
T,13956,13758126,110,2100771,6568,86,2

[host] drv timeout 2000
drv timeout 200T,13957,13758146,110,2100790,6283,104,2
0
timeout 2000 ms, 2000 ms remaining
  any 'drv duty' kicks it; re-issuing this command kicks it too
> T,13958,13758166,110,2100809,6283,130,2
T,13959,13758186,110,2100829,6283,51,2
T,13960,13758206,110,2100851,6283,62,2
T,13961,13758226,110,2100872,6283,56,2
T,13962,13758246,110,2100893,7354,245,2
T,13963,13758266,110,2100913,7354,81,2
T,13964,13758286,110,2100932,7354,305,2
T,13965,13758306,110,2100951,7354,94,2
T,13966,13758326,110,2100970,7354,77,2
T,13967,13758346,110,2100990,6925,99,2
T,13968,13758366,110,2101008,6925,121,2
T,13969,13758386,110,2101023,6925,370,2
T,13970,13758406,110,2101035,6925,252,2
T,13971,13758426,110,2101043,6925,376,2
T,13972,13758446,110,2101051,4641,278,2
T,13973,13758466,110,2101059,4641,325,2
T,13974,13758486,110,2101067,4641,370,2
T,13975,13758506,110,2101076,4641,200,2
T,13976,13758526,110,2101086,4641,342,2
T,13977,13758546,110,2101096,3141,285,2
T,13978,13758566,110,2101108,3141,199,2
T,13979,13758586,110,2101121,3141,169,2
T,13980,13758606,110,2101135,3141,171,2
T,13981,13758626,110,2101149,3141,121,2

[host] drv timeout 2000
drv T,13982,13758646,110,2101165,4783,262,2
timeout 2000
timeout 2000 ms, 2000 ms remaining
  any 'drv duty' kicks it; re-issuing this command kicks it too
> T,13983,13758666,110,2101181,4783,172,2
T,13984,13758686,110,2101198,4783,125,2
T,13985,13758706,110,2101216,4783,83,2
T,13986,13758726,110,2101235,4783,96,2
T,13987,13758746,110,2101254,6283,115,2
T,13988,13758766,110,2101273,6283,145,2
T,13989,13758786,110,2101293,6283,112,2
T,13990,13758806,110,2101313,6283,75,2
T,13991,13758826,110,2101333,6283,72,2
T,13992,13758846,110,2101353,7068,82,2
T,13993,13758866,110,2101371,7068,96,2
T,13994,13758886,110,2101389,7068,93,2
T,13995,13758906,110,2101407,7068,200,2
T,13996,13758926,110,2101424,7068,169,2
T,13997,13758946,110,2101440,6354,169,2
T,13998,13758966,110,2101457,6354,82,2
T,13999,13758986,110,2101476,6354,164,2
T,14000,13759006,110,2101494,6354,87,2
T,14001,13759026,110,2101513,6354,201,2
T,14002,13759046,110,2101534,6568,38,2
T,14003,13759066,110,2101555,6568,247,2
T,14004,13759086,110,2101577,6568,50,2
T,14005,13759106,110,2101598,6568,56,2
T,14006,13759126,110,2101617,6568,224,2

[host] drv timeout 2000
T,14007,13759146,110,2101636,7282,114,2
drv timeout 2000
timeout 2000 ms, 2000 ms remaining
  any 'drv duty' kicks it; re-issuing this command kicks it too
> T,14008,13759166,110,2101655,7282,156,2
T,14009,13759186,110,2101674,7282,70,2
T,14010,13759206,110,2101694,7282,87,2
T,14011,13759226,110,2101713,7282,119,2
T,14012,13759246,110,2101728,6711,231,2
T,14013,13759266,110,2101741,6711,332,2
T,14014,13759286,110,2101751,6711,215,2
T,14015,13759306,110,2101760,6711,210,2
T,14016,13759326,110,2101769,6711,168,2
T,14017,13759346,110,2101779,3712,261,2
T,14018,13759366,110,2101790,3712,176,2
T,14019,13759386,110,2101801,3712,235,2
T,14020,13759406,110,2101812,3712,216,2
T,14021,13759426,110,2101824,3712,155,2
T,14022,13759446,110,2101836,3998,240,2
T,14023,13759466,110,2101849,3998,235,2
T,14024,13759486,110,2101864,3998,180,2
T,14025,13759506,110,2101880,3998,155,2
T,14026,13759526,110,2101897,3998,96,2
T,14027,13759546,110,2101915,5497,109,2
T,14028,13759566,110,2101933,5497,126,2
T,14029,13759586,110,2101952,5497,97,2
T,14030,13759606,110,2101972,5497,62,2
T,14031,13759626,110,2101991,5497,100,2

[host] drv timeout 2000
T,14032,13759646,110,2102011,6854,99,2
drv timeout 2000
timeout 2000 ms, 2000 ms remaining
  any 'drv duty' kicks it; re-issuing this command kicks it too
> T,14033,13759666,110,2102030,6854,141,2
T,14034,13759686,110,2102048,6854,107,2
T,14035,13759706,110,2102066,6854,109,2
T,14036,13759726,110,2102084,6854,168,2
T,14037,13759746,110,2102100,6426,132,2
T,14038,13759766,110,2102116,6426,183,2
T,14039,13759786,110,2102131,6426,152,2
T,14040,13759806,110,2102146,6426,302,2
T,14041,13759826,110,2102162,6426,99,2
T,14042,13759846,110,2102179,5569,109,2
T,14043,13759866,110,2102194,5569,124,2
T,14044,13759886,110,2102212,5569,156,2
T,14045,13759906,110,2102229,5569,107,2
T,14046,13759926,110,2102248,5569,155,2
T,14047,13759946,110,2102267,6283,116,2
T,14048,13759966,110,2102287,6283,92,2
T,14049,13759986,110,2102307,6283,66,2
T,14050,13760006,110,2102327,6283,97,2
T,14051,13760026,110,2102348,6283,253,2
T,14052,13760046,110,2102368,7211,50,2
T,14053,13760066,110,2102389,7211,232,2
T,14054,13760086,110,2102408,7211,116,2
T,14055,13760106,110,2102424,7211,393,2
T,14056,13760126,110,2102436,7211,211,2
T,14057,13760146,110,2102446,578
[host] drv timeout 2000
3,285,2
drv timeout 2000
timeout 2000 ms, 2000 ms remaining
  any 'drv duty' kicks it; re-issuing this command kicks it too
> T,14058,13760166,110,2102456,5783,310,2
T,14059,13760186,110,2102466,5783,258,2
T,14060,13760206,110,2102477,5783,278,2
T,14061,13760226,110,2102488,5783,277,2
T,14062,13760246,110,2102499,3784,214,2
T,14063,13760266,110,2102510,3784,252,2
T,14064,13760286,110,2102523,3784,190,2
T,14065,13760306,110,2102536,3784,173,2
T,14066,13760326,110,2102550,3784,142,2
T,14067,13760346,110,2102565,4641,192,2
T,14068,13760366,110,2102581,4641,125,2
T,14069,13760386,110,2102598,4641,136,2
T,14070,13760406,110,2102616,4641,131,2
T,14071,13760426,110,2102634,4641,92,2
T,14072,13760446,110,2102653,6140,105,2
T,14073,13760466,110,2102672,6140,67,2
T,14074,13760486,110,2102692,6140,76,2
T,14075,13760506,110,2102712,6140,109,2
T,14076,13760526,110,2102730,6140,87,2
T,14077,13760546,110,2102747,6783,147,2
T,14078,13760566,110,2102765,6783,132,2
T,14079,13760586,110,2102782,6783,148,2
T,14080,13760606,110,2102799,6783,151,2
T,14081,13760626,110,2102815,6783,116,2
T,14082,13760646,110,2102831,599
[host] drv timeout 2000
7,294,2
drv timeout 2000
timeout 2000 ms, 2000 ms remaining
  any 'drv duty' kicks it; re-issuing this command kicks it too
> T,14083,13760666,110,2102848,5997,211,2
T,14084,13760686,110,2102864,5997,160,2
T,14085,13760706,110,2102882,5997,236,2
T,14086,13760726,110,2102900,5997,124,2
T,14087,13760746,110,2102917,6140,126,2
T,14088,13760766,110,2102936,6140,134,2
T,14089,13760786,110,2102955,6140,80,2
T,14090,13760806,110,2102975,6140,91,2
T,14091,13760826,110,2102995,6140,225,2
T,14092,13760846,110,2103015,6925,66,2
T,14093,13760866,110,2103035,6925,313,2
T,14094,13760886,110,2103056,6925,99,2
T,14095,13760906,110,2103076,6925,86,2
T,14096,13760926,110,2103094,6925,281,2
T,14097,13760946,110,2103113,6997,87,2
T,14098,13760966,110,2103130,6997,206,2
T,14099,13760986,110,2103144,6997,171,2
T,14100,13761006,110,2103156,6997,208,2
T,14101,13761026,110,2103169,6997,182,2
T,14102,13761046,110,2103181,4998,251,2
T,14103,13761066,110,2103193,4998,288,2
T,14104,13761086,110,2103205,4998,139,2
T,14105,13761106,110,2103217,4998,151,2
T,14106,13761126,110,2103231,4998,185,2
T,14107,13761146,110,2103244,449
[host] drv timeout 2000
8,156,2
drv timeout 2000
timeout 2000 ms, 2000 ms remaining
  any 'drv duty' kicks it; re-issuing this command kicks it too
> T,14108,13761166,110,2103259,4498,229,2
T,14109,13761186,110,2103274,4498,151,2
T,14110,13761206,110,2103291,4498,134,2
T,14111,13761226,110,2103308,4498,92,2
T,14112,13761246,110,2103327,5783,75,2
T,14113,13761266,110,2103346,5783,267,2
T,14114,13761286,110,2103366,5783,105,2
T,14115,13761306,110,2103386,5783,300,2
T,14116,13761326,110,2103407,5783,121,2
T,14117,13761346,110,2103428,7140,102,2
T,14118,13761366,110,2103448,7140,129,2
T,14119,13761386,110,2103469,7140,89,2
T,14120,13761406,110,2103489,7140,76,2
T,14121,13761426,110,2103507,7140,100,2
T,14122,13761446,110,2103524,6997,204,2
T,14123,13761466,110,2103540,6997,158,2
T,14124,13761486,110,2103557,6997,140,2
T,14125,13761506,110,2103575,6997,116,2
T,14126,13761526,110,2103591,6997,129,2
T,14127,13761546,110,2103607,5926,182,2
T,14128,13761566,110,2103624,5926,103,2
T,14129,13761586,110,2103641,5926,208,2
T,14130,13761606,110,2103660,5926,94,2
T,14131,13761626,110,2103679,5926,92,2
T,14132,13761646,110,2103699,649
[host] drv timeout 2000
7,103,2
drv timeout 2000
timeout 2000 ms, 2000 ms remaining
  any 'drv duty' kicks it; re-issuing this command kicks it too
> T,14133,13761666,110,2103719,6497,96,2
T,14134,13761686,110,2103739,6497,297,2
T,14135,13761706,110,2103759,6497,263,2
T,14136,13761726,110,2103779,6497,67,2
T,14137,13761746,110,2103799,7140,277,2
T,14138,13761766,110,2103817,7140,113,2
T,14139,13761786,110,2103831,7140,391,2
T,14140,13761806,110,2103843,7140,219,2
T,14141,13761826,110,2103852,7140,384,2
T,14142,13761846,110,2103862,4712,230,2
T,14143,13761866,110,2103872,4712,192,2
T,14144,13761886,110,2103883,4712,184,2
T,14145,13761906,110,2103893,4712,172,2
T,14146,13761926,110,2103904,4712,229,2
T,14147,13761946,110,2103914,3712,313,2
T,14148,13761966,110,2103926,3712,256,2
T,14149,13761986,110,2103939,3712,304,2
T,14150,13762006,110,2103954,3712,116,2
T,14151,13762026,110,2103969,3712,102,2
T,14152,13762046,110,2103985,4998,132,2
T,14153,13762066,110,2104003,4998,134,2
T,14154,13762086,110,2104021,4998,110,2
T,14155,13762106,110,2104040,4998,92,2
T,14156,13762126,110,2104059,4998,97,2
T,14157,13762146,110,2104079,6568,277,2

[host] drv timeout 2000
drv timeout 2000
timeout 2000 ms, 2000 ms remaining
  any 'drv duty' kicks it; re-issuing this command kicks it too
> T,14158,13762166,110,2104099,6568,86,2
T,14159,13762186,110,2104119,6568,71,2
T,14160,13762206,110,2104139,6568,62,2
T,14161,13762226,110,2104157,6568,116,2
T,14162,13762246,110,2104175,6925,264,2
T,14163,13762266,110,2104193,6925,105,2
T,14164,13762286,110,2104211,6925,97,2
T,14165,13762306,110,2104228,6925,115,2
T,14166,13762326,110,2104246,6925,246,2
T,14167,13762346,110,2104264,6354,107,2
T,14168,13762366,110,2104282,6354,135,2
T,14169,13762386,110,2104300,6354,110,2
T,14170,13762406,110,2104319,6354,94,2
T,14171,13762426,110,2104337,6354,83,2
T,14172,13762446,110,2104357,6568,73,2
T,14173,13762466,110,2104377,6568,92,2
T,14174,13762486,110,2104397,6568,492,2
T,14175,13762506,110,2104418,6568,52,2
T,14176,13762526,110,2104439,6568,152,2
T,14177,13762546,110,2104460,7354,78,2
T,14178,13762566,110,2104481,7354,66,2
T,14179,13762586,110,2104501,7354,86,2
T,14180,13762606,110,2104520,7354,148,2
T,14181,13762626,110,2104535,7354,173,2
T,14182,13762646,110,2104548,6426,235,2

[host] drv timeout 2000
drv timeout 2000
timeout 2000 ms, 2000 ms remaining
  any 'drv duty' kicks it; re-issuing this command kicks it too
> T,14183,13762666,110,2104559,6426,294,2
T,14184,13762686,110,2104571,6426,339,2
T,14185,13762706,110,2104583,6426,387,2
T,14186,13762726,110,2104595,6426,211,2
T,14187,13762746,110,2104608,4284,172,2
T,14188,13762766,110,2104620,4284,225,2
T,14189,13762786,110,2104633,4284,184,2
T,14190,13762806,110,2104648,4284,232,2
T,14191,13762826,110,2104662,4284,128,2
T,14192,13762846,110,2104677,4926,136,2
T,14193,13762866,110,2104693,4926,102,2
T,14194,13762886,110,2104711,4926,166,2
T,14195,13762906,110,2104729,4926,180,2
T,14196,13762926,110,2104748,4926,135,2
T,14197,13762946,110,2104768,6354,167,2
T,14198,13762966,110,2104788,6354,67,2
T,14199,13762986,110,2104808,6354,76,2
T,14200,13763006,110,2104829,6354,102,2
T,14201,13763026,110,2104848,6354,67,2
T,14202,13763046,110,2104867,7068,103,2
T,14203,13763066,110,2104886,7068,89,2
T,14204,13763086,110,2104905,7068,84,2
T,14205,13763106,110,2104923,7068,128,2
T,14206,13763126,110,2104941,7068,108,2
T,14207,13763146,110,2104960,6640,92,2

[host] drv timeout 2000
drv timeout 2000
timeout 2000 ms, 2000 ms remaining
  any 'drv duty' kicks it; re-issuing this command kicks it too
> T,14208,13763166,110,2104978,6640,183,2
T,14209,13763186,110,2104997,6640,78,2
T,14210,13763206,110,2105016,6640,300,2
T,14211,13763226,110,2105036,6640,66,2
T,14212,13763246,110,2105056,6783,248,2
T,14213,13763266,110,2105076,6783,66,2
T,14214,13763286,110,2105096,6783,72,2
T,14215,13763306,110,2105116,6783,96,2
T,14216,13763326,110,2105137,6783,83,2
T,14217,13763346,110,2105158,7354,289,2
T,14218,13763366,110,2105179,7354,72,2
T,14219,13763386,110,2105200,7354,286,2
T,14220,13763406,110,2105219,7354,132,2
T,14221,13763426,110,2105233,7354,592,2
T,14222,13763446,110,2105245,6426,201,2
T,14223,13763466,110,2105256,6426,363,2
T,14224,13763486,110,2105267,6426,205,2
T,14225,13763506,110,2105279,6426,168,2
T,14226,13763526,110,2105291,6426,150,2
T,14227,13763546,110,2105303,4069,297,2
T,14228,13763566,110,2105315,4069,258,2
T,14229,13763586,110,2105327,4069,371,2
T,14230,13763606,110,2105340,4069,233,2
T,14231,13763626,110,2105356,4069,108,2
T,14232,13763646,110,2105371,4783,172,2

[host] drv timeout 2000
drv timeout 2000
timeout 2000 ms, 2000 ms remaining
  any 'drv duty' kicks it; re-issuing this command kicks it too
> T,14233,13763666,110,2105387,4783,131,2
T,14234,13763686,110,2105405,4783,121,2
T,14235,13763706,110,2105424,4783,91,2
T,14236,13763726,110,2105443,4783,94,2
T,14237,13763746,110,2105462,6426,235,2
T,14238,13763766,110,2105483,6426,56,2
T,14239,13763786,110,2105503,6426,65,2
T,14240,13763806,110,2105524,6426,232,2
T,14241,13763826,110,2105544,6426,61,2
T,14242,13763846,110,2105563,7282,100,2
T,14243,13763866,110,2105581,7282,145,2
T,14244,13763886,110,2105600,7282,87,2
T,14245,13763906,110,2105617,7282,72,2
T,14246,13763926,110,2105634,7282,285,2
T,14247,13763946,110,2105651,6283,104,2
T,14248,13763966,110,2105668,6283,256,2
T,14249,13763986,110,2105686,6283,109,2
T,14250,13764006,110,2105704,6283,128,2
T,14251,13764026,110,2105721,6283,121,2
T,14252,13764046,110,2105740,6283,80,2
T,14253,13764066,110,2105759,6283,64,2
T,14254,13764086,110,2105779,6283,294,2
T,14255,13764106,110,2105799,6283,66,2
T,14256,13764126,110,2105820,6283,62,2
T,14257,13764146,110,2105840,7140,81,2

[host] drv timeout 2000
drv timeout 2000
timeout 2000 ms, 2000 ms remaining
  any 'drv duty' kicks it; re-issuing this command kicks it too
> T,14258,13764166,110,2105861,7140,333,2
T,14259,13764186,110,2105882,7140,109,2
T,14260,13764206,110,2105902,7140,130,2
T,14261,13764226,110,2105919,7140,132,2
T,14262,13764246,110,2105934,6854,196,2
T,14263,13764266,110,2105946,6854,290,2
T,14264,13764286,110,2105957,6854,155,2
T,14265,13764306,110,2105968,6854,243,2
T,14266,13764326,110,2105981,6854,450,2
T,14267,13764346,110,2105993,4212,155,2
T,14268,13764366,110,2106005,4212,157,2
T,14269,13764386,110,2106018,4212,172,2
T,14270,13764406,110,2106031,4212,230,2
T,14271,13764426,110,2106045,4212,166,2
T,14272,13764446,110,2106061,4783,214,2
T,14273,13764466,110,2106077,4783,137,2
T,14274,13764486,110,2106094,4783,168,2
T,14275,13764506,110,2106112,4783,124,2
T,14276,13764526,110,2106131,4783,72,2
T,14277,13764546,110,2106150,6283,144,2
T,14278,13764566,110,2106170,6283,190,2
T,14279,13764586,110,2106190,6283,116,2
T,14280,13764606,110,2106211,6283,83,2
T,14281,13764626,110,2106231,6283,72,2
T,14282,13764646,110,2106252,7282,75,2

[host] drv timeout 2000
drv timeout 2000
timeout 2000 ms, 2000 ms remaining
  any 'drv duty' kicks it; re-issuing this command kicks it too
> T,14283,13764666,110,2106272,7282,105,2
T,14284,13764686,110,2106291,7282,132,2
T,14285,13764706,110,2106309,7282,199,2
T,14286,13764726,110,2106328,7282,142,2
T,14287,13764746,110,2106345,6711,107,2
T,14288,13764766,110,2106364,6711,103,2
T,14289,13764786,110,2106383,6711,107,2
T,14290,13764806,110,2106403,6711,87,2
T,14291,13764826,110,2106422,6711,82,2
T,14292,13764846,110,2106443,6854,195,2
T,14293,13764866,110,2106463,6854,51,2
T,14294,13764886,110,2106483,6854,64,2
T,14295,13764906,110,2106504,6854,221,2
T,14296,13764926,110,2106525,6854,60,2
T,14297,13764946,110,2106546,7425,249,2
T,14298,13764966,110,2106567,7425,83,2
T,14299,13764986,110,2106588,7425,245,2
T,14300,13765006,110,2106607,7425,172,2
T,14301,13765026,110,2106624,7425,225,2
T,14302,13765046,110,2106637,6640,178,2
T,14303,13765066,110,2106648,6640,210,2
T,14304,13765086,110,2106658,6640,184,2
T,14305,13765106,110,2106668,6640,224,2
T,14306,13765126,110,2106678,6640,211,2
T,14307,13765146,110,2106689,3712,201,2

[host] drv timeout 2000
drv timeout 2000
timeout 2000 ms, 2000 ms remaining
  any 'drv duty' kicks it; re-issuing this command kicks it too
> T,14308,13765166,110,2106700,3712,216,2
T,14309,13765186,110,2106710,3712,182,2
T,14310,13765206,110,2106721,3712,157,2
T,14311,13765226,110,2106734,3712,253,2
T,14312,13765246,110,2106748,4212,263,2
T,14313,13765266,110,2106764,4212,203,2
T,14314,13765286,110,2106781,4212,105,2
T,14315,13765306,110,2106799,4212,192,2
T,14316,13765326,110,2106818,4212,96,2
T,14317,13765346,110,2106837,6211,75,2
T,14318,13765366,110,2106856,6211,214,2
T,14319,13765386,110,2106876,6211,84,2
T,14320,13765406,110,2106897,6211,55,2
T,14321,13765426,110,2106917,6211,220,2
T,14322,13765446,110,2106936,7068,112,2
T,14323,13765466,110,2106955,7068,72,2
T,14324,13765486,110,2106974,7068,86,2
T,14325,13765506,110,2106992,7068,166,2
T,14326,13765526,110,2107009,7068,102,2
T,14327,13765546,110,2107027,6497,130,2
T,14328,13765566,110,2107044,6497,99,2
T,14329,13765586,110,2107062,6497,71,2
T,14330,13765606,110,2107081,6497,80,2
T,14331,13765626,110,2107100,6497,283,2
T,14332,13765646,110,2107119,6568,121,2

[host] drv timeout 2000
drv timeout 2000
timeout 2000 ms, 2000 ms remaining
  any 'drv duty' kicks it; re-issuing this command kicks it too
> T,14333,13765666,110,2107140,6568,118,2
T,14334,13765686,110,2107162,6568,144,2
T,14335,13765706,110,2107183,6568,183,2
T,14336,13765726,110,2107203,6568,134,2
T,14337,13765746,110,2107221,7354,166,2
T,14338,13765766,110,2107240,7354,144,2
T,14339,13765786,110,2107259,7354,105,2
T,14340,13765806,110,2107279,7354,114,2
T,14341,13765826,110,2107297,7354,100,2
T,14342,13765846,110,2107313,6640,164,2
T,14343,13765866,110,2107326,6640,221,2
T,14344,13765886,110,2107335,6640,323,2
T,14345,13765906,110,2107342,6640,258,2
T,14346,13765926,110,2107348,6640,233,2
T,14347,13765946,110,2107355,3070,387,2
T,14348,13765966,110,2107362,3070,327,2
T,14349,13765986,110,2107368,3070,259,2
T,14350,13766006,110,2107376,3070,333,2
T,14351,13766026,110,2107384,3070,194,2
T,14352,13766046,110,2107393,2713,243,2
T,14353,13766066,110,2107403,2713,134,2
T,14354,13766086,110,2107415,2713,160,2
T,14355,13766106,110,2107428,2713,148,2
T,14356,13766126,110,2107441,2713,130,2
T,14357,13766146,110,2107456,4426,108,2

[host] drv timeout 2000
drv timeout 2000
timeout 2000 ms, 2000 ms remaining
  any 'drv duty' kicks it; re-issuing this command kicks it too
> T,14358,13766166,110,2107472,4426,104,2
T,14359,13766186,110,2107489,4426,130,2
T,14360,13766206,110,2107507,4426,102,2
T,14361,13766226,110,2107525,4426,119,2
T,14362,13766246,110,2107544,6140,169,2
T,14363,13766266,110,2107563,6140,81,2
T,14364,13766286,110,2107583,6140,60,2
T,14365,13766306,110,2107602,6140,253,2
T,14366,13766326,110,2107622,6140,78,2
T,14367,13766346,110,2107642,6997,275,2
T,14368,13766366,110,2107661,6997,82,2
T,14369,13766386,110,2107679,6997,107,2
T,14370,13766406,110,2107696,6997,109,2
T,14371,13766426,110,2107714,6997,113,2
T,14372,13766446,110,2107731,6426,98,2
T,14373,13766466,110,2107748,6426,109,2
T,14374,13766486,110,2107765,6426,179,2
T,14375,13766506,110,2107784,6426,108,2
T,14376,13766526,110,2107803,6426,182,2
T,14377,13766546,110,2107823,6426,139,2
T,14378,13766566,110,2107844,6426,76,2
T,14379,13766586,110,2107865,6426,113,2
T,14380,13766606,110,2107887,6426,307,2
T,14381,13766626,110,2107907,6426,107,2
T,14382,13766646,110,2107925,7425,89,2

[host] drv timeout 2000
drv timeout 2000
timeout 2000 ms, 2000 ms remaining
  any 'drv duty' kicks it; re-issuing this command kicks it too
> T,14383,13766666,110,2107944,7425,233,2
T,14384,13766686,110,2107964,7425,107,2
T,14385,13766706,110,2107984,7425,81,2
T,14386,13766726,110,2108003,7425,329,2
T,14387,13766746,110,2108018,6711,174,2
T,14388,13766766,110,2108030,6711,227,2
T,14389,13766786,110,2108039,6711,305,2
T,14390,13766806,110,2108047,6711,304,2
T,14391,13766826,110,2108055,6711,272,2
T,14392,13766846,110,2108064,3355,334,2
T,14393,13766866,110,2108072,3355,261,2
T,14394,13766886,110,2108082,3355,162,2
T,14395,13766906,110,2108092,3355,273,2
T,14396,13766926,110,2108103,3355,222,2
T,14397,13766946,110,2108114,3570,180,2
T,14398,13766966,110,2108127,3570,158,2
T,14399,13766986,110,2108140,3570,193,2
T,14400,13767006,110,2108155,3570,126,2
T,14401,13767026,110,2108171,3570,274,2
T,14402,13767046,110,2108187,5069,130,2
T,14403,13767066,110,2108204,5069,112,2
T,14404,13767086,110,2108223,5069,77,2
T,14405,13767106,110,2108241,5069,198,2
T,14406,13767126,110,2108261,5069,71,2
T,14407,13767146,110,2108280,6568,139,2

[host] drv timeout 2000
drv timeout 2000
timeout 2000 ms, 2000 ms remaining
  any 'drv duty' kicks it; re-issuing this command kicks it too
> T,14408,13767166,110,2108300,6568,132,2
T,14409,13767186,110,2108319,6568,83,2
T,14410,13767206,110,2108338,6568,80,2
T,14411,13767226,110,2108358,6568,125,2
T,14412,13767246,110,2108377,6925,256,2
T,14413,13767266,110,2108395,6925,119,2
T,14414,13767286,110,2108413,6925,92,2
T,14415,13767306,110,2108432,6925,77,2
T,14416,13767326,110,2108451,6925,307,2
T,14417,13767346,110,2108471,6711,72,2
T,14418,13767366,110,2108490,6711,241,2
T,14419,13767386,110,2108511,6711,49,2
T,14420,13767406,110,2108532,6711,66,2
T,14421,13767426,110,2108554,6711,60,2
T,14422,13767446,110,2108576,7425,64,2
T,14423,13767466,110,2108597,7425,205,2
T,14424,13767486,110,2108616,7425,107,2
T,14425,13767506,110,2108635,7425,93,2
T,14426,13767526,110,2108654,7425,130,2
T,14427,13767546,110,2108674,7068,82,2
T,14428,13767566,110,2108693,7068,97,2
T,14429,13767586,110,2108710,7068,331,2
T,14430,13767606,110,2108724,7068,168,2
T,14431,13767626,110,2108736,7068,413,2
T,14432,13767646,110,2108746,5355,222,2

[host] drv timeout 2000
drv timeout 2000
timeout 2000 ms, 2000 ms remaining
  any 'drv duty' kicks it; re-issuing this command kicks it too
> T,14433,13767666,110,2108756,5355,215,2
T,14434,13767686,110,2108767,5355,220,2
T,14435,13767706,110,2108778,5355,215,2
T,14436,13767726,110,2108789,5355,160,2
T,14437,13767746,110,2108801,3927,219,2
T,14438,13767766,110,2108813,3927,262,2
T,14439,13767786,110,2108824,3927,304,2
T,14440,13767806,110,2108837,3927,142,2
T,14441,13767826,110,2108851,3927,220,2
T,14442,13767846,110,2108866,4569,273,2
T,14443,13767866,110,2108882,4569,98,2
T,14444,13767886,110,2108899,4569,277,2
T,14445,13767906,110,2108916,4569,139,2
T,14446,13767926,110,2108934,4569,116,2
T,14447,13767946,110,2108953,6140,189,2
T,14448,13767966,110,2108973,6140,94,2
T,14449,13767986,110,2108993,6140,67,2
T,14450,13768006,110,2109012,6140,72,2
T,14451,13768026,110,2109031,6140,112,2
T,14452,13768046,110,2109048,6783,116,2
T,14453,13768066,110,2109066,6783,76,2
T,14454,13768086,110,2109084,6783,84,2
T,14455,13768106,110,2109103,6783,163,2
T,14456,13768126,110,2109121,6783,107,2
T,14457,13768146,110,2109138,6426,139,2

[host] drv timeout 2000
drv timeouT,14458,13768166,110,2109155,6426,178,2
t 2000
timeout 2000 ms, 2000 ms remaining
  any 'drv duty' kicks it; re-issuing this command kicks it too
> T,14459,13768186,110,2109172,6426,89,2
T,14460,13768206,110,2109191,6426,306,2
T,14461,13768226,110,2109210,6426,155,2
T,14462,13768246,110,2109229,6426,92,2
T,14463,13768266,110,2109249,6426,59,2
T,14464,13768286,110,2109270,6426,66,2
T,14465,13768306,110,2109291,6426,243,2
T,14466,13768326,110,2109312,6426,76,2
T,14467,13768346,110,2109331,7282,155,2
T,14468,13768366,110,2109350,7282,107,2
T,14469,13768386,110,2109369,7282,92,2
T,14470,13768406,110,2109389,7282,92,2
T,14471,13768426,110,2109407,7282,318,2
T,14472,13768446,110,2109421,6568,195,2
T,14473,13768466,110,2109433,6568,222,2
T,14474,13768486,110,2109442,6568,280,2
T,14475,13768506,110,2109449,6568,253,2
T,14476,13768526,110,2109456,6568,334,2
T,14477,13768546,110,2109464,3141,286,2
T,14478,13768566,110,2109472,3141,313,2
T,14479,13768586,110,2109481,3141,220,2
T,14480,13768606,110,2109491,3141,187,2
T,14481,13768626,110,2109501,3141,172,2
T,14482,13768646,110,2109513,3427,185,2

[host] drv timeout 2000
T,14483,13768666,110,2109526,3427,155,2
drv timeout 2000
timeout 2000 ms, 2000 ms remaining
  any 'drv duty' kicks it; re-issuing this command kicks it too
> T,14484,13768686,110,2109540,3427,219,2
T,14485,13768706,110,2109556,3427,140,2
T,14486,13768726,110,2109572,3427,187,2
T,14487,13768746,110,2109588,5355,192,2
T,14488,13768766,110,2109606,5355,118,2
T,14489,13768786,110,2109624,5355,155,2
T,14490,13768806,110,2109643,5355,65,2
T,14491,13768826,110,2109663,5355,221,2
T,14492,13768846,110,2109682,6568,76,2
T,14493,13768866,110,2109702,6568,274,2
T,14494,13768886,110,2109722,6568,115,2
T,14495,13768906,110,2109743,6568,337,2
T,14496,13768926,110,2109763,6568,116,2
T,14497,13768946,110,2109781,7140,92,2
T,14498,13768966,110,2109800,7140,116,2
T,14499,13768986,110,2109817,7140,171,2
T,14500,13769006,110,2109835,7140,84,2
T,14501,13769026,110,2109852,7140,323,2
T,14502,13769046,110,2109869,6283,145,2
T,14503,13769066,110,2109888,6283,121,2
T,14504,13769086,110,2109907,6283,60,2
T,14505,13769106,110,2109927,6283,57,2
T,14506,13769126,110,2109948,6283,294,2
T,14507,13769146,110,2109970,7140,61,2

[host] drv timeout 2000
T,14508,13769166,110,2109991,7140,247,2
drv timeout 2000
timeout 2000 ms, 2000 ms remaining
  any 'drv duty' kicks it; re-issuing this command kicks it too
> T,14509,13769186,110,2110011,7140,130,2
T,14510,13769206,110,2110029,7140,97,2
T,14511,13769226,110,2110048,7140,71,2
T,14512,13769246,110,2110067,6925,144,2
T,14513,13769266,110,2110087,6925,112,2
T,14514,13769286,110,2110106,6925,142,2
T,14515,13769306,110,2110123,6925,176,2
T,14516,13769326,110,2110137,6925,155,2
T,14517,13769346,110,2110149,6069,401,2
T,14518,13769366,110,2110159,6069,414,2
T,14519,13769386,110,2110168,6069,300,2
T,14520,13769406,110,2110179,6069,189,2
T,14521,13769426,110,2110190,6069,278,2
T,14522,13769446,110,2110201,3712,232,2
T,14523,13769466,110,2110213,3712,343,2
T,14524,13769486,110,2110224,3712,141,2
T,14525,13769506,110,2110237,3712,166,2
T,14526,13769526,110,2110250,3712,158,2
T,14527,13769546,110,2110265,4426,177,2
T,14528,13769566,110,2110280,4426,135,2
T,14529,13769586,110,2110297,4426,258,2
T,14530,13769606,110,2110314,4426,103,2
T,14531,13769626,110,2110333,4426,107,2
T,14532,13769646,110,2110352,6140,87,2

[host] drv timeout 2000
T,14533,13769666,110,2110371,6140,83,2
drv timeout 2000
timeout 2000 ms, 2000 ms remaining
  any 'drv duty' kicks it; re-issuing this command kicks it too
> T,14534,13769686,110,2110391,6140,80,2
T,14535,13769706,110,2110411,6140,52,2
T,14536,13769726,110,2110431,6140,259,2
T,14537,13769746,110,2110449,6997,83,2
T,14538,13769766,110,2110468,6997,321,2
T,14539,13769786,110,2110486,6997,99,2
T,14540,13769806,110,2110503,6997,140,2
T,14541,13769826,110,2110520,6997,121,2
T,14542,13769846,110,2110536,6211,185,2
T,14543,13769866,110,2110552,6211,161,2
T,14544,13769886,110,2110569,6211,141,2
T,14545,13769906,110,2110586,6211,123,2
T,14546,13769926,110,2110603,6211,82,2
T,14547,13769946,110,2110621,6069,97,2
T,14548,13769966,110,2110640,6069,147,2
T,14549,13769986,110,2110659,6069,185,2
T,14550,13770006,110,2110678,6069,76,2
T,14551,13770026,110,2110698,6069,258,2
T,14552,13770046,110,2110718,6854,83,2
T,14553,13770066,110,2110738,6854,148,2
T,14554,13770086,110,2110759,6854,73,2
T,14555,13770106,110,2110779,6854,561,2
T,14556,13770126,110,2110799,6854,96,2
T,14557,13770146,110,2110817,7140,588,2

[host] drv timeout 2000
T,14558,13770166,110,2110832,7140,310,2
drv timeout 2000
timeout 2000 ms, 2000 ms remaining
  any 'drv duty' kicks it; re-issuing this command kicks it too
> T,14559,13770186,110,2110844,7140,313,2
T,14560,13770206,110,2110853,7140,279,2
T,14561,13770226,110,2110864,7140,214,2
T,14562,13770246,110,2110874,4212,389,2
T,14563,13770266,110,2110884,4212,237,2
T,14564,13770286,110,2110895,4212,375,2
T,14565,13770306,110,2110906,4212,167,2
T,14566,13770326,110,2110917,4212,317,2
T,14567,13770346,110,2110929,3927,212,2
T,14568,13770366,110,2110943,3927,201,2
T,14569,13770386,110,2110956,3927,150,2
T,14570,13770406,110,2110971,3927,212,2
T,14571,13770426,110,2110987,3927,98,2
T,14572,13770446,110,2111004,5212,148,2
T,14573,13770466,110,2111022,5212,137,2
T,14574,13770486,110,2111040,5212,87,2
T,14575,13770506,110,2111060,5212,246,2
T,14576,13770526,110,2111079,5212,87,2
T,14577,13770546,110,2111099,6711,270,2
T,14578,13770566,110,2111117,6711,91,2
T,14579,13770586,110,2111135,6711,113,2
T,14580,13770606,110,2111152,6711,136,2
T,14581,13770626,110,2111169,6711,108,2
T,14582,13770646,110,2111185,6283,192,2
T,14583,13770666,110,2111201,628
[host] drv timeout 2000
3,137,2
drv timeout 2000
timeout 2000 ms, 2000 ms remaining
  any 'drv duty' kicks it; re-issuing this command kicks it too
> T,14584,13770686,110,2111217,6283,104,2
T,14585,13770706,110,2111233,6283,152,2
T,14586,13770726,110,2111249,6283,88,2
T,14587,13770746,110,2111266,5712,123,2
T,14588,13770766,110,2111283,5712,158,2
T,14589,13770786,110,2111300,5712,178,2
T,14590,13770806,110,2111318,5712,273,2
T,14591,13770826,110,2111337,5712,82,2
T,14592,13770846,110,2111356,6354,112,2
T,14593,13770866,110,2111376,6354,100,2
T,14594,13770886,110,2111396,6354,87,2
T,14595,13770906,110,2111416,6354,80,2
T,14596,13770926,110,2111436,6354,235,2
T,14597,13770946,110,2111456,7140,60,2
T,14598,13770966,110,2111476,7140,230,2
T,14599,13770986,110,2111494,7140,120,2
T,14600,13771006,110,2111512,7140,366,2
T,14601,13771026,110,2111529,7140,152,2
T,14602,13771046,110,2111542,6354,178,2
T,14603,13771066,110,2111555,6354,451,2
T,14604,13771086,110,2111566,6354,214,2
T,14605,13771106,110,2111577,6354,514,2
T,14606,13771126,110,2111589,6354,161,2
T,14607,13771146,110,2111601,4141,158,2
T,14608,13771166,110,2111613,414
[host] drv timeout 2000
1,222,2
drv timeout 2000
timeout 2000 ms, 2000 ms remaining
  any 'drv duty' kicks it; re-issuing this command kicks it too
> T,14609,13771186,110,2111626,4141,208,2
T,14610,13771206,110,2111639,4141,174,2
T,14611,13771226,110,2111653,4141,116,2
T,14612,13771246,110,2111668,4783,192,2
T,14613,13771266,110,2111685,4783,142,2
T,14614,13771286,110,2111702,4783,136,2
T,14615,13771306,110,2111720,4783,93,2
T,14616,13771326,110,2111739,4783,108,2
T,14617,13771346,110,2111759,6283,163,2
T,14618,13771366,110,2111778,6283,89,2
T,14619,13771386,110,2111799,6283,267,2
T,14620,13771406,110,2111819,6283,51,2
T,14621,13771426,110,2111840,6283,477,2
T,14622,13771446,110,2111860,7282,56,2
T,14623,13771466,110,2111881,7282,62,2
T,14624,13771486,110,2111900,7282,199,2
T,14625,13771506,110,2111917,7282,156,2
T,14626,13771526,110,2111934,7282,98,2
T,14627,13771546,110,2111952,6640,112,2
T,14628,13771566,110,2111970,6640,96,2
T,14629,13771586,110,2111988,6640,112,2
T,14630,13771606,110,2112005,6640,361,2
T,14631,13771626,110,2112023,6640,113,2
T,14632,13771646,110,2112041,6283,93,2
T,14633,13771666,110,2112060,6283,115,2

[host] drv timeout 2000
drv timeout 2000
timeout 2000 ms, 2000 ms remaining
  any 'drv duty' kicks it; re-issuing this command kicks it too
> T,14634,13771686,110,2112079,6283,152,2
T,14635,13771706,110,2112099,6283,92,2
T,14636,13771726,110,2112118,6283,157,2
T,14637,13771746,110,2112138,6925,65,2
T,14638,13771766,110,2112159,6925,227,2
T,14639,13771786,110,2112179,6925,67,2
T,14640,13771806,110,2112199,6925,99,2
T,14641,13771826,110,2112218,6925,348,2
T,14642,13771846,110,2112234,6925,147,2
T,14643,13771866,110,2112247,6925,185,2
T,14644,13771886,110,2112258,6925,284,2
T,14645,13771906,110,2112268,6925,265,2
T,14646,13771926,110,2112279,6925,290,2
T,14647,13771946,110,2112291,4141,293,2
T,14648,13771966,110,2112301,4141,284,2
T,14649,13771986,110,2112313,4141,203,2
T,14650,13772006,110,2112324,4141,263,2
T,14651,13772026,110,2112336,4141,116,2
T,14652,13772046,110,2112351,4212,209,2
T,14653,13772066,110,2112366,4212,180,2
T,14654,13772086,110,2112383,4212,183,2
T,14655,13772106,110,2112400,4212,93,2
T,14656,13772126,110,2112419,4212,112,2
T,14657,13772146,110,2112437,6140,148,2
T,14658,13772166,110,2112457,6140,76,2

[host] drv timeout 2000
drv timeout 2000
timeout 2000 ms, 2000 ms remaining
  any 'drv duty' kicks it; re-issuing this command kicks it too
> T,14659,13772186,110,2112477,6140,125,2
T,14660,13772206,110,2112498,6140,93,2
T,14661,13772226,110,2112519,6140,198,2
T,14662,13772246,110,2112539,7211,100,2
T,14663,13772266,110,2112559,7211,148,2
T,14664,13772286,110,2112577,7211,89,2
T,14665,13772306,110,2112595,7211,245,2
T,14666,13772326,110,2112613,7211,94,2
T,14667,13772346,110,2112631,6568,267,2
T,14668,13772366,110,2112649,6568,84,2
T,14669,13772386,110,2112667,6568,110,2
T,14670,13772406,110,2112684,6568,205,2
T,14671,13772426,110,2112702,6568,114,2
T,14672,13772446,110,2112720,6426,155,2
T,14673,13772466,110,2112739,6426,114,2
T,14674,13772486,110,2112758,6426,89,2
T,14675,13772506,110,2112778,6426,55,2
T,14676,13772526,110,2112799,6426,55,2
T,14677,13772546,110,2112819,6997,73,2
T,14678,13772566,110,2112840,6997,62,2
T,14679,13772586,110,2112860,6997,51,2
T,14680,13772606,110,2112881,6997,267,2
T,14681,13772626,110,2112901,6997,113,2
T,14682,13772646,110,2112919,7211,256,2
T,14683,13772666,110,2112935,7211,167,2

[host] drv timeout 2000
drv timeout 2000
timeout 2000 ms, 2000 ms remaining
  any 'drv duty' kicks it; re-issuing this command kicks it too
> T,14684,13772686,110,2112947,7211,268,2
T,14685,13772706,110,2112958,7211,208,2
T,14686,13772726,110,2112969,7211,168,2
T,14687,13772746,110,2112980,4498,203,2
T,14688,13772766,110,2112992,4498,177,2
T,14689,13772786,110,2113004,4498,179,2
T,14690,13772806,110,2113017,4498,177,2
T,14691,13772826,110,2113031,4498,216,2
T,14692,13772846,110,2113044,4498,132,2
T,14693,13772866,110,2113059,4498,315,2
T,14694,13772886,110,2113073,4498,126,2
T,14695,13772906,110,2113090,4498,329,2
T,14696,13772926,110,2113107,4498,83,2
T,14697,13772946,110,2113125,5712,274,2
T,14698,13772966,110,2113144,5712,108,2
T,14699,13772986,110,2113164,5712,205,2
T,14700,13773006,110,2113184,5712,67,2
T,14701,13773026,110,2113205,5712,64,2
T,14702,13773046,110,2113225,7068,68,2
T,14703,13773066,110,2113246,7068,73,2
T,14704,13773086,110,2113265,7068,217,2
T,14705,13773106,110,2113284,7068,148,2
T,14706,13773126,110,2113302,7068,104,2
T,14707,13773146,110,2113320,6854,130,2
T,14708,13773166,110,2113338,6854,312,2

[host] drv timeout 2000
drv timeout 2000
timeout 2000 ms, 2000 ms remaining
  any 'drv duty' kicks it; re-issuing this command kicks it too
> T,14709,13773186,110,2113357,6854,109,2
T,14710,13773206,110,2113376,6854,112,2
T,14711,13773226,110,2113395,6854,84,2
T,14712,13773246,110,2113414,6640,118,2
T,14713,13773266,110,2113433,6640,256,2
T,14714,13773286,110,2113453,6640,118,2
T,14715,13773306,110,2113473,6640,76,2
T,14716,13773326,110,2113494,6640,72,2
T,14717,13773346,110,2113515,7211,216,2
T,14718,13773366,110,2113536,7211,67,2
T,14719,13773386,110,2113557,7211,65,2
T,14720,13773406,110,2113578,7211,241,2
T,14721,13773426,110,2113599,7211,78,2
T,14722,13773446,110,2113618,7425,322,2
T,14723,13773466,110,2113634,7425,153,2
T,14724,13773486,110,2113646,7425,428,2
T,14725,13773506,110,2113657,7425,219,2
T,14726,13773526,110,2113669,7425,476,2
T,14727,13773546,110,2113680,4569,136,2
T,14728,13773566,110,2113692,4569,189,2
T,14729,13773586,110,2113704,4569,209,2
T,14730,13773606,110,2113716,4569,180,2
T,14731,13773626,110,2113729,4569,166,2
T,14732,13773646,110,2113743,4426,288,2
T,14733,13773666,110,2113758,4426,210,2

[host] drv timeout 2000
drv timeout 2000
timeout 2000 ms, 2000 ms remaining
  any 'drv duty' kicks it; re-issuing this command kicks it too
> T,14734,13773686,110,2113773,4426,198,2
T,14735,13773706,110,2113791,4426,136,2
T,14736,13773726,110,2113808,4426,81,2
T,14737,13773746,110,2113827,5854,110,2
T,14738,13773766,110,2113847,5854,89,2
T,14739,13773786,110,2113867,5854,245,2
T,14740,13773806,110,2113887,5854,68,2
T,14741,13773826,110,2113908,5854,65,2
T,14742,13773846,110,2113929,7282,66,2
T,14743,13773866,110,2113950,7282,61,2
T,14744,13773886,110,2113969,7282,80,2
T,14745,13773906,110,2113988,7282,215,2
T,14746,13773926,110,2114006,7282,103,2
T,14747,13773946,110,2114024,6854,108,2
T,14748,13773966,110,2114043,6854,103,2
T,14749,13773986,110,2114061,6854,157,2
T,14750,13774006,110,2114080,6854,93,2
T,14751,13774026,110,2114099,6854,98,2
T,14752,13774046,110,2114117,6640,129,2
T,14753,13774066,110,2114136,6640,132,2
T,14754,13774086,110,2114155,6640,80,2
T,14755,13774106,110,2114175,6640,75,2
T,14756,13774126,110,2114196,6640,39,2
T,14757,13774146,110,2114217,7068,72,2
T,14758,13774166,110,2114238,7068,62,2

[host] drv timeout 2000
drv timeout 2000
timeout 2000 ms, 2000 ms remaining
  any 'drv duty' kicks it; re-issuing this command kicks it too
> T,14759,13774186,110,2114259,7068,88,2
T,14760,13774206,110,2114280,7068,91,2
T,14761,13774226,110,2114300,7068,107,2
T,14762,13774246,110,2114319,7282,155,2
T,14763,13774266,110,2114334,7282,147,2
T,14764,13774286,110,2114347,7282,263,2
T,14765,13774306,110,2114358,7282,193,2
T,14766,13774326,110,2114370,7282,261,2
T,14767,13774346,110,2114382,4712,328,2
T,14768,13774366,110,2114394,4712,342,2
T,14769,13774386,110,2114406,4712,176,2
T,14770,13774406,110,2114418,4712,169,2
T,14771,13774426,110,2114431,4712,160,2
T,14772,13774446,110,2114444,4355,198,2
T,14773,13774466,110,2114459,4355,147,2
T,14774,13774486,110,2114475,4355,187,2
T,14775,13774506,110,2114492,4355,144,2
T,14776,13774526,110,2114510,4355,180,2
T,14777,13774546,110,2114529,5926,153,2
T,14778,13774566,110,2114548,5926,87,2
T,14779,13774586,110,2114568,5926,198,2
T,14780,13774606,110,2114588,5926,88,2
T,14781,13774626,110,2114609,5926,75,2
T,14782,13774646,110,2114629,7140,103,2
T,14783,13774666,110,2114649,7140,152,2

[host] drv timeout 2000
drv timeout 2000
timeout 2000 ms, 2000 ms remaining
  any 'drv duty' kicks it; re-issuing this command kicks it too
> T,14784,13774686,110,2114668,7140,160,2
T,14785,13774706,110,2114687,7140,337,2
T,14786,13774726,110,2114706,7140,76,2
T,14787,13774746,110,2114724,6854,281,2
T,14788,13774766,110,2114742,6854,116,2
T,14789,13774786,110,2114760,6854,275,2
T,14790,13774806,110,2114779,6854,100,2
T,14791,13774826,110,2114798,6854,365,2
T,14792,13774846,110,2114818,6640,81,2
T,14793,13774866,110,2114839,6640,265,2
T,14794,13774886,110,2114859,6640,67,2
T,14795,13774906,110,2114880,6640,107,2
T,14796,13774926,110,2114900,6640,115,2
T,14797,13774946,110,2114921,7354,75,2
T,14798,13774966,110,2114942,7354,259,2
T,14799,13774986,110,2114963,7354,61,2
T,14800,13775006,110,2114983,7354,125,2
T,14801,13775026,110,2115001,7354,114,2
T,14802,13775046,110,2115018,7068,157,2
T,14803,13775066,110,2115031,7068,193,2
T,14804,13775086,110,2115042,7068,285,2
T,14805,13775106,110,2115052,7068,256,2
T,14806,13775126,110,2115061,7068,425,2
T,14807,13775146,110,2115071,3855,259,2
T,14808,13775166,110,2115081,3855,171,2

[host] drv timeout 2000
drv timeout 2000
timeout 2000 ms, 2000 ms remaining
  any 'drv duty' kicks it; re-issuing this command kicks it too
> T,14809,13775186,110,2115092,3855,205,2
T,14810,13775206,110,2115102,3855,370,2
T,14811,13775226,110,2115113,3855,215,2
T,14812,13775246,110,2115125,3784,269,2
T,14813,13775266,110,2115139,3784,220,2
T,14814,13775286,110,2115154,3784,103,2
T,14815,13775306,110,2115171,3784,113,2
T,14816,13775326,110,2115188,3784,157,2
T,14817,13775346,110,2115207,5712,141,2
T,14818,13775366,110,2115226,5712,141,2
T,14819,13775386,110,2115246,5712,126,2
T,14820,13775406,110,2115266,5712,86,2
T,14821,13775426,110,2115286,5712,84,2
T,14822,13775446,110,2115305,7068,264,2
T,14823,13775466,110,2115325,7068,97,2
T,14824,13775486,110,2115344,7068,80,2
T,14825,13775506,110,2115364,7068,194,2
T,14826,13775526,110,2115383,7068,93,2
T,14827,13775546,110,2115400,6783,94,2
T,14828,13775566,110,2115418,6783,212,2
T,14829,13775586,110,2115436,6783,97,2
T,14830,13775606,110,2115454,6783,98,2
T,14831,13775626,110,2115472,6783,94,2
T,14832,13775646,110,2115492,6497,99,2
T,14833,13775666,110,2115512,6497,78,2

[host] drv timeout 2000
drv timeout 2000
timeout 2000 ms, 2000 ms remaining
  any 'drv duty' kicks it; re-issuing this command kicks it too
> T,14834,13775686,110,2115533,6497,105,2
T,14835,13775706,110,2115556,6497,71,2
T,14836,13775726,110,2115577,6497,76,2
T,14837,13775746,110,2115599,7568,558,2
T,14838,13775766,110,2115618,7568,100,2
T,14839,13775786,110,2115637,7568,77,2
T,14840,13775806,110,2115657,7568,217,2
T,14841,13775826,110,2115677,7568,56,2
T,14842,13775846,110,2115697,7140,582,2
T,14843,13775866,110,2115715,7140,160,2
T,14844,13775886,110,2115728,7140,338,2
T,14845,13775906,110,2115737,7140,365,2
T,14846,13775926,110,2115745,7140,506,2
T,14847,13775946,110,2115752,4141,354,2
T,14848,13775966,110,2115760,4141,294,2
T,14849,13775986,110,2115768,4141,229,2
T,14850,13776006,110,2115776,4141,281,2
T,14851,13776026,110,2115785,4141,235,2
T,14852,13776046,110,2115795,2998,272,2
T,14853,13776066,110,2115805,2998,212,2
T,14854,13776086,110,2115817,2998,178,2
T,14855,13776106,110,2115831,2998,144,2
T,14856,13776126,110,2115845,2998,167,2
T,14857,13776146,110,2115861,4569,188,2
T,14858,13776166,110,2115877,4569,110,2

[host] drv timeout 2000
drv timeout 2000
timeout 2000 ms, 2000 ms remaining
  any 'drv duty' kicks it; re-issuing this command kicks it too
> T,14859,13776186,110,2115895,4569,100,2
T,14860,13776206,110,2115913,4569,82,2
T,14861,13776226,110,2115931,4569,103,2
T,14862,13776246,110,2115951,6354,124,2
T,14863,13776266,110,2115971,6354,172,2
T,14864,13776286,110,2115992,6354,103,2
T,14865,13776306,110,2116012,6354,121,2
T,14866,13776326,110,2116033,6354,80,2
T,14867,13776346,110,2116054,7354,91,2
T,14868,13776366,110,2116074,7354,98,2
T,14869,13776386,110,2116092,7354,114,2
T,14870,13776406,110,2116111,7354,204,2
T,14871,13776426,110,2116129,7354,99,2
T,14872,13776446,110,2116147,6640,162,2
T,14873,13776466,110,2116165,6640,140,2
T,14874,13776486,110,2116184,6640,137,2
T,14875,13776506,110,2116204,6640,82,2
T,14876,13776526,110,2116224,6640,155,2
T,14877,13776546,110,2116245,6997,64,2
T,14878,13776566,110,2116268,6997,262,2
T,14879,13776586,110,2116289,6997,55,2
T,14880,13776606,110,2116309,6997,114,2
T,14881,13776626,110,2116328,6997,99,2
T,14882,13776646,110,2116347,7282,158,2
T,14883,13776666,110,2116367,7282,91,2

[host] drv timeout 2000
drv timeout 2000
timeout 2000 ms, 2000 ms remaining
  any 'drv duty' kicks it; re-issuing this command kicks it too
> T,14884,13776686,110,2116387,7282,83,2
T,14885,13776706,110,2116405,7282,119,2
T,14886,13776726,110,2116420,7282,252,2
T,14887,13776746,110,2116431,6211,366,2
T,14888,13776766,110,2116439,6211,304,2
T,14889,13776786,110,2116446,6211,263,2
T,14890,13776806,110,2116453,6211,204,2
T,14891,13776826,110,2116461,6211,268,2
T,14892,13776846,110,2116470,2784,280,2
T,14893,13776866,110,2116478,2784,291,2
T,14894,13776886,110,2116487,2784,326,2
T,14895,13776906,110,2116496,2784,279,2
T,14896,13776926,110,2116506,2784,338,2
T,14897,13776946,110,2116517,3355,246,2
T,14898,13776966,110,2116530,3355,157,2
T,14899,13776986,110,2116544,3355,118,2
T,14900,13777006,110,2116557,3355,148,2
T,14901,13777026,110,2116573,3355,125,2
T,14902,13777046,110,2116590,5069,229,2
T,14903,13777066,110,2116608,5069,124,2
T,14904,13777086,110,2116626,5069,104,2
T,14905,13777106,110,2116645,5069,80,2
T,14906,13777126,110,2116664,5069,97,2
T,14907,13777146,110,2116683,6568,71,2
T,14908,13777166,110,2116702,6568,87,2

[host] drv timeout 2000
T,14909,13777186,110,2116721,6568,92,2
drv timeout 2000
timeout 2000 ms, 2000 ms remaining
  any 'drv duty' kicks it; re-issuing this command kicks it too
> T,14910,13777206,110,2116740,6568,199,2
T,14911,13777226,110,2116759,6568,100,2
T,14912,13777246,110,2116778,6783,98,2
T,14913,13777266,110,2116796,6783,108,2
T,14914,13777286,110,2116815,6783,141,2
T,14915,13777306,110,2116833,6783,141,2
T,14916,13777326,110,2116852,6783,92,2
T,14917,13777346,110,2116871,6640,261,2
T,14918,13777366,110,2116891,6640,96,2
T,14919,13777386,110,2116911,6640,113,2
T,14920,13777406,110,2116932,6640,88,2
T,14921,13777426,110,2116955,6640,59,2
T,14922,13777446,110,2116977,7497,249,2
T,14923,13777466,110,2116998,7497,99,2
T,14924,13777486,110,2117017,7497,208,2
T,14925,13777506,110,2117036,7497,179,2
T,14926,13777526,110,2117055,7497,140,2
T,14927,13777546,110,2117075,7068,173,2
T,14928,13777566,110,2117095,7068,114,2
T,14929,13777586,110,2117111,7068,146,2
T,14930,13777606,110,2117125,7068,286,2
T,14931,13777626,110,2117136,7068,348,2
T,14932,13777646,110,2117145,5283,392,2
T,14933,13777666,110,2117156,5283,240,2

[host] drv timeout 2000
T,14934,13777686,110,2117165,5283,326,2
drv timeout 2000
timeout 2000 ms, 2000 ms remaining
  any 'drv duty' kicks it; re-issuing this command kicks it too
> T,14935,13777706,110,2117176,5283,198,2
T,14936,13777726,110,2117187,5283,290,2
T,14937,13777746,110,2117198,3712,371,2
T,14938,13777766,110,2117209,3712,365,2
T,14939,13777786,110,2117221,3712,201,2
T,14940,13777806,110,2117235,3712,198,2
T,14941,13777826,110,2117249,3712,135,2
T,14942,13777846,110,2117264,4641,196,2
T,14943,13777866,110,2117280,4641,150,2
T,14944,13777886,110,2117296,4641,188,2
T,14945,13777906,110,2117314,4641,209,2
T,14946,13777926,110,2117332,4641,112,2
T,14947,13777946,110,2117352,6140,92,2
T,14948,13777966,110,2117372,6140,86,2
T,14949,13777986,110,2117392,6140,275,2
T,14950,13778006,110,2117413,6140,72,2
T,14951,13778026,110,2117431,6140,107,2
T,14952,13778046,110,2117449,6997,162,2
T,14953,13778066,110,2117468,6997,123,2
T,14954,13778086,110,2117487,6997,128,2
T,14955,13778106,110,2117507,6997,120,2
T,14956,13778126,110,2117525,6997,169,2
T,14957,13778146,110,2117543,6640,114,2
T,14958,13778166,110,2117561,6640,88,2

[host] drv timeout 2000
T,14959,13778186,110,2117580,6640,89,2
drv timeout 2000
timeout 2000 ms, 2000 ms remaining
  any 'drv duty' kicks it; re-issuing this command kicks it too
> T,14960,13778206,110,2117600,6640,103,2
T,14961,13778226,110,2117620,6640,120,2
T,14962,13778246,110,2117641,6925,210,2
T,14963,13778266,110,2117662,6925,40,2
T,14964,13778286,110,2117684,6925,61,2
T,14965,13778306,110,2117704,6925,137,2
T,14966,13778326,110,2117724,6925,91,2
T,14967,13778346,110,2117743,7354,126,2
T,14968,13778366,110,2117763,7354,103,2
T,14969,13778386,110,2117783,7354,88,2
T,14970,13778406,110,2117802,7354,104,2
T,14971,13778426,110,2117818,7354,374,2
T,14972,13778446,110,2117831,6497,236,2
T,14973,13778466,110,2117840,6497,227,2
T,14974,13778486,110,2117848,6497,337,2
T,14975,13778506,110,2117857,6497,265,2
T,14976,13778526,110,2117865,6497,224,2
T,14977,13778546,110,2117875,3141,333,2
T,14978,13778566,110,2117886,3141,252,2
T,14979,13778586,110,2117896,3141,232,2
T,14980,13778606,110,2117908,3141,167,2
T,14981,13778626,110,2117921,3141,174,2
T,14982,13778646,110,2117935,4212,275,2
T,14983,13778666,110,2117951,4212,119,2

[host] drv timeout 2000
T,14984,13778686,110,2117967,4212,245,2
drv timeout 2000
timeout 2000 ms, 2000 ms remaining
  any 'drv duty' kicks it; re-issuing this command kicks it too
> T,14985,13778706,110,2117984,4212,291,2
T,14986,13778726,110,2118001,4212,108,2
T,14987,13778746,110,2118020,5926,233,2
T,14988,13778766,110,2118039,5926,147,2
T,14989,13778786,110,2118058,5926,88,2
T,14990,13778806,110,2118079,5926,64,2
T,14991,13778826,110,2118099,5926,215,2
T,14992,13778846,110,2118119,7068,83,2
T,14993,13778866,110,2118140,7068,279,2
T,14994,13778886,110,2118159,7068,142,2
T,14995,13778906,110,2118176,7068,286,2
T,14996,13778926,110,2118195,7068,87,2
T,14997,13778946,110,2118213,6783,345,2
T,14998,13778966,110,2118230,6783,128,2
T,14999,13778986,110,2118247,6783,363,2
T,15000,13779006,110,2118264,6783,82,2
T,15001,13779026,110,2118283,6783,501,2
T,15002,13779046,110,2118301,6283,92,2
T,15003,13779066,110,2118321,6283,267,2
T,15004,13779086,110,2118341,6283,81,2
T,15005,13779106,110,2118362,6283,84,2
T,15006,13779126,110,2118383,6283,326,2
T,15007,13779146,110,2118404,7282,94,2
T,15008,13779166,110,2118423,7282,229,2

[host] drv timeout 2000
T,15009,13779186,110,2118441,7282,114,2
drv timeout 2000
timeout 2000 ms, 2000 ms remaining
  any 'drv duty' kicks it; re-issuing this command kicks it too
> T,15010,13779206,110,2118461,7282,109,2
T,15011,13779226,110,2118480,7282,277,2
T,15012,13779246,110,2118500,6854,96,2
T,15013,13779266,110,2118517,6854,134,2
T,15014,13779286,110,2118532,6854,220,2
T,15015,13779306,110,2118544,6854,288,2
T,15016,13779326,110,2118553,6854,321,2
T,15017,13779346,110,2118563,4712,309,2
T,15018,13779366,110,2118572,4712,177,2
T,15019,13779386,110,2118583,4712,209,2
T,15020,13779406,110,2118595,4712,210,2
T,15021,13779426,110,2118606,4712,179,2
T,15022,13779446,110,2118618,3855,381,2
T,15023,13779466,110,2118630,3855,247,2
T,15024,13779486,110,2118644,3855,163,2
T,15025,13779506,110,2118659,3855,252,2
T,15026,13779526,110,2118675,3855,171,2
T,15027,13779546,110,2118692,5212,135,2
T,15028,13779566,110,2118710,5212,97,2
T,15029,13779586,110,2118729,5212,70,2
T,15030,13779606,110,2118748,5212,240,2
T,15031,13779626,110,2118768,5212,124,2
T,15032,13779646,110,2118788,6783,196,2
T,15033,13779666,110,2118808,6783,195,2
T,15034,13779686,110,2118829,678
[host] drv timeout 2000
3,105,2
drv timeout 2000
timeout 2000 ms, 2000 ms remaining
  any 'drv duty' kicks it; re-issuing this command kicks it too
> T,15035,13779706,110,2118849,6783,131,2
T,15036,13779726,110,2118868,6783,89,2
T,15037,13779746,110,2118888,7140,116,2
T,15038,13779766,110,2118907,7140,109,2
T,15039,13779786,110,2118924,7140,150,2
T,15040,13779806,110,2118940,7140,131,2
T,15041,13779826,110,2118958,7140,155,2
T,15042,13779846,110,2118976,6354,166,2
T,15043,13779866,110,2118993,6354,105,2
T,15044,13779886,110,2119012,6354,105,2
T,15045,13779906,110,2119031,6354,96,2
T,15046,13779926,110,2119051,6354,289,2
T,15047,13779946,110,2119071,6640,54,2
T,15048,13779966,110,2119091,6640,248,2
T,15049,13779986,110,2119111,6640,76,2
T,15050,13780006,110,2119132,6640,71,2
T,15051,13780026,110,2119152,6640,128,2
T,15052,13780046,110,2119173,7354,105,2
T,15053,13780066,110,2119193,7354,205,2
T,15054,13780086,110,2119212,7354,329,2
T,15055,13780106,110,2119228,7354,204,2
T,15056,13780126,110,2119241,7354,423,2
T,15057,13780146,110,2119251,5783,212,2
T,15058,13780166,110,2119261,5783,338,2
T,15059,13780186,110,2119272,578
[host] drv timeout 2000
3,272,2
drv timeout 2000
timeout 2000 ms, 2000 ms remaining
  any 'drv duty' kicks it; re-issuing this command kicks it too
> T,15060,13780206,110,2119283,5783,217,2
T,15061,13780226,110,2119294,5783,419,2
T,15062,13780246,110,2119305,3855,152,2
T,15063,13780266,110,2119317,3855,189,2
T,15064,13780286,110,2119330,3855,180,2
T,15065,13780306,110,2119344,3855,212,2
T,15066,13780326,110,2119359,3855,139,2
T,15067,13780346,110,2119374,4783,232,2
T,15068,13780366,110,2119391,4783,150,2
T,15069,13780386,110,2119408,4783,120,2
T,15070,13780406,110,2119427,4783,115,2
T,15071,13780426,110,2119445,4783,89,2
T,15072,13780446,110,2119465,6426,65,2
T,15073,13780466,110,2119485,6426,102,2
T,15074,13780486,110,2119505,6426,65,2
T,15075,13780506,110,2119525,6426,96,2
T,15076,13780526,110,2119543,6426,357,2
T,15077,13780546,110,2119561,6925,82,2
T,15078,13780566,110,2119579,6925,263,2
T,15079,13780586,110,2119596,6925,124,2
T,15080,13780606,110,2119613,6925,301,2
T,15081,13780626,110,2119630,6925,126,2
T,15082,13780646,110,2119647,6140,118,2
T,15083,13780666,110,2119664,6140,112,2
T,15084,13780686,110,2119683,6140,123,2

[host] drv timeout 2000
drv timeout 2000
timeout 2000 ms, 2000 ms remaining
  any 'drv duty' kicks it; re-issuing this command kicks it too
> T,15085,13780706,110,2119700,6140,99,2
T,15086,13780726,110,2119718,6140,309,2
T,15087,13780746,110,2119736,6354,115,2
T,15088,13780766,110,2119756,6354,86,2
T,15089,13780786,110,2119776,6354,66,2
T,15090,13780806,110,2119795,6354,81,2
T,15091,13780826,110,2119815,6354,128,2
T,15092,13780846,110,2119836,6997,102,2
T,15093,13780866,110,2119856,6997,123,2
T,15094,13780886,110,2119874,6997,104,2
T,15095,13780906,110,2119892,6997,80,2
T,15096,13780926,110,2119911,6997,104,2
T,15097,13780946,110,2119927,6711,203,2
T,15098,13780966,110,2119941,6711,300,2
T,15099,13780986,110,2119953,6711,146,2
T,15100,13781006,110,2119964,6711,201,2
T,15101,13781026,110,2119975,6711,220,2
T,15102,13781046,110,2119986,4284,230,2
T,15103,13781066,110,2119997,4284,200,2
T,15104,13781086,110,2120009,4284,166,2
T,15105,13781106,110,2120021,4284,180,2
T,15106,13781126,110,2120034,4284,179,2
T,15107,13781146,110,2120047,4284,350,2
T,15108,13781166,110,2120061,4284,196,2
T,15109,13781186,110,2120076,4284,118,2

[host] drv timeout 2000
drv timeout 2000
timeout 2000 ms, 2000 ms remaining
  any 'drv duty' kicks it; re-issuing this command kicks it too
> T,15110,13781206,110,2120093,4284,137,2
T,15111,13781226,110,2120111,4284,230,2
T,15112,13781246,110,2120129,5783,172,2
T,15113,13781266,110,2120148,5783,94,2
T,15114,13781286,110,2120168,5783,241,2
T,15115,13781306,110,2120188,5783,92,2
T,15116,13781326,110,2120209,5783,243,2
T,15117,13781346,110,2120229,7140,75,2
T,15118,13781366,110,2120250,7140,269,2
T,15119,13781386,110,2120271,7140,107,2
T,15120,13781406,110,2120291,7140,107,2
T,15121,13781426,110,2120308,7140,124,2
T,15122,13781446,110,2120325,6854,242,2
T,15123,13781466,110,2120343,6854,180,2
T,15124,13781486,110,2120360,6854,116,2
T,15125,13781506,110,2120378,6854,190,2
T,15126,13781526,110,2120396,6854,174,2
T,15127,13781546,110,2120413,6283,160,2
T,15128,13781566,110,2120431,6283,256,2
T,15129,13781586,110,2120449,6283,135,2
T,15130,13781606,110,2120468,6283,134,2
T,15131,13781626,110,2120488,6283,97,2
T,15132,13781646,110,2120508,6640,99,2
T,15133,13781666,110,2120528,6640,86,2
T,15134,13781686,110,2120548,6640,93,2

[host] drv timeout 2000
drv timeout 2000
timeout 2000 ms, 2000 ms remaining
  any 'drv duty' kicks it; re-issuing this command kicks it too
> T,15135,13781706,110,2120568,6640,91,2
T,15136,13781726,110,2120588,6640,112,2
T,15137,13781746,110,2120608,7211,199,2
T,15138,13781766,110,2120624,7211,150,2
T,15139,13781786,110,2120638,7211,209,2
T,15140,13781806,110,2120648,7211,304,2
T,15141,13781826,110,2120658,7211,221,2
T,15142,13781846,110,2120668,4498,419,2
T,15143,13781866,110,2120679,4498,262,2
T,15144,13781886,110,2120689,4498,353,2
T,15145,13781906,110,2120701,4498,229,2
T,15146,13781926,110,2120712,4498,442,2
T,15147,13781946,110,2120724,3927,151,2
T,15148,13781966,110,2120736,3927,172,2
T,15149,13781986,110,2120751,3927,230,2
T,15150,13782006,110,2120767,3927,130,2
T,15151,13782026,110,2120783,3927,132,2
T,15152,13782046,110,2120801,5426,103,2
T,15153,13782066,110,2120819,5426,130,2
T,15154,13782086,110,2120839,5426,100,2
T,15155,13782106,110,2120858,5426,128,2
T,15156,13782126,110,2120878,5426,121,2
T,15157,13782146,110,2120899,6925,139,2
T,15158,13782166,110,2120920,6925,91,2
T,15159,13782186,110,2120940,6925,81,2

[host] drv timeout 2000
drv timeout 2000
timeout 2000 ms, 2000 ms remaining
  any 'drv duty' kicks it; re-issuing this command kicks it too
> T,15160,13782206,110,2120960,6925,91,2
T,15161,13782226,110,2120979,6925,84,2
T,15162,13782246,110,2120997,7068,89,2
T,15163,13782266,110,2121015,7068,128,2
T,15164,13782286,110,2121033,7068,81,2
T,15165,13782306,110,2121052,7068,104,2
T,15166,13782326,110,2121072,7068,150,2
T,15167,13782346,110,2121092,6711,137,2
T,15168,13782366,110,2121111,6711,99,2
T,15169,13782386,110,2121131,6711,78,2
T,15170,13782406,110,2121151,6711,92,2
T,15171,13782426,110,2121172,6711,131,2
T,15172,13782446,110,2121192,7140,56,2
T,15173,13782466,110,2121213,7140,73,2
T,15174,13782486,110,2121235,7140,195,2
T,15175,13782506,110,2121256,7140,54,2
T,15176,13782526,110,2121277,7140,114,2
T,15177,13782546,110,2121298,7568,148,2
T,15178,13782566,110,2121317,7568,97,2
T,15179,13782586,110,2121333,7568,296,2
T,15180,13782606,110,2121347,7568,272,2
T,15181,13782626,110,2121359,7568,694,2
T,15182,13782646,110,2121371,5355,216,2
T,15183,13782666,110,2121383,5355,329,2
T,15184,13782686,110,2121396,5355,201,2

[host] drv timeout 2000
drv timeout 2000
timeout 2000 ms, 2000 ms remaining
  any 'drv duty' kicks it; re-issuing this command kicks it too
> T,15185,13782706,110,2121409,5355,364,2
T,15186,13782726,110,2121423,5355,209,2
T,15187,13782746,110,2121436,4641,264,2
T,15188,13782766,110,2121451,4641,208,2
T,15189,13782786,110,2121465,4641,139,2
T,15190,13782806,110,2121481,4641,107,2
T,15191,13782826,110,2121498,4641,163,2
T,15192,13782846,110,2121516,5640,147,2
T,15193,13782866,110,2121535,5640,89,2
T,15194,13782886,110,2121554,5640,77,2
T,15195,13782906,110,2121574,5640,226,2
T,15196,13782926,110,2121595,5640,93,2
T,15197,13782946,110,2121616,6997,194,2
T,15198,13782966,110,2121637,6997,71,2
T,15199,13782986,110,2121656,6997,120,2
T,15200,13783006,110,2121675,6997,75,2
T,15201,13783026,110,2121694,6997,107,2
T,15202,13783046,110,2121713,6997,88,2
T,15203,13783066,110,2121732,6997,140,2
T,15204,13783086,110,2121750,6997,307,2
T,15205,13783106,110,2121769,6997,121,2
T,15206,13783126,110,2121787,6997,295,2
T,15207,13783146,110,2121805,6640,96,2
T,15208,13783166,110,2121824,6640,274,2
T,15209,13783186,110,2121844,6640,83,2

[host] drv timeout 2000
drv timeout 2000
timeout 2000 ms, 2000 ms remaining
  any 'drv duty' kicks it; re-issuing this command kicks it too
> T,15210,13783206,110,2121864,6640,67,2
T,15211,13783226,110,2121884,6640,67,2
T,15212,13783246,110,2121905,7068,64,2
T,15213,13783266,110,2121927,7068,256,2
T,15214,13783286,110,2121948,7068,64,2
T,15215,13783306,110,2121969,7068,75,2
T,15216,13783326,110,2121990,7068,259,2
T,15217,13783346,110,2122009,7497,168,2
T,15218,13783366,110,2122026,7497,147,2
T,15219,13783386,110,2122040,7497,233,2
T,15220,13783406,110,2122052,7497,326,2
T,15221,13783426,110,2122064,7497,217,2
T,15222,13783446,110,2122075,4855,187,2
T,15223,13783466,110,2122087,4855,241,2
T,15224,13783486,110,2122099,4855,193,2
T,15225,13783506,110,2122112,4855,203,2
T,15226,13783526,110,2122124,4855,392,2
T,15227,13783546,110,2122137,4355,270,2
T,15228,13783566,110,2122152,4355,184,2
T,15229,13783586,110,2122167,4355,210,2
T,15230,13783606,110,2122184,4355,125,2
T,15231,13783626,110,2122201,4355,187,2

[host] drv duty 9
drv duty 9
duty +9%
> T,15232,13783646,90,2122219,5783,413,2
T,15233,13783666,90,2122238,5783,107,2
T,15234,13783686,90,2122256,5783,254,2
T,15235,13783706,90,2122274,5783,108,2
T,15236,13783726,90,2122292,5783,115,2
T,15237,13783746,90,2122309,6426,166,2
T,15238,13783766,90,2122327,6426,97,2
T,15239,13783786,90,2122344,6426,84,2
T,15240,13783806,90,2122360,6426,217,2
T,15241,13783826,90,2122375,6426,201,2
T,15242,13783846,90,2122389,5783,237,2
T,15243,13783866,90,2122403,5783,256,2
T,15244,13783886,90,2122416,5783,221,2
T,15245,13783906,90,2122431,5783,124,2
T,15246,13783926,90,2122445,5783,114,2
T,15247,13783946,90,2122460,5069,195,2
T,15248,13783966,90,2122475,5069,114,2
T,15249,13783986,90,2122490,5069,501,2
T,15250,13784006,90,2122505,5069,116,2
T,15251,13784026,90,2122520,5069,297,2
T,15252,13784046,90,2122536,5426,148,2
T,15253,13784066,90,2122552,5426,538,2
T,15254,13784086,90,2122569,5426,108,2
T,15255,13784106,90,2122585,5426,347,2
T,15256,13784126,90,2122603,5426,185,2

[host] drv timeout 2000
T,15257,13784146,90,2122620,5926,502,2
drv timeout 2000
timeout 2000 ms, 2000 ms remaining
  any 'drv duty' kicks it; re-issuing this command kicks it too
> T,15258,13784166,90,2122636,5926,414,2
T,15259,13784186,90,2122653,5926,103,2
T,15260,13784206,90,2122670,5926,171,2
T,15261,13784226,90,2122687,5926,163,2
T,15262,13784246,90,2122703,5997,206,2
T,15263,13784266,90,2122717,5997,222,2
T,15264,13784286,90,2122728,5997,263,2
T,15265,13784306,90,2122737,5997,193,2
T,15266,13784326,90,2122744,5997,459,2
T,15267,13784346,90,2122752,3570,222,2
T,15268,13784366,90,2122758,3570,664,2
T,15269,13784386,90,2122766,3570,309,2
T,15270,13784406,90,2122772,3570,322,2
T,15271,13784426,90,2122780,3570,237,2
T,15272,13784446,90,2122787,2570,338,2
T,15273,13784466,90,2122795,2570,299,2
T,15274,13784486,90,2122803,2570,227,2
T,15275,13784506,90,2122812,2570,583,2
T,15276,13784526,90,2122822,2570,273,2
T,15277,13784546,90,2122832,3141,408,2
T,15278,13784566,90,2122842,3141,238,2
T,15279,13784586,90,2122853,3141,539,2
T,15280,13784606,90,2122866,3141,134,2
T,15281,13784626,90,2122879,3141,552,2

[host] drv timeout 2000
T,15282,13784646,90,2122893,4284,105,2
drv timeout 2000
timeout 2000 ms, 2000 ms remaining
  any 'drv duty' kicks it; re-issuing this command kicks it too
> T,15283,13784666,90,2122907,4284,118,2
T,15284,13784686,90,2122922,4284,469,2
T,15285,13784706,90,2122938,4284,147,2
T,15286,13784726,90,2122954,4284,215,2
T,15287,13784746,90,2122970,5426,146,2
T,15288,13784766,90,2122987,5426,466,2
T,15289,13784786,90,2123004,5426,173,2
T,15290,13784806,90,2123021,5426,110,2
T,15291,13784826,90,2123037,5426,102,2
T,15292,13784846,90,2123052,5926,92,2
T,15293,13784866,90,2123067,5926,235,2
T,15294,13784886,90,2123082,5926,195,2
T,15295,13784906,90,2123096,5926,204,2
T,15296,13784926,90,2123111,5926,187,2
T,15297,13784946,90,2123125,5212,157,2
T,15298,13784966,90,2123140,5212,121,2
T,15299,13784986,90,2123155,5212,81,2
T,15300,13785006,90,2123170,5212,184,2
T,15301,13785026,90,2123185,5212,77,2
T,15302,13785046,90,2123201,5355,68,2
T,15303,13785066,90,2123217,5355,94,2
T,15304,13785086,90,2123234,5355,98,2
T,15305,13785106,90,2123251,5355,125,2
T,15306,13785126,90,2123268,5355,97,2
T,15307,13785146,90,2123284,5926
[host] drv timeout 2000
,64,2
drv timeout 2000
timeout 2000 ms, 2000 ms remaining
  any 'drv duty' kicks it; re-issuing this command kicks it too
> T,15308,13785166,90,2123300,5926,135,2
T,15309,13785186,90,2123315,5926,214,2
T,15310,13785206,90,2123330,5926,177,2
T,15311,13785226,90,2123345,5926,92,2
T,15312,13785246,90,2123361,5497,80,2
T,15313,13785266,90,2123377,5497,126,2
T,15314,13785286,90,2123392,5497,89,2
T,15315,13785306,90,2123407,5497,150,2
T,15316,13785326,90,2123418,5497,429,2
T,15317,13785346,90,2123426,4855,232,2
T,15318,13785366,90,2123431,4855,631,2
T,15319,13785386,90,2123436,4855,338,2
T,15320,13785406,90,2123440,4855,467,2
T,15321,13785426,90,2123444,4855,296,2
T,15322,13785446,90,2123448,1642,327,2
T,15323,13785466,90,2123450,1642,725,2
T,15324,13785486,90,2123451,1642,376,2
T,15325,13785506,90,2123456,1642,640,2
T,15326,13785526,90,2123459,1642,343,2
T,15327,13785546,90,2123462,999,477,2
T,15328,13785566,90,2123466,999,359,2
T,15329,13785586,90,2123470,999,289,2
T,15330,13785606,90,2123473,999,240,2
T,15331,13785626,90,2123477,999,264,2
T,15332,13785646,90,2123483,1428
[host] drv timeout 2000
,337,2
drv timeout 2000
timeout 2000 ms, 2000 ms remaining
  any 'drv duty' kicks it; re-issuing this command kicks it too
> T,15333,13785666,90,2123489,1428,232,2
T,15334,13785686,90,2123493,1428,408,2
T,15335,13785706,90,2123498,1428,375,2
T,15336,13785726,90,2123504,1428,323,2
T,15337,13785746,90,2123511,1999,246,2
T,15338,13785766,90,2123518,1999,598,2
T,15339,13785786,90,2123526,1999,310,2
T,15340,13785806,90,2123535,1999,231,2
T,15341,13785826,90,2123544,1999,180,2
T,15342,13785846,90,2123555,3070,222,2
T,15343,13785866,90,2123567,3070,192,2
T,15344,13785886,90,2123581,3070,129,2
T,15345,13785906,90,2123595,3070,496,2
T,15346,13785926,90,2123610,3070,247,2
T,15347,13785946,90,2123625,4855,519,2
T,15348,13785966,90,2123641,4855,162,2
T,15349,13785986,90,2123656,4855,189,2
T,15350,13786006,90,2123672,4855,114,2
T,15351,13786026,90,2123687,4855,112,2
T,15352,13786046,90,2123702,5497,177,2
T,15353,13786066,90,2123716,5497,136,2
T,15354,13786086,90,2123731,5497,460,2
T,15355,13786106,90,2123745,5497,147,2
T,15356,13786126,90,2123760,5497,265,2
T,15357,13786146,90,2123774,5212,222,2

[host] drv timeout 2000
drv timeout 2000
timeout 2000 ms, 2000 ms remaining
  any 'drv duty' kicks it; re-issuing this command kicks it too
> T,15358,13786166,90,2123787,5212,128,2
T,15359,13786186,90,2123800,5212,299,2
T,15360,13786206,90,2123813,5212,211,2
T,15361,13786226,90,2123826,5212,240,2
T,15362,13786246,90,2123840,4712,493,2
T,15363,13786266,90,2123853,4712,166,2
T,15364,13786286,90,2123867,4712,474,2
T,15365,13786306,90,2123882,4712,194,2
T,15366,13786326,90,2123897,4712,124,2
T,15367,13786346,90,2123915,5212,134,2
T,15368,13786366,90,2123933,5212,141,2
T,15369,13786386,90,2123951,5212,198,2
T,15370,13786406,90,2123969,5212,109,2
T,15371,13786426,90,2123986,5212,73,2
T,15372,13786446,90,2124002,6283,496,2
T,15373,13786466,90,2124017,6283,176,2
T,15374,13786486,90,2124032,6283,188,2
T,15375,13786506,90,2124048,6283,141,2
T,15376,13786526,90,2124064,6283,87,2
T,15377,13786546,90,2124079,5569,571,2
T,15378,13786566,90,2124095,5569,145,2
T,15379,13786586,90,2124108,5569,267,2
T,15380,13786606,90,2124117,5569,283,2
T,15381,13786626,90,2124123,5569,327,2
T,15382,13786646,90,2124128,3641,391,2

[host] drv timeout 2000
drv timeout 2000
timeout 2000 ms, 2000 ms remaining
  any 'drv duty' kicks it; re-issuing this command kicks it too
> T,15383,13786666,90,2124130,3641,428,2
T,15384,13786686,90,2124130,3641,449,2
T,15385,13786706,90,2124130,3641,403,2
T,15386,13786726,90,2124130,3641,403,2
T,15387,13786746,90,2124130,285,409,2
T,15388,13786766,90,2124130,285,828,2
T,15389,13786786,90,2124130,285,552,2
T,15390,13786806,90,2124130,285,414,2
T,15391,13786826,90,2124130,285,764,2
T,15392,13786846,90,2124130,0,454,2
T,15393,13786866,90,2124130,0,400,2
T,15394,13786886,90,2124130,0,555,2
T,15395,13786906,90,2124130,0,848,2
T,15396,13786926,90,2124130,0,501,2
T,15397,13786946,90,2124130,0,504,2
T,15398,13786966,90,2124130,0,401,2
T,15399,13786986,90,2124130,0,389,2
T,15400,13787006,90,2124130,0,417,2
T,15401,13787026,90,2124130,0,417,2
T,15402,13787046,90,2124130,0,465,2
T,15403,13787066,90,2124130,0,780,2
T,15404,13787086,90,2124130,0,497,2
T,15405,13787106,90,2124130,0,417,2
T,15406,13787126,90,2124130,0,482,2
T,15407,13787146,90,2124130,0,412,2

[host] drv timeout 2000
drv timeout 2000
timeout 2000 ms, 2000 ms remaining
  any 'drv duty' kicks it; re-issuing this command kicks it too
> T,15408,13787166,90,2124130,0,635,2
T,15409,13787186,90,2124130,0,418,2
T,15410,13787206,90,2124130,0,384,2
T,15411,13787226,90,2124130,0,406,2
T,15412,13787246,90,2124130,0,477,2
T,15413,13787266,90,2124130,0,400,2
T,15414,13787286,90,2124130,0,419,2
T,15415,13787306,90,2124130,0,392,2
T,15416,13787326,90,2124130,0,408,2
T,15417,13787346,90,2124130,0,471,2
T,15418,13787366,90,2124130,0,421,2
T,15419,13787386,90,2124130,0,514,2
T,15420,13787406,90,2124130,0,396,2
T,15421,13787426,90,2124130,0,386,2
T,15422,13787446,90,2124130,0,469,2
T,15423,13787466,90,2124130,0,535,2
T,15424,13787486,90,2124130,0,588,2
T,15425,13787506,90,2124130,0,419,2
T,15426,13787526,90,2124130,0,541,2
T,15427,13787546,90,2124130,0,386,2
T,15428,13787566,90,2124130,0,435,2
T,15429,13787586,90,2124130,0,414,2
T,15430,13787606,90,2124130,0,387,2
T,15431,13787626,90,2124130,0,432,2
T,15432,13787646,90,2124130,0,435,2

[host] drv timeout 2000
drv timeout 2000
timeout 2000 ms, 2000 ms remaining
  any 'drv duty' kicks it; re-issuing this command kicks it too
> T,15433,13787666,90,2124130,0,688,2
T,15434,13787686,90,2124130,0,472,2
T,15435,13787706,90,2124130,0,466,2
T,15436,13787726,90,2124130,0,618,2
T,15437,13787746,90,2124130,0,547,2
T,15438,13787766,90,2124130,0,464,2
T,15439,13787786,90,2124130,0,407,2
T,15440,13787806,90,2124130,0,403,2
T,15441,13787826,90,2124130,0,406,2
T,15442,13787846,90,2124130,0,411,2
T,15443,13787866,90,2124130,0,842,2
T,15444,13787886,90,2124130,0,409,2
T,15445,13787906,90,2124130,0,536,2
T,15446,13787926,90,2124130,0,428,2
T,15447,13787946,90,2124130,0,435,2
T,15448,13787966,90,2124130,0,424,2
T,15449,13787986,90,2124130,0,419,2
T,15450,13788006,90,2124130,0,393,2
T,15451,13788026,90,2124130,0,416,2
T,15452,13788046,90,2124130,0,450,2
T,15453,13788066,90,2124130,0,817,2
T,15454,13788086,90,2124130,0,406,2
T,15455,13788106,90,2124130,0,539,2
T,15456,13788126,90,2124130,0,437,2
T,15457,13788146,90,2124130,0,421,2

[host] drv timeout 2000
drv timeout 2000
timeout 2000 ms, 2000 ms remaining
  any 'drv duty' kicks it; re-issuing this command kicks it too
> T,15458,13788166,90,2124130,0,586,2
T,15459,13788186,90,2124130,0,547,2
T,15460,13788206,90,2124130,0,466,2
T,15461,13788226,90,2124130,0,635,2
T,15462,13788246,90,2124130,0,409,2
T,15463,13788266,90,2124130,0,476,2
T,15464,13788286,90,2124130,0,398,2
T,15465,13788306,90,2124130,0,389,2
T,15466,13788326,90,2124130,0,440,2
T,15467,13788346,90,2124130,0,790,2
T,15468,13788366,90,2124130,0,406,2
T,15469,13788386,90,2124130,0,557,2
T,15470,13788406,90,2124130,0,459,2
T,15471,13788426,90,2124130,0,411,2
T,15472,13788446,90,2124130,0,446,2
T,15473,13788466,90,2124130,0,393,2
T,15474,13788486,90,2124130,0,411,2
T,15475,13788506,90,2124130,0,422,2
T,15476,13788526,90,2124130,0,411,2
T,15477,13788546,90,2124130,0,413,2
T,15478,13788566,90,2124130,0,409,2
T,15479,13788586,90,2124130,0,414,2
T,15480,13788606,90,2124130,0,435,2
T,15481,13788626,90,2124130,0,413,2
T,15482,13788646,90,2124130,0,421,2

[host] drv timeout 2000
drv timeout 2000
timeout 2000 ms, 2000 ms remaining
  any 'drv duty' kicks it; re-issuing this command kicks it too
> T,15483,13788666,90,2124130,0,768,2
T,15484,13788686,90,2124130,0,554,2
T,15485,13788706,90,2124130,0,461,2
T,15486,13788726,90,2124130,0,474,2
T,15487,13788746,90,2124130,0,488,2
T,15488,13788766,90,2124130,0,529,2
T,15489,13788786,90,2124130,0,405,2
T,15490,13788806,90,2124130,0,419,2
T,15491,13788826,90,2124130,0,393,2
T,15492,13788846,90,2124130,0,453,2
T,15493,13788866,90,2124130,0,481,2
T,15494,13788886,90,2124130,0,476,2
T,15495,13788906,90,2124130,0,423,2
T,15496,13788926,90,2124130,0,392,2
T,15497,13788946,90,2124130,0,461,2
T,15498,13788966,90,2124130,0,784,2
T,15499,13788986,90,2124130,0,646,2
T,15500,13789006,90,2124130,0,417,2
T,15501,13789026,90,2124130,0,546,2
T,15502,13789046,90,2124130,0,400,2
T,15503,13789066,90,2124130,0,391,2
T,15504,13789086,90,2124130,0,445,2
T,15505,13789106,90,2124130,0,396,2
T,15506,13789126,90,2124130,0,411,2
T,15507,13789146,90,2124130,0,460,2

[host] drv timeout 2000
drv timeout 2000
timeout 2000 ms, 2000 ms remaining
  any 'drv duty' kicks it; re-issuing this command kicks it too
> T,15508,13789166,90,2124130,0,480,2
T,15509,13789186,90,2124130,0,429,2
T,15510,13789206,90,2124130,0,385,2
T,15511,13789226,90,2124130,0,412,2
T,15512,13789246,90,2124130,0,460,2
T,15513,13789266,90,2124130,0,390,2
T,15514,13789286,90,2124130,0,429,2
T,15515,13789306,90,2124130,0,393,2
T,15516,13789326,90,2124130,0,770,2
T,15517,13789346,90,2124130,0,419,2
T,15518,13789366,90,2124130,0,526,2
T,15519,13789386,90,2124130,0,402,2
T,15520,13789406,90,2124130,0,390,2
T,15521,13789426,90,2124130,0,425,2
T,15522,13789446,90,2124130,0,475,2
T,15523,13789466,90,2124130,0,616,2
T,15524,13789486,90,2124130,0,637,2
T,15525,13789506,90,2124130,0,407,2
T,15526,13789526,90,2124130,0,550,2
T,15527,13789546,90,2124130,0,408,2
T,15528,13789566,90,2124130,0,392,2
T,15529,13789586,90,2124130,0,439,2
T,15530,13789606,90,2124130,0,421,2
T,15531,13789626,90,2124130,0,395,2
T,15532,13789646,90,2124130,0,478,2

[host] drv timeout 2000
drv timeout 2000
timeout 2000 ms, 2000 ms remaining
  any 'drv duty' kicks it; re-issuing this command kicks it too
> T,15533,13789666,90,2124130,0,538,2
T,15534,13789686,90,2124130,0,442,2
T,15535,13789706,90,2124130,0,429,2
T,15536,13789726,90,2124130,0,480,2
T,15537,13789746,90,2124130,0,541,2
T,15538,13789766,90,2124130,0,401,2
T,15539,13789786,90,2124130,0,396,2
T,15540,13789806,90,2124130,0,662,2
T,15541,13789826,90,2124130,0,417,2
T,15542,13789846,90,2124130,0,461,2
T,15543,13789866,90,2124130,0,396,2
T,15544,13789886,90,2124130,0,413,2
T,15545,13789906,90,2124130,0,424,2
T,15546,13789926,90,2124130,0,387,2
T,15547,13789946,90,2124130,0,471,2
T,15548,13789966,90,2124130,0,654,2
T,15549,13789986,90,2124130,0,807,2
T,15550,13790006,90,2124130,0,408,2
T,15551,13790026,90,2124130,0,539,2
T,15552,13790046,90,2124130,0,417,2
T,15553,13790066,90,2124130,0,392,2
T,15554,13790086,90,2124130,0,448,2
T,15555,13790106,90,2124130,0,421,2
T,15556,13790126,90,2124130,0,407,2
T,15557,13790146,90,2124130,0,414,2

[host] drv timeout 2000
drv timeout 2000
timeout 2000 ms, 2000 ms remaining
  any 'drv duty' kicks it; re-issuing this command kicks it too
> T,15558,13790166,90,2124130,0,466,2
T,15559,13790186,90,2124130,0,409,2
T,15560,13790206,90,2124130,0,547,2
T,15561,13790226,90,2124130,0,775,2
T,15562,13790246,90,2124130,0,414,2
T,15563,13790266,90,2124130,0,535,2
T,15564,13790286,90,2124130,0,413,2
T,15565,13790306,90,2124130,0,806,2
T,15566,13790326,90,2124130,0,465,2
T,15567,13790346,90,2124130,0,482,2
T,15568,13790366,90,2124130,0,482,2
T,15569,13790386,90,2124130,0,392,2
T,15570,13790406,90,2124130,0,416,2
T,15571,13790426,90,2124130,0,433,2
T,15572,13790446,90,2124130,0,440,2
T,15573,13790466,90,2124130,0,435,2
T,15574,13790486,90,2124130,0,390,2
T,15575,13790506,90,2124130,0,422,2
T,15576,13790526,90,2124130,0,393,2
T,15577,13790546,90,2124130,0,474,2
T,15578,13790566,90,2124130,0,499,2
T,15579,13790586,90,2124130,0,822,2
T,15580,13790606,90,2124130,0,539,2
T,15581,13790626,90,2124130,0,403,2
T,15582,13790646,90,2124130,0,466,2

[host] drv timeout 2000
drv timeout 2000
timeout 2000 ms, 2000 ms remaining
  any 'drv duty' kicks it; re-issuing this command kicks it too
> T,15583,13790666,90,2124130,0,488,2
T,15584,13790686,90,2124130,0,413,2
T,15585,13790706,90,2124130,0,554,2
T,15586,13790726,90,2124130,0,784,2
T,15587,13790746,90,2124130,0,414,2
T,15588,13790766,90,2124130,0,469,2
T,15589,13790786,90,2124130,0,413,2
T,15590,13790806,90,2124130,0,416,2
T,15591,13790826,90,2124130,0,435,2
T,15592,13790846,90,2124130,0,439,2
T,15593,13790866,90,2124130,0,386,2
T,15594,13790886,90,2124130,0,444,2
T,15595,13790906,90,2124130,0,406,2
T,15596,13790926,90,2124130,0,414,2
T,15597,13790946,90,2124130,0,423,2
T,15598,13790966,90,2124130,0,413,2
T,15599,13790986,90,2124130,0,417,2
T,15600,13791006,90,2124130,0,413,2
T,15601,13791026,90,2124130,0,418,2
T,15602,13791046,90,2124130,0,422,2
T,15603,13791066,90,2124130,0,418,2
T,15604,13791086,90,2124130,0,425,2
T,15605,13791106,90,2124130,0,434,2
T,15606,13791126,90,2124130,0,392,2
T,15607,13791146,90,2124130,0,450,2

[host] drv timeout 2000
drv timeout 2000
timeout 2000 ms, 2000 ms remaining
  any 'drv duty' kicks it; re-issuing this command kicks it too
> T,15608,13791166,90,2124130,0,499,2
T,15609,13791186,90,2124130,0,460,2
T,15610,13791206,90,2124130,0,423,2
T,15611,13791226,90,2124130,0,450,2
T,15612,13791246,90,2124130,0,449,2
T,15613,13791266,90,2124130,0,469,2
T,15614,13791286,90,2124130,0,423,2
T,15615,13791306,90,2124130,0,392,2
T,15616,13791326,90,2124130,0,421,2
T,15617,13791346,90,2124130,0,480,2
T,15618,13791366,90,2124130,0,810,2
T,15619,13791386,90,2124130,0,513,2
T,15620,13791406,90,2124130,0,411,2
T,15621,13791426,90,2124130,0,538,2
T,15622,13791446,90,2124130,0,428,2
T,15623,13791466,90,2124130,0,389,2
T,15624,13791486,90,2124130,0,422,2
T,15625,13791506,90,2124130,0,421,2
T,15626,13791526,90,2124130,0,434,2
T,15627,13791546,90,2124130,0,443,2
T,15628,13791566,90,2124130,0,417,2
T,15629,13791586,90,2124130,0,393,2
T,15630,13791606,90,2124130,0,446,2
T,15631,13791626,90,2124130,0,392,2
T,15632,13791646,90,2124130,0,456,2

[host] drv timeout 2000
drv timeout 2000
timeout 2000 ms, 2000 ms remaining
  any 'drv duty' kicks it; re-issuing this command kicks it too
> T,15633,13791666,90,2124130,0,406,2
T,15634,13791686,90,2124130,0,610,2
T,15635,13791706,90,2124130,0,406,2
T,15636,13791726,90,2124130,0,507,2
T,15637,13791746,90,2124130,0,476,2
T,15638,13791766,90,2124130,0,462,2
T,15639,13791786,90,2124130,0,395,2
T,15640,13791806,90,2124130,0,446,2
T,15641,13791826,90,2124130,0,396,2
T,15642,13791846,90,2124130,0,471,2
T,15643,13791866,90,2124130,0,677,2
T,15644,13791886,90,2124130,0,785,2
T,15645,13791906,90,2124130,0,514,2
T,15646,13791926,90,2124130,0,418,2
T,15647,13791946,90,2124130,0,477,2
T,15648,13791966,90,2124130,0,403,2
T,15649,13791986,90,2124130,0,391,2
T,15650,13792006,90,2124130,0,421,2
T,15651,13792026,90,2124130,0,449,2
T,15652,13792046,90,2124130,0,425,2
T,15653,13792066,90,2124130,0,396,2
T,15654,13792086,90,2124130,0,417,2
T,15655,13792106,90,2124130,0,446,2
T,15656,13792126,90,2124130,0,413,2
T,15657,13792146,90,2124130,0,418,2

[host] drv timeout 2000
drv timeout 2000
timeout 2000 ms, 2000 ms remaining
  any 'drv duty' kicks it; re-issuing this command kicks it too
> T,15658,13792166,90,2124130,0,391,2
T,15659,13792186,90,2124130,0,547,2
T,15660,13792206,90,2124130,0,474,2
T,15661,13792226,90,2124130,0,610,2
T,15662,13792246,90,2124130,0,412,2
T,15663,13792266,90,2124130,0,395,2
T,15664,13792286,90,2124130,0,424,2
T,15665,13792306,90,2124130,0,419,2
T,15666,13792326,90,2124130,0,421,2
T,15667,13792346,90,2124130,0,437,2
T,15668,13792366,90,2124130,0,419,2
T,15669,13792386,90,2124130,0,424,2
T,15670,13792406,90,2124130,0,422,2
T,15671,13792426,90,2124130,0,419,2
T,15672,13792446,90,2124130,0,413,2
T,15673,13792466,90,2124130,0,414,2
T,15674,13792486,90,2124130,0,422,2
T,15675,13792506,90,2124130,0,421,2
T,15676,13792526,90,2124130,0,418,2
T,15677,13792546,90,2124130,0,471,2
T,15678,13792566,90,2124130,0,550,2
T,15679,13792586,90,2124130,0,637,2
T,15680,13792606,90,2124130,0,411,2
T,15681,13792626,90,2124130,0,544,2
T,15682,13792646,90,2124130,0,398,2

[host] drv timeout 2000
drv timeout 200T,15683,13792666,90,2124130,0,557,2
0
timeout 2000 ms, 2000 ms remaining
  any 'drv duty' kicks it; re-issuing this command kicks it too
> T,15684,13792686,90,2124130,0,651,2
T,15685,13792706,90,2124130,0,417,2
T,15686,13792726,90,2124130,0,475,2
T,15687,13792746,90,2124130,0,504,2
T,15688,13792766,90,2124130,0,398,2
T,15689,13792786,90,2124130,0,434,2
T,15690,13792806,90,2124130,0,393,2
T,15691,13792826,90,2124130,0,418,2
T,15692,13792846,90,2124130,0,449,2
T,15693,13792866,90,2124130,0,864,2
T,15694,13792886,90,2124130,0,512,2
T,15695,13792906,90,2124130,0,422,2
T,15696,13792926,90,2124130,0,526,2
T,15697,13792946,90,2124130,0,422,2
T,15698,13792966,90,2124130,0,392,2
T,15699,13792986,90,2124130,0,423,2
T,15700,13793006,90,2124130,0,423,2
T,15701,13793026,90,2124130,0,393,2
T,15702,13793046,90,2124130,0,460,2
T,15703,13793066,90,2124130,0,837,2
T,15704,13793086,90,2124130,0,408,2
T,15705,13793106,90,2124130,0,478,2
T,15706,13793126,90,2124130,0,539,2
T,15707,13793146,90,2124130,0,419,2

[host] drv timeout 2000
T,15708,13793166,90,2124130,0,391,2
drv timeout 2000
timeout 2000 ms, 2000 ms remaining
  any 'drv duty' kicks it; re-issuing this command kicks it too
> T,15709,13793186,90,2124130,0,812,2
T,15710,13793206,90,2124130,0,419,2
T,15711,13793226,90,2124130,0,477,2
T,15712,13793246,90,2124130,0,547,2
T,15713,13793266,90,2124130,0,466,2
T,15714,13793286,90,2124130,0,421,2
T,15715,13793306,90,2124130,0,425,2
T,15716,13793326,90,2124130,0,395,2
T,15717,13793346,90,2124130,0,476,2
T,15718,13793366,90,2124130,0,603,2
T,15719,13793386,90,2124130,0,803,2
T,15720,13793406,90,2124130,0,413,2
T,15721,13793426,90,2124130,0,550,2
T,15722,13793446,90,2124130,0,414,2
T,15723,13793466,90,2124130,0,387,2
T,15724,13793486,90,2124130,0,448,2
T,15725,13793506,90,2124130,0,391,2
T,15726,13793526,90,2124130,0,419,2
T,15727,13793546,90,2124130,0,471,2
T,15728,13793566,90,2124130,0,503,2
T,15729,13793586,90,2124130,0,635,2
T,15730,13793606,90,2124130,0,416,2
T,15731,13793626,90,2124130,0,475,2
T,15732,13793646,90,2124130,0,467,2

[host] drv timeout 2000
T,15733,13793666,90,2124130,0,419,2
drv timeout 2000
timeout 2000 ms, 2000 ms remaining
  any 'drv duty' kicks it; re-issuing this command kicks it too
> T,15734,13793686,90,2124130,0,504,2
T,15735,13793706,90,2124130,0,401,2
T,15736,13793726,90,2124130,0,406,2
T,15737,13793746,90,2124130,0,439,2
T,15738,13793766,90,2124130,0,423,2
T,15739,13793786,90,2124130,0,429,2
T,15740,13793806,90,2124130,0,389,2
T,15741,13793826,90,2124130,0,442,2
T,15742,13793846,90,2124130,0,435,2
T,15743,13793866,90,2124130,0,386,2
T,15744,13793886,90,2124130,0,442,2
T,15745,13793906,90,2124130,0,395,2
T,15746,13793926,90,2124130,0,445,2
T,15747,13793946,90,2124130,0,417,2
T,15748,13793966,90,2124130,0,400,2
T,15749,13793986,90,2124130,0,443,2
T,15750,13794006,90,2124130,0,429,2
T,15751,13794026,90,2124130,0,392,2
T,15752,13794046,90,2124130,0,470,2
T,15753,13794066,90,2124130,0,640,2
T,15754,13794086,90,2124130,0,625,2
T,15755,13794106,90,2124130,0,419,2
T,15756,13794126,90,2124130,0,540,2
T,15757,13794146,90,2124130,0,425,2

[host] drv timeout 2000
T,15758,13794166,90,2124130,0,424,2
drv timeout 2000
timeout 2000 ms, 2000 ms remaining
  any 'drv duty' kicks it; re-issuing this command kicks it too
> T,15759,13794186,90,2124130,0,828,2
T,15760,13794206,90,2124130,0,514,2
T,15761,13794226,90,2124130,0,653,2
T,15762,13794246,90,2124130,0,566,2
T,15763,13794266,90,2124130,0,474,2
T,15764,13794286,90,2124130,0,408,2
T,15765,13794306,90,2124130,0,429,2
T,15766,13794326,90,2124130,0,392,2
T,15767,13794346,90,2124130,0,458,2
T,15768,13794366,90,2124130,0,832,2
T,15769,13794386,90,2124130,0,482,2
T,15770,13794406,90,2124130,0,433,2
T,15771,13794426,90,2124130,0,557,2
T,15772,13794446,90,2124130,0,412,2
T,15773,13794466,90,2124130,0,395,2
T,15774,13794486,90,2124130,0,434,2
T,15775,13794506,90,2124130,0,424,2
T,15776,13794526,90,2124130,0,391,2
T,15777,13794546,90,2124130,0,469,2
T,15778,13794566,90,2124130,0,578,2
T,15779,13794586,90,2124130,0,797,2
T,15780,13794606,90,2124130,0,513,2
T,15781,13794626,90,2124130,0,432,2
T,15782,13794646,90,2124130,0,492,2

[host] drv timeout 2000
T,15783,13794666,90,2124130,0,392,2
drv timeout 2000
timeout 2000 ms, 2000 ms remaining
  any 'drv duty' kicks it; re-issuing this command kicks it too
> T,15784,13794686,90,2124130,0,522,2
T,15785,13794706,90,2124130,0,792,2
T,15786,13794726,90,2124130,0,422,2
T,15787,13794746,90,2124130,0,419,2
T,15788,13794766,90,2124130,0,451,2
T,15789,13794786,90,2124130,0,393,2
T,15790,13794806,90,2124130,0,421,2
T,15791,13794826,90,2124130,0,440,2
T,15792,13794846,90,2124130,0,439,2
T,15793,13794866,90,2124130,0,395,2
T,15794,13794886,90,2124130,0,418,2
T,15795,13794906,90,2124130,0,432,2
T,15796,13794926,90,2124130,0,422,2
T,15797,13794946,90,2124130,0,422,2
T,15798,13794966,90,2124130,0,421,2
T,15799,13794986,90,2124130,0,416,2
T,15800,13795006,90,2124130,0,434,2
T,15801,13795026,90,2124130,0,409,2
T,15802,13795046,90,2124130,0,413,2
T,15803,13795066,90,2124130,0,392,2
T,15804,13795086,90,2124130,0,421,2
T,15805,13795106,90,2124130,0,419,2
T,15806,13795126,90,2124130,0,417,2
T,15807,13795146,90,2124130,0,471,2
T,15808,13795166,90,2124130,0,61
[host] drv timeout 2000
3,2
drv timeout 2000
timeout 2000 ms, 2000 ms remaining
  any 'drv duty' kicks it; re-issuing this command kicks it too
> T,15809,13795186,90,2124130,0,455,2
T,15810,13795206,90,2124130,0,428,2
T,15811,13795226,90,2124130,0,844,2
T,15812,13795246,90,2124130,0,418,2
T,15813,13795266,90,2124130,0,538,2
T,15814,13795286,90,2124130,0,481,2
T,15815,13795306,90,2124130,0,392,2
T,15816,13795326,90,2124130,0,435,2
T,15817,13795346,90,2124130,0,443,2
T,15818,13795366,90,2124130,0,438,2
T,15819,13795386,90,2124130,0,397,2
T,15820,13795406,90,2124130,0,417,2
T,15821,13795426,90,2124130,0,442,2
T,15822,13795446,90,2124130,0,439,2
T,15823,13795466,90,2124130,0,392,2
T,15824,13795486,90,2124130,0,449,2
T,15825,13795506,90,2124130,0,398,2
T,15826,13795526,90,2124130,0,414,2
T,15827,13795546,90,2124130,0,469,2
T,15828,13795566,90,2124130,0,450,2
T,15829,13795586,90,2124130,0,590,2
T,15830,13795606,90,2124130,0,411,2
T,15831,13795626,90,2124130,0,551,2
T,15832,13795646,90,2124130,0,412,2
T,15833,13795666,90,2124130,0,42
[host] drv timeout 2000
8,2
drv timeout 2000
timeout 2000 ms, 2000 ms remaining
  any 'drv duty' kicks it; re-issuing this command kicks it too
> T,15834,13795686,90,2124130,0,392,2
T,15835,13795706,90,2124130,0,412,2
T,15836,13795726,90,2124130,0,408,2
T,15837,13795746,90,2124130,0,480,2
T,15838,13795766,90,2124130,0,393,2
T,15839,13795786,90,2124130,0,419,2
T,15840,13795806,90,2124130,0,434,2
T,15841,13795826,90,2124130,0,422,2
T,15842,13795846,90,2124130,0,424,2
T,15843,13795866,90,2124130,0,446,2
T,15844,13795886,90,2124130,0,396,2
T,15845,13795906,90,2124130,0,414,2
T,15846,13795926,90,2124130,0,421,2
T,15847,13795946,90,2124130,0,446,2
T,15848,13795966,90,2124130,0,416,2
T,15849,13795986,90,2124130,0,419,2
T,15850,13796006,90,2124130,0,391,2
T,15851,13796026,90,2124130,0,418,2
T,15852,13796046,90,2124130,0,458,2
T,15853,13796066,90,2124130,0,844,2
T,15854,13796086,90,2124130,0,450,2
T,15855,13796106,90,2124130,0,422,2
T,15856,13796126,90,2124130,0,517,2
T,15857,13796146,90,2124130,0,411,2
T,15858,13796166,90,2124130,0,39
[host] drv timeout 2000
5,2
drv timeout 2000
timeout 2000 ms, 2000 ms remaining
  any 'drv duty' kicks it; re-issuing this command kicks it too
> T,15859,13796186,90,2124130,0,407,2
T,15860,13796206,90,2124130,0,396,2
T,15861,13796226,90,2124130,0,413,2
T,15862,13796246,90,2124130,0,465,2
T,15863,13796266,90,2124130,0,400,2
T,15864,13796286,90,2124130,0,438,2
T,15865,13796306,90,2124130,0,393,2
T,15866,13796326,90,2124130,0,413,2
T,15867,13796346,90,2124130,0,439,2
T,15868,13796366,90,2124130,0,423,2
T,15869,13796386,90,2124130,0,390,2
T,15870,13796406,90,2124130,0,412,2
T,15871,13796426,90,2124130,0,442,2
T,15872,13796446,90,2124130,0,444,2
T,15873,13796466,90,2124130,0,405,2
T,15874,13796486,90,2124130,0,417,2
T,15875,13796506,90,2124130,0,421,2
T,15876,13796526,90,2124130,0,390,2
T,15877,13796546,90,2124130,0,435,2
T,15878,13796566,90,2124130,0,395,2
T,15879,13796586,90,2124130,0,446,2
T,15880,13796606,90,2124130,0,398,2
T,15881,13796626,90,2124130,0,421,2
T,15882,13796646,90,2124130,0,419,2
T,15883,13796666,90,2124130,0,416,2

[host] drv timeout 2000
drv timeout 2000
timeout 2000 ms, 2000 ms remaining
  any 'drv duty' kicks it; re-issuing this command kicks it too
> T,15884,13796686,90,2124130,0,408,2
T,15885,13796706,90,2124130,0,430,2
T,15886,13796726,90,2124130,0,637,2
T,15887,13796746,90,2124130,0,417,2
T,15888,13796766,90,2124130,0,524,2
T,15889,13796786,90,2124130,0,402,2
T,15890,13796806,90,2124130,0,391,2
T,15891,13796826,90,2124130,0,440,2
T,15892,13796846,90,2124130,0,450,2
T,15893,13796866,90,2124130,0,422,2
T,15894,13796886,90,2124130,0,392,2
T,15895,13796906,90,2124130,0,421,2
T,15896,13796926,90,2124130,0,419,2
T,15897,13796946,90,2124130,0,428,2
T,15898,13796966,90,2124130,0,387,2
T,15899,13796986,90,2124130,0,434,2
T,15900,13797006,90,2124130,0,395,2
T,15901,13797026,90,2124130,0,422,2
T,15902,13797046,90,2124130,0,471,2
T,15903,13797066,90,2124130,0,817,2
T,15904,13797086,90,2124130,0,411,2
T,15905,13797106,90,2124130,0,481,2
T,15906,13797126,90,2124130,0,472,2
T,15907,13797146,90,2124130,0,421,2
T,15908,13797166,90,2124130,0,438,2

[host] drv timeout 2000
drv timeout 2000
timeout 2000 ms, 2000 ms remaining
  any 'drv duty' kicks it; re-issuing this command kicks it too
> T,15909,13797186,90,2124130,0,451,2
T,15910,13797206,90,2124130,0,411,2
T,15911,13797226,90,2124130,0,446,2
T,15912,13797246,90,2124130,0,616,2
T,15913,13797266,90,2124130,0,411,2
T,15914,13797286,90,2124130,0,552,2
T,15915,13797306,90,2124130,0,433,2
T,15916,13797326,90,2124130,0,396,2
T,15917,13797346,90,2124130,0,474,2
T,15918,13797366,90,2124130,0,440,2
T,15919,13797386,90,2124130,0,664,2
T,15920,13797406,90,2124130,0,413,2
T,15921,13797426,90,2124130,0,551,2
T,15922,13797446,90,2124130,0,422,2
T,15923,13797466,90,2124130,0,424,2
T,15924,13797486,90,2124130,0,391,2
T,15925,13797506,90,2124130,0,413,2
T,15926,13797526,90,2124130,0,416,2
T,15927,13797546,90,2124130,0,464,2
T,15928,13797566,90,2124130,0,854,2
T,15929,13797586,90,2124130,0,560,2
T,15930,13797606,90,2124130,0,416,2
T,15931,13797626,90,2124130,0,545,2
T,15932,13797646,90,2124130,0,413,2
T,15933,13797666,90,2124130,0,429,2

[host] drv timeout 2000
drv timeout 2000
timeout 2000 ms, 2000 ms remaining
  any 'drv duty' kicks it; re-issuing this command kicks it too
> T,15934,13797686,90,2124130,0,465,2
T,15935,13797706,90,2124130,0,433,2
T,15936,13797726,90,2124130,0,499,2
T,15937,13797746,90,2124130,0,552,2
T,15938,13797766,90,2124130,0,402,2
T,15939,13797786,90,2124130,0,391,2
T,15940,13797806,90,2124130,0,421,2
T,15941,13797826,90,2124130,0,450,2
T,15942,13797846,90,2124130,0,432,2
T,15943,13797866,90,2124130,0,392,2
T,15944,13797886,90,2124130,0,423,2
T,15945,13797906,90,2124130,0,435,2
T,15946,13797926,90,2124130,0,414,2
T,15947,13797946,90,2124130,0,419,2
T,15948,13797966,90,2124130,0,412,2
T,15949,13797986,90,2124130,0,427,2
T,15950,13798006,90,2124130,0,398,2
T,15951,13798026,90,2124130,0,422,2
T,15952,13798046,90,2124130,0,464,2
T,15953,13798066,90,2124130,0,854,2
T,15954,13798086,90,2124130,0,671,2
T,15955,13798106,90,2124130,0,412,2
T,15956,13798126,90,2124130,0,552,2
T,15957,13798146,90,2124130,0,438,2
T,15958,13798166,90,2124130,0,393,2

[host] drv timeout 2000
drv timeout 2000
timeout 2000 ms, 2000 ms remaining
  any 'drv duty' kicks it; re-issuing this command kicks it too
> T,15959,13798186,90,2124130,0,428,2
T,15960,13798206,90,2124130,0,467,2
T,15961,13798226,90,2124130,0,621,2
T,15962,13798246,90,2124130,0,423,2
T,15963,13798266,90,2124130,0,544,2
T,15964,13798286,90,2124130,0,442,2
T,15965,13798306,90,2124130,0,412,2
T,15966,13798326,90,2124130,0,392,2
T,15967,13798346,90,2124130,0,456,2
T,15968,13798366,90,2124130,0,808,2
T,15969,13798386,90,2124130,0,507,2
T,15970,13798406,90,2124130,0,440,2
T,15971,13798426,90,2124130,0,482,2
T,15972,13798446,90,2124130,0,413,2
T,15973,13798466,90,2124130,0,424,2
T,15974,13798486,90,2124130,0,389,2
T,15975,13798506,90,2124130,0,425,2
T,15976,13798526,90,2124130,0,419,2
T,15977,13798546,90,2124130,0,453,2
T,15978,13798566,90,2124130,0,833,2
T,15979,13798586,90,2124130,0,416,2
T,15980,13798606,90,2124130,0,549,2
T,15981,13798626,90,2124130,0,485,2
T,15982,13798646,90,2124130,0,433,2
T,15983,13798666,90,2124130,0,657,2

[host] drv timeout 2000
drv timeout 2000
timeout 2000 ms, 2000 ms remaining
  any 'drv duty' kicks it; re-issuing this command kicks it too
> T,15984,13798686,90,2124130,0,631,2
T,15985,13798706,90,2124130,0,488,2
T,15986,13798726,90,2124130,0,475,2
T,15987,13798746,90,2124130,0,432,2
T,15988,13798766,90,2124130,0,392,2
T,15989,13798786,90,2124130,0,422,2
T,15990,13798806,90,2124130,0,421,2
T,15991,13798826,90,2124130,0,395,2
T,15992,13798846,90,2124130,0,456,2
T,15993,13798866,90,2124130,0,854,2
T,15994,13798886,90,2124130,0,497,2
T,15995,13798906,90,2124130,0,423,2
T,15996,13798926,90,2124130,0,531,2
T,15997,13798946,90,2124130,0,418,2
T,15998,13798966,90,2124130,0,422,2
T,15999,13798986,90,2124130,0,391,2
T,16000,13799006,90,2124130,0,419,2
T,16001,13799026,90,2124130,0,419,2
T,16002,13799046,90,2124130,0,480,2
T,16003,13799066,90,2124130,0,781,2
T,16004,13799086,90,2124130,0,419,2
T,16005,13799106,90,2124130,0,551,2
T,16006,13799126,90,2124130,0,450,2
T,16007,13799146,90,2124130,0,799,2
T,16008,13799166,90,2124130,0,414,2

[host] drv timeout 2000
drv timeout 2000
timeout 2000 ms, 2000 ms remaining
  any 'drv duty' kicks it; re-issuing this command kicks it too
> T,16009,13799186,90,2124130,0,474,2
T,16010,13799206,90,2124130,0,592,2
T,16011,13799226,90,2124130,0,434,2
T,16012,13799246,90,2124130,0,422,2
T,16013,13799266,90,2124130,0,417,2
T,16014,13799286,90,2124130,0,433,2
T,16015,13799306,90,2124130,0,430,2
T,16016,13799326,90,2124130,0,430,2
T,16017,13799346,90,2124130,0,438,2
T,16018,13799366,90,2124130,0,429,2
T,16019,13799386,90,2124130,0,403,2
T,16020,13799406,90,2124130,0,395,2
T,16021,13799426,90,2124130,0,440,2
T,16022,13799446,90,2124130,0,429,2
T,16023,13799466,90,2124130,0,397,2
T,16024,13799486,90,2124130,0,409,2
T,16025,13799506,90,2124130,0,453,2
T,16026,13799526,90,2124130,0,429,2
T,16027,13799546,90,2124130,0,422,2
T,16028,13799566,90,2124130,0,449,2
T,16029,13799586,90,2124130,0,393,2
T,16030,13799606,90,2124130,0,443,2
T,16031,13799626,90,2124130,0,390,2
T,16032,13799646,90,2124130,0,421,2
T,16033,13799666,90,2124130,0,552,2

[host] drv timeout 2000
drv timeouT,16034,13799686,90,2124130,0,465,2
t 2000
timeout 2000 ms, 2000 ms remaining
  any 'drv duty' kicks it; re-issuing this command kicks it too
> T,16035,13799706,90,2124130,0,481,2
T,16036,13799726,90,2124130,0,475,2
T,16037,13799746,90,2124130,0,432,2
T,16038,13799766,90,2124130,0,392,2
T,16039,13799786,90,2124130,0,412,2
T,16040,13799806,90,2124130,0,421,2
T,16041,13799826,90,2124130,0,421,2
T,16042,13799846,90,2124130,0,469,2
T,16043,13799866,90,2124130,0,467,2
T,16044,13799886,90,2124130,0,853,2
T,16045,13799906,90,2124130,0,467,2
T,16046,13799926,90,2124130,0,434,2
T,16047,13799946,90,2124130,0,422,2
T,16048,13799966,90,2124130,0,419,2
T,16049,13799986,90,2124130,0,392,2
T,16050,13800006,90,2124130,0,417,2
T,16051,13800026,90,2124130,0,444,2
T,16052,13800046,90,2124130,0,429,2
T,16053,13800066,90,2124130,0,395,2
T,16054,13800086,90,2124130,0,445,2
T,16055,13800106,90,2124130,0,391,2
T,16056,13800126,90,2124130,0,595,2
T,16057,13800146,90,2124130,0,423,2
T,16058,13800166,90,2124130,0,520,2

[host] drv timeout 2000
T,16059,13800186,90,2124130,0,407,2
drv timeout 2000
timeout 2000 ms, 2000 ms remaining
  any 'drv duty' kicks it; re-issuing this command kicks it too
> T,16060,13800206,90,2124130,0,795,2
T,16061,13800226,90,2124130,0,390,2
T,16062,13800246,90,2124130,0,476,2
T,16063,13800266,90,2124130,0,586,2
T,16064,13800286,90,2124130,0,822,2
T,16065,13800306,90,2124130,0,417,2
T,16066,13800326,90,2124130,0,547,2
T,16067,13800346,90,2124130,0,403,2
T,16068,13800366,90,2124130,0,392,2
T,16069,13800386,90,2124130,0,451,2
T,16070,13800406,90,2124130,0,391,2
T,16071,13800426,90,2124130,0,446,2
T,16072,13800446,90,2124130,0,417,2
T,16073,13800466,90,2124130,0,439,2
T,16074,13800486,90,2124130,0,417,2
T,16075,13800506,90,2124130,0,395,2
T,16076,13800526,90,2124130,0,423,2
T,16077,13800546,90,2124130,0,472,2
T,16078,13800566,90,2124130,0,845,2
T,16079,13800586,90,2124130,0,625,2
T,16080,13800606,90,2124130,0,409,2
T,16081,13800626,90,2124130,0,393,2
T,16082,13800646,90,2124130,0,480,2
T,16083,13800666,90,2124130,0,839,2

[host] drv timeout 2000
T,16084,13800686,90,2124130,0,414,2
drv timeout 2000
timeout 2000 ms, 2000 ms remaining
  any 'drv duty' kicks it; re-issuing this command kicks it too
> T,16085,13800706,90,2124130,0,816,2
T,16086,13800726,90,2124130,0,432,2
T,16087,13800746,90,2124130,0,442,2
T,16088,13800766,90,2124130,0,389,2
T,16089,13800786,90,2124130,0,416,2
T,16090,13800806,90,2124130,0,422,2
T,16091,13800826,90,2124130,0,443,2
T,16092,13800846,90,2124130,0,448,2
T,16093,13800866,90,2124130,0,397,2
T,16094,13800886,90,2124130,0,438,2
T,16095,13800906,90,2124130,0,413,2
T,16096,13800926,90,2124130,0,425,2
T,16097,13800946,90,2124130,0,418,2
T,16098,13800966,90,2124130,0,422,2
T,16099,13800986,90,2124130,0,445,2
T,16100,13801006,90,2124130,0,414,2
T,16101,13801026,90,2124130,0,428,2
T,16102,13801046,90,2124130,0,414,2
T,16103,13801066,90,2124130,0,429,2
T,16104,13801086,90,2124130,0,391,2
T,16105,13801106,90,2124130,0,789,2
T,16106,13801126,90,2124130,0,419,2
T,16107,13801146,90,2124130,0,507,2
T,16108,13801166,90,2124130,0,403,2
T,16109,13801186,90,2124130,0,43
[host] drv timeout 2000
0,2
drv timeout 2000
timeout 2000 ms, 2000 ms remaining
  any 'drv duty' kicks it; re-issuing this command kicks it too
> T,16110,13801206,90,2124130,0,498,2
T,16111,13801226,90,2124130,0,620,2
T,16112,13801246,90,2124130,0,487,2
T,16113,13801266,90,2124130,0,517,2
T,16114,13801286,90,2124130,0,413,2
T,16115,13801306,90,2124130,0,412,2
T,16116,13801326,90,2124130,0,397,2
T,16117,13801346,90,2124130,0,451,2
T,16118,13801366,90,2124130,0,635,2
T,16119,13801386,90,2124130,0,412,2
T,16120,13801406,90,2124130,0,542,2
T,16121,13801426,90,2124130,0,405,2
T,16122,13801446,90,2124130,0,427,2
T,16123,13801466,90,2124130,0,425,2
T,16124,13801486,90,2124130,0,446,2
T,16125,13801506,90,2124130,0,395,2
T,16126,13801526,90,2124130,0,421,2
T,16127,13801546,90,2124130,0,480,2
T,16128,13801566,90,2124130,0,629,2
T,16129,13801586,90,2124130,0,472,2
T,16130,13801606,90,2124130,0,396,2
T,16131,13801626,90,2124130,0,451,2
T,16132,13801646,90,2124130,0,448,2
T,16133,13801666,90,2124130,0,391,2
T,16134,13801686,90,2124130,0,425,2

[host] drv timeout 2000
drv timeout 2000
timeout 2000 ms, 2000 ms remaining
  any 'drv duty' kicks it; re-issuing this command kicks it too
> T,16135,13801706,90,2124130,0,398,2
T,16136,13801726,90,2124130,0,407,2
T,16137,13801746,90,2124130,0,482,2
T,16138,13801766,90,2124130,0,392,2
T,16139,13801786,90,2124130,0,412,2
T,16140,13801806,90,2124130,0,414,2
T,16141,13801826,90,2124130,0,456,2
T,16142,13801846,90,2124130,0,417,2
T,16143,13801866,90,2124130,0,418,2
T,16144,13801886,90,2124130,0,422,2
T,16145,13801906,90,2124130,0,428,2
T,16146,13801926,90,2124130,0,414,2
T,16147,13801946,90,2124130,0,475,2
T,16148,13801966,90,2124130,0,456,2
T,16149,13801986,90,2124130,0,828,2
T,16150,13802006,90,2124130,0,409,2
T,16151,13802026,90,2124130,0,531,2
T,16152,13802046,90,2124130,0,397,2
T,16153,13802066,90,2124130,0,429,2
T,16154,13802086,90,2124130,0,554,2
T,16155,13802106,90,2124130,0,843,2
T,16156,13802126,90,2124130,0,512,2
T,16157,13802146,90,2124130,0,565,2
T,16158,13802166,90,2124130,0,477,2
T,16159,13802186,90,2124130,0,412,2

[host] drv timeout 2000
drv timeout 2000
timeout 2000 ms, 2000 ms remaining
  any 'drv duty' kicks it; re-issuing this command kicks it too
> T,16160,13802206,90,2124130,0,422,2
T,16161,13802226,90,2124130,0,498,2
T,16162,13802246,90,2124130,0,641,2
T,16163,13802266,90,2124130,0,413,2
T,16164,13802286,90,2124130,0,491,2
T,16165,13802306,90,2124130,0,470,2
T,16166,13802326,90,2124130,0,391,2
T,16167,13802346,90,2124130,0,492,2
T,16168,13802366,90,2124130,0,669,2
T,16169,13802386,90,2124130,0,421,2
T,16170,13802406,90,2124130,0,558,2
T,16171,13802426,90,2124130,0,464,2
T,16172,13802446,90,2124130,0,419,2
T,16173,13802466,90,2124130,0,397,2
T,16174,13802486,90,2124130,0,421,2
T,16175,13802506,90,2124130,0,411,2
T,16176,13802526,90,2124130,0,411,2
T,16177,13802546,90,2124130,0,471,2
T,16178,13802566,90,2124130,0,451,2
T,16179,13802586,90,2124130,0,549,2
T,16180,13802606,90,2124130,0,403,2
T,16181,13802626,90,2124130,0,418,2
T,16182,13802646,90,2124130,0,423,2
T,16183,13802666,90,2124130,0,437,2
T,16184,13802686,90,2124130,0,391,2

[host] drv timeout 2000
drv timeout 2000
timeout 2000 ms, 2000 ms remaining
  any 'drv duty' kicks it; re-issuing this command kicks it too
> T,16185,13802706,90,2124130,0,481,2
T,16186,13802726,90,2124130,0,822,2
T,16187,13802746,90,2124130,0,414,2
T,16188,13802766,90,2124130,0,525,2
T,16189,13802786,90,2124130,0,405,2
T,16190,13802806,90,2124130,0,422,2
T,16191,13802826,90,2124130,0,392,2
T,16192,13802846,90,2124130,0,472,2
T,16193,13802866,90,2124130,0,769,2
T,16194,13802886,90,2124130,0,412,2
T,16195,13802906,90,2124130,0,550,2
T,16196,13802926,90,2124130,0,440,2
T,16197,13802946,90,2124130,0,417,2
T,16198,13802966,90,2124130,0,418,2
T,16199,13802986,90,2124130,0,425,2
T,16200,13803006,90,2124130,0,446,2
T,16201,13803026,90,2124130,0,396,2
T,16202,13803046,90,2124130,0,435,2
T,16203,13803066,90,2124130,0,471,2
T,16204,13803086,90,2124130,0,588,2
T,16205,13803106,90,2124130,0,417,2
T,16206,13803126,90,2124130,0,462,2
T,16207,13803146,90,2124130,0,414,2
T,16208,13803166,90,2124130,0,393,2
T,16209,13803186,90,2124130,0,435,2

[host] drv timeout 2000
drv timeout 2000
timeout 2000 ms, 2000 ms remaining
  any 'drv duty' kicks it; re-issuing this command kicks it too
> T,16210,13803206,90,2124130,0,558,2
T,16211,13803226,90,2124130,0,470,2
T,16212,13803246,90,2124130,0,797,2
T,16213,13803266,90,2124130,0,408,2
T,16214,13803286,90,2124130,0,547,2
T,16215,13803306,90,2124130,0,471,2
T,16216,13803326,90,2124130,0,391,2
T,16217,13803346,90,2124130,0,471,2
T,16218,13803366,90,2124130,0,853,2
T,16219,13803386,90,2124130,0,411,2
T,16220,13803406,90,2124130,0,545,2
T,16221,13803426,90,2124130,0,462,2
T,16222,13803446,90,2124130,0,427,2
T,16223,13803466,90,2124130,0,421,2
T,16224,13803486,90,2124130,0,413,2
T,16225,13803506,90,2124130,0,423,2
T,16226,13803526,90,2124130,0,434,2
T,16227,13803546,90,2124130,0,651,2
T,16228,13803566,90,2124130,0,417,2
T,16229,13803586,90,2124130,0,544,2
T,16230,13803606,90,2124130,0,455,2
T,16231,13803626,90,2124130,0,409,2
T,16232,13803646,90,2124130,0,442,2
T,16233,13803666,90,2124130,0,423,2
T,16234,13803686,90,2124130,0,392,2

[host] drv timeout 2000
drv timeout 2000
timeout 2000 ms, 2000 ms remaining
  any 'drv duty' kicks it; re-issuing this command kicks it too
> T,16235,13803706,90,2124130,0,408,2
T,16236,13803726,90,2124130,0,422,2
T,16237,13803746,90,2124130,0,409,2
T,16238,13803766,90,2124130,0,387,2
T,16239,13803786,90,2124130,0,416,2
T,16240,13803806,90,2124130,0,453,2
T,16241,13803826,90,2124130,0,392,2
T,16242,13803846,90,2124130,0,470,2
T,16243,13803866,90,2124130,0,645,2
T,16244,13803886,90,2124130,0,411,2
T,16245,13803906,90,2124130,0,554,2
T,16246,13803926,90,2124130,0,477,2
T,16247,13803946,90,2124130,0,424,2
T,16248,13803966,90,2124130,0,391,2
T,16249,13803986,90,2124130,0,439,2
T,16250,13804006,90,2124130,0,428,2
T,16251,13804026,90,2124130,0,604,2
T,16252,13804046,90,2124130,0,413,2
T,16253,13804066,90,2124130,0,550,2
T,16254,13804086,90,2124130,0,402,2
T,16255,13804106,90,2124130,0,430,2
T,16256,13804126,90,2124130,0,392,2
T,16257,13804146,90,2124130,0,482,2
T,16258,13804166,90,2124130,0,826,2
T,16259,13804186,90,2124130,0,414,2

[host] drv timeout 2000
drv timeout 2000
timeout 2000 ms, 2000 ms remaining
  any 'drv duty' kicks it; re-issuing this command kicks it too
> T,16260,13804206,90,2124130,0,443,2
T,16261,13804226,90,2124130,0,422,2
T,16262,13804246,90,2124130,0,451,2
T,16263,13804266,90,2124130,0,387,2
T,16264,13804286,90,2124130,0,419,2
T,16265,13804306,90,2124130,0,419,2
T,16266,13804326,90,2124130,0,433,2
T,16267,13804346,90,2124130,0,442,2
T,16268,13804366,90,2124130,0,423,2
T,16269,13804386,90,2124130,0,392,2
T,16270,13804406,90,2124130,0,438,2
T,16271,13804426,90,2124130,0,427,2
T,16272,13804446,90,2124130,0,414,2
T,16273,13804466,90,2124130,0,423,2
T,16274,13804486,90,2124130,0,421,2
T,16275,13804506,90,2124130,0,422,2
T,16276,13804526,90,2124130,0,840,2
T,16277,13804546,90,2124130,0,418,2
T,16278,13804566,90,2124130,0,465,2
T,16279,13804586,90,2124130,0,407,2
T,16280,13804606,90,2124130,0,422,2
T,16281,13804626,90,2124130,0,393,2
T,16282,13804646,90,2124130,0,472,2
T,16283,13804666,90,2124130,0,574,2
T,16284,13804686,90,2124130,0,834,2

[host] drv timeout 2000
drv timeout 2000
timeout 2000 ms, 2000 ms remaining
  any 'drv duty' kicks it; re-issuing this command kicks it too
> T,16285,13804706,90,2124130,0,446,2
T,16286,13804726,90,2124130,0,427,2
T,16287,13804746,90,2124130,0,434,2
T,16288,13804766,90,2124130,0,391,2
T,16289,13804786,90,2124130,0,421,2
T,16290,13804806,90,2124130,0,411,2
T,16291,13804826,90,2124130,0,437,2
T,16292,13804846,90,2124130,0,425,2
T,16293,13804866,90,2124130,0,409,2
T,16294,13804886,90,2124130,0,393,2
T,16295,13804906,90,2124130,0,439,2
T,16296,13804926,90,2124130,0,395,2
T,16297,13804946,90,2124130,0,490,2
T,16298,13804966,90,2124130,0,779,2
T,16299,13804986,90,2124130,0,409,2
T,16300,13805006,90,2124130,0,423,2
T,16301,13805026,90,2124130,0,395,2
T,16302,13805046,90,2124130,0,481,2
T,16303,13805066,90,2124130,0,780,2
T,16304,13805086,90,2124130,0,455,2
T,16305,13805106,90,2124130,0,422,2
T,16306,13805126,90,2124130,0,523,2
T,16307,13805146,90,2124130,0,418,2
T,16308,13805166,90,2124130,0,391,2
T,16309,13805186,90,2124130,0,440,2

[host] drv timeout 2000
drv timeout 2000
timeout 2000 ms, 2000 ms remaining
  any 'drv duty' kicks it; re-issuing this command kicks it too
> T,16310,13805206,90,2124130,0,421,2
T,16311,13805226,90,2124130,0,770,2
T,16312,13805246,90,2124130,0,416,2
T,16313,13805266,90,2124130,0,551,2
T,16314,13805286,90,2124130,0,412,2
T,16315,13805306,90,2124130,0,419,2
T,16316,13805326,90,2124130,0,390,2
T,16317,13805346,90,2124130,0,472,2
T,16318,13805366,90,2124130,0,667,2
T,16319,13805386,90,2124130,0,817,2
T,16320,13805406,90,2124130,0,412,2
T,16321,13805426,90,2124130,0,540,2
T,16322,13805446,90,2124130,0,421,2
T,16323,13805466,90,2124130,0,417,2
T,16324,13805486,90,2124130,0,391,2
T,16325,13805506,90,2124130,0,823,2
T,16326,13805526,90,2124130,0,417,2
T,16327,13805546,90,2124130,0,518,2
T,16328,13805566,90,2124130,0,418,2
T,16329,13805586,90,2124130,0,428,2
T,16330,13805606,90,2124130,0,396,2
T,16331,13805626,90,2124130,0,421,2
T,16332,13805646,90,2124130,0,478,2
T,16333,13805666,90,2124130,0,571,2
T,16334,13805686,90,2124130,0,651,2

[host] drv timeout 2000
drv timeout 2000
timeout 2000 ms, 2000 ms remaining
  any 'drv duty' kicks it; re-issuing this command kicks it too
> T,16335,13805706,90,2124130,0,414,2
T,16336,13805726,90,2124130,0,481,2
T,16337,13805746,90,2124130,0,478,2
T,16338,13805766,90,2124130,0,423,2
T,16339,13805786,90,2124130,0,522,2
T,16340,13805806,90,2124130,0,406,2
T,16341,13805826,90,2124130,0,430,2
T,16342,13805846,90,2124130,0,434,2
T,16343,13805866,90,2124130,0,395,2
T,16344,13805886,90,2124130,0,421,2
T,16345,13805906,90,2124130,0,423,2
T,16346,13805926,90,2124130,0,444,2
T,16347,13805946,90,2124130,0,416,2
T,16348,13805966,90,2124130,0,434,2
T,16349,13805986,90,2124130,0,578,2
T,16350,13806006,90,2124130,0,765,2
T,16351,13806026,90,2124130,0,411,2
T,16352,13806046,90,2124130,0,526,2
T,16353,13806066,90,2124130,0,403,2
T,16354,13806086,90,2124130,0,418,2
T,16355,13806106,90,2124130,0,395,2
T,16356,13806126,90,2124130,0,430,2
T,16357,13806146,90,2124130,0,430,2
T,16358,13806166,90,2124130,0,416,2
T,16359,13806186,90,2124130,0,442,2

[host] drv timeout 2000
drv timeout 2000
timeout 2000 ms, 2000 ms remaining
  any 'drv duty' kicks it; re-issuing this command kicks it too
> T,16360,13806206,90,2124130,0,416,2
T,16361,13806226,90,2124130,0,460,2
T,16362,13806246,90,2124130,0,658,2
T,16363,13806266,90,2124130,0,419,2
T,16364,13806286,90,2124130,0,469,2
T,16365,13806306,90,2124130,0,504,2
T,16366,13806326,90,2124130,0,407,2
T,16367,13806346,90,2124130,0,442,2
T,16368,13806366,90,2124130,0,421,2
T,16369,13806386,90,2124130,0,392,2
T,16370,13806406,90,2124130,0,446,2
T,16371,13806426,90,2124130,0,391,2
T,16372,13806446,90,2124130,0,499,2
T,16373,13806466,90,2124130,0,419,2
T,16374,13806486,90,2124130,0,558,2
T,16375,13806506,90,2124130,0,477,2
T,16376,13806526,90,2124130,0,408,2
T,16377,13806546,90,2124130,0,450,2
T,16378,13806566,90,2124130,0,395,2
T,16379,13806586,90,2124130,0,422,2
T,16380,13806606,90,2124130,0,419,2
T,16381,13806626,90,2124130,0,422,2
T,16382,13806646,90,2124130,0,481,2
T,16383,13806666,90,2124130,0,840,2
T,16384,13806686,90,2124130,0,541,2

[host] drv timeout 2000
drv timeout 2000
timeout 2000 ms, 2000 ms remaining
  any 'drv duty' kicks it; re-issuing this command kicks it too
> T,16385,13806706,90,2124130,0,418,2
T,16386,13806726,90,2124130,0,397,2
T,16387,13806746,90,2124130,0,432,2
T,16388,13806766,90,2124130,0,423,2
T,16389,13806786,90,2124130,0,425,2
T,16390,13806806,90,2124130,0,391,2
T,16391,13806826,90,2124130,0,437,2
T,16392,13806846,90,2124130,0,444,2
T,16393,13806866,90,2124130,0,389,2
T,16394,13806886,90,2124130,0,448,2
T,16395,13806906,90,2124130,0,408,2
T,16396,13806926,90,2124130,0,425,2
T,16397,13806946,90,2124130,0,419,2
T,16398,13806966,90,2124130,0,671,2
T,16399,13806986,90,2124130,0,408,2
T,16400,13807006,90,2124130,0,557,2
T,16401,13807026,90,2124130,0,471,2
T,16402,13807046,90,2124130,0,435,2
T,16403,13807066,90,2124130,0,390,2
T,16404,13807086,90,2124130,0,423,2
T,16405,13807106,90,2124130,0,429,2
T,16406,13807126,90,2124130,0,392,2
T,16407,13807146,90,2124130,0,461,2
T,16408,13807166,90,2124130,0,621,2
T,16409,13807186,90,2124130,0,409,2

[host] drv timeout 2000
drv timeout 2000
timeout 2000 ms, 2000 ms remaining
  any 'drv duty' kicks it; re-issuing this command kicks it too
> T,16410,13807206,90,2124130,0,546,2
T,16411,13807226,90,2124130,0,422,2
T,16412,13807246,90,2124130,0,421,2
T,16413,13807266,90,2124130,0,448,2
T,16414,13807286,90,2124130,0,402,2
T,16415,13807306,90,2124130,0,422,2
T,16416,13807326,90,2124130,0,423,2
T,16417,13807346,90,2124130,0,472,2
T,16418,13807366,90,2124130,0,842,2
T,16419,13807386,90,2124130,0,482,2
T,16420,13807406,90,2124130,0,437,2
T,16421,13807426,90,2124130,0,472,2
T,16422,13807446,90,2124130,0,770,2
T,16423,13807466,90,2124130,0,424,2
T,16424,13807486,90,2124130,0,550,2
T,16425,13807506,90,2124130,0,445,2
T,16426,13807526,90,2124130,0,416,2
T,16427,13807546,90,2124130,0,439,2
T,16428,13807566,90,2124130,0,443,2
T,16429,13807586,90,2124130,0,433,2
T,16430,13807606,90,2124130,0,392,2
T,16431,13807626,90,2124130,0,423,2
T,16432,13807646,90,2124130,0,458,2
T,16433,13807666,90,2124130,0,813,2
T,16434,13807686,90,2124130,0,472,2

[host] drv timeout 2000
drv timeout 2000
timeout 2000 ms, 2000 ms remaining
  any 'drv duty' kicks it; re-issuing this command kicks it too
> T,16435,13807706,90,2124130,0,465,2
T,16436,13807726,90,2124130,0,486,2
T,16437,13807746,90,2124130,0,417,2
T,16438,13807766,90,2124130,0,395,2
T,16439,13807786,90,2124130,0,445,2
T,16440,13807806,90,2124130,0,393,2
T,16441,13807826,90,2124130,0,419,2
T,16442,13807846,90,2124130,0,465,2
T,16443,13807866,90,2124130,0,456,2
T,16444,13807886,90,2124130,0,850,2
T,16445,13807906,90,2124130,0,549,2
T,16446,13807926,90,2124130,0,412,2
T,16447,13807946,90,2124130,0,417,2
T,16448,13807966,90,2124130,0,432,2
T,16449,13807986,90,2124130,0,411,2
T,16450,13808006,90,2124130,0,397,2
T,16451,13808026,90,2124130,0,445,2
T,16452,13808046,90,2124130,0,418,2
T,16453,13808066,90,2124130,0,412,2
T,16454,13808086,90,2124130,0,421,2
T,16455,13808106,90,2124130,0,423,2
T,16456,13808126,90,2124130,0,423,2
T,16457,13808146,90,2124130,0,472,2
T,16458,13808166,90,2124130,0,815,2
T,16459,13808186,90,2124130,0,472,2

[host] drv timeout 2000
drv timeout 2000
timeout 2000 ms, 2000 ms remaining
  any 'drv duty' kicks it; re-issuing this command kicks it too
> T,16460,13808206,90,2124130,0,414,2
T,16461,13808226,90,2124130,0,498,2
T,16462,13808246,90,2124130,0,429,2
T,16463,13808266,90,2124130,0,412,2
T,16464,13808286,90,2124130,0,424,2
T,16465,13808306,90,2124130,0,396,2
T,16466,13808326,90,2124130,0,412,2
T,16467,13808346,90,2124130,0,476,2
T,16468,13808366,90,2124130,0,485,2
T,16469,13808386,90,2124130,0,851,2
T,16470,13808406,90,2124130,0,539,2
T,16471,13808426,90,2124130,0,418,2
T,16472,13808446,90,2124130,0,432,2
T,16473,13808466,90,2124130,0,422,2
T,16474,13808486,90,2124130,0,391,2
T,16475,13808506,90,2124130,0,418,2
T,16476,13808526,90,2124130,0,450,2
T,16477,13808546,90,2124130,0,432,2
T,16478,13808566,90,2124130,0,395,2
T,16479,13808586,90,2124130,0,422,2
T,16480,13808606,90,2124130,0,423,2
T,16481,13808626,90,2124130,0,416,2
T,16482,13808646,90,2124130,0,472,2
T,16483,13808666,90,2124130,0,859,2
T,16484,13808686,90,2124130,0,582,2

[host] drv timeout 2000
drv timeout 2000
timeout 2000 ms, 2000 ms remaining
  any 'drv duty' kicks it; re-issuing this command kicks it too
> T,16485,13808706,90,2124130,0,418,2
T,16486,13808726,90,2124130,0,403,2
T,16487,13808746,90,2124130,0,478,2
T,16488,13808766,90,2124130,0,600,2
T,16489,13808786,90,2124130,0,765,2
T,16490,13808806,90,2124130,0,465,2
T,16491,13808826,90,2124130,0,434,2
T,16492,13808846,90,2124130,0,413,2
T,16493,13808866,90,2124130,0,393,2
T,16494,13808886,90,2124130,0,422,2
T,16495,13808906,90,2124130,0,424,2
T,16496,13808926,90,2124130,0,395,2
T,16497,13808946,90,2124130,0,474,2
T,16498,13808966,90,2124130,0,629,2
T,16499,13808986,90,2124130,0,635,2
T,16500,13809006,90,2124130,0,425,2
T,16501,13809026,90,2124130,0,480,2
T,16502,13809046,90,2124130,0,429,2
T,16503,13809066,90,2124130,0,423,2
T,16504,13809086,90,2124130,0,429,2
T,16505,13809106,90,2124130,0,453,2
T,16506,13809126,90,2124130,0,418,2
T,16507,13809146,90,2124130,0,413,2
T,16508,13809166,90,2124130,0,425,2
T,16509,13809186,90,2124130,0,422,2

[host] drv timeout 2000
drv tiT,16510,13809206,90,2124130,0,482,2
meout 2000
timeout 2000 ms, 2000 ms remaining
  any 'drv duty' kicks it; re-issuing this command kicks it too
> T,16511,13809226,90,2124130,0,481,2
T,16512,13809246,90,2124130,0,429,2
T,16513,13809266,90,2124130,0,405,2
T,16514,13809286,90,2124130,0,411,2
T,16515,13809306,90,2124130,0,395,2
T,16516,13809326,90,2124130,0,424,2
T,16517,13809346,90,2124130,0,487,2
T,16518,13809366,90,2124130,0,602,2
T,16519,13809386,90,2124130,0,829,2
T,16520,13809406,90,2124130,0,474,2
T,16521,13809426,90,2124130,0,411,2
T,16522,13809446,90,2124130,0,421,2
T,16523,13809466,90,2124130,0,424,2
T,16524,13809486,90,2124130,0,435,2
T,16525,13809506,90,2124130,0,418,2
T,16526,13809526,90,2124130,0,389,2
T,16527,13809546,90,2124130,0,451,2
T,16528,13809566,90,2124130,0,630,2
T,16529,13809586,90,2124130,0,403,2
T,16530,13809606,90,2124130,0,552,2
T,16531,13809626,90,2124130,0,455,2
T,16532,13809646,90,2124130,0,418,2
T,16533,13809666,90,2124130,0,392,2
T,16534,13809686,90,2124130,0,422,2

[host] drv timeout 2000
T,16535,13809706,90,2124130,0,422,2
drv timeout 2000
timeout 2000 ms, 2000 ms remaining
  any 'drv duty' kicks it; re-issuing this command kicks it too
> T,16536,13809726,90,2124130,0,451,2
T,16537,13809746,90,2124130,0,414,2
T,16538,13809766,90,2124130,0,397,2
T,16539,13809786,90,2124130,0,419,2
T,16540,13809806,90,2124130,0,425,2
T,16541,13809826,90,2124130,0,414,2
T,16542,13809846,90,2124130,0,475,2
T,16543,13809866,90,2124130,0,499,2
T,16544,13809886,90,2124130,0,435,2
T,16545,13809906,90,2124130,0,480,2
T,16546,13809926,90,2124130,0,396,2
T,16547,13809946,90,2124130,0,442,2
T,16548,13809966,90,2124130,0,391,2
T,16549,13809986,90,2124130,0,422,2
T,16550,13810006,90,2124130,0,418,2
T,16551,13810026,90,2124130,0,440,2
T,16552,13810046,90,2124130,0,443,2
T,16553,13810066,90,2124130,0,390,2
T,16554,13810086,90,2124130,0,438,2
T,16555,13810106,90,2124130,0,424,2
T,16556,13810126,90,2124130,0,414,2
T,16557,13810146,90,2124130,0,429,2
T,16558,13810166,90,2124130,0,419,2
T,16559,13810186,90,2124130,0,427,2

[host] drv timeout 2000
T,16560,13810206,90,2124130,0,440,2
drv timeout 2000
timeout 2000 ms, 2000 ms remaining
  any 'drv duty' kicks it; re-issuing this command kicks it too
> T,16561,13810226,90,2124130,0,449,2
T,16562,13810246,90,2124130,0,408,2
T,16563,13810266,90,2124130,0,391,2
T,16564,13810286,90,2124130,0,412,2
T,16565,13810306,90,2124130,0,419,2
T,16566,13810326,90,2124130,0,411,2
T,16567,13810346,90,2124130,0,422,2
T,16568,13810366,90,2124130,0,443,2
T,16569,13810386,90,2124130,0,838,2
T,16570,13810406,90,2124130,0,475,2
T,16571,13810426,90,2124130,0,419,2
T,16572,13810446,90,2124130,0,419,2
T,16573,13810466,90,2124130,0,390,2
T,16574,13810486,90,2124130,0,421,2
T,16575,13810506,90,2124130,0,430,2
T,16576,13810526,90,2124130,0,397,2
T,16577,13810546,90,2124130,0,476,2
T,16578,13810566,90,2124130,0,626,2
T,16579,13810586,90,2124130,0,685,2
T,16580,13810606,90,2124130,0,411,2
T,16581,13810626,90,2124130,0,493,2
T,16582,13810646,90,2124130,0,425,2
T,16583,13810666,90,2124130,0,391,2
T,16584,13810686,90,2124130,0,423,2

[host] drv timeout 2000
T,16585,13810706,90,2124130,0,419,2
drv timeout 2000
timeout 2000 ms, 2000 ms remaining
  any 'drv duty' kicks it; re-issuing this command kicks it too
> T,16586,13810726,90,2124130,0,392,2
T,16587,13810746,90,2124130,0,481,2
T,16588,13810766,90,2124130,0,599,2
T,16589,13810786,90,2124130,0,818,2
T,16590,13810806,90,2124130,0,413,2
T,16591,13810826,90,2124130,0,554,2
T,16592,13810846,90,2124130,0,403,2
T,16593,13810866,90,2124130,0,800,2
T,16594,13810886,90,2124130,0,461,2
T,16595,13810906,90,2124130,0,421,2
T,16596,13810926,90,2124130,0,544,2
T,16597,13810946,90,2124130,0,413,2
T,16598,13810966,90,2124130,0,391,2
T,16599,13810986,90,2124130,0,418,2
T,16600,13811006,90,2124130,0,440,2
T,16601,13811026,90,2124130,0,400,2
T,16602,13811046,90,2124130,0,478,2
T,16603,13811066,90,2124130,0,866,2
T,16604,13811086,90,2124130,0,571,2
T,16605,13811106,90,2124130,0,419,2
T,16606,13811126,90,2124130,0,474,2
T,16607,13811146,90,2124130,0,421,2
T,16608,13811166,90,2124130,0,398,2
T,16609,13811186,90,2124130,0,450,2

[host] drv timeout 2000
T,16610,13811206,90,2124130,0,428,2
drv timeout 2000
timeout 2000 ms, 2000 ms remaining
  any 'drv duty' kicks it; re-issuing this command kicks it too
> T,16611,13811226,90,2124130,0,594,2
T,16612,13811246,90,2124130,0,424,2
T,16613,13811266,90,2124130,0,524,2
T,16614,13811286,90,2124130,0,409,2
T,16615,13811306,90,2124130,0,421,2
T,16616,13811326,90,2124130,0,391,2
T,16617,13811346,90,2124130,0,475,2
T,16618,13811366,90,2124130,0,446,2
T,16619,13811386,90,2124130,0,818,2
T,16620,13811406,90,2124130,0,519,2
T,16621,13811426,90,2124130,0,425,2
T,16622,13811446,90,2124130,0,409,2
T,16623,13811466,90,2124130,0,389,2
T,16624,13811486,90,2124130,0,442,2
T,16625,13811506,90,2124130,0,429,2
T,16626,13811526,90,2124130,0,392,2
T,16627,13811546,90,2124130,0,445,2
T,16628,13811566,90,2124130,0,392,2
T,16629,13811586,90,2124130,0,445,2
T,16630,13811606,90,2124130,0,393,2
T,16631,13811626,90,2124130,0,419,2
T,16632,13811646,90,2124130,0,475,2
T,16633,13811666,90,2124130,0,483,2
T,16634,13811686,90,2124130,0,662,2
T,16635,13811706,90,2124130,0,41
[host] drv timeout 2000
2,2
drv timeout 2000
timeout 2000 ms, 2000 ms remaining
  any 'drv duty' kicks it; re-issuing this command kicks it too
> T,16636,13811726,90,2124130,0,462,2
T,16637,13811746,90,2124130,0,605,2
T,16638,13811766,90,2124130,0,407,2
T,16639,13811786,90,2124130,0,555,2
T,16640,13811806,90,2124130,0,467,2
T,16641,13811826,90,2124130,0,408,2
T,16642,13811846,90,2124130,0,794,2
T,16643,13811866,90,2124130,0,411,2
T,16644,13811886,90,2124130,0,563,2
T,16645,13811906,90,2124130,0,412,2
T,16646,13811926,90,2124130,0,393,2
T,16647,13811946,90,2124130,0,476,2
T,16648,13811966,90,2124130,0,615,2
T,16649,13811986,90,2124130,0,816,2
T,16650,13812006,90,2124130,0,411,2
T,16651,13812026,90,2124130,0,555,2
T,16652,13812046,90,2124130,0,400,2
T,16653,13812066,90,2124130,0,416,2
T,16654,13812086,90,2124130,0,395,2
T,16655,13812106,90,2124130,0,417,2
T,16656,13812126,90,2124130,0,433,2
T,16657,13812146,90,2124130,0,437,2
T,16658,13812166,90,2124130,0,393,2
T,16659,13812186,90,2124130,0,411,2
T,16660,13812206,90,2124130,0,43
[host] drv timeout 2000
4,2
drv timeout 2000
timeout 2000 ms, 2000 ms remaining
  any 'drv duty' kicks it; re-issuing this command kicks it too
> T,16661,13812226,90,2124130,0,417,2
T,16662,13812246,90,2124130,0,422,2
T,16663,13812266,90,2124130,0,421,2
T,16664,13812286,90,2124130,0,417,2
T,16665,13812306,90,2124130,0,422,2
T,16666,13812326,90,2124130,0,609,2
T,16667,13812346,90,2124130,0,482,2
T,16668,13812366,90,2124130,0,477,2
T,16669,13812386,90,2124130,0,400,2
T,16670,13812406,90,2124130,0,397,2
T,16671,13812426,90,2124130,0,421,2
T,16672,13812446,90,2124130,0,494,2
T,16673,13812466,90,2124130,0,827,2
T,16674,13812486,90,2124130,0,413,2
T,16675,13812506,90,2124130,0,555,2
T,16676,13812526,90,2124130,0,475,2
T,16677,13812546,90,2124130,0,421,2
T,16678,13812566,90,2124130,0,392,2
T,16679,13812586,90,2124130,0,416,2
T,16680,13812606,90,2124130,0,443,2
T,16681,13812626,90,2124130,0,393,2
T,16682,13812646,90,2124130,0,480,2
T,16683,13812666,90,2124130,0,813,2
T,16684,13812686,90,2124130,0,499,2
T,16685,13812706,90,2124130,0,418,2

[host] drv timeout 2000
drv timeout 2000
timeout 2000 ms, 2000 ms remaining
  any 'drv duty' kicks it; re-issuing this command kicks it too
> T,16686,13812726,90,2124130,0,397,2
T,16687,13812746,90,2124130,0,443,2
T,16688,13812766,90,2124130,0,392,2
T,16689,13812786,90,2124130,0,435,2
T,16690,13812806,90,2124130,0,428,2
T,16691,13812826,90,2124130,0,523,2
T,16692,13812846,90,2124130,0,502,2
T,16693,13812866,90,2124130,0,429,2
T,16694,13812886,90,2124130,0,458,2
T,16695,13812906,90,2124130,0,408,2
T,16696,13812926,90,2124130,0,423,2
T,16697,13812946,90,2124130,0,414,2
T,16698,13812966,90,2124130,0,417,2
T,16699,13812986,90,2124130,0,425,2
T,16700,13813006,90,2124130,0,418,2
T,16701,13813026,90,2124130,0,439,2
T,16702,13813046,90,2124130,0,421,2
T,16703,13813066,90,2124130,0,448,2
T,16704,13813086,90,2124130,0,389,2
T,16705,13813106,90,2124130,0,412,2
T,16706,13813126,90,2124130,0,421,2
T,16707,13813146,90,2124130,0,465,2
T,16708,13813166,90,2124130,0,482,2
T,16709,13813186,90,2124130,0,604,2
T,16710,13813206,90,2124130,0,406,2

[host] drv timeout 2000
drv timeout 2000
timeout 2000 ms, 2000 ms remaining
  any 'drv duty' kicks it; re-issuing this command kicks it too
> T,16711,13813226,90,2124130,0,414,2
T,16712,13813246,90,2124130,0,472,2
T,16713,13813266,90,2124130,0,391,2
T,16714,13813286,90,2124130,0,425,2
T,16715,13813306,90,2124130,0,616,2
T,16716,13813326,90,2124130,0,411,2
T,16717,13813346,90,2124130,0,458,2
T,16718,13813366,90,2124130,0,402,2
T,16719,13813386,90,2124130,0,439,2
T,16720,13813406,90,2124130,0,406,2
T,16721,13813426,90,2124130,0,417,2
T,16722,13813446,90,2124130,0,413,2
T,16723,13813466,90,2124130,0,445,2
T,16724,13813486,90,2124130,0,397,2
T,16725,13813506,90,2124130,0,419,2
T,16726,13813526,90,2124130,0,411,2
T,16727,13813546,90,2124130,0,491,2
T,16728,13813566,90,2124130,0,631,2
T,16729,13813586,90,2124130,0,409,2
T,16730,13813606,90,2124130,0,546,2
T,16731,13813626,90,2124130,0,477,2

[host] drv duty 7
T,16732,13813646,90,2124130,0,408,2
drv duty 7
duty +7%
> T,16733,13813666,70,2124130,0,284,2
T,16734,13813686,70,2124130,0,402,2
T,16735,13813706,70,2124130,0,280,2
T,16736,13813726,70,2124130,0,374,2
T,16737,13813746,70,2124130,0,385,2
T,16738,13813766,70,2124130,0,272,2
T,16739,13813786,70,2124130,0,342,2
T,16740,13813806,70,2124130,0,416,2
T,16741,13813826,70,2124130,0,281,2
T,16742,13813846,70,2124130,0,285,2
T,16743,13813866,70,2124130,0,694,2
T,16744,13813886,70,2124130,0,563,2
T,16745,13813906,70,2124130,0,283,2
T,16746,13813926,70,2124130,0,285,2
T,16747,13813946,70,2124130,0,377,2
T,16748,13813966,70,2124130,0,396,2
T,16749,13813986,70,2124130,0,327,2
T,16750,13814006,70,2124130,0,430,2
T,16751,13814026,70,2124130,0,374,2
T,16752,13814046,70,2124130,0,338,2
T,16753,13814066,70,2124130,0,284,2
T,16754,13814086,70,2124130,0,727,2
T,16755,13814106,70,2124130,0,277,2
T,16756,13814126,70,2124130,0,288,2
T,16757,13814146,70,2124130,0,377,2

[host] drv timeout 2000
drv timeout 2000
timeout 2000 ms, 2000 ms remaining
  any 'drv duty' kicks it; re-issuing this command kicks it too
> T,16758,13814166,70,2124130,0,647,2
T,16759,13814186,70,2124130,0,281,2
T,16760,13814206,70,2124130,0,350,2
T,16761,13814226,70,2124130,0,694,2
T,16762,13814246,70,2124130,0,288,2
T,16763,13814266,70,2124130,0,364,2
T,16764,13814286,70,2124130,0,425,2
T,16765,13814306,70,2124130,0,376,2
T,16766,13814326,70,2124130,0,342,2
T,16767,13814346,70,2124130,0,281,2
T,16768,13814366,70,2124130,0,430,2
T,16769,13814386,70,2124130,0,509,2
T,16770,13814406,70,2124130,0,281,2
T,16771,13814426,70,2124130,0,286,2
T,16772,13814446,70,2124130,0,380,2
T,16773,13814466,70,2124130,0,341,2
T,16774,13814486,70,2124130,0,429,2
T,16775,13814506,70,2124130,0,309,2
T,16776,13814526,70,2124130,0,427,2
T,16777,13814546,70,2124130,0,547,2
T,16778,13814566,70,2124130,0,347,2
T,16779,13814586,70,2124130,0,290,2
T,16780,13814606,70,2124130,0,711,2
T,16781,13814626,70,2124130,0,279,2
T,16782,13814646,70,2124130,0,329,2

[host] drv timeout 2000
drv timeout 2000
timeout 2000 ms, 2000 ms remaining
  any 'drv duty' kicks it; re-issuing this command kicks it too
> T,16783,13814666,70,2124130,0,753,2
T,16784,13814686,70,2124130,0,279,2
T,16785,13814706,70,2124130,0,424,2
T,16786,13814726,70,2124130,0,732,2
T,16787,13814746,70,2124130,0,283,2
T,16788,13814766,70,2124130,0,352,2
T,16789,13814786,70,2124130,0,430,2
T,16790,13814806,70,2124130,0,297,2
T,16791,13814826,70,2124130,0,296,2
T,16792,13814846,70,2124130,0,557,2
T,16793,13814866,70,2124130,0,770,2
T,16794,13814886,70,2124130,0,284,2
T,16795,13814906,70,2124130,0,284,2
T,16796,13814926,70,2124130,0,429,2
T,16797,13814946,70,2124130,0,373,2
T,16798,13814966,70,2124130,0,296,2
T,16799,13814986,70,2124130,0,723,2
T,16800,13815006,70,2124130,0,390,2
T,16801,13815026,70,2124130,0,280,2
T,16802,13815046,70,2124130,0,376,2
T,16803,13815066,70,2124130,0,369,2
T,16804,13815086,70,2124130,0,332,2
T,16805,13815106,70,2124130,0,339,2
T,16806,13815126,70,2124130,0,430,2
T,16807,13815146,70,2124130,0,392,2

[host] drv timeout 2000
drv timeout 2000
timeout 2000 ms, 2000 ms remaining
  any 'drv duty' kicks it; re-issuing this command kicks it too
> T,16808,13815166,70,2124130,0,295,2
T,16809,13815186,70,2124130,0,544,2
T,16810,13815206,70,2124130,0,350,2
T,16811,13815226,70,2124130,0,284,2
T,16812,13815246,70,2124130,0,327,2
T,16813,13815266,70,2124130,0,428,2
T,16814,13815286,70,2124130,0,379,2
T,16815,13815306,70,2124130,0,323,2
T,16816,13815326,70,2124130,0,695,2
T,16817,13815346,70,2124130,0,291,2
T,16818,13815366,70,2124130,0,280,2
T,16819,13815386,70,2124130,0,353,2
T,16820,13815406,70,2124130,0,428,2
T,16821,13815426,70,2124130,0,375,2
T,16822,13815446,70,2124130,0,288,2
T,16823,13815466,70,2124130,0,434,2
T,16824,13815486,70,2124130,0,375,2
T,16825,13815506,70,2124130,0,321,2
T,16826,13815526,70,2124130,0,398,2
T,16827,13815546,70,2124130,0,369,2
T,16828,13815566,70,2124130,0,294,2
T,16829,13815586,70,2124130,0,329,2
T,16830,13815606,70,2124130,0,432,2
T,16831,13815626,70,2124130,0,374,2
T,16832,13815646,70,2124130,0,375,2

[host] drv timeout 2000
drv timeout 2000
timeout 2000 ms, 2000 ms remaining
  any 'drv duty' kicks it; re-issuing this command kicks it too
> T,16833,13815666,70,2124130,0,290,2
T,16834,13815686,70,2124130,0,293,2
T,16835,13815706,70,2124130,0,430,2
T,16836,13815726,70,2124130,0,742,2
T,16837,13815746,70,2124130,0,284,2
T,16838,13815766,70,2124130,0,342,2
T,16839,13815786,70,2124130,0,435,2
T,16840,13815806,70,2124130,0,313,2
T,16841,13815826,70,2124130,0,721,2
T,16842,13815846,70,2124130,0,280,2
T,16843,13815866,70,2124130,0,424,2
T,16844,13815886,70,2124130,0,291,2
T,16845,13815906,70,2124130,0,424,2
T,16846,13815926,70,2124130,0,380,2
T,16847,13815946,70,2124130,0,541,2
T,16848,13815966,70,2124130,0,317,2
T,16849,13815986,70,2124130,0,296,2
T,16850,13816006,70,2124130,0,741,2
T,16851,13816026,70,2124130,0,375,2
T,16852,13816046,70,2124130,0,288,2
T,16853,13816066,70,2124130,0,338,2
T,16854,13816086,70,2124130,0,430,2
T,16855,13816106,70,2124130,0,393,2
T,16856,13816126,70,2124130,0,336,2
T,16857,13816146,70,2124130,0,299,2

[host] drv timeout 2000
drv timeout 2000
timeout 2000 ms, 2000 ms remaining
  any 'drv duty' kicks it; re-issuing this command kicks it too
> T,16858,13816166,70,2124130,0,693,2
T,16859,13816186,70,2124130,0,429,2
T,16860,13816206,70,2124130,0,377,2
T,16861,13816226,70,2124130,0,700,2
T,16862,13816246,70,2124130,0,281,2
T,16863,13816266,70,2124130,0,389,2
T,16864,13816286,70,2124130,0,283,2
T,16865,13816306,70,2124130,0,570,2
T,16866,13816326,70,2124130,0,490,2
T,16867,13816346,70,2124130,0,281,2
T,16868,13816366,70,2124130,0,339,2
T,16869,13816386,70,2124130,0,433,2
T,16870,13816406,70,2124130,0,391,2
T,16871,13816426,70,2124130,0,374,2
T,16872,13816446,70,2124130,0,353,2
T,16873,13816466,70,2124130,0,290,2
T,16874,13816486,70,2124130,0,481,2
T,16875,13816506,70,2124130,0,549,2
T,16876,13816526,70,2124130,0,280,2
T,16877,13816546,70,2124130,0,355,2
T,16878,13816566,70,2124130,0,339,2
T,16879,13816586,70,2124130,0,386,2
T,16880,13816606,70,2124130,0,428,2
T,16881,13816626,70,2124130,0,293,2
T,16882,13816646,70,2124130,0,384,2

[host] drv timeout 2000
drv timeout 2000
timeout 2000 ms, 2000 ms remaining
  any 'drv duty' kicks it; re-issuing this command kicks it too
> T,16883,13816666,70,2124130,0,355,2
T,16884,13816686,70,2124130,0,286,2
T,16885,13816706,70,2124130,0,290,2
T,16886,13816726,70,2124130,0,301,2
T,16887,13816746,70,2124130,0,504,2
T,16888,13816766,70,2124130,0,290,2
T,16889,13816786,70,2124130,0,297,2
T,16890,13816806,70,2124130,0,434,2
T,16891,13816826,70,2124130,0,295,2
T,16892,13816846,70,2124130,0,373,2
T,16893,13816866,70,2124130,0,375,2
T,16894,13816886,70,2124130,0,334,2
T,16895,13816906,70,2124130,0,339,2
T,16896,13816926,70,2124130,0,433,2
T,16897,13816946,70,2124130,0,286,2
T,16898,13816966,70,2124130,0,430,2
T,16899,13816986,70,2124130,0,384,2
T,16900,13817006,70,2124130,0,374,2
T,16901,13817026,70,2124130,0,374,2
T,16902,13817046,70,2124130,0,294,2
T,16903,13817066,70,2124130,0,432,2
T,16904,13817086,70,2124130,0,377,2
T,16905,13817106,70,2124130,0,337,2
T,16906,13817126,70,2124130,0,432,2
T,16907,13817146,70,2124130,0,550,2

[host] drv timeout 2000
drv timeout 2000
timeout 2000 ms, 2000 ms remaining
  any 'drv duty' kicks it; re-issuing this command kicks it too
> T,16908,13817166,70,2124130,0,675,2
T,16909,13817186,70,2124130,0,293,2
T,16910,13817206,70,2124130,0,405,2
T,16911,13817226,70,2124130,0,289,2
T,16912,13817246,70,2124130,0,370,2
T,16913,13817266,70,2124130,0,285,2
T,16914,13817286,70,2124130,0,648,2
T,16915,13817306,70,2124130,0,520,2
T,16916,13817326,70,2124130,0,283,2
T,16917,13817346,70,2124130,0,430,2
T,16918,13817366,70,2124130,0,309,2
T,16919,13817386,70,2124130,0,428,2
T,16920,13817406,70,2124130,0,377,2
T,16921,13817426,70,2124130,0,323,2
T,16922,13817446,70,2124130,0,333,2
T,16923,13817466,70,2124130,0,379,2
T,16924,13817486,70,2124130,0,427,2
T,16925,13817506,70,2124130,0,316,2
T,16926,13817526,70,2124130,0,430,2
T,16927,13817546,70,2124130,0,563,2
T,16928,13817566,70,2124130,0,315,2
T,16929,13817586,70,2124130,0,318,2
T,16930,13817606,70,2124130,0,561,2
T,16931,13817626,70,2124130,0,286,2
T,16932,13817646,70,2124130,0,342,2

[host] drv timeout 2000
drv timeout 2000
timeout 2000 ms, 2000 ms remaining
  any 'drv duty' kicks it; re-issuing this command kicks it too
> T,16933,13817666,70,2124130,0,326,2
T,16934,13817686,70,2124130,0,576,2
T,16935,13817706,70,2124130,0,290,2
T,16936,13817726,70,2124130,0,284,2
T,16937,13817746,70,2124130,0,288,2
T,16938,13817766,70,2124130,0,349,2
T,16939,13817786,70,2124130,0,328,2
T,16940,13817806,70,2124130,0,433,2
T,16941,13817826,70,2124130,0,290,2
T,16942,13817846,70,2124130,0,377,2
T,16943,13817866,70,2124130,0,389,2
T,16944,13817886,70,2124130,0,384,2
T,16945,13817906,70,2124130,0,333,2
T,16946,13817926,70,2124130,0,352,2
T,16947,13817946,70,2124130,0,376,2
T,16948,13817966,70,2124130,0,286,2
T,16949,13817986,70,2124130,0,429,2
T,16950,13818006,70,2124130,0,293,2
T,16951,13818026,70,2124130,0,428,2
T,16952,13818046,70,2124130,0,380,2
T,16953,13818066,70,2124130,0,289,2
T,16954,13818086,70,2124130,0,690,2
T,16955,13818106,70,2124130,0,425,2
T,16956,13818126,70,2124130,0,281,2
T,16957,13818146,70,2124130,0,341,2

[host] drv timeout 2000
drv timT,16958,13818166,70,2124130,0,293,2
eout 2000
timeout 2000 ms, 2000 ms remaining
  any 'drv duty' kicks it; re-issuing this command kicks it too
> T,16959,13818186,70,2124130,0,283,2
T,16960,13818206,70,2124130,0,350,2
T,16961,13818226,70,2124130,0,299,2
T,16962,13818246,70,2124130,0,329,2
T,16963,13818266,70,2124130,0,430,2
T,16964,13818286,70,2124130,0,289,2
T,16965,13818306,70,2124130,0,432,2
T,16966,13818326,70,2124130,0,385,2
T,16967,13818346,70,2124130,0,522,2
T,16968,13818366,70,2124130,0,309,2
T,16969,13818386,70,2124130,0,337,2
T,16970,13818406,70,2124130,0,746,2
T,16971,13818426,70,2124130,0,380,2
T,16972,13818446,70,2124130,0,342,2
T,16973,13818466,70,2124130,0,428,2
T,16974,13818486,70,2124130,0,373,2
T,16975,13818506,70,2124130,0,374,2
T,16976,13818526,70,2124130,0,369,2
T,16977,13818546,70,2124130,0,286,2
T,16978,13818566,70,2124130,0,424,2
T,16979,13818586,70,2124130,0,397,2
T,16980,13818606,70,2124130,0,390,2
T,16981,13818626,70,2124130,0,377,2
T,16982,13818646,70,2124130,0,304,2

[host] drv timeout 2000
T,16983,13818666,70,2124130,0,427,2
drv timeout 2000
timeout 2000 ms, 2000 ms remaining
  any 'drv duty' kicks it; re-issuing this command kicks it too
> T,16984,13818686,70,2124130,0,395,2
T,16985,13818706,70,2124130,0,515,2
T,16986,13818726,70,2124130,0,323,2
T,16987,13818746,70,2124130,0,598,2
T,16988,13818766,70,2124130,0,289,2
T,16989,13818786,70,2124130,0,288,2
T,16990,13818806,70,2124130,0,428,2
T,16991,13818826,70,2124130,0,384,2
T,16992,13818846,70,2124130,0,509,2
T,16993,13818866,70,2124130,0,310,2
T,16994,13818886,70,2124130,0,288,2
T,16995,13818906,70,2124130,0,494,2
T,16996,13818926,70,2124130,0,770,2
T,16997,13818946,70,2124130,0,280,2
T,16998,13818966,70,2124130,0,350,2
T,16999,13818986,70,2124130,0,344,2
T,17000,13819006,70,2124130,0,331,2
T,17001,13819026,70,2124130,0,350,2
T,17002,13819046,70,2124130,0,328,2
T,17003,13819066,70,2124130,0,427,2
T,17004,13819086,70,2124130,0,391,2
T,17005,13819106,70,2124130,0,382,2
T,17006,13819126,70,2124130,0,320,2
T,17007,13819146,70,2124130,0,333,2

[host] drv timeout 2000
T,17008,13819166,70,2124130,0,379,2
drv timeout 2000
timeout 2000 ms, 2000 ms remaining
  any 'drv duty' kicks it; re-issuing this command kicks it too
> T,17009,13819186,70,2124130,0,288,2
T,17010,13819206,70,2124130,0,699,2
T,17011,13819226,70,2124130,0,289,2
T,17012,13819246,70,2124130,0,755,2
T,17013,13819266,70,2124130,0,433,2
T,17014,13819286,70,2124130,0,288,2
T,17015,13819306,70,2124130,0,429,2
T,17016,13819326,70,2124130,0,376,2
T,17017,13819346,70,2124130,0,546,2
T,17018,13819366,70,2124130,0,305,2
T,17019,13819386,70,2124130,0,321,2
T,17020,13819406,70,2124130,0,741,2
T,17021,13819426,70,2124130,0,284,2
T,17022,13819446,70,2124130,0,345,2
T,17023,13819466,70,2124130,0,327,2
T,17024,13819486,70,2124130,0,328,2
T,17025,13819506,70,2124130,0,432,2
T,17026,13819526,70,2124130,0,377,2
T,17027,13819546,70,2124130,0,294,2
T,17028,13819566,70,2124130,0,327,2
T,17029,13819586,70,2124130,0,425,2
T,17030,13819606,70,2124130,0,297,2
T,17031,13819626,70,2124130,0,432,2
T,17032,13819646,70,2124130,0,547,2

[host] drv timeout 2000
T,17033,13819666,70,2124130,0,386,2
drv timeout 2000
timeout 2000 ms, 2000 ms remaining
  any 'drv duty' kicks it; re-issuing this command kicks it too
> T,17034,13819686,70,2124130,0,323,2
T,17035,13819706,70,2124130,0,382,2
T,17036,13819726,70,2124130,0,279,2
T,17037,13819746,70,2124130,0,336,2
T,17038,13819766,70,2124130,0,429,2
T,17039,13819786,70,2124130,0,373,2
T,17040,13819806,70,2124130,0,371,2
T,17041,13819826,70,2124130,0,332,2
T,17042,13819846,70,2124130,0,343,2
T,17043,13819866,70,2124130,0,430,2
T,17044,13819886,70,2124130,0,322,2
T,17045,13819906,70,2124130,0,325,2
T,17046,13819926,70,2124130,0,428,2
T,17047,13819946,70,2124130,0,345,2
T,17048,13819966,70,2124130,0,322,2
T,17049,13819986,70,2124130,0,754,2
T,17050,13820006,70,2124130,0,407,2
T,17051,13820026,70,2124130,0,277,2
T,17052,13820046,70,2124130,0,345,2
T,17053,13820066,70,2124130,0,429,2
T,17054,13820086,70,2124130,0,380,2
T,17055,13820106,70,2124130,0,331,2
T,17056,13820126,70,2124130,0,363,2
T,17057,13820146,70,2124130,0,363,2

[host] drv timeout 2000
T,17058,13820166,70,2124130,0,339,2
drv timeout 2000
timeout 2000 ms, 2000 ms remaining
  any 'drv duty' kicks it; re-issuing this command kicks it too
> T,17059,13820186,70,2124130,0,429,2
T,17060,13820206,70,2124130,0,376,2
T,17061,13820226,70,2124130,0,392,2
T,17062,13820246,70,2124130,0,289,2
T,17063,13820266,70,2124130,0,290,2
T,17064,13820286,70,2124130,0,430,2
T,17065,13820306,70,2124130,0,288,2
T,17066,13820326,70,2124130,0,332,2
T,17067,13820346,70,2124130,0,338,2
T,17068,13820366,70,2124130,0,344,2
T,17069,13820386,70,2124130,0,425,2
T,17070,13820406,70,2124130,0,385,2
T,17071,13820426,70,2124130,0,381,2
T,17072,13820446,70,2124130,0,549,2
T,17073,13820466,70,2124130,0,414,2
T,17074,13820486,70,2124130,0,293,2
T,17075,13820506,70,2124130,0,657,2
T,17076,13820526,70,2124130,0,515,2
T,17077,13820546,70,2124130,0,326,2
T,17078,13820566,70,2124130,0,432,2
T,17079,13820586,70,2124130,0,297,2
T,17080,13820606,70,2124130,0,341,2
T,17081,13820626,70,2124130,0,432,2
T,17082,13820646,70,2124130,0,530,2
T,17083,13820666,70,2124130,0,28
[host] drv timeout 2000
8,2
drv timeout 2000
timeout 2000 ms, 2000 ms remaining
  any 'drv duty' kicks it; re-issuing this command kicks it too
> T,17084,13820686,70,2124130,0,693,2
T,17085,13820706,70,2124130,0,288,2
T,17086,13820726,70,2124130,0,290,2
T,17087,13820746,70,2124130,0,582,2
T,17088,13820766,70,2124130,0,274,2
T,17089,13820786,70,2124130,0,387,2
T,17090,13820806,70,2124130,0,333,2
T,17091,13820826,70,2124130,0,385,2
T,17092,13820846,70,2124130,0,289,2
T,17093,13820866,70,2124130,0,427,2
T,17094,13820886,70,2124130,0,370,2
T,17095,13820906,70,2124130,0,384,2
T,17096,13820926,70,2124130,0,376,2
T,17097,13820946,70,2124130,0,515,2
T,17098,13820966,70,2124130,0,281,2
T,17099,13820986,70,2124130,0,339,2
T,17100,13821006,70,2124130,0,538,2
T,17101,13821026,70,2124130,0,291,2
T,17102,13821046,70,2124130,0,338,2
T,17103,13821066,70,2124130,0,341,2
T,17104,13821086,70,2124130,0,429,2
T,17105,13821106,70,2124130,0,289,2
T,17106,13821126,70,2124130,0,334,2
T,17107,13821146,70,2124130,0,384,2
T,17108,13821166,70,2124130,0,38
[host] drv timeout 2000
1,2
drv timeout 2000
timeout 2000 ms, 2000 ms remaining
  any 'drv duty' kicks it; re-issuing this command kicks it too
> T,17109,13821186,70,2124130,0,278,2
T,17110,13821206,70,2124130,0,393,2
T,17111,13821226,70,2124130,0,428,2
T,17112,13821246,70,2124130,0,279,2
T,17113,13821266,70,2124130,0,286,2
T,17114,13821286,70,2124130,0,427,2
T,17115,13821306,70,2124130,0,291,2
T,17116,13821326,70,2124130,0,430,2
T,17117,13821346,70,2124130,0,379,2
T,17118,13821366,70,2124130,0,338,2
T,17119,13821386,70,2124130,0,768,2
T,17120,13821406,70,2124130,0,429,2
T,17121,13821426,70,2124130,0,286,2
T,17122,13821446,70,2124130,0,327,2
T,17123,13821466,70,2124130,0,437,2
T,17124,13821486,70,2124130,0,386,2
T,17125,13821506,70,2124130,0,325,2
T,17126,13821526,70,2124130,0,432,2
T,17127,13821546,70,2124130,0,412,2
T,17128,13821566,70,2124130,0,334,2
T,17129,13821586,70,2124130,0,722,2
T,17130,13821606,70,2124130,0,284,2
T,17131,13821626,70,2124130,0,382,2
T,17132,13821646,70,2124130,0,376,2
T,17133,13821666,70,2124130,0,289,2

[host] drv timeout 2000
drv timeout 2000
timeout 2000 ms, 2000 ms remaining
  any 'drv duty' kicks it; re-issuing this command kicks it too
> T,17134,13821686,70,2124130,0,286,2
T,17135,13821706,70,2124130,0,432,2
T,17136,13821726,70,2124130,0,289,2
T,17137,13821746,70,2124130,0,597,2
T,17138,13821766,70,2124130,0,289,2
T,17139,13821786,70,2124130,0,283,2
T,17140,13821806,70,2124130,0,387,2
T,17141,13821826,70,2124130,0,327,2
T,17142,13821846,70,2124130,0,385,2
T,17143,13821866,70,2124130,0,393,2
T,17144,13821886,70,2124130,0,336,2
T,17145,13821906,70,2124130,0,334,2
T,17146,13821926,70,2124130,0,339,2
T,17147,13821946,70,2124130,0,368,2
T,17148,13821966,70,2124130,0,305,2
T,17149,13821986,70,2124130,0,429,2
T,17150,13822006,70,2124130,0,382,2
T,17151,13822026,70,2124130,0,397,2
T,17152,13822046,70,2124130,0,544,2
T,17153,13822066,70,2124130,0,363,2
T,17154,13822086,70,2124130,0,279,2
T,17155,13822106,70,2124130,0,428,2
T,17156,13822126,70,2124130,0,482,2
T,17157,13822146,70,2124130,0,289,2
T,17158,13822166,70,2124130,0,427,2

[host] drv timeout 2000
drv timeout 2000
timeout 2000 ms, 2000 ms remaining
  any 'drv duty' kicks it; re-issuing this command kicks it too
> T,17159,13822186,70,2124130,0,380,2
T,17160,13822206,70,2124130,0,339,2
T,17161,13822226,70,2124130,0,428,2
T,17162,13822246,70,2124130,0,288,2
T,17163,13822266,70,2124130,0,369,2
T,17164,13822286,70,2124130,0,432,2
T,17165,13822306,70,2124130,0,390,2
T,17166,13822326,70,2124130,0,341,2
T,17167,13822346,70,2124130,0,382,2
T,17168,13822366,70,2124130,0,323,2
T,17169,13822386,70,2124130,0,361,2
T,17170,13822406,70,2124130,0,427,2
T,17171,13822426,70,2124130,0,331,2
T,17172,13822446,70,2124130,0,387,2
T,17173,13822466,70,2124130,0,380,2
T,17174,13822486,70,2124130,0,322,2
T,17175,13822506,70,2124130,0,353,2
T,17176,13822526,70,2124130,0,434,2
T,17177,13822546,70,2124130,0,544,2
T,17178,13822566,70,2124130,0,377,2
T,17179,13822586,70,2124130,0,360,2
T,17180,13822606,70,2124130,0,677,2
T,17181,13822626,70,2124130,0,461,2
T,17182,13822646,70,2124130,0,342,2
T,17183,13822666,70,2124130,0,350,2

[host] drv timeout 2000
drv timeout 2000
timeout 2000 ms, 2000 ms remaining
  any 'drv duty' kicks it; re-issuing this command kicks it too
> T,17184,13822686,70,2124130,0,337,2
T,17185,13822706,70,2124130,0,283,2
T,17186,13822726,70,2124130,0,433,2
T,17187,13822746,70,2124130,0,421,2
T,17188,13822766,70,2124130,0,281,2
T,17189,13822786,70,2124130,0,434,2
T,17190,13822806,70,2124130,0,387,2
T,17191,13822826,70,2124130,0,327,2
T,17192,13822846,70,2124130,0,374,2
T,17193,13822866,70,2124130,0,386,2
T,17194,13822886,70,2124130,0,384,2
T,17195,13822906,70,2124130,0,384,2
T,17196,13822926,70,2124130,0,332,2
T,17197,13822946,70,2124130,0,329,2
T,17198,13822966,70,2124130,0,337,2
T,17199,13822986,70,2124130,0,429,2
T,17200,13823006,70,2124130,0,288,2
T,17201,13823026,70,2124130,0,432,2
T,17202,13823046,70,2124130,0,375,2
T,17203,13823066,70,2124130,0,326,2
T,17204,13823086,70,2124130,0,760,2
T,17205,13823106,70,2124130,0,286,2
T,17206,13823126,70,2124130,0,294,2
T,17207,13823146,70,2124130,0,382,2
T,17208,13823166,70,2124130,0,379,2

[host] drv timeout 2000
drv timeout 2000
timeout 2000 ms, 2000 ms remaining
  any 'drv duty' kicks it; re-issuing this command kicks it too
> T,17209,13823186,70,2124130,0,397,2
T,17210,13823206,70,2124130,0,339,2
T,17211,13823226,70,2124130,0,434,2
T,17212,13823246,70,2124130,0,443,2
T,17213,13823266,70,2124130,0,288,2
T,17214,13823286,70,2124130,0,334,2
T,17215,13823306,70,2124130,0,336,2
T,17216,13823326,70,2124130,0,430,2
T,17217,13823346,70,2124130,0,370,2
T,17218,13823366,70,2124130,0,285,2
T,17219,13823386,70,2124130,0,705,2
T,17220,13823406,70,2124130,0,416,2
T,17221,13823426,70,2124130,0,284,2
T,17222,13823446,70,2124130,0,374,2
T,17223,13823466,70,2124130,0,379,2
T,17224,13823486,70,2124130,0,328,2
T,17225,13823506,70,2124130,0,343,2
T,17226,13823526,70,2124130,0,430,2
T,17227,13823546,70,2124130,0,535,2
T,17228,13823566,70,2124130,0,312,2
T,17229,13823586,70,2124130,0,293,2
T,17230,13823606,70,2124130,0,749,2
T,17231,13823626,70,2124130,0,549,2
T,17232,13823646,70,2124130,0,279,2
T,17233,13823666,70,2124130,0,421,2

[host] drv timeout 2000
drv timeout 2000
timeout 2000 ms, 2000 ms remaining
  any 'drv duty' kicks it; re-issuing this command kicks it too
> T,17234,13823686,70,2124130,0,281,2
T,17235,13823706,70,2124130,0,360,2
T,17236,13823726,70,2124130,0,290,2
T,17237,13823746,70,2124130,0,386,2
T,17238,13823766,70,2124130,0,290,2
T,17239,13823786,70,2124130,0,434,2
T,17240,13823806,70,2124130,0,373,2
T,17241,13823826,70,2124130,0,342,2
T,17242,13823846,70,2124130,0,381,2
T,17243,13823866,70,2124130,0,320,2
T,17244,13823886,70,2124130,0,390,2
T,17245,13823906,70,2124130,0,328,2
T,17246,13823926,70,2124130,0,430,2
T,17247,13823946,70,2124130,0,550,2
T,17248,13823966,70,2124130,0,283,2
T,17249,13823986,70,2124130,0,509,2
T,17250,13824006,70,2124130,0,460,2
T,17251,13824026,70,2124130,0,291,2
T,17252,13824046,70,2124130,0,377,2
T,17253,13824066,70,2124130,0,379,2
T,17254,13824086,70,2124130,0,370,2
T,17255,13824106,70,2124130,0,373,2
T,17256,13824126,70,2124130,0,384,2
T,17257,13824146,70,2124130,0,549,2
T,17258,13824166,70,2124130,0,565,2

[host] drv timeout 2000
drv timeout 2000
timeout 2000 ms, 2000 ms remaining
  any 'drv duty' kicks it; re-issuing this command kicks it too
> T,17259,13824186,70,2124130,0,339,2
T,17260,13824206,70,2124130,0,289,2
T,17261,13824226,70,2124130,0,355,2
T,17262,13824246,70,2124130,0,540,2
T,17263,13824266,70,2124130,0,289,2
T,17264,13824286,70,2124130,0,342,2
T,17265,13824306,70,2124130,0,424,2
T,17266,13824326,70,2124130,0,381,2
T,17267,13824346,70,2124130,0,291,2
T,17268,13824366,70,2124130,0,430,2
T,17269,13824386,70,2124130,0,370,2
T,17270,13824406,70,2124130,0,375,2
T,17271,13824426,70,2124130,0,325,2
T,17272,13824446,70,2124130,0,374,2
T,17273,13824466,70,2124130,0,385,2
T,17274,13824486,70,2124130,0,377,2
T,17275,13824506,70,2124130,0,384,2
T,17276,13824526,70,2124130,0,338,2
T,17277,13824546,70,2124130,0,376,2
T,17278,13824566,70,2124130,0,393,2
T,17279,13824586,70,2124130,0,327,2
T,17280,13824606,70,2124130,0,430,2
T,17281,13824626,70,2124130,0,380,2
T,17282,13824646,70,2124130,0,549,2
T,17283,13824666,70,2124130,0,717,2

[host] drv timeout 2000
drv timeout 2000
timeout 2000 ms, 2000 ms remaining
  any 'drv duty' kicks it; re-issuing this command kicks it too
> T,17284,13824686,70,2124130,0,283,2
T,17285,13824706,70,2124130,0,380,2
T,17286,13824726,70,2124130,0,284,2
T,17287,13824746,70,2124130,0,316,2
T,17288,13824766,70,2124130,0,434,2
T,17289,13824786,70,2124130,0,293,2
T,17290,13824806,70,2124130,0,427,2
T,17291,13824826,70,2124130,0,328,2
T,17292,13824846,70,2124130,0,366,2
T,17293,13824866,70,2124130,0,296,2
T,17294,13824886,70,2124130,0,429,2
T,17295,13824906,70,2124130,0,296,2
T,17296,13824926,70,2124130,0,433,2
T,17297,13824946,70,2124130,0,530,2
T,17298,13824966,70,2124130,0,283,2
T,17299,13824986,70,2124130,0,487,2
T,17300,13825006,70,2124130,0,698,2
T,17301,13825026,70,2124130,0,524,2
T,17302,13825046,70,2124130,0,286,2
T,17303,13825066,70,2124130,0,353,2
T,17304,13825086,70,2124130,0,437,2
T,17305,13825106,70,2124130,0,293,2
T,17306,13825126,70,2124130,0,344,2
T,17307,13825146,70,2124130,0,326,2
T,17308,13825166,70,2124130,0,751,2

[host] drv timeout 2000
drv timeout 2000
timeout 2000 ms, 2000 ms remaining
  any 'drv duty' kicks it; re-issuing this command kicks it too
> T,17309,13825186,70,2124130,0,363,2
T,17310,13825206,70,2124130,0,291,2
T,17311,13825226,70,2124130,0,286,2
T,17312,13825246,70,2124130,0,599,2
T,17313,13825266,70,2124130,0,281,2
T,17314,13825286,70,2124130,0,288,2
T,17315,13825306,70,2124130,0,424,2
T,17316,13825326,70,2124130,0,381,2
T,17317,13825346,70,2124130,0,517,2
T,17318,13825366,70,2124130,0,288,2
T,17319,13825386,70,2124130,0,515,2
T,17320,13825406,70,2124130,0,562,2
T,17321,13825426,70,2124130,0,290,2
T,17322,13825446,70,2124130,0,348,2
T,17323,13825466,70,2124130,0,343,2
T,17324,13825486,70,2124130,0,371,2
T,17325,13825506,70,2124130,0,331,2
T,17326,13825526,70,2124130,0,349,2
T,17327,13825546,70,2124130,0,322,2
T,17328,13825566,70,2124130,0,424,2
T,17329,13825586,70,2124130,0,306,2
T,17330,13825606,70,2124130,0,429,2
T,17331,13825626,70,2124130,0,310,2
T,17332,13825646,70,2124130,0,545,2
T,17333,13825666,70,2124130,0,285,2

[host] drv timeout 2000
drv timeout 2000
timeout 2000 ms, 2000 ms remaining
  any 'drv duty' kicks it; re-issuing this command kicks it too
> T,17334,13825686,70,2124130,0,286,2
T,17335,13825706,70,2124130,0,587,2
T,17336,13825726,70,2124130,0,278,2
T,17337,13825746,70,2124130,0,317,2
T,17338,13825766,70,2124130,0,749,2
T,17339,13825786,70,2124130,0,442,2
T,17340,13825806,70,2124130,0,283,2
T,17341,13825826,70,2124130,0,348,2
T,17342,13825846,70,2124130,0,379,2
T,17343,13825866,70,2124130,0,380,2
T,17344,13825886,70,2124130,0,385,2
T,17345,13825906,70,2124130,0,328,2
T,17346,13825926,70,2124130,0,428,2
T,17347,13825946,70,2124130,0,366,2
T,17348,13825966,70,2124130,0,297,2
T,17349,13825986,70,2124130,0,651,2
T,17350,13826006,70,2124130,0,286,2
T,17351,13826026,70,2124130,0,281,2
T,17352,13826046,70,2124130,0,389,2
T,17353,13826066,70,2124130,0,373,2
T,17354,13826086,70,2124130,0,389,2
T,17355,13826106,70,2124130,0,377,2
T,17356,13826126,70,2124130,0,400,2
T,17357,13826146,70,2124130,0,461,2
T,17358,13826166,70,2124130,0,539,2

[host] drv timeout 2000
drv timeout 2000
timeout 2000 ms, 2000 ms remaining
  any 'drv duty' kicks it; re-issuing this command kicks it too
> T,17359,13826186,70,2124130,0,333,2
T,17360,13826206,70,2124130,0,613,2
T,17361,13826226,70,2124130,0,289,2
T,17362,13826246,70,2124130,0,503,2
T,17363,13826266,70,2124130,0,458,2
T,17364,13826286,70,2124130,0,288,2
T,17365,13826306,70,2124130,0,357,2
T,17366,13826326,70,2124130,0,432,2
T,17367,13826346,70,2124130,0,518,2
T,17368,13826366,70,2124130,0,291,2
T,17369,13826386,70,2124130,0,506,2
T,17370,13826406,70,2124130,0,408,2
T,17371,13826426,70,2124130,0,284,2
T,17372,13826446,70,2124130,0,376,2
T,17373,13826466,70,2124130,0,385,2
T,17374,13826486,70,2124130,0,370,2
T,17375,13826506,70,2124130,0,389,2
T,17376,13826526,70,2124130,0,366,2
T,17377,13826546,70,2124130,0,528,2
T,17378,13826566,70,2124130,0,280,2
T,17379,13826586,70,2124130,0,541,2
T,17380,13826606,70,2124130,0,289,2
T,17381,13826626,70,2124130,0,428,2
T,17382,13826646,70,2124130,0,551,2
T,17383,13826666,70,2124130,0,315,2

[host] drv timeout 2000
drv timeout 2000
timeout 2000 ms, 2000 ms remaining
  any 'drv duty' kicks it; re-issuing this command kicks it too
> T,17384,13826686,70,2124130,0,764,2
T,17385,13826706,70,2124130,0,284,2
T,17386,13826726,70,2124130,0,343,2
T,17387,13826746,70,2124130,0,377,2
T,17388,13826766,70,2124130,0,382,2
T,17389,13826786,70,2124130,0,331,2
T,17390,13826806,70,2124130,0,343,2
T,17391,13826826,70,2124130,0,425,2
T,17392,13826846,70,2124130,0,344,2
T,17393,13826866,70,2124130,0,321,2
T,17394,13826886,70,2124130,0,742,2
T,17395,13826906,70,2124130,0,284,2
T,17396,13826926,70,2124130,0,336,2
T,17397,13826946,70,2124130,0,285,2
T,17398,13826966,70,2124130,0,425,2
T,17399,13826986,70,2124130,0,375,2
T,17400,13827006,70,2124130,0,377,2
T,17401,13827026,70,2124130,0,325,2
T,17402,13827046,70,2124130,0,331,2
T,17403,13827066,70,2124130,0,345,2
T,17404,13827086,70,2124130,0,304,2
T,17405,13827106,70,2124130,0,329,2
T,17406,13827126,70,2124130,0,770,2
T,17407,13827146,70,2124130,0,281,2
T,17408,13827166,70,2124130,0,430,2

[host] drv timeout 2000
drv timeout 2000
timeout 2000 ms, 2000 ms remaining
  any 'drv duty' kicks it; re-issuing this command kicks it too
> T,17409,13827186,70,2124130,0,354,2
T,17410,13827206,70,2124130,0,544,2
T,17411,13827226,70,2124130,0,281,2
T,17412,13827246,70,2124130,0,317,2
T,17413,13827266,70,2124130,0,778,2
T,17414,13827286,70,2124130,0,393,2
T,17415,13827306,70,2124130,0,284,2
T,17416,13827326,70,2124130,0,435,2
T,17417,13827346,70,2124130,0,534,2
T,17418,13827366,70,2124130,0,286,2
T,17419,13827386,70,2124130,0,371,2
T,17420,13827406,70,2124130,0,503,2
T,17421,13827426,70,2124130,0,283,2
T,17422,13827446,70,2124130,0,331,2
T,17423,13827466,70,2124130,0,349,2
T,17424,13827486,70,2124130,0,329,2
T,17425,13827506,70,2124130,0,425,2
T,17426,13827526,70,2124130,0,377,2
T,17427,13827546,70,2124130,0,290,2
T,17428,13827566,70,2124130,0,429,2
T,17429,13827586,70,2124130,0,339,2
T,17430,13827606,70,2124130,0,726,2
T,17431,13827626,70,2124130,0,285,2
T,17432,13827646,70,2124130,0,342,2
T,17433,13827666,70,2124130,0,427,2

[host] drv timeout 2000
drv timeout T,17434,13827686,70,2124130,0,382,2
2000
timeout 2000 ms, 2000 ms remaining
  any 'drv duty' kicks it; re-issuing this command kicks it too
> T,17435,13827706,70,2124130,0,456,2
T,17436,13827726,70,2124130,0,285,2
T,17437,13827746,70,2124130,0,675,2
T,17438,13827766,70,2124130,0,487,2
T,17439,13827786,70,2124130,0,280,2
T,17440,13827806,70,2124130,0,284,2
T,17441,13827826,70,2124130,0,427,2
T,17442,13827846,70,2124130,0,551,2
T,17443,13827866,70,2124130,0,280,2
T,17444,13827886,70,2124130,0,395,2
T,17445,13827906,70,2124130,0,760,2
T,17446,13827926,70,2124130,0,291,2
T,17447,13827946,70,2124130,0,349,2
T,17448,13827966,70,2124130,0,422,2
T,17449,13827986,70,2124130,0,382,2
T,17450,13828006,70,2124130,0,329,2
T,17451,13828026,70,2124130,0,434,2
T,17452,13828046,70,2124130,0,545,2
T,17453,13828066,70,2124130,0,764,2
T,17454,13828086,70,2124130,0,442,2
T,17455,13828106,70,2124130,0,284,2
T,17456,13828126,70,2124130,0,427,2
T,17457,13828146,70,2124130,0,567,2
T,17458,13828166,70,2124130,0,344,2

[host] drv timeout 2000
T,17459,13828186,70,2124130,0,327,2
drv timeout 2000
timeout 2000 ms, 2000 ms remaining
  any 'drv duty' kicks it; re-issuing this command kicks it too
> T,17460,13828206,70,2124130,0,290,2
T,17461,13828226,70,2124130,0,435,2
T,17462,13828246,70,2124130,0,406,2
T,17463,13828266,70,2124130,0,281,2
T,17464,13828286,70,2124130,0,433,2
T,17465,13828306,70,2124130,0,345,2
T,17466,13828326,70,2124130,0,328,2
T,17467,13828346,70,2124130,0,374,2
T,17468,13828366,70,2124130,0,377,2
T,17469,13828386,70,2124130,0,336,2
T,17470,13828406,70,2124130,0,423,2
T,17471,13828426,70,2124130,0,373,2
T,17472,13828446,70,2124130,0,344,2
T,17473,13828466,70,2124130,0,295,2
T,17474,13828486,70,2124130,0,738,2
T,17475,13828506,70,2124130,0,286,2
T,17476,13828526,70,2124130,0,284,2
T,17477,13828546,70,2124130,0,385,2
T,17478,13828566,70,2124130,0,288,2
T,17479,13828586,70,2124130,0,423,2
T,17480,13828606,70,2124130,0,735,2
T,17481,13828626,70,2124130,0,283,2
T,17482,13828646,70,2124130,0,357,2
T,17483,13828666,70,2124130,0,428,2

[host] drv timeout 2000
T,17484,13828686,70,2124130,0,290,2
drv timeout 2000
timeout 2000 ms, 2000 ms remaining
  any 'drv duty' kicks it; re-issuing this command kicks it too
> T,17485,13828706,70,2124130,0,328,2
T,17486,13828726,70,2124130,0,427,2
T,17487,13828746,70,2124130,0,387,2
T,17488,13828766,70,2124130,0,281,2
T,17489,13828786,70,2124130,0,352,2
T,17490,13828806,70,2124130,0,428,2
T,17491,13828826,70,2124130,0,285,2
T,17492,13828846,70,2124130,0,373,2
T,17493,13828866,70,2124130,0,381,2
T,17494,13828886,70,2124130,0,387,2
T,17495,13828906,70,2124130,0,391,2
T,17496,13828926,70,2124130,0,386,2
T,17497,13828946,70,2124130,0,288,2
T,17498,13828966,70,2124130,0,401,2
T,17499,13828986,70,2124130,0,345,2
T,17500,13829006,70,2124130,0,432,2
T,17501,13829026,70,2124130,0,389,2
T,17502,13829046,70,2124130,0,334,2
T,17503,13829066,70,2124130,0,747,2
T,17504,13829086,70,2124130,0,502,2
T,17505,13829106,70,2124130,0,288,2
T,17506,13829126,70,2124130,0,370,2
T,17507,13829146,70,2124130,0,341,2
T,17508,13829166,70,2124130,0,424,2

[host] drv timeout 2000
T,17509,13829186,70,2124130,0,382,2
drv timeout 2000
timeout 2000 ms, 2000 ms remaining
  any 'drv duty' kicks it; re-issuing this command kicks it too
> T,17510,13829206,70,2124130,0,299,2
T,17511,13829226,70,2124130,0,283,2
T,17512,13829246,70,2124130,0,736,2
T,17513,13829266,70,2124130,0,289,2
T,17514,13829286,70,2124130,0,336,2
T,17515,13829306,70,2124130,0,344,2
T,17516,13829326,70,2124130,0,429,2
T,17517,13829346,70,2124130,0,341,2
T,17518,13829366,70,2124130,0,290,2
T,17519,13829386,70,2124130,0,698,2
T,17520,13829406,70,2124130,0,561,2
T,17521,13829426,70,2124130,0,288,2
T,17522,13829446,70,2124130,0,357,2
T,17523,13829466,70,2124130,0,348,2
T,17524,13829486,70,2124130,0,434,2
T,17525,13829506,70,2124130,0,325,2
T,17526,13829526,70,2124130,0,278,2
T,17527,13829546,70,2124130,0,600,2
T,17528,13829566,70,2124130,0,286,2
T,17529,13829586,70,2124130,0,288,2
T,17530,13829606,70,2124130,0,424,2
T,17531,13829626,70,2124130,0,290,2
T,17532,13829646,70,2124130,0,384,2
T,17533,13829666,70,2124130,0,289,2
T,17534,13829686,70,2124130,0,42
[host] drv timeout 2000
8,2
drv timeout 2000
timeout 2000 ms, 2000 ms remaining
  any 'drv duty' kicks it; re-issuing this command kicks it too
> T,17535,13829706,70,2124130,0,393,2
T,17536,13829726,70,2124130,0,390,2
T,17537,13829746,70,2124130,0,413,2
T,17538,13829766,70,2124130,0,280,2
T,17539,13829786,70,2124130,0,379,2
T,17540,13829806,70,2124130,0,427,2
T,17541,13829826,70,2124130,0,377,2
T,17542,13829846,70,2124130,0,290,2
T,17543,13829866,70,2124130,0,363,2
T,17544,13829886,70,2124130,0,331,2
T,17545,13829906,70,2124130,0,374,2
T,17546,13829926,70,2124130,0,339,2
T,17547,13829946,70,2124130,0,377,2
T,17548,13829966,70,2124130,0,384,2
T,17549,13829986,70,2124130,0,326,2
T,17550,13830006,70,2124130,0,424,2
T,17551,13830026,70,2124130,0,347,2
T,17552,13830046,70,2124130,0,422,2
T,17553,13830066,70,2124130,0,289,2
T,17554,13830086,70,2124130,0,433,2
T,17555,13830106,70,2124130,0,334,2
T,17556,13830126,70,2124130,0,428,2
T,17557,13830146,70,2124130,0,396,2
T,17558,13830166,70,2124130,0,284,2
T,17559,13830186,70,2124130,0,508,2

[host] drv timeout 2000
drv timeout 2000
timeout 2000 ms, 2000 ms remaining
  any 'drv duty' kicks it; re-issuing this command kicks it too
> T,17560,13830206,70,2124130,0,300,2
T,17561,13830226,70,2124130,0,323,2
T,17562,13830246,70,2124130,0,286,2
T,17563,13830266,70,2124130,0,427,2
T,17564,13830286,70,2124130,0,295,2
T,17565,13830306,70,2124130,0,331,2
T,17566,13830326,70,2124130,0,371,2
T,17567,13830346,70,2124130,0,373,2
T,17568,13830366,70,2124130,0,322,2
T,17569,13830386,70,2124130,0,365,2
T,17570,13830406,70,2124130,0,419,2
T,17571,13830426,70,2124130,0,294,2
T,17572,13830446,70,2124130,0,381,2
T,17573,13830466,70,2124130,0,321,2
T,17574,13830486,70,2124130,0,354,2
T,17575,13830506,70,2124130,0,317,2
T,17576,13830526,70,2124130,0,288,2
T,17577,13830546,70,2124130,0,519,2
T,17578,13830566,70,2124130,0,291,2
T,17579,13830586,70,2124130,0,286,2
T,17580,13830606,70,2124130,0,422,2
T,17581,13830626,70,2124130,0,389,2
T,17582,13830646,70,2124130,0,296,2
T,17583,13830666,70,2124130,0,427,2
T,17584,13830686,70,2124130,0,380,2

[host] drv timeout 2000
drv timeout 2000
timeout 2000 ms, 2000 ms remaining
  any 'drv duty' kicks it; re-issuing this command kicks it too
> T,17585,13830706,70,2124130,0,432,2
T,17586,13830726,70,2124130,0,328,2
T,17587,13830746,70,2124130,0,746,2
T,17588,13830766,70,2124130,0,491,2
T,17589,13830786,70,2124130,0,275,2
T,17590,13830806,70,2124130,0,279,2
T,17591,13830826,70,2124130,0,427,2
T,17592,13830846,70,2124130,0,385,2
T,17593,13830866,70,2124130,0,321,2
T,17594,13830886,70,2124130,0,755,2
T,17595,13830906,70,2124130,0,506,2
T,17596,13830926,70,2124130,0,289,2
T,17597,13830946,70,2124130,0,345,2
T,17598,13830966,70,2124130,0,329,2
T,17599,13830986,70,2124130,0,427,2
T,17600,13831006,70,2124130,0,284,2
T,17601,13831026,70,2124130,0,696,2
T,17602,13831046,70,2124130,0,289,2
T,17603,13831066,70,2124130,0,328,2
T,17604,13831086,70,2124130,0,428,2
T,17605,13831106,70,2124130,0,382,2
T,17606,13831126,70,2124130,0,331,2
T,17607,13831146,70,2124130,0,343,2
T,17608,13831166,70,2124130,0,425,2
T,17609,13831186,70,2124130,0,290,2

[host] drv timeout 2000
drv timeout 2000
timeout 2000 ms, 2000 ms remaining
  any 'drv duty' kicks it; re-issuing this command kicks it too
> T,17610,13831206,70,2124130,0,339,2
T,17611,13831226,70,2124130,0,291,2
T,17612,13831246,70,2124130,0,735,2
T,17613,13831266,70,2124130,0,438,2
T,17614,13831286,70,2124130,0,281,2
T,17615,13831306,70,2124130,0,430,2
T,17616,13831326,70,2124130,0,297,2
T,17617,13831346,70,2124130,0,374,2
T,17618,13831366,70,2124130,0,294,2
T,17619,13831386,70,2124130,0,427,2
T,17620,13831406,70,2124130,0,289,2
T,17621,13831426,70,2124130,0,339,2
T,17622,13831446,70,2124130,0,366,2
T,17623,13831466,70,2124130,0,385,2
T,17624,13831486,70,2124130,0,285,2
T,17625,13831506,70,2124130,0,551,2
T,17626,13831526,70,2124130,0,425,2
T,17627,13831546,70,2124130,0,316,2
T,17628,13831566,70,2124130,0,430,2
T,17629,13831586,70,2124130,0,377,2
T,17630,13831606,70,2124130,0,379,2
T,17631,13831626,70,2124130,0,327,2
T,17632,13831646,70,2124130,0,365,2
T,17633,13831666,70,2124130,0,331,2
T,17634,13831686,70,2124130,0,427,2

[host] drv timeout 2000
drv timeout 2000
timeout 2000 ms, 2000 ms remaining
  any 'drv duty' kicks it; re-issuing this command kicks it too
> T,17635,13831706,70,2124130,0,414,2
T,17636,13831726,70,2124130,0,284,2
T,17637,13831746,70,2124130,0,318,2
T,17638,13831766,70,2124130,0,763,2
T,17639,13831786,70,2124130,0,286,2
T,17640,13831806,70,2124130,0,283,2
T,17641,13831826,70,2124130,0,433,2
T,17642,13831846,70,2124130,0,344,2
T,17643,13831866,70,2124130,0,329,2
T,17644,13831886,70,2124130,0,738,2
T,17645,13831906,70,2124130,0,280,2
T,17646,13831926,70,2124130,0,325,2
T,17647,13831946,70,2124130,0,374,2
T,17648,13831966,70,2124130,0,291,2
T,17649,13831986,70,2124130,0,739,2
T,17650,13832006,70,2124130,0,280,2
T,17651,13832026,70,2124130,0,278,2
T,17652,13832046,70,2124130,0,384,2
T,17653,13832066,70,2124130,0,317,2
T,17654,13832086,70,2124130,0,424,2
T,17655,13832106,70,2124130,0,286,2
T,17656,13832126,70,2124130,0,425,2
T,17657,13832146,70,2124130,0,509,2
T,17658,13832166,70,2124130,0,296,2
T,17659,13832186,70,2124130,0,333,2

[host] drv timeout 2000
drv timeout 2000
timeout 2000 ms, 2000 ms remaining
  any 'drv duty' kicks it; re-issuing this command kicks it too
> T,17660,13832206,70,2124130,0,449,2
T,17661,13832226,70,2124130,0,753,2
T,17662,13832246,70,2124130,0,280,2
T,17663,13832266,70,2124130,0,695,2
T,17664,13832286,70,2124130,0,525,2
T,17665,13832306,70,2124130,0,280,2
T,17666,13832326,70,2124130,0,284,2
T,17667,13832346,70,2124130,0,375,2
T,17668,13832366,70,2124130,0,373,2
T,17669,13832386,70,2124130,0,316,2
T,17670,13832406,70,2124130,0,342,2
T,17671,13832426,70,2124130,0,429,2
T,17672,13832446,70,2124130,0,371,2
T,17673,13832466,70,2124130,0,542,2
T,17674,13832486,70,2124130,0,288,2
T,17675,13832506,70,2124130,0,289,2
T,17676,13832526,70,2124130,0,337,2
T,17677,13832546,70,2124130,0,371,2
T,17678,13832566,70,2124130,0,334,2
T,17679,13832586,70,2124130,0,425,2
T,17680,13832606,70,2124130,0,395,2
T,17681,13832626,70,2124130,0,381,2
T,17682,13832646,70,2124130,0,557,2
T,17683,13832666,70,2124130,0,402,2
T,17684,13832686,70,2124130,0,323,2

[host] drv timeout 2000
drv timeout 2000
timeout 2000 ms, 2000 ms remaining
  any 'drv duty' kicks it; re-issuing this command kicks it too
> T,17685,13832706,70,2124130,0,422,2
T,17686,13832726,70,2124130,0,682,2
T,17687,13832746,70,2124130,0,311,2
T,17688,13832766,70,2124130,0,283,2
T,17689,13832786,70,2124130,0,552,2
T,17690,13832806,70,2124130,0,435,2
T,17691,13832826,70,2124130,0,280,2
T,17692,13832846,70,2124130,0,375,2
T,17693,13832866,70,2124130,0,375,2
T,17694,13832886,70,2124130,0,385,2
T,17695,13832906,70,2124130,0,325,2
T,17696,13832926,70,2124130,0,427,2
T,17697,13832946,70,2124130,0,514,2
T,17698,13832966,70,2124130,0,526,2
T,17699,13832986,70,2124130,0,291,2
T,17700,13833006,70,2124130,0,361,2
T,17701,13833026,70,2124130,0,344,2
T,17702,13833046,70,2124130,0,318,2
T,17703,13833066,70,2124130,0,352,2
T,17704,13833086,70,2124130,0,425,2
T,17705,13833106,70,2124130,0,380,2
T,17706,13833126,70,2124130,0,380,2
T,17707,13833146,70,2124130,0,323,2
T,17708,13833166,70,2124130,0,428,2
T,17709,13833186,70,2124130,0,376,2

[host] drv timeout 2000
drv timeout 2000
timeout 2000 ms, 2000 ms remaining
  any 'drv duty' kicks it; re-issuing this command kicks it too
> T,17710,13833206,70,2124130,0,290,2
T,17711,13833226,70,2124130,0,289,2
T,17712,13833246,70,2124130,0,542,2
T,17713,13833266,70,2124130,0,508,2
T,17714,13833286,70,2124130,0,284,2
T,17715,13833306,70,2124130,0,283,2
T,17716,13833326,70,2124130,0,424,2
T,17717,13833346,70,2124130,0,342,2
T,17718,13833366,70,2124130,0,285,2
T,17719,13833386,70,2124130,0,701,2
T,17720,13833406,70,2124130,0,285,2
T,17721,13833426,70,2124130,0,390,2
T,17722,13833446,70,2124130,0,317,2
T,17723,13833466,70,2124130,0,755,2
T,17724,13833486,70,2124130,0,365,2
T,17725,13833506,70,2124130,0,284,2
T,17726,13833526,70,2124130,0,428,2
T,17727,13833546,70,2124130,0,334,2
T,17728,13833566,70,2124130,0,329,2
T,17729,13833586,70,2124130,0,776,2
T,17730,13833606,70,2124130,0,289,2
T,17731,13833626,70,2124130,0,285,2
T,17732,13833646,70,2124130,0,358,2
T,17733,13833666,70,2124130,0,374,2
T,17734,13833686,70,2124130,0,320,2

[host] drv timeout 2000
drv timeout 2000
timeout 2000 ms, 2000 ms remaining
  any 'drv duty' kicks it; re-issuing this command kicks it too
> T,17735,13833706,70,2124130,0,311,2
T,17736,13833726,70,2124130,0,423,2
T,17737,13833746,70,2124130,0,406,2
T,17738,13833766,70,2124130,0,286,2
T,17739,13833786,70,2124130,0,424,2
T,17740,13833806,70,2124130,0,386,2
T,17741,13833826,70,2124130,0,390,2
T,17742,13833846,70,2124130,0,295,2
T,17743,13833866,70,2124130,0,329,2
T,17744,13833886,70,2124130,0,341,2
T,17745,13833906,70,2124130,0,432,2
T,17746,13833926,70,2124130,0,289,2
T,17747,13833946,70,2124130,0,531,2
T,17748,13833966,70,2124130,0,293,2
T,17749,13833986,70,2124130,0,358,2
T,17750,13834006,70,2124130,0,343,2
T,17751,13834026,70,2124130,0,430,2
T,17752,13834046,70,2124130,0,392,2
T,17753,13834066,70,2124130,0,291,2
T,17754,13834086,70,2124130,0,691,2
T,17755,13834106,70,2124130,0,449,2
T,17756,13834126,70,2124130,0,291,2
T,17757,13834146,70,2124130,0,425,2
T,17758,13834166,70,2124130,0,301,2
T,17759,13834186,70,2124130,0,350,2

[host] drv timeout 2000
drv timeout 2000
timeout 2000 ms, 2000 ms remaining
  any 'drv duty' kicks it; re-issuing this command kicks it too
> T,17760,13834206,70,2124130,0,387,2
T,17761,13834226,70,2124130,0,343,2
T,17762,13834246,70,2124130,0,604,2
T,17763,13834266,70,2124130,0,284,2
T,17764,13834286,70,2124130,0,342,2
T,17765,13834306,70,2124130,0,430,2
T,17766,13834326,70,2124130,0,322,2
T,17767,13834346,70,2124130,0,333,2
T,17768,13834366,70,2124130,0,386,2
T,17769,13834386,70,2124130,0,337,2
T,17770,13834406,70,2124130,0,291,2
T,17771,13834426,70,2124130,0,435,2
T,17772,13834446,70,2124130,0,528,2
T,17773,13834466,70,2124130,0,283,2
T,17774,13834486,70,2124130,0,494,2
T,17775,13834506,70,2124130,0,736,2
T,17776,13834526,70,2124130,0,291,2
T,17777,13834546,70,2124130,0,339,2
T,17778,13834566,70,2124130,0,428,2
T,17779,13834586,70,2124130,0,294,2
T,17780,13834606,70,2124130,0,357,2
T,17781,13834626,70,2124130,0,347,2
T,17782,13834646,70,2124130,0,374,2
T,17783,13834666,70,2124130,0,309,2
T,17784,13834686,70,2124130,0,429,2

[host] drv timeout 2000
drv timeout 2000
timeout 2000 ms, 2000 ms remaining
  any 'drv duty' kicks it; re-issuing this command kicks it too
> T,17785,13834706,70,2124130,0,289,2
T,17786,13834726,70,2124130,0,343,2
T,17787,13834746,70,2124130,0,602,2
T,17788,13834766,70,2124130,0,286,2
T,17789,13834786,70,2124130,0,288,2
T,17790,13834806,70,2124130,0,375,2
T,17791,13834826,70,2124130,0,325,2
T,17792,13834846,70,2124130,0,374,2
T,17793,13834866,70,2124130,0,370,2
T,17794,13834886,70,2124130,0,341,2
T,17795,13834906,70,2124130,0,317,2
T,17796,13834926,70,2124130,0,289,2
T,17797,13834946,70,2124130,0,523,2
T,17798,13834966,70,2124130,0,283,2
T,17799,13834986,70,2124130,0,296,2
T,17800,13835006,70,2124130,0,424,2
T,17801,13835026,70,2124130,0,376,2
T,17802,13835046,70,2124130,0,316,2
T,17803,13835066,70,2124130,0,434,2
T,17804,13835086,70,2124130,0,284,2
T,17805,13835106,70,2124130,0,424,2
T,17806,13835126,70,2124130,0,371,2
T,17807,13835146,70,2124130,0,565,2
T,17808,13835166,70,2124130,0,385,2
T,17809,13835186,70,2124130,0,294,2

[host] drv timeout 2000
drv timeout 2000
timeout 2000 ms, 2000 ms remaining
  any 'drv duty' kicks it; re-issuing this command kicks it too
> T,17810,13835206,70,2124130,0,293,2
T,17811,13835226,70,2124130,0,345,2
T,17812,13835246,70,2124130,0,432,2
T,17813,13835266,70,2124130,0,374,2
T,17814,13835286,70,2124130,0,381,2
T,17815,13835306,70,2124130,0,374,2
T,17816,13835326,70,2124130,0,381,2
T,17817,13835346,70,2124130,0,538,2
T,17818,13835366,70,2124130,0,304,2
T,17819,13835386,70,2124130,0,288,2
T,17820,13835406,70,2124130,0,390,2
T,17821,13835426,70,2124130,0,428,2
T,17822,13835446,70,2124130,0,550,2
T,17823,13835466,70,2124130,0,288,2
T,17824,13835486,70,2124130,0,380,2
T,17825,13835506,70,2124130,0,520,2
T,17826,13835526,70,2124130,0,291,2
T,17827,13835546,70,2124130,0,350,2
T,17828,13835566,70,2124130,0,332,2
T,17829,13835586,70,2124130,0,347,2
T,17830,13835606,70,2124130,0,331,2
T,17831,13835626,70,2124130,0,345,2
T,17832,13835646,70,2124130,0,291,2
T,17833,13835666,70,2124130,0,432,2
T,17834,13835686,70,2124130,0,312,2

[host] drv timeout 2000
drv timeout 2000
timeout 2000 ms, 2000 ms remaining
  any 'drv duty' kicks it; re-issuing this command kicks it too
> T,17835,13835706,70,2124130,0,293,2
T,17836,13835726,70,2124130,0,736,2
T,17837,13835746,70,2124130,0,284,2
T,17838,13835766,70,2124130,0,488,2
T,17839,13835786,70,2124130,0,771,2
T,17840,13835806,70,2124130,0,288,2
T,17841,13835826,70,2124130,0,284,2
T,17842,13835846,70,2124130,0,381,2
T,17843,13835866,70,2124130,0,328,2
T,17844,13835886,70,2124130,0,288,2
T,17845,13835906,70,2124130,0,464,2
T,17846,13835926,70,2124130,0,758,2
T,17847,13835946,70,2124130,0,290,2
T,17848,13835966,70,2124130,0,281,2
T,17849,13835986,70,2124130,0,430,2
T,17850,13836006,70,2124130,0,382,2
T,17851,13836026,70,2124130,0,374,2
T,17852,13836046,70,2124130,0,544,2
T,17853,13836066,70,2124130,0,333,2
T,17854,13836086,70,2124130,0,280,2
T,17855,13836106,70,2124130,0,359,2
T,17856,13836126,70,2124130,0,496,2
T,17857,13836146,70,2124130,0,285,2
T,17858,13836166,70,2124130,0,423,2
T,17859,13836186,70,2124130,0,306,2

[host] drv timeout 2000
drv timeout 200T,17860,13836206,70,2124130,0,476,2
0
timeout 2000 ms, 2000 ms remaining
  any 'drv duty' kicks it; re-issuing this command kicks it too
> T,17861,13836226,70,2124130,0,333,2
T,17862,13836246,70,2124130,0,749,2
T,17863,13836266,70,2124130,0,412,2
T,17864,13836286,70,2124130,0,285,2
T,17865,13836306,70,2124130,0,343,2
T,17866,13836326,70,2124130,0,437,2
T,17867,13836346,70,2124130,0,289,2
T,17868,13836366,70,2124130,0,342,2
T,17869,13836386,70,2124130,0,294,2
T,17870,13836406,70,2124130,0,703,2
T,17871,13836426,70,2124130,0,284,2
T,17872,13836446,70,2124130,0,380,2
T,17873,13836466,70,2124130,0,336,2
T,17874,13836486,70,2124130,0,434,2
T,17875,13836506,70,2124130,0,382,2
T,17876,13836526,70,2124130,0,373,2
T,17877,13836546,70,2124130,0,551,2
T,17878,13836566,70,2124130,0,296,2
T,17879,13836586,70,2124130,0,294,2
T,17880,13836606,70,2124130,0,764,2
T,17881,13836626,70,2124130,0,411,2
T,17882,13836646,70,2124130,0,323,2
T,17883,13836666,70,2124130,0,392,2
T,17884,13836686,70,2124130,0,371,2

[host] drv timeout 2000
T,17885,13836706,70,2124130,0,424,2
drv timeout 2000
timeout 2000 ms, 2000 ms remaining
  any 'drv duty' kicks it; re-issuing this command kicks it too
> T,17886,13836726,70,2124130,0,296,2
T,17887,13836746,70,2124130,0,321,2
T,17888,13836766,70,2124130,0,353,2
T,17889,13836786,70,2124130,0,433,2
T,17890,13836806,70,2124130,0,371,2
T,17891,13836826,70,2124130,0,382,2
T,17892,13836846,70,2124130,0,322,2
T,17893,13836866,70,2124130,0,423,2
T,17894,13836886,70,2124130,0,384,2
T,17895,13836906,70,2124130,0,387,2
T,17896,13836926,70,2124130,0,332,2
T,17897,13836946,70,2124130,0,328,2
T,17898,13836966,70,2124130,0,337,2
T,17899,13836986,70,2124130,0,329,2
T,17900,13837006,70,2124130,0,427,2
T,17901,13837026,70,2124130,0,374,2
T,17902,13837046,70,2124130,0,291,2
T,17903,13837066,70,2124130,0,337,2
T,17904,13837086,70,2124130,0,329,2
T,17905,13837106,70,2124130,0,428,2
T,17906,13837126,70,2124130,0,385,2
T,17907,13837146,70,2124130,0,304,2
T,17908,13837166,70,2124130,0,338,2
T,17909,13837186,70,2124130,0,434,2

[host] drv timeout 2000
T,17910,13837206,70,2124130,0,286,2
drv timeout 2000
timeout 2000 ms, 2000 ms remaining
  any 'drv duty' kicks it; re-issuing this command kicks it too
> T,17911,13837226,70,2124130,0,291,2
T,17912,13837246,70,2124130,0,382,2
T,17913,13837266,70,2124130,0,386,2
T,17914,13837286,70,2124130,0,371,2
T,17915,13837306,70,2124130,0,379,2
T,17916,13837326,70,2124130,0,342,2
T,17917,13837346,70,2124130,0,290,2
T,17918,13837366,70,2124130,0,722,2
T,17919,13837386,70,2124130,0,291,2
T,17920,13837406,70,2124130,0,283,2
T,17921,13837426,70,2124130,0,337,2
T,17922,13837446,70,2124130,0,283,2
T,17923,13837466,70,2124130,0,429,2
T,17924,13837486,70,2124130,0,380,2
T,17925,13837506,70,2124130,0,332,2
T,17926,13837526,70,2124130,0,354,2
T,17927,13837546,70,2124130,0,295,2
T,17928,13837566,70,2124130,0,432,2
T,17929,13837586,70,2124130,0,296,2
T,17930,13837606,70,2124130,0,429,2
T,17931,13837626,70,2124130,0,376,2
T,17932,13837646,70,2124130,0,538,2
T,17933,13837666,70,2124130,0,288,2
T,17934,13837686,70,2124130,0,412,2

[host] drv timeout 2000
T,17935,13837706,70,2124130,0,561,2
drv timeout 2000
timeout 2000 ms, 2000 ms remaining
  any 'drv duty' kicks it; re-issuing this command kicks it too
> T,17936,13837726,70,2124130,0,345,2
T,17937,13837746,70,2124130,0,747,2
T,17938,13837766,70,2124130,0,512,2
T,17939,13837786,70,2124130,0,291,2
T,17940,13837806,70,2124130,0,280,2
T,17941,13837826,70,2124130,0,392,2
T,17942,13837846,70,2124130,0,492,2
T,17943,13837866,70,2124130,0,541,2
T,17944,13837886,70,2124130,0,283,2
T,17945,13837906,70,2124130,0,343,2
T,17946,13837926,70,2124130,0,327,2
T,17947,13837946,70,2124130,0,379,2
T,17948,13837966,70,2124130,0,329,2
T,17949,13837986,70,2124130,0,427,2
T,17950,13838006,70,2124130,0,288,2
T,17951,13838026,70,2124130,0,434,2
T,17952,13838046,70,2124130,0,376,2
T,17953,13838066,70,2124130,0,316,2
T,17954,13838086,70,2124130,0,743,2
T,17955,13838106,70,2124130,0,281,2
T,17956,13838126,70,2124130,0,384,2
T,17957,13838146,70,2124130,0,373,2
T,17958,13838166,70,2124130,0,375,2
T,17959,13838186,70,2124130,0,315,2
T,17960,13838206,70,2124130,0,33
[host] drv timeout 2000
6,2
drv timeout 2000
timeout 2000 ms, 2000 ms remaining
  any 'drv duty' kicks it; re-issuing this command kicks it too
> T,17961,13838226,70,2124130,0,678,2
T,17962,13838246,70,2124130,0,332,2
T,17963,13838266,70,2124130,0,291,2
T,17964,13838286,70,2124130,0,722,2
T,17965,13838306,70,2124130,0,435,2
T,17966,13838326,70,2124130,0,289,2
T,17967,13838346,70,2124130,0,380,2
T,17968,13838366,70,2124130,0,328,2
T,17969,13838386,70,2124130,0,430,2
T,17970,13838406,70,2124130,0,386,2
T,17971,13838426,70,2124130,0,385,2
T,17972,13838446,70,2124130,0,295,2
T,17973,13838466,70,2124130,0,424,2
T,17974,13838486,70,2124130,0,371,2
T,17975,13838506,70,2124130,0,387,2
T,17976,13838526,70,2124130,0,382,2
T,17977,13838546,70,2124130,0,290,2
T,17978,13838566,70,2124130,0,338,2
T,17979,13838586,70,2124130,0,339,2
T,17980,13838606,70,2124130,0,430,2
T,17981,13838626,70,2124130,0,310,2
T,17982,13838646,70,2124130,0,337,2
T,17983,13838666,70,2124130,0,428,2
T,17984,13838686,70,2124130,0,386,2
T,17985,13838706,70,2124130,0,33
[host] drv timeout 2000
7,2
drv timeout 2000
timeout 2000 ms, 2000 ms remaining
  any 'drv duty' kicks it; re-issuing this command kicks it too
> T,17986,13838726,70,2124130,0,721,2
T,17987,13838746,70,2124130,0,310,2
T,17988,13838766,70,2124130,0,284,2
T,17989,13838786,70,2124130,0,337,2
T,17990,13838806,70,2124130,0,280,2
T,17991,13838826,70,2124130,0,424,2
T,17992,13838846,70,2124130,0,514,2
T,17993,13838866,70,2124130,0,315,2
T,17994,13838886,70,2124130,0,332,2
T,17995,13838906,70,2124130,0,666,2
T,17996,13838926,70,2124130,0,546,2
T,17997,13838946,70,2124130,0,280,2
T,17998,13838966,70,2124130,0,352,2
T,17999,13838986,70,2124130,0,354,2
T,18000,13839006,70,2124130,0,430,2
T,18001,13839026,70,2124130,0,315,2
T,18002,13839046,70,2124130,0,377,2
T,18003,13839066,70,2124130,0,379,2
T,18004,13839086,70,2124130,0,317,2
T,18005,13839106,70,2124130,0,434,2
T,18006,13839126,70,2124130,0,290,2
T,18007,13839146,70,2124130,0,374,2
T,18008,13839166,70,2124130,0,385,2
T,18009,13839186,70,2124130,0,386,2
T,18010,13839206,70,2124130,0,34
[host] drv timeout 2000
1,2
drv timeout 2000
timeout 2000 ms, 2000 ms remaining
  any 'drv duty' kicks it; re-issuing this command kicks it too
> T,18011,13839226,70,2124130,0,589,2
T,18012,13839246,70,2124130,0,279,2
T,18013,13839266,70,2124130,0,514,2
T,18014,13839286,70,2124130,0,502,2
T,18015,13839306,70,2124130,0,284,2
T,18016,13839326,70,2124130,0,286,2
T,18017,13839346,70,2124130,0,392,2
T,18018,13839366,70,2124130,0,379,2
T,18019,13839386,70,2124130,0,389,2
T,18020,13839406,70,2124130,0,329,2
T,18021,13839426,70,2124130,0,348,2
T,18022,13839446,70,2124130,0,380,2
T,18023,13839466,70,2124130,0,385,2
T,18024,13839486,70,2124130,0,315,2
T,18025,13839506,70,2124130,0,373,2
T,18026,13839526,70,2124130,0,329,2
T,18027,13839546,70,2124130,0,360,2
T,18028,13839566,70,2124130,0,329,2
T,18029,13839586,70,2124130,0,421,2
T,18030,13839606,70,2124130,0,321,2
T,18031,13839626,70,2124130,0,429,2
T,18032,13839646,70,2124130,0,402,2
T,18033,13839666,70,2124130,0,297,2
T,18034,13839686,70,2124130,0,730,2
T,18035,13839706,70,2124130,0,28
[host] drv timeout 2000
6,2
drv timeout 2000
timeout 2000 ms, 2000 ms remaining
  any 'drv duty' kicks it; re-issuing this command kicks it too
> T,18036,13839726,70,2124130,0,706,2
T,18037,13839746,70,2124130,0,315,2
T,18038,13839766,70,2124130,0,326,2
T,18039,13839786,70,2124130,0,283,2
T,18040,13839806,70,2124130,0,430,2
T,18041,13839826,70,2124130,0,389,2
T,18042,13839846,70,2124130,0,530,2
T,18043,13839866,70,2124130,0,300,2
T,18044,13839886,70,2124130,0,286,2
T,18045,13839906,70,2124130,0,680,2
T,18046,13839926,70,2124130,0,277,2
T,18047,13839946,70,2124130,0,341,2
T,18048,13839966,70,2124130,0,425,2
T,18049,13839986,70,2124130,0,291,2
T,18050,13840006,70,2124130,0,425,2
T,18051,13840026,70,2124130,0,373,2
T,18052,13840046,70,2124130,0,288,2
T,18053,13840066,70,2124130,0,425,2
T,18054,13840086,70,2124130,0,368,2
T,18055,13840106,70,2124130,0,389,2
T,18056,13840126,70,2124130,0,389,2
T,18057,13840146,70,2124130,0,285,2
T,18058,13840166,70,2124130,0,429,2
T,18059,13840186,70,2124130,0,289,2
T,18060,13840206,70,2124130,0,432,2

[host] drv timeout 2000
drv timeout 2000
timeout 2000 ms, 2000 ms remaining
  any 'drv duty' kicks it; re-issuing this command kicks it too
> T,18061,13840226,70,2124130,0,284,2
T,18062,13840246,70,2124130,0,657,2
T,18063,13840266,70,2124130,0,377,2
T,18064,13840286,70,2124130,0,333,2
T,18065,13840306,70,2124130,0,336,2
T,18066,13840326,70,2124130,0,428,2
T,18067,13840346,70,2124130,0,347,2
T,18068,13840366,70,2124130,0,334,2
T,18069,13840386,70,2124130,0,716,2
T,18070,13840406,70,2124130,0,293,2
T,18071,13840426,70,2124130,0,280,2
T,18072,13840446,70,2124130,0,374,2
T,18073,13840466,70,2124130,0,387,2
T,18074,13840486,70,2124130,0,386,2
T,18075,13840506,70,2124130,0,374,2
T,18076,13840526,70,2124130,0,338,2
T,18077,13840546,70,2124130,0,373,2
T,18078,13840566,70,2124130,0,323,2
T,18079,13840586,70,2124130,0,332,2
T,18080,13840606,70,2124130,0,354,2
T,18081,13840626,70,2124130,0,337,2
T,18082,13840646,70,2124130,0,290,2
T,18083,13840666,70,2124130,0,430,2
T,18084,13840686,70,2124130,0,285,2
T,18085,13840706,70,2124130,0,427,2

[host] drv timeout 2000
drv timeout 2000
timeout 2000 ms, 2000 ms remaining
  any 'drv duty' kicks it; re-issuing this command kicks it too
> T,18086,13840726,70,2124130,0,444,2
T,18087,13840746,70,2124130,0,338,2
T,18088,13840766,70,2124130,0,424,2
T,18089,13840786,70,2124130,0,281,2
T,18090,13840806,70,2124130,0,423,2
T,18091,13840826,70,2124130,0,286,2
T,18092,13840846,70,2124130,0,369,2
T,18093,13840866,70,2124130,0,293,2
T,18094,13840886,70,2124130,0,430,2
T,18095,13840906,70,2124130,0,384,2
T,18096,13840926,70,2124130,0,377,2
T,18097,13840946,70,2124130,0,296,2
T,18098,13840966,70,2124130,0,430,2
T,18099,13840986,70,2124130,0,384,2
T,18100,13841006,70,2124130,0,387,2
T,18101,13841026,70,2124130,0,382,2
T,18102,13841046,70,2124130,0,309,2
T,18103,13841066,70,2124130,0,389,2
T,18104,13841086,70,2124130,0,338,2
T,18105,13841106,70,2124130,0,430,2
T,18106,13841126,70,2124130,0,285,2
T,18107,13841146,70,2124130,0,375,2
T,18108,13841166,70,2124130,0,373,2
T,18109,13841186,70,2124130,0,329,2
T,18110,13841206,70,2124130,0,427,2

[host] drv timeout 2000
drv timeout 2000
timeout 2000 ms, 2000 ms remaining
  any 'drv duty' kicks it; re-issuing this command kicks it too
> T,18111,13841226,70,2124130,0,736,2
T,18112,13841246,70,2124130,0,279,2
T,18113,13841266,70,2124130,0,355,2
T,18114,13841286,70,2124130,0,332,2
T,18115,13841306,70,2124130,0,347,2
T,18116,13841326,70,2124130,0,339,2
T,18117,13841346,70,2124130,0,369,2
T,18118,13841366,70,2124130,0,376,2
T,18119,13841386,70,2124130,0,344,2
T,18120,13841406,70,2124130,0,432,2
T,18121,13841426,70,2124130,0,373,2
T,18122,13841446,70,2124130,0,526,2
T,18123,13841466,70,2124130,0,283,2
T,18124,13841486,70,2124130,0,531,2
T,18125,13841506,70,2124130,0,498,2
T,18126,13841526,70,2124130,0,289,2
T,18127,13841546,70,2124130,0,338,2
T,18128,13841566,70,2124130,0,355,2
T,18129,13841586,70,2124130,0,432,2
T,18130,13841606,70,2124130,0,288,2
T,18131,13841626,70,2124130,0,341,2
T,18132,13841646,70,2124130,0,344,2
T,18133,13841666,70,2124130,0,430,2
T,18134,13841686,70,2124130,0,291,2
T,18135,13841706,70,2124130,0,432,2

[host] drv timeout 2000
drv timeout 2000
timeout 2000 ms, 2000 ms remaining
  any 'drv duty' kicks it; re-issuing this command kicks it too
> T,18136,13841726,70,2124130,0,671,2
T,18137,13841746,70,2124130,0,302,2
T,18138,13841766,70,2124130,0,723,2
T,18139,13841786,70,2124130,0,290,2
T,18140,13841806,70,2124130,0,284,2
T,18141,13841826,70,2124130,0,418,2
T,18142,13841846,70,2124130,0,519,2
T,18143,13841866,70,2124130,0,284,2
T,18144,13841886,70,2124130,0,396,2
T,18145,13841906,70,2124130,0,522,2
T,18146,13841926,70,2124130,0,279,2
T,18147,13841946,70,2124130,0,345,2
T,18148,13841966,70,2124130,0,427,2
T,18149,13841986,70,2124130,0,380,2
T,18150,13842006,70,2124130,0,384,2
T,18151,13842026,70,2124130,0,332,2
T,18152,13842046,70,2124130,0,348,2
T,18153,13842066,70,2124130,0,425,2
T,18154,13842086,70,2124130,0,294,2
T,18155,13842106,70,2124130,0,325,2
T,18156,13842126,70,2124130,0,425,2
T,18157,13842146,70,2124130,0,517,2
T,18158,13842166,70,2124130,0,278,2
T,18159,13842186,70,2124130,0,515,2
T,18160,13842206,70,2124130,0,385,2

[host] drv timeout 2000
drv timeout 2000
timeout 2000 ms, 2000 ms remaining
  any 'drv duty' kicks it; re-issuing this command kicks it too
> T,18161,13842226,70,2124130,0,329,2
T,18162,13842246,70,2124130,0,290,2
T,18163,13842266,70,2124130,0,429,2
T,18164,13842286,70,2124130,0,313,2
T,18165,13842306,70,2124130,0,386,2
T,18166,13842326,70,2124130,0,427,2
T,18167,13842346,70,2124130,0,387,2
T,18168,13842366,70,2124130,0,307,2
T,18169,13842386,70,2124130,0,722,2
T,18170,13842406,70,2124130,0,285,2
T,18171,13842426,70,2124130,0,355,2
T,18172,13842446,70,2124130,0,291,2
T,18173,13842466,70,2124130,0,425,2
T,18174,13842486,70,2124130,0,326,2
T,18175,13842506,70,2124130,0,430,2
T,18176,13842526,70,2124130,0,377,2
T,18177,13842546,70,2124130,0,288,2
T,18178,13842566,70,2124130,0,424,2
T,18179,13842586,70,2124130,0,294,2
T,18180,13842606,70,2124130,0,428,2
T,18181,13842626,70,2124130,0,288,2
T,18182,13842646,70,2124130,0,375,2
T,18183,13842666,70,2124130,0,302,2
T,18184,13842686,70,2124130,0,380,2
T,18185,13842706,70,2124130,0,424,2

[host] drv timeout 2000
drv timeout 2000
timeout 2000 ms, 2000 ms remaining
  any 'drv duty' kicks it; re-issuing this command kicks it too
> T,18186,13842726,70,2124130,0,482,2
T,18187,13842746,70,2124130,0,350,2
T,18188,13842766,70,2124130,0,423,2
T,18189,13842786,70,2124130,0,339,2
T,18190,13842806,70,2124130,0,423,2
T,18191,13842826,70,2124130,0,288,2
T,18192,13842846,70,2124130,0,284,2
T,18193,13842866,70,2124130,0,422,2
T,18194,13842886,70,2124130,0,376,2
T,18195,13842906,70,2124130,0,334,2
T,18196,13842926,70,2124130,0,418,2
T,18197,13842946,70,2124130,0,363,2
T,18198,13842966,70,2124130,0,285,2
T,18199,13842986,70,2124130,0,675,2
T,18200,13843006,70,2124130,0,506,2
T,18201,13843026,70,2124130,0,281,2
T,18202,13843046,70,2124130,0,341,2
T,18203,13843066,70,2124130,0,432,2
T,18204,13843086,70,2124130,0,381,2
T,18205,13843106,70,2124130,0,381,2
T,18206,13843126,70,2124130,0,328,2
T,18207,13843146,70,2124130,0,379,2
T,18208,13843166,70,2124130,0,374,2
T,18209,13843186,70,2124130,0,390,2
T,18210,13843206,70,2124130,0,336,2

[host] drv timeout 2000
drv timeout 2000
timeout 2000 ms, 2000 ms remaining
  any 'drv duty' kicks it; re-issuing this command kicks it too
> T,18211,13843226,70,2124130,0,357,2
T,18212,13843246,70,2124130,0,286,2
T,18213,13843266,70,2124130,0,472,2
T,18214,13843286,70,2124130,0,430,2
T,18215,13843306,70,2124130,0,289,2
T,18216,13843326,70,2124130,0,355,2
T,18217,13843346,70,2124130,0,295,2
T,18218,13843366,70,2124130,0,322,2
T,18219,13843386,70,2124130,0,358,2
T,18220,13843406,70,2124130,0,427,2
T,18221,13843426,70,2124130,0,288,2
T,18222,13843446,70,2124130,0,386,2
T,18223,13843466,70,2124130,0,382,2
T,18224,13843486,70,2124130,0,381,2
T,18225,13843506,70,2124130,0,333,2
T,18226,13843526,70,2124130,0,395,2
T,18227,13843546,70,2124130,0,369,2
T,18228,13843566,70,2124130,0,316,2
T,18229,13843586,70,2124130,0,430,2
T,18230,13843606,70,2124130,0,381,2
T,18231,13843626,70,2124130,0,341,2
T,18232,13843646,70,2124130,0,382,2

[host] drv duty 5
drv duty 5
duty +5%
> T,18233,13843666,50,2124130,0,422,2
T,18234,13843686,50,2124130,0,201,2
T,18235,13843706,50,2124129,0,248,2
T,18236,13843726,50,2124129,0,208,2
T,18237,13843746,50,2124129,-71,209,2
T,18238,13843766,50,2124129,-71,387,2
T,18239,13843786,50,2124129,-71,345,2
T,18240,13843806,50,2124129,-71,262,2
T,18241,13843826,50,2124129,-71,269,2
T,18242,13843846,50,2124129,0,229,2
T,18243,13843866,50,2124129,0,597,2
T,18244,13843886,50,2124129,0,465,2
T,18245,13843906,50,2124129,0,222,2
T,18246,13843926,50,2124129,0,226,2
T,18247,13843946,50,2124129,0,215,2
T,18248,13843966,50,2124129,0,210,2
T,18249,13843986,50,2124129,0,226,2
T,18250,13844006,50,2124129,0,209,2
T,18251,13844026,50,2124129,0,209,2
T,18252,13844046,50,2124129,0,281,2
T,18253,13844066,50,2124129,0,209,2
T,18254,13844086,50,2124129,0,205,2
T,18255,13844106,50,2124129,0,242,2
T,18256,13844126,50,2124129,0,215,2
T,18257,13844146,50,2124129,0,269,2

[host] drv timeout 2000
drv timeout 2000
timeout 2000 ms, 2000 ms remaining
  any 'drv duty' kicks it; re-issuing this command kicks it too
> T,18258,13844166,50,2124129,0,222,2
T,18259,13844186,50,2124129,0,272,2
T,18260,13844206,50,2124129,0,291,2
T,18261,13844226,50,2124129,0,582,2
T,18262,13844246,50,2124129,0,307,2
T,18263,13844266,50,2124129,0,237,2
T,18264,13844286,50,2124129,0,317,2
T,18265,13844306,50,2124129,0,471,2
T,18266,13844326,50,2124129,0,212,2
T,18267,13844346,50,2124129,0,222,2
T,18268,13844366,50,2124129,0,232,2
T,18269,13844386,50,2124129,0,219,2
T,18270,13844406,50,2124129,0,215,2
T,18271,13844426,50,2124129,0,203,2
T,18272,13844446,50,2124129,0,238,2
T,18273,13844466,50,2124129,0,215,2
T,18274,13844486,50,2124129,0,204,2
T,18275,13844506,50,2124129,0,205,2
T,18276,13844526,50,2124129,0,206,2
T,18277,13844546,50,2124129,0,264,2
T,18278,13844566,50,2124129,0,280,2
T,18279,13844586,50,2124129,0,336,2
T,18280,13844606,50,2124129,0,236,2
T,18281,13844626,50,2124129,0,280,2
T,18282,13844646,50,2124129,0,222,2

[host] drv timeout 2000
drv timeout 200T,18283,13844666,50,2124129,0,332,2
0
timeout 2000 ms, 2000 ms remaining
  any 'drv duty' kicks it; re-issuing this command kicks it too
> T,18284,13844686,50,2124129,0,396,2
T,18285,13844706,50,2124129,0,444,2
T,18286,13844726,50,2124129,0,229,2
T,18287,13844746,50,2124129,0,220,2
T,18288,13844766,50,2124129,0,574,2
T,18289,13844786,50,2124129,0,412,2
T,18290,13844806,50,2124129,0,212,2
T,18291,13844826,50,2124129,0,265,2
T,18292,13844846,50,2124129,0,208,2
T,18293,13844866,50,2124129,0,206,2
T,18294,13844886,50,2124129,0,206,2
T,18295,13844906,50,2124129,0,209,2
T,18296,13844926,50,2124129,0,203,2
T,18297,13844946,50,2124129,0,246,2
T,18298,13844966,50,2124129,0,215,2
T,18299,13844986,50,2124129,0,209,2
T,18300,13845006,50,2124129,0,246,2
T,18301,13845026,50,2124129,0,215,2
T,18302,13845046,50,2124129,0,243,2
T,18303,13845066,50,2124129,0,384,2
T,18304,13845086,50,2124129,0,229,2
T,18305,13845106,50,2124129,0,251,2
T,18306,13845126,50,2124129,0,595,2
T,18307,13845146,50,2124129,0,256,2

[host] drv timeout 2000
drv timT,18308,13845166,50,2124129,0,209,2
eout 2000
timeout 2000 ms, 2000 ms remaining
  any 'drv duty' kicks it; re-issuing this command kicks it too
> T,18309,13845186,50,2124129,0,253,2
T,18310,13845206,50,2124129,0,432,2
T,18311,13845226,50,2124129,0,211,2
T,18312,13845246,50,2124129,0,268,2
T,18313,13845266,50,2124129,0,487,2
T,18314,13845286,50,2124129,0,241,2
T,18315,13845306,50,2124129,0,216,2
T,18316,13845326,50,2124129,0,205,2
T,18317,13845346,50,2124129,0,267,2
T,18318,13845366,50,2124129,0,355,2
T,18319,13845386,50,2124129,0,352,2
T,18320,13845406,50,2124129,0,240,2
T,18321,13845426,50,2124129,0,355,2
T,18322,13845446,50,2124129,0,247,2
T,18323,13845466,50,2124129,0,252,2
T,18324,13845486,50,2124129,0,221,2
T,18325,13845506,50,2124129,0,226,2
T,18326,13845526,50,2124129,0,224,2
T,18327,13845546,50,2124129,0,299,2
T,18328,13845566,50,2124129,0,216,2
T,18329,13845586,50,2124129,0,211,2
T,18330,13845606,50,2124129,0,297,2
T,18331,13845626,50,2124129,0,216,2
T,18332,13845646,50,2124129,0,279,2

[host] drv timeout 2000
T,18333,13845666,50,2124129,0,211,2
drv timeout 2000
timeout 2000 ms, 2000 ms remaining
  any 'drv duty' kicks it; re-issuing this command kicks it too
> T,18334,13845686,50,2124129,0,424,2
T,18335,13845706,50,2124129,0,423,2
T,18336,13845726,50,2124129,0,212,2
T,18337,13845746,50,2124129,0,257,2
T,18338,13845766,50,2124129,0,566,2
T,18339,13845786,50,2124129,0,454,2
T,18340,13845806,50,2124129,0,241,2
T,18341,13845826,50,2124129,0,280,2
T,18342,13845846,50,2124129,0,214,2
T,18343,13845866,50,2124129,0,211,2
T,18344,13845886,50,2124129,0,272,2
T,18345,13845906,50,2124129,0,261,2
T,18346,13845926,50,2124129,0,238,2
T,18347,13845946,50,2124129,0,210,2
T,18348,13845966,50,2124129,0,273,2
T,18349,13845986,50,2124129,0,216,2
T,18350,13846006,50,2124129,0,209,2
T,18351,13846026,50,2124129,0,222,2
T,18352,13846046,50,2124129,0,241,2
T,18353,13846066,50,2124129,0,215,2
T,18354,13846086,50,2124129,0,217,2
T,18355,13846106,50,2124129,0,219,2
T,18356,13846126,50,2124129,0,208,2
T,18357,13846146,50,2124129,0,283,2

[host] drv timeout 2000
T,18358,13846166,50,2124129,0,334,2
drv timeout 2000
timeout 2000 ms, 2000 ms remaining
  any 'drv duty' kicks it; re-issuing this command kicks it too
> T,18359,13846186,50,2124129,0,375,2
T,18360,13846206,50,2124129,0,238,2
T,18361,13846226,50,2124129,0,345,2
T,18362,13846246,50,2124129,0,333,2
T,18363,13846266,50,2124129,0,240,2
T,18364,13846286,50,2124129,0,236,2
T,18365,13846306,50,2124129,0,402,2
T,18366,13846326,50,2124129,0,237,2
T,18367,13846346,50,2124129,0,208,2
T,18368,13846366,50,2124129,0,264,2
T,18369,13846386,50,2124129,0,231,2
T,18370,13846406,50,2124129,0,220,2
T,18371,13846426,50,2124129,0,227,2
T,18372,13846446,50,2124129,0,208,2
T,18373,13846466,50,2124129,0,206,2
T,18374,13846486,50,2124129,0,205,2
T,18375,13846506,50,2124129,0,262,2
T,18376,13846526,50,2124129,0,214,2
T,18377,13846546,50,2124129,0,270,2
T,18378,13846566,50,2124129,0,263,2
T,18379,13846586,50,2124129,0,277,2
T,18380,13846606,50,2124129,0,236,2
T,18381,13846626,50,2124129,0,572,2
T,18382,13846646,50,2124129,0,217,2

[host] drv timeout 2000
T,18383,13846666,50,2124129,0,214,2
drv timeout 2000
timeout 2000 ms, 2000 ms remaining
  any 'drv duty' kicks it; re-issuing this command kicks it too
> T,18384,13846686,50,2124129,0,236,2
T,18385,13846706,50,2124129,0,584,2
T,18386,13846726,50,2124129,0,434,2
T,18387,13846746,50,2124129,0,237,2
T,18388,13846766,50,2124129,0,242,2
T,18389,13846786,50,2124129,0,566,2
T,18390,13846806,50,2124129,0,425,2
T,18391,13846826,50,2124129,0,215,2
T,18392,13846846,50,2124129,0,280,2
T,18393,13846866,50,2124129,0,342,2
T,18394,13846886,50,2124129,0,268,2
T,18395,13846906,50,2124129,0,242,2
T,18396,13846926,50,2124129,0,341,2
T,18397,13846946,50,2124129,0,272,2
T,18398,13846966,50,2124129,0,217,2
T,18399,13846986,50,2124129,0,267,2
T,18400,13847006,50,2124129,0,215,2
T,18401,13847026,50,2124129,0,263,2
T,18402,13847046,50,2124129,0,242,2
T,18403,13847066,50,2124129,0,217,2
T,18404,13847086,50,2124129,0,210,2
T,18405,13847106,50,2124129,0,235,2
T,18406,13847126,50,2124129,0,238,2
T,18407,13847146,50,2124129,0,204,2
T,18408,13847166,50,2124129,0,27
[host] drv timeout 2000
0,2
drv timeout 2000
timeout 2000 ms, 2000 ms remaining
  any 'drv duty' kicks it; re-issuing this command kicks it too
> T,18409,13847186,50,2124129,0,444,2
T,18410,13847206,50,2124129,0,217,2
T,18411,13847226,50,2124129,0,215,2
T,18412,13847246,50,2124129,0,307,2
T,18413,13847266,50,2124129,0,465,2
T,18414,13847286,50,2124129,0,227,2
T,18415,13847306,50,2124129,0,278,2
T,18416,13847326,50,2124129,0,220,2
T,18417,13847346,50,2124129,0,293,2
T,18418,13847366,50,2124129,0,241,2
T,18419,13847386,50,2124129,0,252,2
T,18420,13847406,50,2124129,0,217,2
T,18421,13847426,50,2124129,0,264,2
T,18422,13847446,50,2124129,0,210,2
T,18423,13847466,50,2124129,0,251,2
T,18424,13847486,50,2124129,0,219,2
T,18425,13847506,50,2124129,0,208,2
T,18426,13847526,50,2124129,0,211,2
T,18427,13847546,50,2124129,0,229,2
T,18428,13847566,50,2124129,0,216,2
T,18429,13847586,50,2124129,0,209,2
T,18430,13847606,50,2124129,0,210,2
T,18431,13847626,50,2124129,0,279,2
T,18432,13847646,50,2124129,0,214,2
T,18433,13847666,50,2124129,0,20
[host] drv timeout 2000
8,2
drv timeout 2000
timeout 2000 ms, 2000 ms remaining
  any 'drv duty' kicks it; re-issuing this command kicks it too
> T,18434,13847686,50,2124129,0,248,2
T,18435,13847706,50,2124129,0,215,2
T,18436,13847726,50,2124129,0,238,2
T,18437,13847746,50,2124129,0,231,2
T,18438,13847766,50,2124129,0,598,2
T,18439,13847786,50,2124129,0,474,2
T,18440,13847806,50,2124129,0,245,2
T,18441,13847826,50,2124129,0,217,2
T,18442,13847846,50,2124129,0,247,2
T,18443,13847866,50,2124129,0,386,2
T,18444,13847886,50,2124129,0,241,2
T,18445,13847906,50,2124129,0,283,2
T,18446,13847926,50,2124129,0,464,2
T,18447,13847946,50,2124129,0,229,2
T,18448,13847966,50,2124129,0,210,2
T,18449,13847986,50,2124129,0,281,2
T,18450,13848006,50,2124129,0,210,2
T,18451,13848026,50,2124129,0,270,2
T,18452,13848046,50,2124129,0,208,2
T,18453,13848066,50,2124129,0,210,2
T,18454,13848086,50,2124129,0,280,2
T,18455,13848106,50,2124129,0,220,2
T,18456,13848126,50,2124129,0,295,2
T,18457,13848146,50,2124129,0,210,2
T,18458,13848166,50,2124129,0,274,2

[host] drv timeout 2000
drv timeout 2000
timeout 2000 ms, 2000 ms remaining
  any 'drv duty' kicks it; re-issuing this command kicks it too
> T,18459,13848186,50,2124129,0,467,2
T,18460,13848206,50,2124129,0,243,2
T,18461,13848226,50,2124129,0,217,2
T,18462,13848246,50,2124129,0,312,2
T,18463,13848266,50,2124129,0,614,2
T,18464,13848286,50,2124129,0,253,2
T,18465,13848306,50,2124129,0,219,2
T,18466,13848326,50,2124129,0,267,2
T,18467,13848346,50,2124129,0,279,2
T,18468,13848366,50,2124129,0,216,2
T,18469,13848386,50,2124129,0,221,2
T,18470,13848406,50,2124129,0,247,2
T,18471,13848426,50,2124129,0,212,2
T,18472,13848446,50,2124129,0,212,2
T,18473,13848466,50,2124129,0,227,2
T,18474,13848486,50,2124129,0,220,2
T,18475,13848506,50,2124129,0,285,2
T,18476,13848526,50,2124129,0,211,2
T,18477,13848546,50,2124129,0,247,2
T,18478,13848566,50,2124129,0,217,2
T,18479,13848586,50,2124129,0,231,2
T,18480,13848606,50,2124129,0,225,2
T,18481,13848626,50,2124129,0,212,2
T,18482,13848646,50,2124129,0,265,2
T,18483,13848666,50,2124129,0,289,2

[host] drv timeout 2000
drv timeout 2000
timeout 2000 ms, 2000 ms remaining
  any 'drv duty' kicks it; re-issuing this command kicks it too
> T,18484,13848686,50,2124129,0,317,2
T,18485,13848706,50,2124129,0,350,2
T,18486,13848726,50,2124129,0,238,2
T,18487,13848746,50,2124129,0,333,2
T,18488,13848766,50,2124129,0,397,2
T,18489,13848786,50,2124129,0,272,2
T,18490,13848806,50,2124129,0,242,2
T,18491,13848826,50,2124129,0,333,2
T,18492,13848846,50,2124129,0,442,2
T,18493,13848866,50,2124129,0,220,2
T,18494,13848886,50,2124129,0,297,2
T,18495,13848906,50,2124129,0,215,2
T,18496,13848926,50,2124129,0,210,2
T,18497,13848946,50,2124129,0,268,2
T,18498,13848966,50,2124129,0,220,2
T,18499,13848986,50,2124129,0,268,2
T,18500,13849006,50,2124129,0,224,2
T,18501,13849026,50,2124129,0,267,2
T,18502,13849046,50,2124129,0,211,2
T,18503,13849066,50,2124129,0,275,2
T,18504,13849086,50,2124129,0,220,2
T,18505,13849106,50,2124129,0,265,2
T,18506,13849126,50,2124129,0,217,2
T,18507,13849146,50,2124129,0,215,2
T,18508,13849166,50,2124129,0,332,2

[host] drv timeout 2000
drv timeout 2000
timeout 2000 ms, 2000 ms remaining
  any 'drv duty' kicks it; re-issuing this command kicks it too
> T,18509,13849186,50,2124129,0,215,2
T,18510,13849206,50,2124129,0,263,2
T,18511,13849226,50,2124129,0,215,2
T,18512,13849246,50,2124129,0,506,2
T,18513,13849266,50,2124129,0,392,2
T,18514,13849286,50,2124129,0,217,2
T,18515,13849306,50,2124129,0,215,2
T,18516,13849326,50,2124129,0,224,2
T,18517,13849346,50,2124129,0,209,2
T,18518,13849366,50,2124129,0,208,2
T,18519,13849386,50,2124129,0,205,2
T,18520,13849406,50,2124129,0,279,2
T,18521,13849426,50,2124129,0,215,2
T,18522,13849446,50,2124129,0,251,2
T,18523,13849466,50,2124129,0,403,2
T,18524,13849486,50,2124129,0,236,2
T,18525,13849506,50,2124129,0,338,2
T,18526,13849526,50,2124129,0,474,2
T,18527,13849546,50,2124129,0,283,2
T,18528,13849566,50,2124129,0,219,2
T,18529,13849586,50,2124129,0,209,2
T,18530,13849606,50,2124129,0,224,2
T,18531,13849626,50,2124129,0,227,2
T,18532,13849646,50,2124129,0,210,2
T,18533,13849666,50,2124129,0,398,2

[host] drv timeout 2000
drv timeout 2000
timeout 2000 ms, 2000 ms remaining
  any 'drv duty' kicks it; re-issuing this command kicks it too
> T,18534,13849686,50,2124129,0,224,2
T,18535,13849706,50,2124129,0,225,2
T,18536,13849726,50,2124129,0,216,2
T,18537,13849746,50,2124129,0,262,2
T,18538,13849766,50,2124129,0,469,2
T,18539,13849786,50,2124129,0,232,2
T,18540,13849806,50,2124129,0,243,2
T,18541,13849826,50,2124129,0,215,2
T,18542,13849846,50,2124129,0,284,2
T,18543,13849866,50,2124129,0,325,2
T,18544,13849886,50,2124129,0,389,2
T,18545,13849906,50,2124129,0,240,2
T,18546,13849926,50,2124129,0,321,2
T,18547,13849946,50,2124129,0,469,2
T,18548,13849966,50,2124129,0,265,2
T,18549,13849986,50,2124129,0,216,2
T,18550,13850006,50,2124129,0,206,2
T,18551,13850026,50,2124129,0,247,2
T,18552,13850046,50,2124129,0,205,2
T,18553,13850066,50,2124129,0,205,2
T,18554,13850086,50,2124129,0,214,2
T,18555,13850106,50,2124129,0,212,2
T,18556,13850126,50,2124129,0,241,2
T,18557,13850146,50,2124129,0,381,2
T,18558,13850166,50,2124129,0,229,2

[host] drv timeout 2000
drv timeout 2000
timeout 2000 ms, 2000 ms remaining
  any 'drv duty' kicks it; re-issuing this command kicks it too
> T,18559,13850186,50,2124129,0,339,2
T,18560,13850206,50,2124129,0,240,2
T,18561,13850226,50,2124129,0,634,2
T,18562,13850246,50,2124129,0,295,2
T,18563,13850266,50,2124129,0,237,2
T,18564,13850286,50,2124129,0,304,2
T,18565,13850306,50,2124129,0,430,2
T,18566,13850326,50,2124129,0,256,2
T,18567,13850346,50,2124129,0,264,2
T,18568,13850366,50,2124129,0,216,2
T,18569,13850386,50,2124129,0,208,2
T,18570,13850406,50,2124129,0,238,2
T,18571,13850426,50,2124129,0,243,2
T,18572,13850446,50,2124129,0,231,2
T,18573,13850466,50,2124129,0,220,2
T,18574,13850486,50,2124129,0,222,2
T,18575,13850506,50,2124129,0,222,2
T,18576,13850526,50,2124129,0,251,2
T,18577,13850546,50,2124129,0,211,2
T,18578,13850566,50,2124129,0,265,2
T,18579,13850586,50,2124129,0,211,2
T,18580,13850606,50,2124129,0,296,2
T,18581,13850626,50,2124129,0,242,2
T,18582,13850646,50,2124129,0,211,2
T,18583,13850666,50,2124129,0,257,2

[host] drv timeout 2000
drv timeout 2000
timeout 2000 ms, 2000 ms remaining
  any 'drv duty' kicks it; re-issuing this command kicks it too
> T,18584,13850686,50,2124129,0,240,2
T,18585,13850706,50,2124129,0,449,2
T,18586,13850726,50,2124129,0,224,2
T,18587,13850746,50,2124129,0,235,2
T,18588,13850766,50,2124129,0,552,2
T,18589,13850786,50,2124129,0,304,2
T,18590,13850806,50,2124129,0,217,2
T,18591,13850826,50,2124129,0,211,2
T,18592,13850846,50,2124129,0,224,2
T,18593,13850866,50,2124129,0,219,2
T,18594,13850886,50,2124129,0,262,2
T,18595,13850906,50,2124129,0,220,2
T,18596,13850926,50,2124129,0,278,2
T,18597,13850946,50,2124129,0,209,2
T,18598,13850966,50,2124129,0,224,2
T,18599,13850986,50,2124129,0,227,2
T,18600,13851006,50,2124129,0,242,2
T,18601,13851026,50,2124129,0,224,2
T,18602,13851046,50,2124129,0,209,2
T,18603,13851066,50,2124129,0,214,2
T,18604,13851086,50,2124129,0,220,2
T,18605,13851106,50,2124129,0,270,2
T,18606,13851126,50,2124129,0,365,2
T,18607,13851146,50,2124129,0,236,2
T,18608,13851166,50,2124129,0,365,2

[host] drv timeout 2000
drv timeout 2000
timeout 2000 ms, 2000 ms remaining
  any 'drv duty' kicks it; re-issuing this command kicks it too
> T,18609,13851186,50,2124129,0,259,2
T,18610,13851206,50,2124129,0,274,2
T,18611,13851226,50,2124129,0,353,2
T,18612,13851246,50,2124129,0,211,2
T,18613,13851266,50,2124129,0,279,2
T,18614,13851286,50,2124129,0,216,2
T,18615,13851306,50,2124129,0,208,2
T,18616,13851326,50,2124129,0,275,2
T,18617,13851346,50,2124129,0,249,2
T,18618,13851366,50,2124129,0,214,2
T,18619,13851386,50,2124129,0,263,2
T,18620,13851406,50,2124129,0,221,2
T,18621,13851426,50,2124129,0,245,2
T,18622,13851446,50,2124129,0,249,2
T,18623,13851466,50,2124129,0,215,2
T,18624,13851486,50,2124129,0,208,2
T,18625,13851506,50,2124129,0,268,2
T,18626,13851526,50,2124129,0,215,2
T,18627,13851546,50,2124129,0,237,2
T,18628,13851566,50,2124129,0,405,2
T,18629,13851586,50,2124129,0,241,2
T,18630,13851606,50,2124129,0,258,2
T,18631,13851626,50,2124129,0,212,2
T,18632,13851646,50,2124129,0,214,2
T,18633,13851666,50,2124129,0,216,2

[host] drv timeout 2000
drv timeout 2000
timeout 2000 ms, 2000 ms remaining
  any 'drv duty' kicks it; re-issuing this command kicks it too
> T,18634,13851686,50,2124129,0,257,2
T,18635,13851706,50,2124129,0,281,2
T,18636,13851726,50,2124129,0,556,2
T,18637,13851746,50,2124129,0,241,2
T,18638,13851766,50,2124129,0,624,2
T,18639,13851786,50,2124129,0,259,2
T,18640,13851806,50,2124129,0,215,2
T,18641,13851826,50,2124129,0,294,2
T,18642,13851846,50,2124129,0,261,2
T,18643,13851866,50,2124129,0,221,2
T,18644,13851886,50,2124129,0,231,2
T,18645,13851906,50,2124129,0,252,2
T,18646,13851926,50,2124129,0,256,2
T,18647,13851946,50,2124129,0,241,2
T,18648,13851966,50,2124129,0,222,2
T,18649,13851986,50,2124129,0,277,2
T,18650,13852006,50,2124129,0,215,2
T,18651,13852026,50,2124129,0,208,2
T,18652,13852046,50,2124129,0,269,2
T,18653,13852066,50,2124129,0,327,2
T,18654,13852086,50,2124129,0,317,2
T,18655,13852106,50,2124129,0,470,2
T,18656,13852126,50,2124129,0,224,2
T,18657,13852146,50,2124129,0,212,2
T,18658,13852166,50,2124129,0,225,2

[host] drv timeout 2000
drv timeout 2000
timeout 2000 ms, 2000 ms remaining
  any 'drv duty' kicks it; re-issuing this command kicks it too
> T,18659,13852186,50,2124129,0,509,2
T,18660,13852206,50,2124129,0,242,2
T,18661,13852226,50,2124129,0,577,2
T,18662,13852246,50,2124129,0,216,2
T,18663,13852266,50,2124129,0,300,2
T,18664,13852286,50,2124129,0,243,2
T,18665,13852306,50,2124129,0,270,2
T,18666,13852326,50,2124129,0,458,2
T,18667,13852346,50,2124129,0,240,2
T,18668,13852366,50,2124129,0,215,2
T,18669,13852386,50,2124129,0,257,2
T,18670,13852406,50,2124129,0,215,2
T,18671,13852426,50,2124129,0,211,2
T,18672,13852446,50,2124129,0,297,2
T,18673,13852466,50,2124129,0,216,2
T,18674,13852486,50,2124129,0,270,2
T,18675,13852506,50,2124129,0,215,2
T,18676,13852526,50,2124129,0,208,2
T,18677,13852546,50,2124129,0,268,2
T,18678,13852566,50,2124129,0,216,2
T,18679,13852586,50,2124129,0,406,2
T,18680,13852606,50,2124129,0,241,2
T,18681,13852626,50,2124129,0,241,2
T,18682,13852646,50,2124129,0,568,2
T,18683,13852666,50,2124129,0,240,2

[host] drv timeout 2000
drv timeout 2000
timeout 2000 ms, 2000 ms remaining
  any 'drv duty' kicks it; re-issuing this command kicks it too
> T,18684,13852686,50,2124129,0,217,2
T,18685,13852706,50,2124129,0,534,2
T,18686,13852726,50,2124129,0,221,2
T,18687,13852746,50,2124129,0,196,2
T,18688,13852766,50,2124129,0,293,2
T,18689,13852786,50,2124129,0,236,2
T,18690,13852806,50,2124129,0,270,2
T,18691,13852826,50,2124129,0,448,2
T,18692,13852846,50,2124129,0,246,2
T,18693,13852866,50,2124129,0,216,2
T,18694,13852886,50,2124129,0,209,2
T,18695,13852906,50,2124129,0,212,2
T,18696,13852926,50,2124129,0,246,2
T,18697,13852946,50,2124129,0,210,2
T,18698,13852966,50,2124129,0,275,2
T,18699,13852986,50,2124129,0,212,2
T,18700,13853006,50,2124129,0,214,2
T,18701,13853026,50,2124129,0,208,2
T,18702,13853046,50,2124129,0,251,2
T,18703,13853066,50,2124129,0,222,2
T,18704,13853086,50,2124129,0,258,2
T,18705,13853106,50,2124129,0,215,2
T,18706,13853126,50,2124129,0,225,2
T,18707,13853146,50,2124129,0,268,2
T,18708,13853166,50,2124129,0,219,2

[host] drv timeout 2000
drv timeout 2000
timeout 2000 ms, 2000 ms remaining
  any 'drv duty' kicks it; re-issuing this command kicks it too
> T,18709,13853186,50,2124129,0,230,2
T,18710,13853206,50,2124129,0,606,2
T,18711,13853226,50,2124129,0,321,2
T,18712,13853246,50,2124129,0,301,2
T,18713,13853266,50,2124129,0,288,2
T,18714,13853286,50,2124129,0,243,2
T,18715,13853306,50,2124129,0,600,2
T,18716,13853326,50,2124129,0,443,2
T,18717,13853346,50,2124129,0,212,2
T,18718,13853366,50,2124129,0,252,2
T,18719,13853386,50,2124129,0,215,2
T,18720,13853406,50,2124129,0,211,2
T,18721,13853426,50,2124129,0,241,2
T,18722,13853446,50,2124129,0,210,2
T,18723,13853466,50,2124129,0,286,2
T,18724,13853486,50,2124129,0,246,2
T,18725,13853506,50,2124129,0,215,2
T,18726,13853526,50,2124129,0,273,2
T,18727,13853546,50,2124129,0,257,2
T,18728,13853566,50,2124129,0,280,2
T,18729,13853586,50,2124129,0,290,2
T,18730,13853606,50,2124129,0,236,2
T,18731,13853626,50,2124129,0,333,2
T,18732,13853646,50,2124129,0,474,2
T,18733,13853666,50,2124129,0,235,2

[host] drv timeout 2000
drv timeout 2000
timeout 2000 ms, 2000 ms remaining
  any 'drv duty' kicks it; re-issuing this command kicks it too
> T,18734,13853686,50,2124129,0,217,2
T,18735,13853706,50,2124129,0,551,2
T,18736,13853726,50,2124129,0,421,2
T,18737,13853746,50,2124129,0,208,2
T,18738,13853766,50,2124129,0,235,2
T,18739,13853786,50,2124129,0,542,2
T,18740,13853806,50,2124129,0,379,2
T,18741,13853826,50,2124129,0,226,2
T,18742,13853846,50,2124129,0,215,2
T,18743,13853866,50,2124129,0,277,2
T,18744,13853886,50,2124129,0,214,2
T,18745,13853906,50,2124129,0,211,2
T,18746,13853926,50,2124129,0,237,2
T,18747,13853946,50,2124129,0,212,2
T,18748,13853966,50,2124129,0,281,2
T,18749,13853986,50,2124129,0,220,2
T,18750,13854006,50,2124129,0,241,2
T,18751,13854026,50,2124129,0,219,2
T,18752,13854046,50,2124129,0,240,2
T,18753,13854066,50,2124129,0,602,2
T,18754,13854086,50,2124129,0,371,2
T,18755,13854106,50,2124129,0,211,2
T,18756,13854126,50,2124129,0,256,2
T,18757,13854146,50,2124129,0,211,2
T,18758,13854166,50,2124129,0,304,2

[host] drv timeout 2000
drv tT,18759,13854186,50,2124129,0,205,2
imeout 2000
timeout 2000 ms, 2000 ms remaining
  any 'drv duty' kicks it; re-issuing this command kicks it too
> T,18760,13854206,50,2124129,0,242,2
T,18761,13854226,50,2124129,0,389,2
T,18762,13854246,50,2124129,0,241,2
T,18763,13854266,50,2124129,0,242,2
T,18764,13854286,50,2124129,0,401,2
T,18765,13854306,50,2124129,0,231,2
T,18766,13854326,50,2124129,0,241,2
T,18767,13854346,50,2124129,0,557,2
T,18768,13854366,50,2124129,0,455,2
T,18769,13854386,50,2124129,0,221,2
T,18770,13854406,50,2124129,0,222,2
T,18771,13854426,50,2124129,0,225,2
T,18772,13854446,50,2124129,0,211,2
T,18773,13854466,50,2124129,0,257,2
T,18774,13854486,50,2124129,0,219,2
T,18775,13854506,50,2124129,0,211,2
T,18776,13854526,50,2124129,0,236,2
T,18777,13854546,50,2124129,0,395,2
T,18778,13854566,50,2124129,0,235,2
T,18779,13854586,50,2124129,0,230,2
T,18780,13854606,50,2124129,0,294,2
T,18781,13854626,50,2124129,0,421,2
T,18782,13854646,50,2124129,0,203,2
T,18783,13854666,50,2124129,0,284,2

[host] drv timeout 2000
T,18784,13854686,50,2124129,0,221,2
drv timeout 2000
timeout 2000 ms, 2000 ms remaining
  any 'drv duty' kicks it; re-issuing this command kicks it too
> T,18785,13854706,50,2124129,0,293,2
T,18786,13854726,50,2124129,0,242,2
T,18787,13854746,50,2124129,0,610,2
T,18788,13854766,50,2124129,0,267,2
T,18789,13854786,50,2124129,0,236,2
T,18790,13854806,50,2124129,0,566,2
T,18791,13854826,50,2124129,0,478,2
T,18792,13854846,50,2124129,0,233,2
T,18793,13854866,50,2124129,0,232,2
T,18794,13854886,50,2124129,0,224,2
T,18795,13854906,50,2124129,0,249,2
T,18796,13854926,50,2124129,0,216,2
T,18797,13854946,50,2124129,0,273,2
T,18798,13854966,50,2124129,0,354,2
T,18799,13854986,50,2124129,0,347,2
T,18800,13855006,50,2124129,0,237,2
T,18801,13855026,50,2124129,0,235,2
T,18802,13855046,50,2124129,0,252,2
T,18803,13855066,50,2124129,0,219,2
T,18804,13855086,50,2124129,0,211,2
T,18805,13855106,50,2124129,0,279,2
T,18806,13855126,50,2124129,0,251,2
T,18807,13855146,50,2124129,0,265,2
T,18808,13855166,50,2124129,0,214,2

[host] drv timeout 2000
T,18809,13855186,50,2124129,0,208,2
drv timeout 2000
timeout 2000 ms, 2000 ms remaining
  any 'drv duty' kicks it; re-issuing this command kicks it too
> T,18810,13855206,50,2124129,0,241,2
T,18811,13855226,50,2124129,0,236,2
T,18812,13855246,50,2124129,0,487,2
T,18813,13855266,50,2124129,0,273,2
T,18814,13855286,50,2124129,0,235,2
T,18815,13855306,50,2124129,0,552,2
T,18816,13855326,50,2124129,0,438,2
T,18817,13855346,50,2124129,0,209,2
T,18818,13855366,50,2124129,0,211,2
T,18819,13855386,50,2124129,0,272,2
T,18820,13855406,50,2124129,0,247,2
T,18821,13855426,50,2124129,0,264,2
T,18822,13855446,50,2124129,0,205,2
T,18823,13855466,50,2124129,0,210,2
T,18824,13855486,50,2124129,0,232,2
T,18825,13855506,50,2124129,0,251,2
T,18826,13855526,50,2124129,0,279,2
T,18827,13855546,50,2124129,0,208,2
T,18828,13855566,50,2124129,0,277,2
T,18829,13855586,50,2124129,0,212,2
T,18830,13855606,50,2124129,0,225,2
T,18831,13855626,50,2124129,0,221,2
T,18832,13855646,50,2124129,0,252,2
T,18833,13855666,50,2124129,0,222,2

[host] drv timeout 2000
T,18834,13855686,50,2124129,0,253,2
drv timeout 2000
timeout 2000 ms, 2000 ms remaining
  any 'drv duty' kicks it; re-issuing this command kicks it too
> T,18835,13855706,50,2124129,0,520,2
T,18836,13855726,50,2124129,0,219,2
T,18837,13855746,50,2124129,0,272,2
T,18838,13855766,50,2124129,0,615,2
T,18839,13855786,50,2124129,0,247,2
T,18840,13855806,50,2124129,0,295,2
T,18841,13855826,50,2124129,0,215,2
T,18842,13855846,50,2124129,0,232,2
T,18843,13855866,50,2124129,0,393,2
T,18844,13855886,50,2124129,0,235,2
T,18845,13855906,50,2124129,0,235,2
T,18846,13855926,50,2124129,0,574,2
T,18847,13855946,50,2124129,0,261,2
T,18848,13855966,50,2124129,0,259,2
T,18849,13855986,50,2124129,0,222,2
T,18850,13856006,50,2124129,0,407,2
T,18851,13856026,50,2124129,0,240,2
T,18852,13856046,50,2124129,0,616,2
T,18853,13856066,50,2124129,0,263,2
T,18854,13856086,50,2124129,0,212,2
T,18855,13856106,50,2124129,0,285,2
T,18856,13856126,50,2124129,0,215,2
T,18857,13856146,50,2124129,0,264,2
T,18858,13856166,50,2124129,0,217,2
T,18859,13856186,50,2124129,0,24
[host] drv timeout 2000
2,2
drv timeout 2000
timeout 2000 ms, 2000 ms remaining
  any 'drv duty' kicks it; re-issuing this command kicks it too
> T,18860,13856206,50,2124129,0,242,2
T,18861,13856226,50,2124129,0,301,2
T,18862,13856246,50,2124129,0,423,2
T,18863,13856266,50,2124129,0,243,2
T,18864,13856286,50,2124129,0,237,2
T,18865,13856306,50,2124129,0,602,2
T,18866,13856326,50,2124129,0,253,2
T,18867,13856346,50,2124129,0,290,2
T,18868,13856366,50,2124129,0,217,2
T,18869,13856386,50,2124129,0,225,2
T,18870,13856406,50,2124129,0,220,2
T,18871,13856426,50,2124129,0,232,2
T,18872,13856446,50,2124129,0,275,2
T,18873,13856466,50,2124129,0,219,2
T,18874,13856486,50,2124129,0,280,2
T,18875,13856506,50,2124129,0,240,2
T,18876,13856526,50,2124129,0,241,2
T,18877,13856546,50,2124129,0,252,2
T,18878,13856566,50,2124129,0,219,2
T,18879,13856586,50,2124129,0,215,2
T,18880,13856606,50,2124129,0,208,2
T,18881,13856626,50,2124129,0,216,2
T,18882,13856646,50,2124129,0,277,2
T,18883,13856666,50,2124129,0,290,2
T,18884,13856686,50,2124129,0,28
[host] drv timeout 2000
3,2
drv timeout 2000
timeout 2000 ms, 2000 ms remaining
  any 'drv duty' kicks it; re-issuing this command kicks it too
> T,18885,13856706,50,2124129,0,269,2
T,18886,13856726,50,2124129,0,263,2
T,18887,13856746,50,2124129,0,209,2
T,18888,13856766,50,2124129,0,245,2
T,18889,13856786,50,2124129,0,620,2
T,18890,13856806,50,2124129,0,226,2
T,18891,13856826,50,2124129,0,221,2
T,18892,13856846,50,2124129,0,247,2
T,18893,13856866,50,2124129,0,216,2
T,18894,13856886,50,2124129,0,215,2
T,18895,13856906,50,2124129,0,214,2
T,18896,13856926,50,2124129,0,251,2
T,18897,13856946,50,2124129,0,209,2
T,18898,13856966,50,2124129,0,212,2
T,18899,13856986,50,2124129,0,403,2
T,18900,13857006,50,2124129,0,245,2
T,18901,13857026,50,2124129,0,241,2
T,18902,13857046,50,2124129,0,461,2
T,18903,13857066,50,2124129,0,237,2
T,18904,13857086,50,2124129,0,217,2
T,18905,13857106,50,2124129,0,211,2
T,18906,13857126,50,2124129,0,236,2
T,18907,13857146,50,2124129,0,212,2
T,18908,13857166,50,2124129,0,251,2
T,18909,13857186,50,2124129,0,21
[host] drv timeout 2000
6,2
drv timeout 2000
timeout 2000 ms, 2000 ms remaining
  any 'drv duty' kicks it; re-issuing this command kicks it too
> T,18910,13857206,50,2124129,0,242,2
T,18911,13857226,50,2124129,0,526,2
T,18912,13857246,50,2124129,0,227,2
T,18913,13857266,50,2124129,0,280,2
T,18914,13857286,50,2124129,0,233,2
T,18915,13857306,50,2124129,0,325,2
T,18916,13857326,50,2124129,0,448,2
T,18917,13857346,50,2124129,0,240,2
T,18918,13857366,50,2124129,0,216,2
T,18919,13857386,50,2124129,0,254,2
T,18920,13857406,50,2124129,0,267,2
T,18921,13857426,50,2124129,0,215,2
T,18922,13857446,50,2124129,0,284,2
T,18923,13857466,50,2124129,0,262,2
T,18924,13857486,50,2124129,0,609,2
T,18925,13857506,50,2124129,0,256,2
T,18926,13857526,50,2124129,0,217,2
T,18927,13857546,50,2124129,0,257,2
T,18928,13857566,50,2124129,0,231,2
T,18929,13857586,50,2124129,0,253,2
T,18930,13857606,50,2124129,0,219,2
T,18931,13857626,50,2124129,0,212,2
T,18932,13857646,50,2124129,0,280,2
T,18933,13857666,50,2124129,0,212,2
T,18934,13857686,50,2124129,0,261,2

[host] drv timeout 2000
drv timeout 2000
timeout 2000 ms, 2000 ms remaining
  any 'drv duty' kicks it; re-issuing this command kicks it too
> T,18935,13857706,50,2124129,0,238,2
T,18936,13857726,50,2124129,0,254,2
T,18937,13857746,50,2124129,0,267,2
T,18938,13857766,50,2124129,0,246,2
T,18939,13857786,50,2124129,0,336,2
T,18940,13857806,50,2124129,0,423,2
T,18941,13857826,50,2124129,0,212,2
T,18942,13857846,50,2124129,0,215,2
T,18943,13857866,50,2124129,0,205,2
T,18944,13857886,50,2124129,0,268,2
T,18945,13857906,50,2124129,0,229,2
T,18946,13857926,50,2124129,0,243,2
T,18947,13857946,50,2124129,0,267,2
T,18948,13857966,50,2124129,0,226,2
T,18949,13857986,50,2124129,0,288,2
T,18950,13858006,50,2124129,0,215,2
T,18951,13858026,50,2124129,0,210,2
T,18952,13858046,50,2124129,0,278,2
T,18953,13858066,50,2124129,0,212,2
T,18954,13858086,50,2124129,0,252,2
T,18955,13858106,50,2124129,0,216,2
T,18956,13858126,50,2124129,0,222,2
T,18957,13858146,50,2124129,0,275,2
T,18958,13858166,50,2124129,0,216,2
T,18959,13858186,50,2124129,0,214,2

[host] drv timeout 2000
drv timeout 2000
timeout 2000 ms, 2000 ms remaining
  any 'drv duty' kicks it; re-issuing this command kicks it too
> T,18960,13858206,50,2124129,0,248,2
T,18961,13858226,50,2124129,0,237,2
T,18962,13858246,50,2124129,0,217,2
T,18963,13858266,50,2124129,0,241,2
T,18964,13858286,50,2124129,0,238,2
T,18965,13858306,50,2124129,0,562,2
T,18966,13858326,50,2124129,0,379,2
T,18967,13858346,50,2124129,0,210,2
T,18968,13858366,50,2124129,0,254,2
T,18969,13858386,50,2124129,0,215,2
T,18970,13858406,50,2124129,0,263,2
T,18971,13858426,50,2124129,0,215,2
T,18972,13858446,50,2124129,0,238,2
T,18973,13858466,50,2124129,0,237,2
T,18974,13858486,50,2124129,0,611,2
T,18975,13858506,50,2124129,0,262,2
T,18976,13858526,50,2124129,0,216,2
T,18977,13858546,50,2124129,0,278,2
T,18978,13858566,50,2124129,0,342,2
T,18979,13858586,50,2124129,0,290,2
T,18980,13858606,50,2124129,0,241,2
T,18981,13858626,50,2124129,0,589,2
T,18982,13858646,50,2124129,0,246,2
T,18983,13858666,50,2124129,0,217,2
T,18984,13858686,50,2124129,0,254,2

[host] drv timeout 2000
drv timeout 2000
timeout 2000 ms, 2000 ms remaining
  any 'drv duty' kicks it; re-issuing this command kicks it too
> T,18985,13858706,50,2124129,0,211,2
T,18986,13858726,50,2124129,0,254,2
T,18987,13858746,50,2124129,0,235,2
T,18988,13858766,50,2124129,0,215,2
T,18989,13858786,50,2124129,0,267,2
T,18990,13858806,50,2124129,0,214,2
T,18991,13858826,50,2124129,0,261,2
T,18992,13858846,50,2124129,0,209,2
T,18993,13858866,50,2124129,0,243,2
T,18994,13858886,50,2124129,0,219,2
T,18995,13858906,50,2124129,0,212,2
T,18996,13858926,50,2124129,0,405,2
T,18997,13858946,50,2124129,0,222,2
T,18998,13858966,50,2124129,0,566,2
T,18999,13858986,50,2124129,0,455,2
T,19000,13859006,50,2124129,0,252,2
T,19001,13859026,50,2124129,0,219,2
T,19002,13859046,50,2124129,0,277,2
T,19003,13859066,50,2124129,0,368,2
T,19004,13859086,50,2124129,0,309,2
T,19005,13859106,50,2124129,0,241,2
T,19006,13859126,50,2124129,0,337,2
T,19007,13859146,50,2124129,0,243,2
T,19008,13859166,50,2124129,0,232,2
T,19009,13859186,50,2124129,0,220,2

[host] drv timeout 2000
drv timeout 2000
timeout 2000 ms, 2000 ms remaining
  any 'drv duty' kicks it; re-issuing this command kicks it too
> T,19010,13859206,50,2124129,0,395,2
T,19011,13859226,50,2124129,0,242,2
T,19012,13859246,50,2124129,0,233,2
T,19013,13859266,50,2124129,0,257,2
T,19014,13859286,50,2124129,0,236,2
T,19015,13859306,50,2124129,0,327,2
T,19016,13859326,50,2124129,0,435,2
T,19017,13859346,50,2124129,0,211,2
T,19018,13859366,50,2124129,0,249,2
T,19019,13859386,50,2124129,0,219,2
T,19020,13859406,50,2124129,0,209,2
T,19021,13859426,50,2124129,0,317,2
T,19022,13859446,50,2124129,0,618,2
T,19023,13859466,50,2124129,0,419,2
T,19024,13859486,50,2124129,0,219,2
T,19025,13859506,50,2124129,0,280,2
T,19026,13859526,50,2124129,0,217,2
T,19027,13859546,50,2124129,0,257,2
T,19028,13859566,50,2124129,0,214,2
T,19029,13859586,50,2124129,0,211,2
T,19030,13859606,50,2124129,0,238,2
T,19031,13859626,50,2124129,0,217,2
T,19032,13859646,50,2124129,0,274,2
T,19033,13859666,50,2124129,0,280,2
T,19034,13859686,50,2124129,0,361,2

[host] drv timeout 2000
drv timeout 2000
timeout 2000 ms, 2000 ms remaining
  any 'drv duty' kicks it; re-issuing this command kicks it too
> T,19035,13859706,50,2124129,0,345,2
T,19036,13859726,50,2124129,0,572,2
T,19037,13859746,50,2124129,0,225,2
T,19038,13859766,50,2124129,0,241,2
T,19039,13859786,50,2124129,0,236,2
T,19040,13859806,50,2124129,0,552,2
T,19041,13859826,50,2124129,0,230,2
T,19042,13859846,50,2124129,0,274,2
T,19043,13859866,50,2124129,0,254,2
T,19044,13859886,50,2124129,0,248,2
T,19045,13859906,50,2124129,0,268,2
T,19046,13859926,50,2124129,0,405,2
T,19047,13859946,50,2124129,0,265,2
T,19048,13859966,50,2124129,0,587,2
T,19049,13859986,50,2124129,0,434,2
T,19050,13860006,50,2124129,0,212,2
T,19051,13860026,50,2124129,0,297,2
T,19052,13860046,50,2124129,0,267,2
T,19053,13860066,50,2124129,0,215,2
T,19054,13860086,50,2124129,0,211,2
T,19055,13860106,50,2124129,0,259,2
T,19056,13860126,50,2124129,0,217,2
T,19057,13860146,50,2124129,0,278,2
T,19058,13860166,50,2124129,0,309,2
T,19059,13860186,50,2124129,0,281,2

[host] drv timeout 2000
drv timeout 2000
timeout 2000 ms, 2000 ms remaining
  any 'drv duty' kicks it; re-issuing this command kicks it too
> T,19060,13860206,50,2124129,0,403,2
T,19061,13860226,50,2124129,0,243,2
T,19062,13860246,50,2124129,0,556,2
T,19063,13860266,50,2124129,0,403,2
T,19064,13860286,50,2124129,0,242,2
T,19065,13860306,50,2124129,0,236,2
T,19066,13860326,50,2124129,0,590,2
T,19067,13860346,50,2124129,0,216,2
T,19068,13860366,50,2124129,0,216,2
T,19069,13860386,50,2124129,0,226,2
T,19070,13860406,50,2124129,0,209,2
T,19071,13860426,50,2124129,0,284,2
T,19072,13860446,50,2124129,0,209,2
T,19073,13860466,50,2124129,0,252,2
T,19074,13860486,50,2124129,0,217,2
T,19075,13860506,50,2124129,0,212,2
T,19076,13860526,50,2124129,0,297,2
T,19077,13860546,50,2124129,0,237,2
T,19078,13860566,50,2124129,0,220,2
T,19079,13860586,50,2124129,0,293,2
T,19080,13860606,50,2124129,0,221,2
T,19081,13860626,50,2124129,0,219,2
T,19082,13860646,50,2124129,0,254,2
T,19083,13860666,50,2124129,0,408,2
T,19084,13860686,50,2124129,0,230,2

[host] drv timeout 2000
drv timeout 2000
timeout 2000 ms, 2000 ms remaining
  any 'drv duty' kicks it; re-issuing this command kicks it too
> T,19085,13860706,50,2124129,0,571,2
T,19086,13860726,50,2124129,0,237,2
T,19087,13860746,50,2124129,0,509,2
T,19088,13860766,50,2124129,0,301,2
T,19089,13860786,50,2124129,0,242,2
T,19090,13860806,50,2124129,0,290,2
T,19091,13860826,50,2124129,0,509,2
T,19092,13860846,50,2124129,0,209,2
T,19093,13860866,50,2124129,0,210,2
T,19094,13860886,50,2124129,0,400,2
T,19095,13860906,50,2124129,0,240,2
T,19096,13860926,50,2124129,0,233,2
T,19097,13860946,50,2124129,0,477,2
T,19098,13860966,50,2124129,0,237,2
T,19099,13860986,50,2124129,0,216,2
T,19100,13861006,50,2124129,0,208,2
T,19101,13861026,50,2124129,0,214,2
T,19102,13861046,50,2124129,0,274,2
T,19103,13861066,50,2124129,0,361,2
T,19104,13861086,50,2124129,0,273,2
T,19105,13861106,50,2124129,0,236,2
T,19106,13861126,50,2124129,0,341,2
T,19107,13861146,50,2124129,0,270,2
T,19108,13861166,50,2124129,0,264,2
T,19109,13861186,50,2124129,0,221,2

[host] drv timeout 2000
drv timeout 2000
timeout 2000 ms, 2000 ms remaining
  any 'drv duty' kicks it; re-issuing this command kicks it too
> T,19110,13861206,50,2124129,0,258,2
T,19111,13861226,50,2124129,0,277,2
T,19112,13861246,50,2124129,0,210,2
T,19113,13861266,50,2124129,0,241,2
T,19114,13861286,50,2124129,0,352,2
T,19115,13861306,50,2124129,0,458,2
T,19116,13861326,50,2124129,0,225,2
T,19117,13861346,50,2124129,0,203,2
T,19118,13861366,50,2124129,0,403,2
T,19119,13861386,50,2124129,0,317,2
T,19120,13861406,50,2124129,0,237,2
T,19121,13861426,50,2124129,0,563,2
T,19122,13861446,50,2124129,0,224,2
T,19123,13861466,50,2124129,0,214,2
T,19124,13861486,50,2124129,0,245,2
T,19125,13861506,50,2124129,0,215,2
T,19126,13861526,50,2124129,0,233,2
T,19127,13861546,50,2124129,0,281,2
T,19128,13861566,50,2124129,0,215,2
T,19129,13861586,50,2124129,0,212,2
T,19130,13861606,50,2124129,0,253,2
T,19131,13861626,50,2124129,0,219,2
T,19132,13861646,50,2124129,0,242,2
T,19133,13861666,50,2124129,0,221,2
T,19134,13861686,50,2124129,0,233,2

[host] drv timeout 2000
drv timeout 2000
timeout 2000 ms, 2000 ms remaining
  any 'drv duty' kicks it; re-issuing this command kicks it too
> T,19135,13861706,50,2124129,0,210,2
T,19136,13861726,50,2124129,0,551,2
T,19137,13861746,50,2124129,0,237,2
T,19138,13861766,50,2124129,0,281,2
T,19139,13861786,50,2124129,0,240,2
T,19140,13861806,50,2124129,0,539,2
T,19141,13861826,50,2124129,0,392,2
T,19142,13861846,50,2124129,0,211,2
T,19143,13861866,50,2124129,0,402,2
T,19144,13861886,50,2124129,0,243,2
T,19145,13861906,50,2124129,0,238,2
T,19146,13861926,50,2124129,0,574,2
T,19147,13861946,50,2124129,0,215,2
T,19148,13861966,50,2124129,0,215,2
T,19149,13861986,50,2124129,0,248,2
T,19150,13862006,50,2124129,0,293,2
T,19151,13862026,50,2124129,0,217,2
T,19152,13862046,50,2124129,0,275,2
T,19153,13862066,50,2124129,0,284,2
T,19154,13862086,50,2124129,0,375,2
T,19155,13862106,50,2124129,0,243,2
T,19156,13862126,50,2124129,0,541,2
T,19157,13862146,50,2124129,0,253,2
T,19158,13862166,50,2124129,0,230,2
T,19159,13862186,50,2124129,0,230,2

[host] drv timeout 2000
drv timeout 2000T,19160,13862206,50,2124129,0,188,2

timeout 2000 ms, 2000 ms remaining
  any 'drv duty' kicks it; re-issuing this command kicks it too
> T,19161,13862226,50,2124129,0,366,2
T,19162,13862246,50,2124129,0,242,2
T,19163,13862266,50,2124129,0,235,2
T,19164,13862286,50,2124129,0,222,2
T,19165,13862306,50,2124129,0,299,2
T,19166,13862326,50,2124129,0,222,2
T,19167,13862346,50,2124129,0,281,2
T,19168,13862366,50,2124129,0,235,2
T,19169,13862386,50,2124129,0,253,2
T,19170,13862406,50,2124129,0,483,2
T,19171,13862426,50,2124129,0,219,2
T,19172,13862446,50,2124129,0,279,2
T,19173,13862466,50,2124129,0,264,2
T,19174,13862486,50,2124129,0,254,2
T,19175,13862506,50,2124129,0,242,2
T,19176,13862526,50,2124129,0,547,2
T,19177,13862546,50,2124129,0,246,2
T,19178,13862566,50,2124129,0,217,2
T,19179,13862586,50,2124129,0,214,2
T,19180,13862606,50,2124129,0,279,2
T,19181,13862626,50,2124129,0,225,2
T,19182,13862646,50,2124129,0,262,2
T,19183,13862666,50,2124129,0,401,2
T,19184,13862686,50,2124129,0,233,2

[host] drv timeout 2000
drv timeT,19185,13862706,50,2124129,0,342,2
out 2000
timeout 2000 ms, 2000 ms remaining
  any 'drv duty' kicks it; re-issuing this command kicks it too
> T,19186,13862726,50,2124129,0,551,2
T,19187,13862746,50,2124129,0,214,2
T,19188,13862766,50,2124129,0,240,2
T,19189,13862786,50,2124129,0,342,2
T,19190,13862806,50,2124129,0,461,2
T,19191,13862826,50,2124129,0,216,2
T,19192,13862846,50,2124129,0,241,2
T,19193,13862866,50,2124129,0,249,2
T,19194,13862886,50,2124129,0,570,2
T,19195,13862906,50,2124129,0,455,2
T,19196,13862926,50,2124129,0,235,2
T,19197,13862946,50,2124129,0,211,2
T,19198,13862966,50,2124129,0,245,2
T,19199,13862986,50,2124129,0,220,2
T,19200,13863006,50,2124129,0,229,2
T,19201,13863026,50,2124129,0,220,2
T,19202,13863046,50,2124129,0,235,2
T,19203,13863066,50,2124129,0,216,2
T,19204,13863086,50,2124129,0,210,2
T,19205,13863106,50,2124129,0,290,2
T,19206,13863126,50,2124129,0,225,2
T,19207,13863146,50,2124129,0,274,2
T,19208,13863166,50,2124129,0,215,2
T,19209,13863186,50,2124129,0,306,2

[host] drv timeout 2000
T,19210,13863206,50,2124129,0,215,2
drv timeout 2000
timeout 2000 ms, 2000 ms remaining
  any 'drv duty' kicks it; re-issuing this command kicks it too
> T,19211,13863226,50,2124129,0,240,2
T,19212,13863246,50,2124129,0,539,2
T,19213,13863266,50,2124129,0,363,2
T,19214,13863286,50,2124129,0,241,2
T,19215,13863306,50,2124129,0,386,2
T,19216,13863326,50,2124129,0,232,2
T,19217,13863346,50,2124129,0,230,2
T,19218,13863366,50,2124129,0,238,2
T,19219,13863386,50,2124129,0,268,2
T,19220,13863406,50,2124129,0,221,2
T,19221,13863426,50,2124129,0,251,2
T,19222,13863446,50,2124129,0,209,2
T,19223,13863466,50,2124129,0,212,2
T,19224,13863486,50,2124129,0,263,2
T,19225,13863506,50,2124129,0,217,2
T,19226,13863526,50,2124129,0,231,2
T,19227,13863546,50,2124129,0,283,2
T,19228,13863566,50,2124129,0,217,2
T,19229,13863586,50,2124129,0,253,2
T,19230,13863606,50,2124129,0,217,2
T,19231,13863626,50,2124129,0,264,2
T,19232,13863646,50,2124129,0,240,2
T,19233,13863666,50,2124129,0,219,2
T,19234,13863686,50,2124129,0,211,2

[host] drv timeout 2000
T,19235,13863706,50,2124129,0,254,2
drv timeout 2000
timeout 2000 ms, 2000 ms remaining
  any 'drv duty' kicks it; re-issuing this command kicks it too
> T,19236,13863726,50,2124129,0,398,2
T,19237,13863746,50,2124129,0,229,2
T,19238,13863766,50,2124129,0,270,2
T,19239,13863786,50,2124129,0,405,2
T,19240,13863806,50,2124129,0,568,2
T,19241,13863826,50,2124129,0,236,2
T,19242,13863846,50,2124129,0,243,2
T,19243,13863866,50,2124129,0,216,2
T,19244,13863886,50,2124129,0,209,2
T,19245,13863906,50,2124129,0,263,2
T,19246,13863926,50,2124129,0,217,2
T,19247,13863946,50,2124129,0,277,2
T,19248,13863966,50,2124129,0,232,2
T,19249,13863986,50,2124129,0,222,2
T,19250,13864006,50,2124129,0,225,2
T,19251,13864026,50,2124129,0,248,2
T,19252,13864046,50,2124129,0,210,2
T,19253,13864066,50,2124129,0,268,2
T,19254,13864086,50,2124129,0,216,2
T,19255,13864106,50,2124129,0,212,2
T,19256,13864126,50,2124129,0,262,2
T,19257,13864146,50,2124129,0,208,2
T,19258,13864166,50,2124129,0,236,2
T,19259,13864186,50,2124129,0,215,2

[host] drv timeout 2000
T,19260,13864206,50,2124129,0,224,2
drv timeout 2000
timeout 2000 ms, 2000 ms remaining
  any 'drv duty' kicks it; re-issuing this command kicks it too
> T,19261,13864226,50,2124129,0,232,2
T,19262,13864246,50,2124129,0,578,2
T,19263,13864266,50,2124129,0,405,2
T,19264,13864286,50,2124129,0,226,2
T,19265,13864306,50,2124129,0,230,2
T,19266,13864326,50,2124129,0,254,2
T,19267,13864346,50,2124129,0,211,2
T,19268,13864366,50,2124129,0,269,2
T,19269,13864386,50,2124129,0,246,2
T,19270,13864406,50,2124129,0,219,2
T,19271,13864426,50,2124129,0,214,2
T,19272,13864446,50,2124129,0,284,2
T,19273,13864466,50,2124129,0,300,2
T,19274,13864486,50,2124129,0,402,2
T,19275,13864506,50,2124129,0,240,2
T,19276,13864526,50,2124129,0,238,2
T,19277,13864546,50,2124129,0,430,2
T,19278,13864566,50,2124129,0,221,2
T,19279,13864586,50,2124129,0,305,2
T,19280,13864606,50,2124129,0,215,2
T,19281,13864626,50,2124129,0,209,2
T,19282,13864646,50,2124129,0,284,2
T,19283,13864666,50,2124129,0,221,2
T,19284,13864686,50,2124129,0,261,2
T,19285,13864706,50,2124129,0,22
[host] drv timeout 2000
1,2
drv timeout 2000
timeout 2000 ms, 2000 ms remaining
  any 'drv duty' kicks it; re-issuing this command kicks it too
> T,19286,13864726,50,2124129,0,466,2
T,19287,13864746,50,2124129,0,247,2
T,19288,13864766,50,2124129,0,290,2
T,19289,13864786,50,2124129,0,437,2
T,19290,13864806,50,2124129,0,220,2
T,19291,13864826,50,2124129,0,265,2
T,19292,13864846,50,2124129,0,215,2
T,19293,13864866,50,2124129,0,214,2
T,19294,13864886,50,2124129,0,215,2
T,19295,13864906,50,2124129,0,211,2
T,19296,13864926,50,2124129,0,257,2
T,19297,13864946,50,2124129,0,209,2
T,19298,13864966,50,2124129,0,219,2
T,19299,13864986,50,2124129,0,236,2
T,19300,13865006,50,2124129,0,224,2
T,19301,13865026,50,2124129,0,220,2
T,19302,13865046,50,2124129,0,299,2
T,19303,13865066,50,2124129,0,283,2
T,19304,13865086,50,2124129,0,219,2
T,19305,13865106,50,2124129,0,215,2
T,19306,13865126,50,2124129,0,230,2
T,19307,13865146,50,2124129,0,280,2
T,19308,13865166,50,2124129,0,224,2
T,19309,13865186,50,2124129,0,267,2
T,19310,13865206,50,2124129,0,25
[host] drv timeout 2000
1,2
drv timeout 2000
timeout 2000 ms, 2000 ms remaining
  any 'drv duty' kicks it; re-issuing this command kicks it too
> T,19311,13865226,50,2124129,0,247,2
T,19312,13865246,50,2124129,0,589,2
T,19313,13865266,50,2124129,0,408,2
T,19314,13865286,50,2124129,0,586,2
T,19315,13865306,50,2124129,0,478,2
T,19316,13865326,50,2124129,0,241,2
T,19317,13865346,50,2124129,0,212,2
T,19318,13865366,50,2124129,0,243,2
T,19319,13865386,50,2124129,0,217,2
T,19320,13865406,50,2124129,0,221,2
T,19321,13865426,50,2124129,0,243,2
T,19322,13865446,50,2124129,0,215,2
T,19323,13865466,50,2124129,0,216,2
T,19324,13865486,50,2124129,0,212,2
T,19325,13865506,50,2124129,0,259,2
T,19326,13865526,50,2124129,0,221,2
T,19327,13865546,50,2124129,0,283,2
T,19328,13865566,50,2124129,0,229,2
T,19329,13865586,50,2124129,0,281,2
T,19330,13865606,50,2124129,0,222,2
T,19331,13865626,50,2124129,0,246,2
T,19332,13865646,50,2124129,0,209,2
T,19333,13865666,50,2124129,0,219,2
T,19334,13865686,50,2124129,0,212,2
T,19335,13865706,50,2124129,0,29
[host] drv timeout 2000
4,2
drv timeout 2000
timeout 2000 ms, 2000 ms remaining
  any 'drv duty' kicks it; re-issuing this command kicks it too
> T,19336,13865726,50,2124129,0,360,2
T,19337,13865746,50,2124129,0,220,2
T,19338,13865766,50,2124129,0,248,2
T,19339,13865786,50,2124129,0,247,2
T,19340,13865806,50,2124129,0,606,2
T,19341,13865826,50,2124129,0,444,2
T,19342,13865846,50,2124129,0,281,2
T,19343,13865866,50,2124129,0,293,2
T,19344,13865886,50,2124129,0,220,2
T,19345,13865906,50,2124129,0,252,2
T,19346,13865926,50,2124129,0,215,2
T,19347,13865946,50,2124129,0,288,2
T,19348,13865966,50,2124129,0,359,2
T,19349,13865986,50,2124129,0,320,2
T,19350,13866006,50,2124129,0,237,2
T,19351,13866026,50,2124129,0,278,2
T,19352,13866046,50,2124129,0,288,2
T,19353,13866066,50,2124129,0,217,2
T,19354,13866086,50,2124129,0,278,2
T,19355,13866106,50,2124129,0,216,2
T,19356,13866126,50,2124129,0,212,2
T,19357,13866146,50,2124129,0,284,2
T,19358,13866166,50,2124129,0,217,2
T,19359,13866186,50,2124129,0,205,2
T,19360,13866206,50,2124129,0,21
[host] drv timeout 2000
0,2
drv timeout 2000
timeout 2000 ms, 2000 ms remaining
  any 'drv duty' kicks it; re-issuing this command kicks it too
> T,19361,13866226,50,2124129,0,288,2
T,19362,13866246,50,2124129,0,437,2
T,19363,13866266,50,2124129,0,307,2
T,19364,13866286,50,2124129,0,237,2
T,19365,13866306,50,2124129,0,315,2
T,19366,13866326,50,2124129,0,442,2
T,19367,13866346,50,2124129,0,212,2
T,19368,13866366,50,2124129,0,247,2
T,19369,13866386,50,2124129,0,221,2
T,19370,13866406,50,2124129,0,277,2
T,19371,13866426,50,2124129,0,215,2
T,19372,13866446,50,2124129,0,277,2
T,19373,13866466,50,2124129,0,348,2
T,19374,13866486,50,2124129,0,258,2
T,19375,13866506,50,2124129,0,241,2
T,19376,13866526,50,2124129,0,574,2
T,19377,13866546,50,2124129,0,249,2
T,19378,13866566,50,2124129,0,221,2
T,19379,13866586,50,2124129,0,286,2
T,19380,13866606,50,2124129,0,257,2
T,19381,13866626,50,2124129,0,230,2
T,19382,13866646,50,2124129,0,277,2
T,19383,13866666,50,2124129,0,248,2
T,19384,13866686,50,2124129,0,211,2
T,19385,13866706,50,2124129,0,243,2

[host] drv timeout 2000
drv timeout 2000
timeout 2000 ms, 2000 ms remaining
  any 'drv duty' kicks it; re-issuing this command kicks it too
> T,19386,13866726,50,2124129,0,238,2
T,19387,13866746,50,2124129,0,269,2
T,19388,13866766,50,2124129,0,240,2
T,19389,13866786,50,2124129,0,350,2
T,19390,13866806,50,2124129,0,412,2
T,19391,13866826,50,2124129,0,215,2
T,19392,13866846,50,2124129,0,277,2
T,19393,13866866,50,2124129,0,283,2
T,19394,13866886,50,2124129,0,295,2
T,19395,13866906,50,2124129,0,240,2
T,19396,13866926,50,2124129,0,267,2
T,19397,13866946,50,2124129,0,285,2
T,19398,13866966,50,2124129,0,215,2
T,19399,13866986,50,2124129,0,208,2
T,19400,13867006,50,2124129,0,262,2
T,19401,13867026,50,2124129,0,219,2
T,19402,13867046,50,2124129,0,289,2
T,19403,13867066,50,2124129,0,263,2
T,19404,13867086,50,2124129,0,289,2
T,19405,13867106,50,2124129,0,238,2
T,19406,13867126,50,2124129,0,610,2
T,19407,13867146,50,2124129,0,305,2
T,19408,13867166,50,2124129,0,254,2
T,19409,13867186,50,2124129,0,268,2
T,19410,13867206,50,2124129,0,214,2

[host] drv timeout 2000
drv timeout 2000
timeout 2000 ms, 2000 ms remaining
  any 'drv duty' kicks it; re-issuing this command kicks it too
> T,19411,13867226,50,2124129,0,212,2
T,19412,13867246,50,2124129,0,269,2
T,19413,13867266,50,2124129,0,242,2
T,19414,13867286,50,2124129,0,248,2
T,19415,13867306,50,2124129,0,588,2
T,19416,13867326,50,2124129,0,487,2
T,19417,13867346,50,2124129,0,261,2
T,19418,13867366,50,2124129,0,221,2
T,19419,13867386,50,2124129,0,245,2
T,19420,13867406,50,2124129,0,215,2
T,19421,13867426,50,2124129,0,296,2
T,19422,13867446,50,2124129,0,215,2
T,19423,13867466,50,2124129,0,208,2
T,19424,13867486,50,2124129,0,257,2
T,19425,13867506,50,2124129,0,212,2
T,19426,13867526,50,2124129,0,259,2
T,19427,13867546,50,2124129,0,268,2
T,19428,13867566,50,2124129,0,216,2
T,19429,13867586,50,2124129,0,254,2
T,19430,13867606,50,2124129,0,220,2
T,19431,13867626,50,2124129,0,293,2
T,19432,13867646,50,2124129,0,211,2
T,19433,13867666,50,2124129,0,232,2
T,19434,13867686,50,2124129,0,241,2
T,19435,13867706,50,2124129,0,269,2

[host] drv timeout 2000
drv timeout 2000
timeout 2000 ms, 2000 ms remaining
  any 'drv duty' kicks it; re-issuing this command kicks it too
> T,19436,13867726,50,2124129,0,432,2
T,19437,13867746,50,2124129,0,380,2
T,19438,13867766,50,2124129,0,261,2
T,19439,13867786,50,2124129,0,220,2
T,19440,13867806,50,2124129,0,225,2
T,19441,13867826,50,2124129,0,216,2
T,19442,13867846,50,2124129,0,288,2
T,19443,13867866,50,2124129,0,337,2
T,19444,13867886,50,2124129,0,313,2
T,19445,13867906,50,2124129,0,241,2
T,19446,13867926,50,2124129,0,265,2
T,19447,13867946,50,2124129,0,256,2
T,19448,13867966,50,2124129,0,222,2
T,19449,13867986,50,2124129,0,240,2
T,19450,13868006,50,2124129,0,222,2
T,19451,13868026,50,2124129,0,295,2
T,19452,13868046,50,2124129,0,210,2
T,19453,13868066,50,2124129,0,226,2
T,19454,13868086,50,2124129,0,221,2
T,19455,13868106,50,2124129,0,254,2
T,19456,13868126,50,2124129,0,217,2
T,19457,13868146,50,2124129,0,289,2
T,19458,13868166,50,2124129,0,358,2
T,19459,13868186,50,2124129,0,297,2
T,19460,13868206,50,2124129,0,242,2

[host] drv timeout 2000
drv timeout 2000
timeout 2000 ms, 2000 ms remaining
  any 'drv duty' kicks it; re-issuing this command kicks it too
> T,19461,13868226,50,2124129,0,397,2
T,19462,13868246,50,2124129,0,241,2
T,19463,13868266,50,2124129,0,294,2
T,19464,13868286,50,2124129,0,235,2
T,19465,13868306,50,2124129,0,296,2
T,19466,13868326,50,2124129,0,451,2
T,19467,13868346,50,2124129,0,291,2
T,19468,13868366,50,2124129,0,212,2
T,19469,13868386,50,2124129,0,217,2
T,19470,13868406,50,2124129,0,230,2
T,19471,13868426,50,2124129,0,248,2
T,19472,13868446,50,2124129,0,214,2
T,19473,13868466,50,2124129,0,253,2
T,19474,13868486,50,2124129,0,225,2
T,19475,13868506,50,2124129,0,216,2
T,19476,13868526,50,2124129,0,215,2
T,19477,13868546,50,2124129,0,262,2
T,19478,13868566,50,2124129,0,215,2
T,19479,13868586,50,2124129,0,212,2
T,19480,13868606,50,2124129,0,248,2
T,19481,13868626,50,2124129,0,221,2
T,19482,13868646,50,2124129,0,251,2
T,19483,13868666,50,2124129,0,217,2
T,19484,13868686,50,2124129,0,210,2
T,19485,13868706,50,2124129,0,243,2

[host] drv timeout 2000
drv timeout 2000
timeout 2000 ms, 2000 ms remaining
  any 'drv duty' kicks it; re-issuing this command kicks it too
> T,19486,13868726,50,2124129,0,237,2
T,19487,13868746,50,2124129,0,227,2
T,19488,13868766,50,2124129,0,259,2
T,19489,13868786,50,2124129,0,248,2
T,19490,13868806,50,2124129,0,265,2
T,19491,13868826,50,2124129,0,486,2
T,19492,13868846,50,2124129,0,264,2
T,19493,13868866,50,2124129,0,224,2
T,19494,13868886,50,2124129,0,210,2
T,19495,13868906,50,2124129,0,272,2
T,19496,13868926,50,2124129,0,217,2
T,19497,13868946,50,2124129,0,273,2
T,19498,13868966,50,2124129,0,348,2
T,19499,13868986,50,2124129,0,262,2
T,19500,13869006,50,2124129,0,238,2
T,19501,13869026,50,2124129,0,374,2
T,19502,13869046,50,2124129,0,226,2
T,19503,13869066,50,2124129,0,246,2
T,19504,13869086,50,2124129,0,216,2
T,19505,13869106,50,2124129,0,212,2
T,19506,13869126,50,2124129,0,249,2
T,19507,13869146,50,2124129,0,273,2
T,19508,13869166,50,2124129,0,219,2
T,19509,13869186,50,2124129,0,259,2
T,19510,13869206,50,2124129,0,215,2

[host] drv timeout 2000
drv timeout 2000
timeout 2000 ms, 2000 ms remaining
  any 'drv duty' kicks it; re-issuing this command kicks it too
> T,19511,13869226,50,2124129,0,238,2
T,19512,13869246,50,2124129,0,212,2
T,19513,13869266,50,2124129,0,246,2
T,19514,13869286,50,2124129,0,312,2
T,19515,13869306,50,2124129,0,613,2
T,19516,13869326,50,2124129,0,422,2
T,19517,13869346,50,2124129,0,212,2
T,19518,13869366,50,2124129,0,277,2
T,19519,13869386,50,2124129,0,225,2
T,19520,13869406,50,2124129,0,217,2
T,19521,13869426,50,2124129,0,212,2
T,19522,13869446,50,2124129,0,263,2
T,19523,13869466,50,2124129,0,219,2
T,19524,13869486,50,2124129,0,249,2
T,19525,13869506,50,2124129,0,221,2
T,19526,13869526,50,2124129,0,275,2
T,19527,13869546,50,2124129,0,209,2
T,19528,13869566,50,2124129,0,270,2
T,19529,13869586,50,2124129,0,217,2
T,19530,13869606,50,2124129,0,209,2
T,19531,13869626,50,2124129,0,251,2
T,19532,13869646,50,2124129,0,211,2
T,19533,13869666,50,2124129,0,241,2
T,19534,13869686,50,2124129,0,215,2
T,19535,13869706,50,2124129,0,208,2

[host] drv timeout 2000
drv timeout 2000
timeout 2000 ms, 2000 ms remaining
  any 'drv duty' kicks it; re-issuing this command kicks it too
> T,19536,13869726,50,2124129,0,401,2
T,19537,13869746,50,2124129,0,577,2
T,19538,13869766,50,2124129,0,310,2
T,19539,13869786,50,2124129,0,243,2
T,19540,13869806,50,2124129,0,344,2
T,19541,13869826,50,2124129,0,540,2
T,19542,13869846,50,2124129,0,283,2
T,19543,13869866,50,2124129,0,238,2
T,19544,13869886,50,2124129,0,221,2
T,19545,13869906,50,2124129,0,257,2
T,19546,13869926,50,2124129,0,219,2
T,19547,13869946,50,2124129,0,269,2
T,19548,13869966,50,2124129,0,297,2
T,19549,13869986,50,2124129,0,270,2
T,19550,13870006,50,2124129,0,217,2
T,19551,13870026,50,2124129,0,212,2
T,19552,13870046,50,2124129,0,273,2
T,19553,13870066,50,2124129,0,221,2
T,19554,13870086,50,2124129,0,243,2
T,19555,13870106,50,2124129,0,220,2
T,19556,13870126,50,2124129,0,275,2
T,19557,13870146,50,2124129,0,229,2
T,19558,13870166,50,2124129,0,215,2
T,19559,13870186,50,2124129,0,211,2
T,19560,13870206,50,2124129,0,281,2

[host] drv timeout 2000
drv timeout 2000
timeout 2000 ms, 2000 ms remaining
  any 'drv duty' kicks it; re-issuing this command kicks it too
> T,19561,13870226,50,2124129,0,231,2
T,19562,13870246,50,2124129,0,243,2
T,19563,13870266,50,2124129,0,257,2
T,19564,13870286,50,2124129,0,238,2
T,19565,13870306,50,2124129,0,573,2
T,19566,13870326,50,2124129,0,424,2
T,19567,13870346,50,2124129,0,210,2
T,19568,13870366,50,2124129,0,243,2
T,19569,13870386,50,2124129,0,221,2
T,19570,13870406,50,2124129,0,268,2
T,19571,13870426,50,2124129,0,216,2
T,19572,13870446,50,2124129,0,278,2
T,19573,13870466,50,2124129,0,216,2
T,19574,13870486,50,2124129,0,216,2
T,19575,13870506,50,2124129,0,210,2
T,19576,13870526,50,2124129,0,283,2
T,19577,13870546,50,2124129,0,212,2
T,19578,13870566,50,2124129,0,229,2
T,19579,13870586,50,2124129,0,216,2
T,19580,13870606,50,2124129,0,211,2
T,19581,13870626,50,2124129,0,280,2
T,19582,13870646,50,2124129,0,267,2
T,19583,13870666,50,2124129,0,289,2
T,19584,13870686,50,2124129,0,219,2
T,19585,13870706,50,2124129,0,264,2

[host] drv timeout 2000
drv timeout 2000
timeout 2000 ms, 2000 ms remaining
  any 'drv duty' kicks it; re-issuing this command kicks it too
> T,19586,13870726,50,2124129,0,307,2
T,19587,13870746,50,2124129,0,401,2
T,19588,13870766,50,2124129,0,217,2
T,19589,13870786,50,2124129,0,279,2
T,19590,13870806,50,2124129,0,210,2
T,19591,13870826,50,2124129,0,238,2
T,19592,13870846,50,2124129,0,210,2
T,19593,13870866,50,2124129,0,269,2
T,19594,13870886,50,2124129,0,217,2
T,19595,13870906,50,2124129,0,210,2
T,19596,13870926,50,2124129,0,274,2
T,19597,13870946,50,2124129,0,206,2
T,19598,13870966,50,2124129,0,209,2
T,19599,13870986,50,2124129,0,210,2
T,19600,13871006,50,2124129,0,279,2
T,19601,13871026,50,2124129,0,226,2
T,19602,13871046,50,2124129,0,221,2
T,19603,13871066,50,2124129,0,237,2
T,19604,13871086,50,2124129,0,237,2
T,19605,13871106,50,2124129,0,217,2
T,19606,13871126,50,2124129,0,208,2
T,19607,13871146,50,2124129,0,274,2
T,19608,13871166,50,2124129,0,263,2
T,19609,13871186,50,2124129,0,258,2
T,19610,13871206,50,2124129,0,409,2

[host] drv timeout 2000
drv timeout 2000
timeout 2000 ms, 2000 ms remaining
  any 'drv duty' kicks it; re-issuing this command kicks it too
> T,19611,13871226,50,2124129,0,222,2
T,19612,13871246,50,2124129,0,560,2
T,19613,13871266,50,2124129,0,311,2
T,19614,13871286,50,2124129,0,242,2
T,19615,13871306,50,2124129,0,364,2
T,19616,13871326,50,2124129,0,595,2
T,19617,13871346,50,2124129,0,237,2
T,19618,13871366,50,2124129,0,221,2
T,19619,13871386,50,2124129,0,227,2
T,19620,13871406,50,2124129,0,245,2
T,19621,13871426,50,2124129,0,295,2
T,19622,13871446,50,2124129,0,212,2
T,19623,13871466,50,2124129,0,241,2
T,19624,13871486,50,2124129,0,220,2
T,19625,13871506,50,2124129,0,286,2
T,19626,13871526,50,2124129,0,215,2
T,19627,13871546,50,2124129,0,272,2
T,19628,13871566,50,2124129,0,252,2
T,19629,13871586,50,2124129,0,300,2
T,19630,13871606,50,2124129,0,245,2
T,19631,13871626,50,2124129,0,306,2
T,19632,13871646,50,2124129,0,279,2
T,19633,13871666,50,2124129,0,216,2
T,19634,13871686,50,2124129,0,261,2
T,19635,13871706,50,2124129,0,241,2

[host] drv timeout 2000
drv timeout 2000
timeout 2000 ms, 2000 ms remaining
  any 'drv duty' kicks it; re-issuing this command kicks it too
> T,19636,13871726,50,2124129,0,613,2
T,19637,13871746,50,2124129,0,630,2
T,19638,13871766,50,2124129,0,403,2
T,19639,13871786,50,2124129,0,238,2
T,19640,13871806,50,2124129,0,227,2
T,19641,13871826,50,2124129,0,597,2
T,19642,13871846,50,2124129,0,241,2
T,19643,13871866,50,2124129,0,217,2
T,19644,13871886,50,2124129,0,225,2
T,19645,13871906,50,2124129,0,220,2
T,19646,13871926,50,2124129,0,240,2
T,19647,13871946,50,2124129,0,208,2
T,19648,13871966,50,2124129,0,268,2
T,19649,13871986,50,2124129,0,217,2
T,19650,13872006,50,2124129,0,297,2
T,19651,13872026,50,2124129,0,217,2
T,19652,13872046,50,2124129,0,216,2
T,19653,13872066,50,2124129,0,217,2
T,19654,13872086,50,2124129,0,225,2
T,19655,13872106,50,2124129,0,215,2
T,19656,13872126,50,2124129,0,238,2
T,19657,13872146,50,2124129,0,210,2
T,19658,13872166,50,2124129,0,233,2
T,19659,13872186,50,2124129,0,269,2
T,19660,13872206,50,2124129,0,347,2

[host] drv timeout 2000
drv timeout 200T,19661,13872226,50,2124129,0,333,2
0
timeout 2000 ms, 2000 ms remaining
  any 'drv duty' kicks it; re-issuing this command kicks it too
> T,19662,13872246,50,2124129,0,556,2
T,19663,13872266,50,2124129,0,400,2
T,19664,13872286,50,2124129,0,320,2
T,19665,13872306,50,2124129,0,242,2
T,19666,13872326,50,2124129,0,241,2
T,19667,13872346,50,2124129,0,232,2
T,19668,13872366,50,2124129,0,242,2
T,19669,13872386,50,2124129,0,217,2
T,19670,13872406,50,2124129,0,210,2
T,19671,13872426,50,2124129,0,275,2
T,19672,13872446,50,2124129,0,206,2
T,19673,13872466,50,2124129,0,212,2
T,19674,13872486,50,2124129,0,284,2
T,19675,13872506,50,2124129,0,215,2
T,19676,13872526,50,2124129,0,215,2
T,19677,13872546,50,2124129,0,220,2
T,19678,13872566,50,2124129,0,231,2
T,19679,13872586,50,2124129,0,229,2
T,19680,13872606,50,2124129,0,245,2
T,19681,13872626,50,2124129,0,237,2
T,19682,13872646,50,2124129,0,256,2
T,19683,13872666,50,2124129,0,247,2
T,19684,13872686,50,2124129,0,275,2
T,19685,13872706,50,2124129,0,238,2

[host] drv timeout 2000
T,19686,13872726,50,2124129,0,285,2
drv timeout 2000
timeout 2000 ms, 2000 ms remaining
  any 'drv duty' kicks it; re-issuing this command kicks it too
> T,19687,13872746,50,2124129,0,237,2
T,19688,13872766,50,2124129,0,232,2
T,19689,13872786,50,2124129,0,227,2
T,19690,13872806,50,2124129,0,219,2
T,19691,13872826,50,2124129,0,219,2
T,19692,13872846,50,2124129,0,212,2
T,19693,13872866,50,2124129,0,248,2
T,19694,13872886,50,2124129,0,251,2
T,19695,13872906,50,2124129,0,219,2
T,19696,13872926,50,2124129,0,216,2
T,19697,13872946,50,2124129,0,283,2
T,19698,13872966,50,2124129,0,306,2
T,19699,13872986,50,2124129,0,348,2
T,19700,13873006,50,2124129,0,240,2
T,19701,13873026,50,2124129,0,328,2
T,19702,13873046,50,2124129,0,237,2
T,19703,13873066,50,2124129,0,214,2
T,19704,13873086,50,2124129,0,211,2
T,19705,13873106,50,2124129,0,225,2
T,19706,13873126,50,2124129,0,216,2
T,19707,13873146,50,2124129,0,232,2
T,19708,13873166,50,2124129,0,242,2
T,19709,13873186,50,2124129,0,321,2
T,19710,13873206,50,2124129,0,611,2

[host] drv timeout 2000
T,19711,13873226,50,2124129,0,427,2
drv timeout 2000
timeout 2000 ms, 2000 ms remaining
  any 'drv duty' kicks it; re-issuing this command kicks it too
> T,19712,13873246,50,2124129,0,220,2
T,19713,13873266,50,2124129,0,243,2
T,19714,13873286,50,2124129,0,398,2
T,19715,13873306,50,2124129,0,238,2
T,19716,13873326,50,2124129,0,257,2
T,19717,13873346,50,2124129,0,416,2
T,19718,13873366,50,2124129,0,220,2
T,19719,13873386,50,2124129,0,280,2
T,19720,13873406,50,2124129,0,219,2
T,19721,13873426,50,2124129,0,247,2
T,19722,13873446,50,2124129,0,210,2
T,19723,13873466,50,2124129,0,216,2
T,19724,13873486,50,2124129,0,265,2
T,19725,13873506,50,2124129,0,219,2
T,19726,13873526,50,2124129,0,262,2
T,19727,13873546,50,2124129,0,206,2
T,19728,13873566,50,2124129,0,216,2
T,19729,13873586,50,2124129,0,211,2
T,19730,13873606,50,2124129,0,254,2
T,19731,13873626,50,2124129,0,217,2
T,19732,13873646,50,2124129,0,252,2

[host] drv duty 5
drv duty 5
duty +5%
> T,19733,
[host] drv duty 4
13873666,50,2124129,0,344,2
drv duty 4
duty +4%
> T,19734,13873686,40,2124129,0,167,2
T,19735,13873706,40,2124129,0,476,2
T,19736,13873726,40,2124129,0,490,2
T,19737,13873746,40,2124129,0,208,2
T,19738,13873766,40,2124129,0,164,2
T,19739,13873786,40,2124129,0,164,2
T,19740,13873806,40,2124129,0,470,2
T,19741,13873826,40,2124129,0,306,2
T,19742,13873846,40,2124129,0,358,2
T,19743,13873866,40,2124129,0,307,2

[host] drv duty 3
drv duty 3
duty +3%
> T,19744,13873886,30,2124129,0,172,2
T,19745,13873906,30,2124129,0,146,2
T,19746,13873926,30,2124128,0,98,2
T,19747,13873946,30,2124128,-71,105,2
T,19748,13873966,30,2124128,-71,129,2
T,19749,13873986,30,2124128,-71,309,2
T,19750,13874006,30,2124128,-71,162,2
T,19751,13874026,30,2124128,-71,145,2
T,19752,13874046,30,2124128,0,225,2
T,19753,13874066,30,2124128,0,134,2

[host] drv duty 2
drv dutyT,19754,13874086,30,2124128,0,284,2
 2
duty +2%
> T,19755,13874106,20,2124128,0,81,2
T,19756,13874126,20,2124128,0,99,2
T,19757,13874146,20,2124127,-71,309,2
T,19758,13874166,20,2124127,-71,107,2
T,19759,13874186,20,2124127,-71,141,2
T,19760,13874206,20,2124127,-71,100,2
T,19761,13874226,20,2124127,-71,310,2
T,19762,13874246,20,2124127,0,104,2
T,19763,13874266,20,2124127,0,110,2
T,19764,13874286,20,2124127,0,110,2

[host] drv duty 1
drv duty 1
duty +1%
> T,19765,13874306,10,2124127,0,11,2
T,19766,13874326,10,2124127,0,13,2
T,19767,13874346,10,2124126,-71,9,2
T,19768,13874366,10,2124126,-71,9,2
T,19769,13874386,10,2124126,-71,12,2
T,19770,13874406,10,2124126,-71,11,2
T,19771,13874426,10,2124126,-71,12,2
T,19772,13874446,10,2124126,0,13,2
T,19773,13874466,10,2124126,0,11,2
T,19774,13874486,10,2124126,0,13,2

[host] drv duty 0
drv duty 0
duty +0%
> T,19775,13874506,0,2124126,0,9,2
T,19776,13874526,0,2124126,0,11,2
T,19777,13874546,0,2124126,0,13,2
T,19778,13874566,0,2124126,0,12,2
T,19779,13874586,0,2124126,0,12,2
T,19780,13874606,0,2124126,0,9,2
T,19781,13874626,0,2124126,0,12,2
T,19782,13874646,0,2124126,0,11,2
T,19783,13874666,0,2124126,0,9,2
T,19784,13874686,0,2124126,0,13,2

[host] drv duty 0
T,19785,13874706,0,2124126,0,8,2
drv duty 0
duty +0%
> 
[host] telem off
telem off
telem off - 19786 lines sent
> 
[host] drv duty 0
drv duty 0
duty +0%
> 
[host] drv coast
drv coast
both inputs low - coast
> 
[host] drv disable
drv disable
duty 0, nSLEEP low - driver disabled
> 
[host] telem off
telem off
telem off - 19786 lines sent
> 
[host] stats
stats
uart tx   : 2656598 bytes, 0 dropped
uart rx   : 43132 bytes, high-water 10, 0 overruns, 3 errors
can  tx   : 0 frames, 0 dropped (no free mailbox)
can  rx   : 0 frames, 0 FIFO-full, 0 overrun events
> 