host_s,seq,board_ms,duty_permille,count,mrpm,ma,flags
0.3168,0,13478125,0,1550967,0,14,18
0.4118,1,13478224,0,1550967,0,13,18
0.5112,2,13478324,0,1550967,0,13,18
0.6110,3,13478424,0,1550967,0,12,18
0.7122,4,13478524,0,1550967,0,12,18
0.8118,5,13478624,0,1550967,0,11,18
0.9119,6,13478724,0,1550967,0,12,18
1.0112,7,13478824,0,1550967,0,12,18
1.1112,8,13478924,0,1550967,0,11,18
1.1978,0,13479007,0,1550967,0,12,2
1.2148,1,13479026,120,1550967,0,572,2
1.2370,2,13479046,120,1550972,214,357,2
1.2561,3,13479066,120,1550983,214,247,2
1.2755,4,13479086,120,1550996,214,169,2
1.2948,5,13479106,120,1551012,214,153,2
1.3157,6,13479126,120,1551028,214,180,2
1.3357,7,13479146,120,1551046,5069,164,2
1.3550,8,13479166,120,1551065,5069,182,2
1.3765,9,13479186,120,1551084,5069,230,2
1.3959,10,13479206,120,1551104,5069,169,2
1.4147,11,13479226,120,1551124,5069,86,2
1.4372,12,13479246,120,1551144,6997,76,2
1.4551,13,13479266,120,1551164,6997,177,2
1.4763,14,13479286,120,1551183,6997,231,2
1.4958,15,13479306,120,1551201,6997,145,2
1.5169,16,13479326,120,1551219,6997,150,2
1.5363,17,13479346,120,1551237,6640,168,2
1.5558,18,13479366,120,1551256,6640,180,2
1.5749,19,13479386,120,1551275,6640,146,2
1.5962,20,13479406,120,1551293,6640,155,2
1.6155,21,13479426,120,1551311,6640,161,2
1.6352,22,13479446,120,1551329,6568,98,2
1.6548,23,13479466,120,1551349,6568,88,2
1.6760,24,13479486,120,1551368,6568,109,2
1.6953,25,13479506,120,1551389,6568,118,2
1.7210,26,13479526,120,1551410,6568,87,2
1.7362,27,13479546,120,1551432,7211,148,2
1.7555,28,13479566,120,1551453,7211,114,2
1.7747,29,13479586,120,1551475,7211,65,2
1.7960,30,13479606,120,1551496,7211,81,2
1.8149,31,13479626,120,1551516,7211,167,2
1.8365,32,13479646,120,1551532,7354,208,2
1.8559,33,13479666,120,1551546,7354,252,2
1.8749,34,13479686,120,1551559,7354,258,2
1.8961,35,13479706,120,1551572,7354,178,2
1.9149,36,13479726,120,1551585,7354,280,2
1.9371,37,13479746,120,1551599,4783,274,2
1.9564,38,13479766,120,1551612,4783,411,2
1.9757,39,13479786,120,1551626,4783,156,2
1.9955,40,13479806,120,1551640,4783,332,2
2.0168,41,13479826,120,1551656,4783,208,2
2.0364,42,13479846,120,1551672,5140,267,2
2.0560,43,13479866,120,1551690,5140,89,2
2.0751,44,13479886,120,1551709,5140,115,2
2.0969,45,13479906,120,1551728,5140,134,2
2.1165,46,13479926,120,1551749,5140,147,2
2.1365,47,13479946,120,1551769,6854,211,2
2.1559,48,13479966,120,1551791,6854,201,2
2.1759,49,13479986,120,1551812,6854,146,2
2.1952,50,13480006,120,1551834,6854,203,2
2.2156,51,13480026,130,1551856,6854,238,2
2.2350,52,13480046,130,1551877,7711,166,2
2.2548,53,13480066,130,1551897,7711,413,2
2.2760,54,13480086,130,1551917,7711,387,2
2.2955,55,13480106,130,1551938,7711,329,2
2.3166,56,13480126,130,1551957,7711,318,2
2.3363,57,13480146,130,1551978,7211,305,2
2.3557,58,13480166,130,1551999,7211,256,2
2.3747,59,13480186,130,1552020,7211,295,2
2.3961,60,13480206,130,1552043,7211,261,2
2.4154,61,13480226,130,1552065,7211,275,2
2.4370,62,13480246,140,1552089,7854,216,2
2.4562,63,13480266,140,1552113,7854,115,2
2.4755,64,13480286,140,1552138,7854,215,2
2.4968,65,13480306,140,1552164,7854,208,2
2.5160,66,13480326,140,1552189,7854,221,2
2.5355,67,13480346,140,1552213,8853,104,2
2.5568,68,13480366,140,1552233,8853,237,2
2.5763,69,13480386,140,1552249,8853,338,2
2.5956,70,13480406,140,1552264,8853,416,2
2.6166,71,13480426,140,1552279,8853,291,2
2.6353,72,13480446,150,1552295,5997,482,3
2.6568,73,13480466,150,1552313,5997,462,3
2.6763,74,13480486,150,1552332,5997,469,3
2.6962,75,13480506,150,1552352,5997,361,3
2.7151,76,13480526,150,1552374,5997,354,3
2.7369,77,13480546,150,1552397,7140,344,3
2.7564,78,13480566,150,1552423,7140,307,3
2.7760,79,13480586,150,1552448,7140,262,3
2.7957,80,13480606,150,1552475,7140,294,3
2.8151,81,13480626,150,1552503,7140,253,3
2.8369,82,13480646,160,1552530,9424,270,3
2.8563,83,13480666,160,1552557,9424,384,3
2.8759,84,13480686,160,1552584,9424,246,3
2.8951,85,13480706,160,1552611,9424,359,3
2.9162,86,13480726,160,1552638,9424,245,3
2.9357,87,13480746,160,1552664,9567,424,3
2.9550,88,13480766,160,1552692,9567,247,3
2.9762,89,13480786,160,1552720,9567,248,3
2.9958,90,13480806,160,1552749,9567,301,3
3.0155,91,13480826,160,1552780,9567,217,3
3.0376,92,13480846,160,1552811,10353,220,3
3.0550,93,13480866,170,1552841,10353,208,3
3.0767,94,13480886,170,1552871,10353,290,3
3.0967,95,13480906,170,1552900,10353,339,3
3.1160,96,13480926,170,1552929,10353,315,3
3.1354,97,13480946,170,1552952,10281,365,3
3.1569,98,13480966,170,1552974,10281,464,3
3.1763,99,13480986,170,1552996,10281,382,3
3.1961,100,13481006,170,1553020,10281,361,3
3.2162,101,13481026,170,1553045,10281,304,3
3.2359,102,13481046,170,1553072,8496,311,3
3.2557,103,13481066,180,1553100,8496,361,3
3.2769,104,13481086,180,1553130,8496,265,3
3.2962,105,13481106,180,1553161,8496,198,3
3.3152,106,13481126,180,1553193,8496,221,3
3.3365,107,13481146,180,1553227,10924,241,3
3.3561,108,13481166,180,1553261,10924,311,3
3.3755,109,13481186,180,1553295,10924,208,3
3.3970,110,13481206,180,1553328,10924,238,3
3.4161,111,13481226,180,1553360,10924,192,3
3.4359,112,13481246,180,1553392,11781,208,3
3.4571,113,13481266,190,1553425,11781,224,3
3.4765,114,13481286,190,1553460,11781,152,3
3.4958,115,13481306,190,1553496,11781,363,3
3.5168,116,13481326,190,1553532,11781,201,3
3.5360,117,13481346,190,1553569,12566,196,3
3.5560,118,13481366,190,1553604,12566,360,3
3.5758,119,13481386,190,1553636,12566,320,3
3.5957,120,13481406,190,1553664,12566,341,3
3.6169,121,13481426,190,1553691,12566,392,3
3.6367,122,13481446,190,1553719,10924,327,3
3.6568,123,13481466,190,1553749,10924,313,3
3.6762,124,13481486,200,1553780,10924,281,3
3.6957,125,13481506,200,1553813,10924,313,3
3.7152,126,13481526,200,1553849,10924,293,3
3.7373,127,13481546,200,1553885,11638,246,3
3.7566,128,13481566,200,1553921,11638,318,3
3.7758,129,13481586,200,1553957,11638,252,3
3.7972,130,13481606,200,1553995,11638,235,3
3.8160,131,13481626,200,1554032,11638,231,3
3.8355,132,13481646,200,1554069,13137,253,3
3.8570,133,13481666,200,1554108,13137,237,3
3.8763,134,13481686,210,1554147,13137,242,3
3.8957,135,13481706,210,1554187,13137,161,3
3.9169,136,13481726,210,1554228,13137,142,3
3.9366,137,13481746,210,1554270,14208,161,3
3.9561,138,13481766,210,1554311,14208,214,3
3.9752,139,13481786,210,1554348,14208,408,3
3.9965,140,13481806,210,1554381,14208,433,3
4.0154,141,13481826,210,1554416,14208,336,3
4.0372,142,13481846,210,1554451,13066,261,3
4.0565,143,13481866,210,1554487,13066,272,3
4.0765,144,13481886,220,1554524,13066,328,3
4.0960,145,13481906,220,1554563,13066,417,3
4.1152,146,13481926,220,1554604,13066,291,3
4.1371,147,13481946,220,1554645,13709,254,3
4.1566,148,13481966,220,1554687,13709,206,3
4.1757,149,13481986,220,1554729,13709,225,3
4.1971,150,13482006,220,1554771,13709,192,3
4.2163,151,13482026,220,1554813,13709,188,3
4.2359,152,13482046,220,1554856,15065,164,3
4.2556,153,13482066,220,1554900,15065,189,3
4.2771,154,13482086,220,1554944,15065,180,3
4.2963,155,13482106,230,1554988,15065,306,3
4.3157,156,13482126,230,1555032,15065,481,3
4.3375,157,13482146,230,1555068,15351,389,3
4.3570,158,13482166,230,1555104,15351,348,3
4.3761,159,13482186,230,1555142,15351,333,3
4.3954,160,13482206,230,1555183,15351,361,3
4.4163,161,13482226,230,1555225,15351,358,3
4.4358,162,13482246,230,1555269,14137,280,3
4.4557,163,13482266,230,1555313,14137,192,3
4.4768,164,13482286,230,1555359,14137,195,3
4.4960,165,13482306,240,1555405,14137,317,3
4.5169,166,13482326,240,1555448,14137,278,3
4.5363,167,13482346,240,1555492,15922,301,3
4.5565,168,13482366,240,1555536,15922,221,3
4.5761,169,13482386,240,1555583,15922,210,3
4.5953,170,13482406,240,1555629,15922,369,3
4.6163,171,13482426,240,1555677,15922,189,3
4.6355,172,13482446,240,1555725,16565,297,3
4.6571,173,13482466,240,1555767,16565,354,3
4.6764,174,13482486,240,1555806,16565,370,3
4.6957,175,13482506,240,1555847,16565,306,3
4.7167,176,13482526,250,1555890,16565,293,3
4.7363,177,13482546,250,1555936,15065,263,3
4.7559,178,13482566,250,1555983,15065,229,3
4.7771,179,13482586,250,1556032,15065,249,3
4.7966,180,13482606,250,1556081,15065,210,3
4.8156,181,13482626,250,1556130,15065,353,3
4.8372,182,13482646,250,1556176,17207,246,3
4.8571,183,13482666,250,1556223,17207,240,3
4.8763,184,13482686,250,1556271,17207,283,3
4.8954,185,13482706,250,1556320,17207,212,3
4.9170,186,13482726,260,1556369,17207,226,3
4.9364,187,13482746,260,1556420,17279,345,3
4.9560,188,13482766,260,1556467,17279,344,3
4.9753,189,13482786,260,1556508,17279,475,3
4.9966,190,13482806,260,1556552,17279,322,3
5.0157,191,13482826,260,1556598,17279,349,3
5.0357,192,13482846,260,1556647,16208,273,3
5.0554,193,13482866,260,1556697,16208,313,3
5.0767,194,13482886,260,1556749,16208,294,3
5.0962,195,13482906,260,1556799,16208,259,3
5.1154,196,13482926,270,1556846,16208,449,3
5.1369,197,13482946,270,1556895,17707,296,3
5.1567,198,13482966,270,1556946,17707,233,3
5.1764,199,13482986,270,1556999,17707,245,3
5.1962,200,13483006,270,1557051,17707,315,3
5.2156,201,13483026,270,1557103,17707,279,3
5.2374,202,13483046,270,1557155,18564,343,3
5.2570,203,13483066,270,1557203,18564,349,3
5.2765,204,13483086,270,1557249,18564,411,3
5.2957,205,13483106,270,1557297,18564,310,3
5.3168,206,13483126,270,1557348,18564,267,3
5.3366,207,13483146,280,1557400,17421,363,3
5.3563,208,13483166,280,1557455,17421,155,3
5.3756,209,13483186,280,1557509,17421,222,3
5.3952,210,13483206,280,1557563,17421,305,3
5.4161,211,13483226,280,1557614,17421,440,3
5.4356,212,13483246,280,1557664,18921,311,3
5.4552,213,13483266,280,1557716,18921,317,3
5.4767,214,13483286,280,1557770,18921,235,3
5.4958,215,13483306,280,1557825,18921,386,3
5.5152,216,13483326,280,1557875,18921,373,3
5.5357,217,13483346,290,1557920,18421,458,3
5.5551,218,13483366,290,1557968,18421,347,3
5.5763,219,13483386,290,1558019,18421,435,3
5.5956,220,13483406,290,1558073,18421,349,3
5.6167,221,13483426,290,1558129,18421,229,3
5.6364,222,13483446,290,1558187,18707,318,3
5.6558,223,13483466,290,1558243,18707,279,3
5.6771,224,13483486,290,1558297,18707,343,3
5.6964,225,13483506,290,1558353,18707,227,3
5.7153,226,13483526,290,1558410,18707,211,3
5.7371,227,13483546,290,1558468,20063,281,3
5.7569,228,13483566,290,1558526,20063,205,3
5.7764,229,13483586,290,1558582,20063,360,3
5.7957,230,13483606,290,1558631,20063,425,3
5.8167,231,13483626,290,1558681,20063,418,3
5.8366,232,13483646,290,1558735,19135,232,3
5.8559,233,13483666,290,1558791,19135,212,3
5.8755,234,13483686,290,1558849,19135,369,3
5.8970,235,13483706,290,1558907,19135,286,3
5.9162,236,13483726,290,1558962,19135,248,3
5.9361,237,13483746,290,1559017,20206,280,3
5.9558,238,13483766,290,1559075,20206,274,3
5.9771,239,13483786,290,1559132,20206,214,3
5.9965,240,13483806,290,1559191,20206,395,3
6.0156,241,13483826,290,1559249,20206,214,3
6.0352,242,13483846,290,1559302,20420,425,3
6.0566,243,13483866,290,1559352,20420,416,3
6.0765,244,13483886,290,1559406,20420,418,3
6.0960,245,13483906,290,1559461,20420,285,3
6.1152,246,13483926,290,1559519,20420,215,3
6.1370,247,13483946,290,1559577,19492,261,3
6.1562,248,13483966,290,1559635,19492,263,3
6.1755,249,13483986,290,1559690,19492,309,3
6.1952,250,13484006,290,1559746,19492,397,3
6.2166,251,13484026,290,1559803,19492,274,3
6.2363,252,13484046,290,1559861,20206,233,3
6.2562,253,13484066,290,1559920,20206,227,3
6.2758,254,13484086,290,1559976,20206,306,3
6.2954,255,13484106,290,1560025,20206,522,3
6.3165,256,13484126,290,1560076,20206,390,3
6.3361,257,13484146,290,1560129,19278,400,3
6.3559,258,13484166,290,1560186,19278,288,3
6.3761,259,13484186,290,1560244,19278,248,3
6.3956,260,13484206,290,1560303,19278,305,3
6.4167,261,13484226,290,1560358,19278,258,3
6.4367,262,13484246,290,1560414,20277,238,3
6.4562,263,13484266,290,1560472,20277,380,3
6.4755,264,13484286,290,1560530,20277,183,3
6.4955,265,13484306,290,1560589,20277,240,3
6.5166,266,13484326,290,1560647,20277,272,3
6.5359,267,13484346,290,1560697,20420,450,3
6.5553,268,13484366,290,1560744,20420,400,3
6.5771,269,13484386,290,1560795,20420,352,3
6.5964,270,13484406,290,1560851,20420,237,3
6.6154,271,13484426,290,1560908,20420,312,3
6.6370,272,13484446,290,1560964,18921,328,3
6.6563,273,13484466,290,1561019,18921,236,3
6.6755,274,13484486,290,1561074,18921,251,3
6.6966,275,13484506,290,1561130,18921,297,3
6.7157,276,13484526,290,1561188,18921,242,3
6.7372,277,13484546,290,1561246,19992,200,3
6.7566,278,13484566,290,1561305,19992,261,3
6.7757,279,13484586,290,1561361,19992,337,3
6.7971,280,13484606,290,1561406,19992,433,3
6.8158,281,13484626,290,1561454,19992,488,3
6.8373,282,13484646,290,1561507,18778,322,3
6.8571,283,13484666,290,1561563,18778,301,3
6.8763,284,13484686,290,1561620,18778,262,3
6.8954,285,13484706,290,1561676,18778,345,3
6.9164,286,13484726,290,1561733,18778,275,3
6.9360,287,13484746,290,1561791,20135,225,3
6.9560,288,13484766,290,1561848,20135,315,3
6.9755,289,13484786,290,1561907,20135,182,3
6.9968,290,13484806,290,1561966,20135,277,3
7.0155,291,13484826,290,1562026,20135,235,3
7.0369,292,13484846,290,1562081,20849,397,3
7.0562,293,13484866,290,1562128,20849,413,3
7.0756,294,13484886,290,1562177,20849,448,3
7.0968,295,13484906,290,1562231,20849,353,3
7.1157,296,13484926,290,1562288,20849,251,3
7.1373,297,13484946,290,1562346,18778,274,3
7.1566,298,13484966,290,1562402,18778,320,3
7.1757,299,13484986,290,1562457,18778,291,3
7.1970,300,13485006,290,1562515,18778,237,3
7.2158,301,13485026,290,1562573,18778,264,3
7.2376,302,13485046,290,1562632,20420,179,3
7.2551,303,13485066,290,1562692,20420,263,3
7.2763,304,13485086,290,1562750,20420,280,3
7.2956,305,13485106,290,1562800,20420,432,3
7.3168,306,13485126,290,1562849,20420,464,3
7.3365,307,13485146,290,1562901,19349,438,3
7.3559,308,13485166,290,1562958,19349,259,3
7.3753,309,13485186,290,1563016,19349,203,3
7.3968,310,13485206,290,1563073,19349,416,3
7.4160,311,13485226,290,1563129,19349,291,3
7.4352,312,13485246,290,1563186,20277,225,3
7.4569,313,13485266,290,1563244,20277,369,3
7.4762,314,13485286,290,1563302,20277,216,3
7.4954,315,13485306,290,1563362,20277,251,3
7.5165,316,13485326,290,1563421,20277,219,3
7.5359,317,13485346,290,1563476,20849,387,3
7.5559,318,13485366,290,1563522,20849,606,3
7.5754,319,13485386,290,1563572,20849,338,3
7.5970,320,13485406,290,1563626,20849,315,3
7.6166,321,13485426,290,1563683,20849,275,3
7.6356,322,13485446,290,1563741,18778,225,3
7.6553,323,13485466,290,1563799,18778,411,3
7.6770,324,13485486,290,1563856,18778,219,3
7.6961,325,13485506,290,1563913,18778,233,3
7.7151,326,13485526,290,1563971,18778,321,3
7.7389,327,13485546,290,1564030,20563,204,3
7.7565,328,13485566,290,1564089,20563,262,3
7.7761,329,13485586,290,1564149,20563,274,3
7.7959,330,13485606,290,1564201,20563,405,3
7.8153,331,13485626,290,1564250,20563,455,3
7.8367,332,13485646,290,1564301,19563,322,3
7.8561,333,13485666,290,1564357,19563,261,3
7.8752,334,13485686,290,1564415,19563,265,3
7.8965,335,13485706,290,1564474,19563,245,3
7.9159,336,13485726,290,1564531,19563,247,3
7.9351,337,13485746,290,1564587,20206,334,3
7.9566,338,13485766,290,1564643,20206,272,3
7.9757,339,13485786,290,1564701,20206,222,3
7.9971,340,13485806,290,1564759,20206,408,3
8.0169,341,13485826,290,1564818,20206,206,3
8.0360,342,13485846,290,1564874,20634,350,3
8.0557,343,13485866,290,1564923,20634,446,3
8.0750,344,13485886,290,1564974,20634,422,3
8.0964,345,13485906,290,1565028,20634,316,3
8.1156,346,13485926,290,1565085,20634,240,3
8.1373,347,13485946,290,1565144,19135,354,3
8.1569,348,13485966,290,1565201,19135,279,3
8.1763,349,13485986,290,1565256,19135,258,3
8.1957,350,13486006,290,1565312,19135,301,3
8.2153,351,13486026,290,1565368,19135,329,3
8.2373,352,13486046,290,1565427,20206,215,3
8.2553,353,13486066,290,1565485,20206,352,3
8.2771,354,13486086,290,1565543,20206,249,3
8.2962,355,13486106,290,1565598,20206,347,3
8.3154,356,13486126,290,1565649,20206,290,3
8.3366,357,13486146,290,1565704,19849,267,3
8.3561,358,13486166,290,1565759,19849,267,3
8.3751,359,13486186,290,1565817,19849,284,3
8.3966,360,13486206,290,1565876,19849,219,3
8.4160,361,13486226,290,1565936,19849,232,3
8.4372,362,13486246,290,1565993,20634,301,3
8.4568,363,13486266,290,1566048,20634,278,3
8.4757,364,13486286,290,1566104,20634,421,3
8.4971,365,13486306,290,1566161,20634,204,3
8.5165,366,13486326,290,1566220,20634,274,3
8.5354,367,13486346,290,1566276,20277,451,3
8.5573,368,13486366,290,1566324,20277,435,3
8.5768,369,13486386,290,1566374,20277,392,3
8.5959,370,13486406,290,1566428,20277,305,3
8.6155,371,13486426,290,1566485,20277,317,3
8.6368,372,13486446,290,1566544,18992,206,3
8.6563,373,13486466,290,1566602,18992,270,3
8.6754,374,13486486,290,1566657,18992,443,3
8.6966,375,13486506,290,1566713,18992,329,3
8.7160,376,13486526,290,1566771,18992,215,3
8.7351,377,13486546,290,1566829,20420,336,3
8.7571,378,13486566,290,1566888,20420,226,3
8.7766,379,13486586,290,1566948,20420,279,3
8.7960,380,13486606,290,1567002,20420,422,3
8.8156,381,13486626,290,1567053,20420,348,3
8.8371,382,13486646,290,1567108,19920,374,3
8.8567,383,13486666,290,1567164,19920,247,3
8.8761,384,13486686,290,1567222,19920,289,3
8.8958,385,13486706,290,1567282,19920,184,3
8.9153,386,13486726,290,1567341,19920,384,3
8.9365,387,13486746,290,1567397,20706,284,3
8.9563,388,13486766,290,1567455,20706,235,3
8.9755,389,13486786,290,1567513,20706,318,3
8.9969,390,13486806,290,1567572,20706,235,3
9.0159,391,13486826,290,1567631,20706,190,3
9.0370,392,13486846,290,1567687,20706,355,3
9.0567,393,13486866,290,1567737,20706,448,3
9.0759,394,13486886,290,1567790,20706,393,3
9.0970,395,13486906,290,1567846,20706,283,3
9.1165,396,13486926,290,1567904,20706,273,3
9.1356,397,13486946,290,1567964,19635,221,3
9.1556,398,13486966,290,1568022,19635,424,3
9.1752,399,13486986,290,1568078,19635,323,3
9.1966,400,13487006,290,1568135,19635,233,3
9.2159,401,13487026,290,1568193,19635,320,3
9.2355,402,13487046,290,1568252,20563,217,3
9.2557,403,13487066,290,1568311,20563,293,3
9.2751,404,13487086,290,1568369,20563,345,3
9.2964,405,13487106,290,1568419,20563,429,3
9.3155,406,13487126,290,1568471,20563,541,3
9.3372,407,13487146,290,1568525,19635,291,3
9.3570,408,13487166,290,1568583,19635,203,3
9.3762,409,13487186,290,1568642,19635,352,3
9.3953,410,13487206,290,1568702,19635,201,3
9.4164,411,13487226,290,1568759,19635,297,3
9.4354,412,13487246,290,1568816,20634,269,3
9.4570,413,13487266,290,1568873,20634,246,3
9.4763,414,13487286,290,1568932,20634,251,3
9.4954,415,13487306,290,1568992,20634,243,3
9.5165,416,13487326,290,1569051,20634,338,3
9.5356,417,13487346,290,1569101,20634,576,3
9.5571,418,13487366,290,1569150,20634,360,3
9.5764,419,13487386,290,1569201,20634,301,3
9.5955,420,13487406,290,1569257,20634,285,3
9.6169,421,13487426,290,1569316,20634,261,3
9.6360,422,13487446,290,1569373,19206,286,3
9.6560,423,13487466,290,1569429,19206,327,3
9.6752,424,13487486,290,1569485,19206,344,3
9.6963,425,13487506,290,1569542,19206,232,3
9.7156,426,13487526,290,1569601,19206,307,3
9.7368,427,13487546,290,1569661,20492,183,3
9.7563,428,13487566,290,1569721,20492,311,3
9.7757,429,13487586,290,1569773,20492,603,3
9.7951,430,13487606,290,1569820,20492,492,3
9.8163,431,13487626,290,1569870,20492,317,3
9.8355,432,13487646,290,1569925,18921,309,3
9.8552,433,13487666,290,1569982,18921,232,3
9.8768,434,13487686,290,1570040,18921,328,3
9.8963,435,13487706,290,1570097,18921,237,3
9.9155,436,13487726,290,1570155,18921,306,3
9.9368,437,13487746,290,1570212,20492,263,3
9.9562,438,13487766,290,1570271,20492,205,3
9.9758,439,13487786,290,1570330,20492,264,3
9.9970,440,13487806,290,1570390,20492,345,3
10.0159,441,13487826,290,1570449,20492,278,3
10.0350,442,13487846,290,1570499,20706,657,3
10.0566,443,13487866,290,1570547,20706,358,3
10.0765,444,13487886,290,1570600,20706,309,3
10.0960,445,13487906,290,1570656,20706,307,3
10.1154,446,13487926,290,1570714,20706,294,3
10.1368,447,13487946,290,1570772,19278,278,3
10.1567,448,13487966,290,1570828,19278,364,3
10.1773,449,13487986,290,1570886,19278,259,3
10.1968,450,13488006,290,1570944,19278,312,3
10.2159,451,13488026,290,1571004,19278,199,3
10.2350,452,13488046,290,1571065,20777,253,3
10.2553,453,13488066,290,1571125,20777,273,3
10.2769,454,13488086,290,1571180,20777,531,3
10.2962,455,13488106,290,1571229,20777,429,3
10.3156,456,13488126,290,1571280,20777,293,3
10.3369,457,13488146,290,1571336,19492,240,3
10.3565,458,13488166,290,1571393,19492,380,3
10.3764,459,13488186,290,1571452,19492,195,3
10.3956,460,13488206,290,1571510,19492,269,3
10.4169,461,13488226,290,1571567,19492,286,3
10.4359,462,13488246,290,1571625,20634,246,3
10.4557,463,13488266,290,1571684,20634,243,3
10.4753,464,13488286,290,1571744,20634,238,3
10.4966,465,13488306,290,1571804,20634,232,3
10.5157,466,13488326,290,1571861,20634,460,3
10.5370,467,13488346,290,1571909,20492,541,3
10.5568,468,13488366,290,1571958,20492,449,3
10.5766,469,13488386,290,1572011,20492,384,3
10.5958,470,13488406,290,1572068,20492,272,3
10.6151,471,13488426,290,1572126,20492,253,3
10.6367,472,13488446,290,1572185,19492,301,3
10.6563,473,13488466,290,1572243,19492,270,3
10.6761,474,13488486,290,1572300,19492,338,3
10.6955,475,13488506,290,1572358,19492,220,3
10.7168,476,13488526,290,1572417,19492,331,3
10.7359,477,13488546,290,1572477,20777,192,3
10.7560,478,13488566,290,1572537,20777,278,3
10.7760,479,13488586,290,1572593,20777,380,3
10.7959,480,13488606,290,1572643,20777,482,3
10.8151,481,13488626,290,1572695,20777,525,3
10.8363,482,13488646,290,1572751,19635,237,3
10.8557,483,13488666,290,1572809,19635,208,3
10.8761,484,13488686,290,1572869,19635,253,3
10.8958,485,13488706,290,1572928,19635,300,3
10.9151,486,13488726,290,1572984,19635,315,3
10.9364,487,13488746,290,1573041,20706,236,3
10.9558,488,13488766,290,1573099,20706,333,3
10.9756,489,13488786,290,1573158,20706,238,3
10.9952,490,13488806,290,1573217,20706,297,3
11.0166,491,13488826,290,1573273,20706,455,3
11.0356,492,13488846,290,1573323,20277,416,3
11.0554,493,13488866,290,1573374,20277,334,3
11.0765,494,13488886,290,1573428,20277,300,3
11.0963,495,13488906,290,1573485,20277,360,3
11.1158,496,13488926,290,1573544,20277,231,3
11.1353,497,13488946,290,1573601,19778,401,3
11.1575,498,13488966,290,1573655,19778,497,3
11.1756,499,13488986,290,1573711,19778,246,3
11.1955,500,13489006,290,1573768,19778,212,3
11.2167,501,13489026,290,1573827,19778,338,3
11.2362,502,13489046,290,1573886,20206,208,3
11.2562,503,13489066,290,1573945,20206,331,3
11.2756,504,13489086,290,1573999,20206,409,3
11.2951,505,13489106,290,1574052,20206,325,3
11.3163,506,13489126,290,1574106,20206,336,3
11.3354,507,13489146,290,1574163,19778,251,3
11.3571,508,13489166,290,1574221,19778,254,3
11.3766,509,13489186,290,1574281,19778,184,3
11.3973,510,13489206,290,1574341,19778,227,3
11.4165,511,13489226,290,1574400,19778,317,3
11.4358,512,13489246,290,1574455,20992,369,3
11.4575,513,13489266,290,1574511,20992,294,3
11.4770,514,13489286,290,1574569,20992,261,3
11.4951,515,13489306,290,1574628,20992,248,3
11.5171,516,13489326,290,1574684,20992,446,3
11.5362,517,13489346,290,1574733,19992,493,3
11.5555,518,13489366,290,1574784,19992,380,3
11.5769,519,13489386,290,1574838,19992,345,3
11.5961,520,13489406,290,1574896,19992,269,3
11.6154,521,13489426,290,1574955,19992,312,3
11.6366,522,13489446,290,1575012,19778,329,3
11.6559,523,13489466,290,1575068,19778,325,3
11.6752,524,13489486,290,1575125,19778,380,3
11.6964,525,13489506,290,1575184,19778,235,3
11.7157,526,13489526,290,1575244,19778,259,3
11.7366,527,13489546,290,1575303,20634,172,3
11.7566,528,13489566,290,1575362,20634,456,3
11.7767,529,13489586,290,1575415,20634,490,3
11.7960,530,13489606,290,1575467,20634,413,3
11.8151,531,13489626,290,1575521,20634,345,3
11.8365,532,13489646,290,1575578,19706,280,3
11.8560,533,13489666,290,1575637,19706,317,3
11.8757,534,13489686,290,1575697,19706,226,3
11.8956,535,13489706,290,1575755,19706,338,3
11.9169,536,13489726,290,1575812,19706,328,3
11.9358,537,13489746,290,1575869,20777,222,3
11.9573,538,13489766,290,1575928,20777,291,3
11.9767,539,13489786,290,1575988,20777,216,3
11.9959,540,13489806,290,1576048,20777,273,3
12.0169,541,13489826,290,1576101,20777,425,3
12.0357,542,13489846,290,1576153,20349,423,3
12.0574,543,13489866,290,1576207,20349,272,3
12.0767,544,13489886,290,1576264,20349,199,3
12.0957,545,13489906,290,1576324,20349,262,3
12.1170,546,13489926,290,1576384,20349,322,3
12.1360,547,13489946,290,1576442,20563,285,3
12.1555,548,13489966,290,1576499,20563,238,3
12.1752,549,13489986,290,1576556,20563,369,3
12.1967,550,13490006,290,1576616,20563,210,3
12.2160,551,13490026,290,1576675,20563,222,3
12.2358,552,13490046,290,1576735,20849,243,3
12.2590,553,13490066,290,1576792,20849,538,3
12.2766,554,13490086,290,1576843,20849,374,3
12.2959,555,13490106,290,1576896,20849,391,3
12.3152,556,13490126,290,1576953,20849,325,3
12.3363,557,13490146,290,1577012,19706,222,3
12.3557,558,13490166,290,1577071,19706,246,3
12.3750,559,13490186,290,1577130,19706,304,3
12.3965,560,13490206,290,1577187,19706,304,3
12.4162,561,13490226,290,1577245,19706,233,3
12.4355,562,13490246,290,1577303,20849,389,3
12.4572,563,13490266,290,1577363,20849,214,3
12.4771,564,13490286,290,1577423,20849,209,3
12.4966,565,13490306,290,1577477,20849,464,3
12.5159,566,13490326,290,1577525,20849,464,3
12.5369,567,13490346,290,1577576,19635,357,3
12.5561,568,13490366,290,1577632,19635,295,3
12.5756,569,13490386,290,1577689,19635,301,3
12.5970,570,13490406,290,1577748,19635,273,3
12.6162,571,13490426,290,1577805,19635,357,3
12.6353,572,13490446,290,1577861,20349,283,3
12.6567,573,13490466,290,1577919,20349,270,3
12.6760,574,13490486,290,1577978,20349,290,3
12.6951,575,13490506,290,1578038,20349,254,3
12.7168,576,13490526,290,1578099,20349,163,3
12.7358,577,13490546,290,1578156,21063,530,3
12.7607,578,13490566,290,1578204,21063,536,3
12.7757,579,13490586,290,1578253,21063,425,3
12.7952,580,13490606,290,1578307,21063,401,3
12.8165,581,13490626,290,1578364,21063,267,3
12.8358,582,13490646,290,1578422,18849,296,3
12.8575,583,13490666,290,1578479,18849,272,3
12.8770,584,13490686,290,1578536,18849,231,3
12.8962,585,13490706,290,1578594,18849,311,3
12.9153,586,13490726,290,1578652,18849,214,3
12.9363,587,13490746,290,1578712,20706,338,3
12.9564,588,13490766,290,1578772,20706,232,3
12.9761,589,13490786,290,1578832,20706,220,3
12.9953,590,13490806,290,1578885,20706,454,3
13.0167,591,13490826,290,1578933,20706,454,3
13.0358,592,13490846,290,1578984,19635,334,3
13.0573,593,13490866,290,1579040,19635,321,3
13.0767,594,13490886,290,1579098,19635,290,3
13.0957,595,13490906,290,1579156,19635,311,3
13.1168,596,13490926,290,1579213,19635,337,3
13.1357,597,13490946,290,1579270,20277,279,3
13.1570,598,13490966,290,1579328,20277,278,3
13.1764,599,13490986,290,1579387,20277,256,3
13.1959,600,13491006,290,1579447,20277,281,3
13.2153,601,13491026,290,1579507,20277,177,3
13.2365,602,13491046,290,1579565,21134,526,3
13.2604,603,13491066,290,1579615,21134,446,3
13.2753,604,13491086,290,1579665,21134,328,3
13.2964,605,13491106,290,1579720,21134,247,3
13.3160,606,13491126,290,1579778,21134,390,3
13.3369,607,13491146,290,1579836,19278,206,3
13.3561,608,13491166,290,1579895,19278,283,3
13.3753,609,13491186,290,1579952,19278,262,3
13.3965,610,13491206,290,1580009,19278,259,3
13.4159,611,13491226,290,1580068,19278,233,3
13.4350,612,13491246,290,1580128,20849,253,3
13.4563,613,13491266,290,1580189,20849,215,3
13.4757,614,13491286,290,1580249,20849,392,3
13.4950,615,13491306,290,1580300,20849,496,3
13.5163,616,13491326,290,1580348,20849,386,3
13.5353,617,13491346,290,1580401,19492,321,3
13.5551,618,13491366,290,1580458,19492,285,3
13.5769,619,13491386,290,1580516,19492,257,3
13.5959,620,13491406,290,1580576,19492,272,3
13.6150,621,13491426,290,1580633,19492,336,3
13.6365,622,13491446,290,1580690,20634,243,3
13.6565,623,13491466,290,1580748,20634,296,3
13.6766,624,13491486,290,1580808,20634,189,3
13.6962,625,13491506,290,1580868,20634,274,3
13.7154,626,13491526,290,1580928,20634,279,3
13.7364,627,13491546,290,1580984,21063,397,3
13.7628,628,13491566,290,1581033,21063,446,3
13.7756,629,13491586,290,1581085,21063,334,3
13.7967,630,13491606,290,1581140,21063,302,3
13.8159,631,13491626,290,1581198,21063,242,3
13.8371,632,13491646,290,1581257,19349,211,3
13.8567,633,13491666,290,1581316,19349,305,3
13.8760,634,13491686,290,1581373,19349,245,3
13.8952,635,13491706,290,1581431,19349,339,3
13.9167,636,13491726,290,1581489,19349,256,3
13.9359,637,13491746,290,1581548,20777,358,3
13.9552,638,13491766,290,1581608,20777,225,3
13.9769,639,13491786,290,1581666,20777,429,3
13.9961,640,13491806,290,1581716,20777,446,3
14.0153,641,13491826,290,1581768,20777,309,3
14.0365,642,13491846,290,1581822,19635,281,3
14.0561,643,13491866,290,1581879,19635,327,3
14.0758,644,13491886,290,1581939,19635,203,3
14.0952,645,13491906,290,1581997,19635,376,3
14.1166,646,13491926,290,1582053,19635,332,3
14.1355,647,13491946,290,1582109,20492,280,3
14.1571,648,13491966,290,1582167,20492,414,3
14.1771,649,13491986,290,1582225,20492,209,3
14.1963,650,13492006,290,1582284,20492,286,3
14.2154,651,13492026,290,1582343,20492,224,3
14.2368,652,13492046,290,1582399,20777,361,3
14.2629,653,13492066,290,1582451,20777,347,3
14.2760,654,13492086,290,1582505,20777,322,3
14.2955,655,13492106,290,1582561,20777,309,3
14.3167,656,13492126,290,1582620,20777,247,3
14.3357,657,13492146,290,1582680,19920,306,3
14.3572,658,13492166,290,1582740,19920,297,3
14.3766,659,13492186,290,1582796,19920,364,3
14.3959,660,13492206,290,1582852,19920,321,3
14.4152,661,13492226,290,1582910,19920,241,3
14.4361,662,13492246,290,1582968,20634,291,3
14.4554,663,13492266,290,1583028,20634,242,3
14.4750,664,13492286,290,1583084,20634,493,3
14.4961,665,13492306,290,1583133,20634,389,3
14.5153,666,13492326,290,1583185,20634,294,3
14.5363,667,13492346,290,1583240,19421,246,3
14.5556,668,13492366,290,1583299,19421,354,3
14.5751,669,13492386,290,1583358,19421,220,3
14.5966,670,13492406,290,1583418,19421,281,3
14.6156,671,13492426,290,1583476,19421,237,3
14.6368,672,13492446,290,1583534,20920,325,3
14.6563,673,13492466,290,1583593,20920,238,3
14.6757,674,13492486,290,1583652,20920,235,3
14.6950,675,13492506,290,1583713,20920,253,3
14.7170,676,13492526,290,1583772,20920,326,3
14.7359,677,13492546,290,1583825,20920,333,3
14.7647,678,13492566,290,1583878,20920,322,3
14.7761,679,13492586,290,1583933,20920,275,3
14.7953,680,13492606,290,1583992,20920,299,3
14.8167,681,13492626,290,1584052,20920,219,3
14.8357,682,13492646,290,1584112,20277,267,3
14.8570,683,13492666,290,1584169,20277,307,3
14.8766,684,13492686,290,1584226,20277,290,3
14.8962,685,13492706,290,1584284,20277,238,3
14.9160,686,13492726,290,1584343,20277,373,3
14.9369,687,13492746,290,1584403,20849,214,3
14.9565,688,13492766,290,1584462,20849,334,3
14.9758,689,13492786,290,1584514,20849,554,3
14.9956,690,13492806,290,1584565,20849,402,3
15.0151,691,13492826,290,1584620,20849,443,3
15.0368,692,13492846,290,1584677,19635,265,3
15.0567,693,13492866,290,1584737,19635,302,3
15.0770,694,13492886,290,1584797,19635,258,3
15.0964,695,13492906,290,1584855,19635,445,3
15.1196,696,13492926,290,1584911,19635,238,3
15.1367,697,13492946,290,1584969,20849,235,3
15.1566,698,13492966,290,1585028,20849,265,3
15.1770,699,13492986,290,1585088,20849,296,3
15.1972,700,13493006,290,1585149,20849,252,3
15.2172,701,13493026,290,1585203,20849,405,3
15.2350,702,13493046,290,1585254,20420,397,3
15.2571,703,13493066,290,1585308,20420,310,3
15.2768,704,13493086,290,1585365,20420,352,3
15.2962,705,13493106,290,1585425,20420,204,3
15.3161,706,13493126,290,1585485,20420,284,3
15.3359,707,13493146,290,1585544,20563,222,3
15.3558,708,13493166,290,1585601,20563,384,3
15.3762,709,13493186,290,1585660,20563,221,3
15.3965,710,13493206,290,1585720,20563,278,3
15.4164,711,13493226,290,1585780,20563,215,3
15.4354,712,13493246,290,1585841,21206,261,3
15.4573,713,13493266,290,1585894,21206,369,3
15.4774,714,13493286,290,1585943,21206,626,3
15.4965,715,13493306,290,1585995,21206,363,3
15.5161,716,13493326,290,1586052,21206,358,3
15.5352,717,13493346,290,1586110,19206,230,3
15.5568,718,13493366,290,1586169,19206,273,3
15.5771,719,13493386,290,1586225,19206,258,3
15.5957,720,13493406,290,1586281,19206,304,3
15.6159,721,13493426,290,1586340,19206,252,3
15.6356,722,13493446,290,1586399,20634,190,3
15.6555,723,13493466,290,1586459,20634,216,3
15.6754,724,13493486,290,1586520,20634,355,3
15.6951,725,13493506,290,1586573,20634,518,3
15.7164,726,13493526,290,1586621,20634,443,3
15.7356,727,13493546,290,1586672,19635,374,3
15.7574,728,13493566,290,1586728,19635,279,3
15.7752,729,13493586,290,1586786,19635,291,3
15.7971,730,13493606,290,1586845,19635,257,3
15.8166,731,13493626,290,1586904,19635,384,3
15.8362,732,13493646,290,1586961,20563,233,3
15.8552,733,13493666,290,1587020,20563,296,3
15.8771,734,13493686,290,1587079,20563,201,3
15.8963,735,13493706,290,1587139,20563,275,3
15.9156,736,13493726,290,1587200,20563,293,3
15.9367,737,13493746,290,1587260,21349,360,3
15.9560,738,13493766,290,1587309,21349,621,3
15.9757,739,13493786,290,1587358,21349,374,3
15.9951,740,13493806,290,1587412,21349,315,3
16.0165,741,13493826,290,1587469,21349,290,3
16.0359,742,13493846,290,1587528,19135,222,3
16.0555,743,13493866,290,1587585,19135,435,3
16.0753,744,13493886,290,1587643,19135,238,3
16.0967,745,13493906,290,1587701,19135,300,3
16.1159,746,13493926,290,1587761,19135,209,3
16.1349,747,13493946,290,1587822,20920,288,3
16.1558,748,13493966,290,1587883,20920,269,3
16.1755,749,13493986,290,1587944,20920,275,3
16.1955,750,13494006,290,1587997,20920,449,3
16.2169,751,13494026,290,1588047,20920,365,3
16.2364,752,13494046,290,1588100,19992,377,3
16.2557,753,13494066,290,1588157,19992,269,3
16.2754,754,13494086,290,1588216,19992,275,3
16.2970,755,13494106,290,1588274,19992,254,3
16.3164,756,13494126,290,1588330,19992,293,3
16.3356,757,13494146,290,1588387,20349,309,3
16.3570,758,13494166,290,1588445,20349,212,3
16.3767,759,13494186,290,1588504,20349,302,3
16.3962,760,13494206,290,1588565,20349,285,3
16.4154,761,13494226,290,1588625,20349,222,3
16.4364,762,13494246,290,1588679,21063,439,3
16.4557,763,13494266,290,1588726,21063,525,3
16.4754,764,13494286,290,1588777,21063,357,3
16.4950,765,13494306,290,1588833,21063,321,3
16.5162,766,13494326,290,1588891,21063,278,3
16.5351,767,13494346,290,1588950,19135,382,3
16.5568,768,13494366,290,1589009,19135,233,3
16.5768,769,13494386,290,1589067,19135,299,3
16.5969,770,13494406,290,1589125,19135,253,3
16.6161,771,13494426,290,1589185,19135,328,3
16.6353,772,13494446,290,1589245,21063,208,3
16.6565,773,13494466,290,1589306,21063,233,3
16.6762,774,13494486,290,1589367,21063,381,3
16.6960,775,13494506,290,1589420,21063,533,3
16.7156,776,13494526,290,1589470,21063,350,3
16.7354,777,13494546,290,1589525,20063,341,3
16.7573,778,13494566,290,1589583,20063,220,3
16.7772,779,13494586,290,1589643,20063,257,3
16.7967,780,13494606,290,1589702,20063,254,3
16.8162,781,13494626,290,1589759,20063,296,3
16.8357,782,13494646,290,1589816,20777,333,3
16.8553,783,13494666,290,1589875,20777,227,3
16.8771,784,13494686,290,1589933,20777,337,3
16.8966,785,13494706,290,1589993,20777,227,3
16.9160,786,13494726,290,1590052,20777,325,3
16.9351,787,13494746,290,1590104,20706,619,3
16.9565,788,13494766,290,1590154,20706,349,3
16.9761,789,13494786,290,1590208,20706,349,3
16.9954,790,13494806,290,1590264,20706,329,3
17.0168,791,13494826,290,1590323,20706,221,3
17.0361,792,13494846,290,1590382,19635,310,3
17.0550,793,13494866,290,1590439,19635,326,3
17.0766,794,13494886,290,1590494,19635,315,3
17.0957,795,13494906,290,1590552,19635,401,3
17.1170,796,13494926,290,1590610,19635,210,3
17.1360,797,13494946,290,1590670,20563,246,3
17.1558,798,13494966,290,1590730,20563,243,3
17.1755,799,13494986,290,1590787,20563,506,3
17.1970,800,13495006,290,1590839,20563,444,3
17.2162,801,13495026,290,1590893,20563,472,3
17.2364,802,13495046,290,1590949,19992,278,3
17.2554,803,13495066,290,1591008,19992,252,3
17.2755,804,13495086,290,1591068,19992,232,3
17.2970,805,13495106,290,1591129,19992,284,3
17.3163,806,13495126,290,1591188,19992,309,3
17.3354,807,13495146,290,1591245,21134,327,3
17.3569,808,13495166,290,1591302,21134,247,3
17.3768,809,13495186,290,1591361,21134,353,3
17.3965,810,13495206,290,1591421,21134,229,3
17.4167,811,13495226,290,1591478,21134,384,3
17.4363,812,13495246,290,1591528,20349,454,3
17.4556,813,13495266,290,1591580,20349,377,3
17.4773,814,13495286,290,1591636,20349,297,3
17.4965,815,13495306,290,1591694,20349,253,3
17.5161,816,13495326,290,1591755,20349,246,3
17.5351,817,13495346,290,1591813,20206,295,3
17.5566,818,13495366,290,1591870,20206,248,3
17.5761,819,13495386,290,1591928,20206,325,3
17.5955,820,13495406,290,1591987,20206,226,3
17.6168,821,13495426,290,1592047,20206,245,3
17.6370,822,13495446,290,1592108,20920,329,3
17.6564,823,13495466,290,1592167,20920,326,3
17.6759,824,13495486,290,1592220,20920,432,3
17.6954,825,13495506,290,1592273,20920,293,3
17.7170,826,13495526,290,1592329,20920,263,3
17.7366,827,13495546,290,1592388,20063,304,3
17.7560,828,13495566,290,1592448,20063,262,3
17.7758,829,13495586,290,1592509,20063,194,3
17.7951,830,13495606,290,1592568,20063,289,3
17.8165,831,13495626,290,1592626,20063,240,3
17.8357,832,13495646,290,1592684,21206,366,3
17.8569,833,13495666,290,1592744,21206,230,3
17.8765,834,13495686,290,1592804,21206,242,3
17.8957,835,13495706,290,1592864,21206,326,3
17.9169,836,13495726,290,1592917,21206,451,3
17.9362,837,13495746,290,1592969,20420,313,3
17.9552,838,13495766,290,1593024,20420,360,3
17.9770,839,13495786,290,1593083,20420,248,3
17.9964,840,13495806,290,1593144,20420,268,3
18.0158,841,13495826,290,1593204,20420,262,3
18.0369,842,13495846,290,1593261,20777,419,3
18.0558,843,13495866,290,1593319,20777,259,3
18.0752,844,13495886,290,1593378,20777,258,3
18.0965,845,13495906,290,1593437,20777,206,3
18.1158,846,13495926,290,1593498,20777,248,3
18.1353,847,13495946,290,1593558,21206,433,3
18.1563,848,13495966,290,1593612,21206,448,3
18.1756,849,13495986,290,1593664,21206,374,3
18.1951,850,13496006,290,1593719,21206,370,3
18.2163,851,13496026,290,1593776,21206,249,3
18.2367,852,13496046,290,1593836,19778,352,3
18.2581,853,13496066,290,1593896,19778,247,3
18.2756,854,13496086,290,1593955,19778,357,3
18.2969,855,13496106,290,1594012,19778,283,3
18.3162,856,13496126,290,1594070,19778,395,3
18.3352,857,13496146,290,1594129,20992,200,3
18.3562,858,13496166,290,1594190,20992,242,3
18.3756,859,13496186,290,1594249,20992,300,3
18.3951,860,13496206,290,1594300,20992,443,3
18.4167,861,13496226,290,1594349,20992,567,3
18.4359,862,13496246,290,1594402,19563,342,3
18.4551,863,13496266,290,1594459,19563,283,3
18.4769,864,13496286,290,1594518,19563,385,3
18.4964,865,13496306,290,1594577,19563,252,3
18.5155,866,13496326,290,1594635,19563,290,3
18.5368,867,13496346,290,1594693,20634,284,3
18.5557,868,13496366,290,1594752,20634,293,3
18.5751,869,13496386,290,1594812,20634,217,3
18.5968,870,13496406,290,1594873,20634,243,3
18.6163,871,13496426,290,1594935,20634,354,3
18.6357,872,13496446,290,1594987,21206,423,3
18.6552,873,13496466,290,1595034,21206,482,3
18.6754,874,13496486,290,1595086,21206,322,3
18.6952,875,13496506,290,1595142,21206,278,3
18.7170,876,13496526,290,1595201,21206,365,3
18.7361,877,13496546,290,1595260,19278,242,3
18.7551,878,13496566,290,1595318,19278,261,3
18.7752,879,13496586,290,1595377,19278,254,3
18.7969,880,13496606,290,1595436,19278,359,3
18.8167,881,13496626,290,1595496,19278,205,3
18.8361,882,13496646,290,1595556,21134,225,3
18.8553,883,13496666,290,1595617,21134,262,3
18.8771,884,13496686,290,1595674,21134,459,3
18.8965,885,13496706,290,1595722,21134,478,3
18.9157,886,13496726,290,1595773,21134,382,3
18.9370,887,13496746,290,1595828,19492,284,3
18.9559,888,13496766,290,1595886,19492,306,3
18.9753,889,13496786,290,1595945,19492,275,3
18.9966,890,13496806,290,1596003,19492,327,3
19.0158,891,13496826,290,1596061,19492,281,3
19.0350,892,13496846,290,1596120,20706,376,3
19.0562,893,13496866,290,1596179,20706,216,3
19.0756,894,13496886,290,1596240,20706,193,3
19.0953,895,13496906,290,1596301,20706,229,3
19.1154,896,13496926,290,1596361,20706,312,3
19.1351,897,13496946,290,1596411,21063,460,3
19.1563,898,13496966,290,1596461,21063,509,3
19.1756,899,13496986,290,1596516,21063,293,3
19.1953,900,13497006,290,1596574,21063,251,3
19.2166,901,13497026,290,1596633,21063,289,3
19.2368,902,13497046,290,1596692,19920,311,3
19.2561,903,13497066,290,1596749,19920,355,3
19.2767,904,13497086,290,1596808,19920,230,3
19.2967,905,13497106,290,1596867,19920,285,3
19.3164,906,13497126,290,1596928,19920,254,3
19.3358,907,13497146,290,1596989,21063,200,3
19.3569,908,13497166,290,1597049,21063,369,3
19.3768,909,13497186,290,1597099,21063,522,3
19.3967,910,13497206,290,1597147,21063,435,3
19.4165,911,13497226,290,1597200,21063,297,3
19.4367,912,13497246,290,1597257,19278,251,3
19.4558,913,13497266,290,1597316,19278,300,3
19.4753,914,13497286,290,1597375,19278,261,3
19.4965,915,13497306,290,1597432,19278,296,3
19.5157,916,13497326,290,1597489,19278,257,3
19.5349,917,13497346,290,1597548,20706,374,3
19.5561,918,13497366,290,1597608,20706,209,3
19.5758,919,13497386,290,1597668,20706,224,3
19.5954,920,13497406,290,1597729,20706,274,3
19.6169,921,13497426,290,1597786,20706,442,3
19.6366,922,13497446,290,1597836,20777,449,3
19.6556,923,13497466,290,1597889,20777,455,3
19.6753,924,13497486,290,1597945,20777,328,3
19.6968,925,13497506,290,1598004,20777,252,3
19.7160,926,13497526,290,1598064,20777,246,3
19.7353,927,13497546,290,1598124,20349,382,3
19.7564,928,13497566,290,1598182,20349,304,3
19.7761,929,13497586,290,1598240,20349,262,3
19.7958,930,13497606,290,1598299,20349,253,3
19.8149,931,13497626,290,1598359,20349,387,3
19.8364,932,13497646,290,1598420,21063,232,3
19.8553,933,13497666,290,1598477,21063,462,3
19.8769,934,13497686,290,1598528,21063,438,3
19.8962,935,13497706,290,1598580,21063,347,3
19.9157,936,13497726,290,1598635,21063,359,3
19.9351,937,13497746,290,1598694,19635,242,3
19.9560,938,13497766,290,1598754,19635,311,3
19.9755,939,13497786,290,1598812,19635,336,3
19.9969,940,13497806,290,1598868,19635,307,3
20.0163,941,13497826,290,1598925,19635,283,3
20.0357,942,13497846,290,1598984,20706,210,3
20.0567,943,13497866,290,1599043,20706,336,3
20.0762,944,13497886,290,1599103,20706,237,3
20.0956,945,13497906,290,1599161,20706,313,3
20.1168,946,13497926,290,1599215,20706,411,3
20.1358,947,13497946,290,1599268,20420,339,3
20.1550,948,13497966,290,1599323,20420,301,3
20.1764,949,13497986,290,1599380,20420,310,3
20.1956,950,13498006,290,1599440,20420,205,3
20.2170,951,13498026,290,1599501,20420,258,3
20.2369,952,13498046,290,1599561,20777,243,3
20.2557,953,13498066,290,1599618,20777,458,3
20.2757,954,13498086,290,1599675,20777,320,3
20.2950,955,13498106,290,1599732,20777,262,3
20.3161,956,13498126,290,1599791,20777,267,3
20.3355,957,13498146,290,1599851,20706,347,3
20.3566,958,13498166,290,1599904,20706,498,3
20.3758,959,13498186,290,1599953,20706,361,3
20.3952,960,13498206,290,1600007,20706,288,3
20.4150,961,13498226,290,1600064,20706,300,3
20.4361,962,13498246,290,1600123,19421,249,3
20.4550,963,13498266,290,1600183,19421,278,3
20.4768,964,13498286,290,1600241,19421,272,3
20.4962,965,13498306,290,1600298,19421,320,3
20.5156,966,13498326,290,1600357,19421,249,3
20.5350,967,13498346,290,1600416,20992,262,3
20.5562,968,13498366,290,1600477,20992,205,3
20.5760,969,13498386,290,1600538,20992,283,3
20.5957,970,13498406,290,1600594,20992,365,3
20.6156,971,13498426,290,1600646,20992,344,3
20.6357,972,13498446,290,1600701,20349,302,3
20.6568,973,13498466,290,1600758,20349,322,3
20.6768,974,13498486,290,1600818,20349,215,3
20.6965,975,13498506,290,1600879,20349,258,3
20.7157,976,13498526,290,1600938,20349,338,3
20.7351,977,13498546,290,1600995,20992,322,3
20.7561,978,13498566,290,1601053,20992,231,3
20.7770,979,13498586,290,1601113,20992,309,3
20.7954,980,13498606,290,1601173,20992,284,3
20.8150,981,13498626,290,1601233,20992,204,3
20.8369,982,13498646,290,1601290,21134,381,3
20.8559,983,13498666,290,1601342,21134,363,3
20.8752,984,13498686,290,1601396,21134,326,3
20.8970,985,13498706,290,1601453,21134,369,3
20.9170,986,13498726,290,1601512,21134,240,3
20.9362,987,13498746,290,1601573,20063,247,3
20.9550,988,13498766,290,1601632,20063,354,3
20.9766,989,13498786,290,1601689,20063,343,3
20.9964,990,13498806,290,1601747,20063,249,3
21.0165,991,13498826,290,1601807,20063,226,3
21.0370,992,13498846,290,1601867,20992,252,3
21.0565,993,13498866,290,1601928,20992,195,3
21.0762,994,13498886,290,1601986,20992,530,3
21.0967,995,13498906,290,1602037,20992,438,3
21.1171,996,13498926,290,1602091,20992,402,3
21.1355,997,13498946,290,1602148,20135,262,3
21.1556,998,13498966,290,1602208,20135,262,3
21.1755,999,13498986,290,1602268,20135,229,3
21.1962,1000,13499006,290,1602328,20135,382,3
21.2166,1001,13499026,290,1602385,20135,261,3
21.2367,1002,13499046,290,1602444,21134,311,3
21.2567,1003,13499066,290,1602504,21134,200,3
21.2767,1004,13499086,290,1602564,21134,256,3
21.2971,1005,13499106,290,1602625,21134,357,3
21.3167,1006,13499126,290,1602681,21134,365,3
21.3364,1007,13499146,290,1602729,20563,475,3
21.3553,1008,13499166,290,1602781,20563,345,3
21.3760,1009,13499186,290,1602836,20563,333,3
21.3957,1010,13499206,290,1602895,20563,233,3
21.4151,1011,13499226,290,1602955,20563,256,3
21.4372,1012,13499246,290,1603012,19992,316,3
21.4563,1013,13499266,290,1603068,19992,238,3
21.4758,1014,13499286,290,1603126,19992,329,3
21.4958,1015,13499306,290,1603185,19992,221,3
21.5154,1016,13499326,290,1603246,19992,273,3
21.5369,1017,13499346,290,1603307,20992,320,3
21.5561,1018,13499366,290,1603363,20992,461,3
21.5757,1019,13499386,290,1603411,20992,469,3
21.5953,1020,13499406,290,1603462,20992,366,3
21.6151,1021,13499426,290,1603517,20992,289,3
21.6363,1022,13499446,290,1603576,19206,317,3
21.6551,1023,13499466,290,1603635,19206,238,3
21.6770,1024,13499486,290,1603695,19206,297,3
21.6966,1025,13499506,290,1603753,19206,264,3
21.7163,1026,13499526,290,1603813,19206,258,3
21.7361,1027,13499546,290,1603873,21206,252,3
21.7559,1028,13499566,290,1603934,21206,196,3
21.7781,1029,13499586,290,1603995,21206,221,3
21.7953,1030,13499606,290,1604056,21206,442,3
21.8170,1031,13499626,290,1604107,21206,460,3
21.8366,1032,13499646,290,1604157,20420,416,3
21.8560,1033,13499666,290,1604211,20420,273,3
21.8759,1034,13499686,290,1604269,20420,370,3
21.8959,1035,13499706,290,1604328,20420,258,3
21.9159,1036,13499726,290,1604387,20420,339,3
21.9365,1037,13499746,290,1604444,20420,290,3
21.9559,1038,13499766,290,1604503,20420,407,3
21.9760,1039,13499786,290,1604563,20420,206,3
21.9964,1040,13499806,290,1604623,20420,215,3
22.0169,1041,13499826,290,1604684,20420,253,3
22.0369,1042,13499846,290,1604745,21420,238,3
22.0563,1043,13499866,290,1604799,21420,385,3
22.0762,1044,13499886,290,1604849,21420,385,3
22.0968,1045,13499906,290,1604904,21420,315,3
22.1161,1046,13499926,290,1604961,21420,338,3
22.1352,1047,13499946,290,1605021,19706,262,3
22.1563,1048,13499966,290,1605080,19706,371,3
22.1761,1049,13499986,290,1605138,19706,264,3
22.1959,1050,13500006,290,1605196,19706,325,3
22.2157,1051,13500026,290,1605256,19706,200,3
22.2358,1052,13500046,290,1605316,20992,268,3
22.2568,1053,13500066,290,1605377,20992,305,3
22.2789,1054,13500086,290,1605438,20992,261,3
22.2961,1055,13500106,290,1605491,20992,429,3
22.3164,1056,13500126,290,1605538,20992,490,3
22.3358,1057,13500146,290,1605590,19778,472,3
22.3568,1058,13500166,290,1605647,19778,262,3
22.3764,1059,13500186,290,1605705,19778,232,3
22.3960,1060,13500206,290,1605765,19778,277,3
22.4155,1061,13500226,290,1605823,19778,279,3
22.4369,1062,13500246,290,1605880,20634,285,3
22.4561,1063,13500266,290,1605939,20634,220,3
22.4759,1064,13500286,290,1605999,20634,267,3
22.4958,1065,13500306,290,1606059,20634,304,3
22.5155,1066,13500326,290,1606120,20634,211,3
22.5368,1067,13500346,290,1606179,21349,389,3
22.5559,1068,13500366,290,1606229,21349,518,3
22.5753,1069,13500386,290,1606280,21349,338,3
22.5953,1070,13500406,290,1606336,21349,313,3
22.6169,1071,13500426,290,1606394,21349,291,3
22.6363,1072,13500446,290,1606454,19563,277,3
22.6550,1073,13500466,290,1606513,19563,259,3
22.6750,1074,13500486,290,1606570,19563,328,3
22.6957,1075,13500506,290,1606627,19563,278,3
22.7156,1076,13500526,290,1606686,19563,221,3
22.7352,1077,13500546,290,1606745,20777,302,3
22.7566,1078,13500566,290,1606805,20777,316,3
22.7806,1079,13500586,290,1606864,20777,313,3
22.7962,1080,13500606,290,1606915,20777,568,3
22.8164,1081,13500626,290,1606966,20777,445,3
22.8355,1082,13500646,290,1607020,19778,462,3
22.8568,1083,13500666,290,1607078,19778,263,3
22.8762,1084,13500686,290,1607137,19778,279,3
22.8959,1085,13500706,290,1607197,19778,267,3
22.9158,1086,13500726,290,1607253,19778,403,3
22.9352,1087,13500746,290,1607310,20634,288,3
22.9562,1088,13500766,290,1607368,20634,221,3
22.9761,1089,13500786,290,1607428,20634,301,3
22.9955,1090,13500806,290,1607488,20634,273,3
23.0166,1091,13500826,290,1607548,20634,245,3
23.0363,1092,13500846,290,1607603,20992,379,3
23.0557,1093,13500866,290,1607655,20992,370,3
23.0771,1094,13500886,290,1607709,20992,273,3
23.0951,1095,13500906,290,1607767,20992,405,3
23.1149,1096,13500926,290,1607827,20992,220,3
23.1363,1097,13500946,290,1607888,20206,193,3
23.1553,1098,13500966,290,1607948,20206,327,3
23.1769,1099,13500986,290,1608005,20206,313,3
23.1960,1100,13501006,290,1608063,20206,256,3
23.2156,1101,13501026,290,1608121,20206,306,3
23.2353,1102,13501046,290,1608181,20920,249,3
23.2563,1103,13501066,290,1608240,20920,295,3
23.2833,1104,13501086,290,1608295,20920,429,3
23.2963,1105,13501106,290,1608346,20920,435,3
23.3156,1106,13501126,290,1608399,20920,301,3
23.3371,1107,13501146,290,1608455,19635,252,3
23.3566,1108,13501166,290,1608514,19635,352,3
23.3760,1109,13501186,290,1608575,19635,208,3
23.3957,1110,13501206,290,1608634,19635,299,3
23.4156,1111,13501226,290,1608691,19635,273,3
23.4370,1112,13501246,290,1608749,20920,384,3
23.4560,1113,13501266,290,1608808,20920,230,3
23.4754,1114,13501286,290,1608868,20920,238,3
23.4952,1115,13501306,290,1608928,20920,263,3
23.5177,1116,13501326,290,1608986,20920,424,3
23.5371,1117,13501346,290,1609037,20777,406,3
23.5561,1118,13501366,290,1609091,20777,440,3
23.5756,1119,13501386,290,1609147,20777,318,3
23.5952,1120,13501406,290,1609205,20777,295,3
23.6166,1121,13501426,290,1609266,20777,198,3
23.6366,1122,13501446,290,1609326,20420,299,3
23.6559,1123,13501466,290,1609384,20420,281,3
23.6753,1124,13501486,290,1609442,20420,281,3
23.6969,1125,13501506,290,1609501,20420,219,3
23.7166,1126,13501526,290,1609561,20420,289,3
23.7356,1127,13501546,290,1609622,21134,339,3
23.7568,1128,13501566,290,1609680,21134,320,3
23.7827,1129,13501586,290,1609731,21134,482,3
23.7955,1130,13501606,290,1609784,21134,416,3
23.8172,1131,13501626,290,1609841,21134,284,3
23.8363,1132,13501646,290,1609900,19849,361,3
23.8551,1133,13501666,290,1609961,19849,231,3
23.8766,1134,13501686,290,1610020,19849,326,3
23.8960,1135,13501706,290,1610076,19849,307,3
23.9152,1136,13501726,290,1610135,19849,412,3
23.9364,1137,13501746,290,1610194,20992,209,3
23.9552,1138,13501766,290,1610254,20992,232,3
23.9769,1139,13501786,290,1610315,20992,238,3
23.9967,1140,13501806,290,1610373,20992,360,3
24.0158,1141,13501826,290,1610426,20992,475,3
24.0349,1142,13501846,290,1610479,20492,382,3
24.0559,1143,13501866,290,1610535,20492,293,3
24.0752,1144,13501886,290,1610594,20492,269,3
24.0969,1145,13501906,290,1610655,20492,232,3
24.1163,1146,13501926,290,1610715,20492,291,3
24.1355,1147,13501946,290,1610772,20920,315,3
24.1566,1148,13501966,290,1610831,20920,235,3
24.1759,1149,13501986,290,1610890,20920,241,3
24.1956,1150,13502006,290,1610950,20920,214,3
24.2170,1151,13502026,290,1611011,20920,297,3
24.2351,1152,13502046,290,1611069,21206,347,3
24.2562,1153,13502066,290,1611119,21206,507,3
24.2844,1154,13502086,290,1611169,21206,432,3
24.2951,1155,13502106,290,1611224,21206,385,3
24.3165,1156,13502126,290,1611283,21206,247,3
24.3357,1157,13502146,290,1611342,19349,264,3
24.3569,1158,13502166,290,1611399,19349,254,3
24.3763,1159,13502186,290,1611456,19349,297,3
24.3959,1160,13502206,290,1611513,19349,321,3
24.4152,1161,13502226,290,1611572,19349,264,3
24.4367,1162,13502246,290,1611633,20777,210,3
24.4562,1163,13502266,290,1611695,20777,241,3
24.4763,1164,13502286,290,1611753,20777,406,3
24.4958,1165,13502306,290,1611800,20777,648,3
24.5150,1166,13502326,290,1611849,20777,363,3
24.5362,1167,13502346,290,1611903,19421,311,3
24.5553,1168,13502366,290,1611961,19421,316,3
24.5772,1169,13502386,290,1612020,19421,251,3
24.5968,1170,13502406,290,1612078,19421,343,3
24.6160,1171,13502426,290,1612136,19421,261,3
24.6353,1172,13502446,290,1612194,20634,318,3
24.6564,1173,13502466,290,1612253,20634,217,3
24.6759,1174,13502486,290,1612313,20634,269,3
24.6957,1175,13502506,290,1612374,20634,348,3
24.7159,1176,13502526,290,1612436,20634,241,3
24.7361,1177,13502546,290,1612489,21349,391,3
24.7553,1178,13502566,290,1612538,21349,494,3
24.7767,1179,13502586,290,1612590,21349,439,3
24.7961,1180,13502606,290,1612646,21349,301,3
24.8152,1181,13502626,290,1612705,21349,311,3
24.8369,1182,13502646,290,1612764,19421,280,3
24.8559,1183,13502666,290,1612822,19421,390,3
24.8773,1184,13502686,290,1612880,19421,220,3
24.8967,1185,13502706,290,1612940,19421,281,3
24.9159,1186,13502726,290,1613000,19421,180,3
24.9354,1187,13502746,290,1613061,21134,219,3
24.9570,1188,13502766,290,1613123,21134,301,3
24.9759,1189,13502786,290,1613180,21134,350,3
24.9951,1190,13502806,290,1613228,21134,582,3
25.0166,1191,13502826,290,1613280,21134,343,3
25.0358,1192,13502846,290,1613336,19706,384,3
25.0568,1193,13502866,290,1613395,19706,205,3
25.0762,1194,13502886,290,1613453,19706,274,3
25.0959,1195,13502906,290,1613511,19706,231,3
25.1152,1196,13502926,290,1613568,19706,363,3
25.1366,1197,13502946,290,1613628,20706,274,3
25.1559,1198,13502966,290,1613687,20706,290,3
25.1751,1199,13502986,290,1613748,20706,216,3
25.1976,1200,13503006,290,1613809,20706,236,3
25.2158,1201,13503026,290,1613866,20706,432,3
25.2355,1202,13503046,290,1613916,20849,471,3
25.2569,1203,13503066,290,1613967,20849,317,3
25.2762,1204,13503086,290,1614022,20849,270,3
25.2961,1205,13503106,290,1614081,20849,357,3
25.3154,1206,13503126,290,1614141,20849,201,3
25.3366,1207,13503146,290,1614201,20135,231,3
25.3558,1208,13503166,290,1614260,20135,263,3
25.3758,1209,13503186,290,1614318,20135,318,3
25.3953,1210,13503206,290,1614377,20135,248,3
25.4171,1211,13503226,290,1614437,20135,246,3
25.4354,1212,13503246,290,1614498,21206,242,3
25.4566,1213,13503266,290,1614559,21206,279,3
25.4760,1214,13503286,290,1614612,21206,440,3
25.4955,1215,13503306,290,1614662,21206,392,3
25.5171,1216,13503326,290,1614716,21206,329,3
25.5363,1217,13503346,290,1614775,19778,327,3
25.5558,1218,13503366,290,1614834,19778,222,3
25.5773,1219,13503386,290,1614893,19778,366,3
25.5971,1220,13503406,290,1614951,19778,316,3
25.6165,1221,13503426,290,1615008,19778,299,3
25.6360,1222,13503446,290,1615067,20849,249,3
25.6551,1223,13503466,290,1615127,20849,387,3
25.6750,1224,13503486,290,1615187,20849,203,3
25.6971,1225,13503506,290,1615247,20849,267,3
25.7167,1226,13503526,290,1615301,20849,435,3
25.7362,1227,13503546,290,1615352,20492,459,3
25.7556,1228,13503566,290,1615406,20492,421,3
25.7770,1229,13503586,290,1615462,20492,280,3
25.7968,1230,13503606,290,1615521,20492,293,3
25.8164,1231,13503626,290,1615581,20492,251,3
25.8358,1232,13503646,290,1615639,20420,480,3
25.8550,1233,13503666,290,1615694,20420,323,3
25.8761,1234,13503686,290,1615751,20420,247,3
25.8958,1235,13503706,290,1615809,20420,364,3
25.9154,1236,13503726,290,1615868,20420,259,3
25.9366,1237,13503746,290,1615928,20563,295,3
25.9558,1238,13503766,290,1615985,20563,368,3
25.9752,1239,13503786,290,1616037,20563,390,3
25.9950,1240,13503806,290,1616092,20563,325,3
26.0168,1241,13503826,290,1616148,20563,286,3
26.0368,1242,13503846,290,1616206,19849,241,3
26.0561,1243,13503866,290,1616267,19849,232,3
26.0756,1244,13503886,290,1616328,19849,188,3
26.0962,1245,13503906,290,1616387,19849,392,3
26.1158,1246,13503926,290,1616443,19849,347,3
26.1360,1247,13503946,290,1616500,21063,288,3
26.1559,1248,13503966,290,1616559,21063,279,3
26.1751,1249,13503986,290,1616619,21063,316,3
26.1958,1250,13504006,290,1616677,21063,382,3
26.2162,1251,13504026,290,1616728,21063,620,3
26.2353,1252,13504046,290,1616780,20063,395,3
26.2570,1253,13504066,290,1616835,20063,390,3
26.2764,1254,13504086,290,1616893,20063,242,3
26.2957,1255,13504106,290,1616954,20063,252,3
26.3155,1256,13504126,290,1617013,20063,311,3
26.3355,1257,13504146,290,1617070,20634,365,3
26.3552,1258,13504166,290,1617128,20634,280,3
26.3753,1259,13504186,290,1617187,20634,236,3
26.3954,1260,13504206,290,1617247,20634,227,3
26.4160,1261,13504226,290,1617308,20634,233,3
26.4385,1262,13504246,290,1617367,21134,474,3
26.4569,1263,13504266,290,1617420,21134,443,3
26.4765,1264,13504286,290,1617474,21134,464,3
26.4963,1265,13504306,290,1617530,21134,343,3
26.5157,1266,13504326,290,1617589,21134,262,3
26.5358,1267,13504346,290,1617649,20135,209,3
26.5556,1268,13504366,290,1617710,20135,272,3
26.5779,1269,13504386,290,1617769,20135,305,3
26.5952,1270,13504406,290,1617827,20135,290,3
26.6155,1271,13504426,290,1617885,20135,226,3
26.6356,1272,13504446,290,1617945,21134,305,3
26.6553,1273,13504466,290,1618005,21134,311,3
26.6765,1274,13504486,290,1618065,21134,275,3
26.6961,1275,13504506,290,1618117,21134,449,3
26.7157,1276,13504526,290,1618169,21134,428,3
26.7369,1277,13504546,290,1618225,20063,318,3
26.7562,1278,13504566,290,1618283,20063,327,3
26.7776,1279,13504586,290,1618344,20063,220,3
26.7951,1280,13504606,290,1618404,20063,290,3
26.8167,1281,13504626,290,1618461,20063,295,3
26.8359,1282,13504646,290,1618518,20920,414,3
26.8550,1283,13504666,290,1618577,20920,225,3
26.8761,1284,13504686,290,1618637,20920,267,3
26.8962,1285,13504706,290,1618698,20920,205,3
26.9158,1286,13504726,290,1618758,20920,320,3
26.9349,1287,13504746,290,1618811,20992,413,3
26.9561,1288,13504766,290,1618862,20992,437,3
26.9773,1289,13504786,290,1618917,20992,304,3
26.9969,1290,13504806,290,1618976,20992,232,3
27.0167,1291,13504826,290,1619036,20992,243,3
27.0360,1292,13504846,290,1619096,20135,391,3
27.0553,1293,13504866,290,1619153,20135,253,3
27.0764,1294,13504886,290,1619211,20135,258,3
27.0960,1295,13504906,290,1619269,20135,246,3
27.1156,1296,13504926,290,1619329,20135,342,3
27.1353,1297,13504946,290,1619390,21063,225,3
27.1566,1298,13504966,290,1619450,21063,347,3
27.1757,1299,13504986,290,1619502,21063,557,3
27.1954,1300,13505006,290,1619552,21063,400,3
27.2170,1301,13505026,290,1619606,21063,451,3
27.2359,1302,13505046,290,1619663,19492,222,3
27.2553,1303,13505066,290,1619722,19492,229,3
27.2789,1304,13505086,290,1619781,19492,265,3
27.2967,1305,13505106,290,1619839,19492,243,3
27.3160,1306,13505126,290,1619895,19492,343,3
27.3356,1307,13505146,290,1619953,20777,247,3
27.3563,1308,13505166,290,1620013,20777,296,3
27.3756,1309,13505186,290,1620075,20777,256,3
27.3952,1310,13505206,290,1620135,20777,317,3
27.4168,1311,13505226,290,1620186,20777,513,3
27.4361,1312,13505246,290,1620234,20206,419,3
27.4557,1313,13505266,290,1620287,20206,328,3
27.4769,1314,13505286,290,1620344,20206,328,3
27.4968,1315,13505306,290,1620402,20206,225,3
27.5161,1316,13505326,290,1620461,20206,355,3
27.5352,1317,13505346,290,1620520,20206,253,3
27.5564,1318,13505366,290,1620578,20206,328,3
27.5755,1319,13505386,290,1620636,20206,217,3
27.5951,1320,13505406,290,1620696,20206,339,3
27.6169,1321,13505426,290,1620756,20206,246,3
27.6361,1322,13505446,290,1620817,21206,200,3
27.6555,1323,13505466,290,1620873,21206,358,3
27.6768,1324,13505486,290,1620921,21206,472,3
27.6960,1325,13505506,290,1620972,21206,493,3
27.7158,1326,13505526,290,1621028,21206,286,3
27.7349,1327,13505546,290,1621086,19206,248,3
27.7559,1328,13505566,290,1621145,19206,315,3
27.7771,1329,13505586,290,1621203,19206,246,3
27.7970,1330,13505606,290,1621260,19206,331,3
27.8164,1331,13505626,290,1621319,19206,230,3
27.8359,1332,13505646,290,1621379,20920,301,3
27.8554,1333,13505666,290,1621440,20920,256,3
27.8767,1334,13505686,290,1621501,20920,168,3
27.8961,1335,13505706,290,1621560,20920,353,3
27.9156,1336,13505726,290,1621611,20920,501,3
27.9368,1337,13505746,290,1621662,20349,370,3
27.9564,1338,13505766,290,1621716,20349,332,3
27.9756,1339,13505786,290,1621775,20349,235,3
27.9957,1340,13505806,290,1621834,20349,237,3
28.0152,1341,13505826,290,1621893,20349,279,3
28.0365,1342,13505846,290,1621951,20492,254,3
28.0559,1343,13505866,290,1622009,20492,301,3
28.0752,1344,13505886,290,1622069,20492,264,3
28.0966,1345,13505906,290,1622129,20492,214,3
28.1159,1346,13505926,290,1622191,20492,230,3
28.1369,1347,13505946,290,1622251,21420,393,3
28.1559,1348,13505966,290,1622301,21420,529,3
28.1768,1349,13505986,290,1622349,21420,483,3
28.1963,1350,13506006,290,1622401,21420,445,3
28.2155,1351,13506026,290,1622459,21420,301,3
28.2359,1352,13506046,290,1622517,19064,293,3
28.2560,1353,13506066,290,1622577,19064,245,3
28.2752,1354,13506086,290,1622635,19064,358,3
28.2972,1355,13506106,290,1622692,19064,300,3
28.3168,1356,13506126,290,1622751,19064,246,3
28.3363,1357,13506146,290,1622811,20920,240,3
28.3557,1358,13506166,290,1622871,20920,343,3
28.3770,1359,13506186,290,1622932,20920,267,3
28.3964,1360,13506206,290,1622989,20920,470,3
28.4158,1361,13506226,290,1623039,20920,427,3
28.4351,1362,13506246,290,1623092,20206,341,3
28.4563,1363,13506266,290,1623148,20206,407,3
28.4752,1364,13506286,290,1623207,20206,238,3
28.4972,1365,13506306,290,1623267,20206,248,3
28.5165,1366,13506326,290,1623327,20206,277,3
28.5357,1367,13506346,290,1623384,20777,390,3
28.5550,1368,13506366,290,1623441,20777,227,3
28.5764,1369,13506386,290,1623500,20777,300,3
28.5962,1370,13506406,290,1623560,20777,193,3
28.6161,1371,13506426,290,1623620,20777,261,3
28.6357,1372,13506446,290,1623678,20992,307,3
28.6556,1373,13506466,290,1623728,20992,470,3
28.6749,1374,13506486,290,1623780,20992,360,3
28.6970,1375,13506506,290,1623834,20992,320,3
28.7164,1376,13506526,290,1623892,20992,284,3
28.7357,1377,13506546,290,1623952,19563,208,3
28.7550,1378,13506566,290,1624010,19563,286,3
28.7764,1379,13506586,290,1624066,19563,453,3
28.7974,1380,13506606,290,1624123,19563,313,3
28.8154,1381,13506626,290,1624181,19563,300,3
28.8368,1382,13506646,290,1624241,20563,242,3
28.8562,1383,13506666,290,1624301,20563,339,3
28.8754,1384,13506686,290,1624360,20563,326,3
28.8972,1385,13506706,290,1624414,20563,376,3
28.9165,1386,13506726,290,1624468,20563,318,3
28.9358,1387,13506746,290,1624523,20206,337,3
28.9551,1388,13506766,290,1624581,20206,273,3
28.9763,1389,13506786,290,1624641,20206,338,3
28.9959,1390,13506806,290,1624703,20206,208,3
29.0153,1391,13506826,290,1624763,20206,288,3
29.0367,1392,13506846,290,1624820,21206,329,3
29.0558,1393,13506866,290,1624876,21206,412,3
29.0770,1394,13506886,290,1624934,21206,273,3
29.0964,1395,13506906,290,1624994,21206,279,3
29.1157,1396,13506926,290,1625053,21206,289,3
29.1369,1397,13506946,290,1625106,20563,427,3
29.1560,1398,13506966,290,1625156,20563,450,3
29.1750,1399,13506986,290,1625209,20563,391,3
29.1965,1400,13507006,290,1625267,20563,254,3
29.2158,1401,13507026,290,1625326,20563,291,3
29.2356,1402,13507046,290,1625387,19778,305,3
29.2569,1403,13507066,290,1625445,19778,309,3
29.2761,1404,13507086,290,1625503,19778,252,3
29.2957,1405,13507106,290,1625561,19778,281,3
29.3159,1406,13507126,290,1625621,19778,316,3
29.3352,1407,13507146,290,1625682,21134,180,3
29.3565,1408,13507166,290,1625743,21134,217,3
29.3756,1409,13507186,290,1625800,21134,329,3
29.3973,1410,13507206,290,1625852,21134,402,3
29.4169,1411,13507226,290,1625906,21134,311,3
29.4359,1412,13507246,290,1625963,20063,344,3
29.4570,1413,13507266,290,1626023,20063,235,3
29.4759,1414,13507286,290,1626084,20063,249,3
29.4952,1415,13507306,290,1626143,20063,294,3
29.5152,1416,13507326,290,1626200,20063,386,3
29.5368,1417,13507346,290,1626259,21134,235,3
29.5559,1418,13507366,290,1626317,21134,252,3
29.5750,1419,13507386,290,1626378,21134,216,3
29.5963,1420,13507406,290,1626439,21134,221,3
29.6156,1421,13507426,290,1626494,21134,334,3
29.6369,1422,13507446,290,1626546,20634,360,3
29.6561,1423,13507466,290,1626600,20634,326,3
29.6750,1424,13507486,290,1626657,20634,322,3
29.6964,1425,13507506,290,1626717,20634,211,3
29.7158,1426,13507526,290,1626778,20634,238,3
29.7370,1427,13507546,290,1626838,20706,395,3
29.7563,1428,13507566,290,1626895,20706,256,3
29.7753,1429,13507586,290,1626953,20706,243,3
29.7973,1430,13507606,290,1627013,20706,253,3
29.8167,1431,13507626,290,1627073,20706,333,3
29.8360,1432,13507646,290,1627134,21134,237,3
29.8554,1433,13507666,290,1627191,21134,395,3
29.8765,1434,13507686,290,1627243,21134,440,3
29.8957,1435,13507706,290,1627296,21134,347,3
29.9151,1436,13507726,290,1627353,21134,318,3
29.9364,1437,13507746,290,1627413,19920,283,3
29.9554,1438,13507766,290,1627473,19920,211,3
29.9764,1439,13507786,290,1627532,19920,331,3
29.9960,1440,13507806,290,1627589,19920,295,3
30.0158,1441,13507826,290,1627648,19920,281,3
30.0371,1442,13507846,290,1627707,20992,247,3
30.0564,1443,13507866,290,1627768,20992,269,3
30.0754,1444,13507886,290,1627828,20992,258,3
30.0967,1445,13507906,290,1627883,20992,461,3
30.1163,1446,13507926,290,1627931,20992,475,3
30.1355,1447,13507946,290,1627983,19849,331,3
30.1567,1448,13507966,290,1628039,19849,284,3
30.1756,1449,13507986,290,1628097,19849,392,3
30.1971,1450,13508006,290,1628156,19849,236,3
30.2165,1451,13508026,290,1628213,19849,272,3
30.2361,1452,13508046,290,1628270,20420,355,3
30.2571,1453,13508066,290,1628328,20420,264,3
30.2759,1454,13508086,290,1628388,20420,237,3
30.2982,1455,13508106,290,1628448,20420,233,3
30.3151,1456,13508126,290,1628509,20420,203,3
30.3363,1457,13508146,290,1628565,21206,471,3
30.3557,1458,13508166,290,1628613,21206,512,3
30.3770,1459,13508186,290,1628663,21206,464,3
30.3962,1460,13508206,290,1628719,21206,338,3
30.4156,1461,13508226,290,1628777,21206,278,3
30.4350,1462,13508246,290,1628836,19135,290,3
30.4564,1463,13508266,290,1628894,19135,261,3
30.4757,1464,13508286,290,1628952,19135,328,3
30.4951,1465,13508306,290,1629012,19135,251,3
30.5168,1466,13508326,290,1629072,19135,217,3
30.5365,1467,13508346,290,1629132,21134,264,3
30.5564,1468,13508366,290,1629193,21134,167,3
30.5757,1469,13508386,290,1629254,21134,257,3
30.5954,1470,13508406,290,1629307,21134,411,3
30.6152,1471,13508426,290,1629356,21134,529,3
30.6365,1472,13508446,290,1629409,19920,353,3
30.6557,1473,13508466,290,1629467,19920,262,3
30.6767,1474,13508486,290,1629527,19920,385,3
30.6959,1475,13508506,290,1629585,19920,254,3
30.7152,1476,13508526,290,1629643,19920,284,3
30.7369,1477,13508546,290,1629701,20777,277,3
30.7560,1478,13508566,290,1629761,20777,320,3
30.7752,1479,13508586,290,1629821,20777,232,3
30.7994,1480,13508606,290,1629882,20777,253,3
30.8169,1481,13508626,290,1629943,20777,341,3
30.8373,1482,13508646,290,1629996,21206,586,3
30.8567,1483,13508666,290,1630045,21206,389,3
30.8758,1484,13508686,290,1630099,21206,290,3
30.8953,1485,13508706,290,1630156,21206,316,3
30.9151,1486,13508726,290,1630215,21206,205,3
30.9366,1487,13508746,290,1630274,19635,416,3
30.9563,1488,13508766,290,1630331,19635,265,3
30.9759,1489,13508786,290,1630389,19635,294,3
30.9973,1490,13508806,290,1630448,19635,261,3
31.0170,1491,13508826,290,1630508,19635,341,3
31.0366,1492,13508846,290,1630569,21063,231,3
31.0557,1493,13508866,290,1630631,21063,258,3
31.0768,1494,13508886,290,1630685,21063,486,3
31.0960,1495,13508906,290,1630733,21063,440,3
31.1153,1496,13508926,290,1630786,21063,455,3
31.1369,1497,13508946,290,1630843,19563,306,3
31.1563,1498,13508966,290,1630902,19563,295,3
31.1759,1499,13508986,290,1630962,19563,237,3
31.1953,1500,13509006,290,1631021,19563,380,3
31.2150,1501,13509026,290,1631079,19563,275,3
31.2353,1502,13509046,290,1631138,21063,269,3
31.2565,1503,13509066,290,1631198,21063,193,3
31.2758,1504,13509086,290,1631259,21063,232,3
31.3005,1505,13509106,290,1631320,21063,311,3
31.3158,1506,13509126,290,1631379,21063,336,3
31.3356,1507,13509146,290,1631429,21063,472,3
31.3555,1508,13509166,290,1631481,21063,437,3
31.3768,1509,13509186,290,1631536,21063,301,3
31.3965,1510,13509206,290,1631595,21063,329,3
31.4162,1511,13509226,290,1631655,21063,245,3
31.4356,1512,13509246,290,1631714,20135,355,3
31.4549,1513,13509266,290,1631771,20135,311,3
31.4760,1514,13509286,290,1631828,20135,272,3
31.4955,1515,13509306,290,1631887,20135,238,3
31.5154,1516,13509326,290,1631946,20135,243,3
31.5355,1517,13509346,290,1632006,20777,210,3
31.5556,1518,13509366,290,1632064,20777,419,3
31.5749,1519,13509386,290,1632116,20777,444,3
31.5962,1520,13509406,290,1632168,20777,366,3
31.6157,1521,13509426,290,1632223,20777,269,3
31.6370,1522,13509446,290,1632281,19706,285,3
31.6561,1523,13509466,290,1632341,19706,309,3
31.6753,1524,13509486,290,1632401,19706,225,3
31.6969,1525,13509506,290,1632459,19706,300,3
31.7163,1526,13509526,290,1632515,19706,379,3
31.7355,1527,13509546,290,1632573,20849,257,3
31.7552,1528,13509566,290,1632632,20849,305,3
31.7762,1529,13509586,290,1632692,20849,258,3
31.8009,1530,13509606,290,1632752,20849,295,3
31.8159,1531,13509626,290,1632808,20849,409,3
31.8353,1532,13509646,290,1632860,20563,325,3
31.8567,1533,13509666,290,1632916,20563,291,3
31.8756,1534,13509686,290,1632973,20563,297,3
31.8971,1535,13509706,290,1633033,20563,187,3
31.9167,1536,13509726,290,1633094,20563,189,3
31.9365,1537,13509746,290,1633154,20920,413,3
31.9560,1538,13509766,290,1633211,20920,350,3
31.9751,1539,13509786,290,1633268,20920,279,3
31.9969,1540,13509806,290,1633326,20920,333,3
32.0162,1541,13509826,290,1633385,20920,253,3
32.0359,1542,13509846,290,1633445,20706,299,3
32.0554,1543,13509866,290,1633499,20706,491,3
32.0763,1544,13509886,290,1633549,20706,437,3
32.0961,1545,13509906,290,1633602,20706,458,3
32.1157,1546,13509926,290,1633659,20706,285,3
32.1353,1547,13509946,290,1633719,19492,305,3
32.1568,1548,13509966,290,1633779,19492,230,3
32.1760,1549,13509986,290,1633837,19492,440,3
32.1963,1550,13510006,290,1633893,19492,291,3
32.2163,1551,13510026,290,1633952,19492,258,3
32.2360,1552,13510046,290,1634012,20920,226,3
32.2569,1553,13510066,290,1634072,20920,322,3
32.2758,1554,13510086,290,1634133,20920,277,3
32.3027,1555,13510106,290,1634190,20920,397,3
32.3156,1556,13510126,290,1634243,20920,487,3
32.3371,1557,13510146,290,1634297,20492,381,3
32.3562,1558,13510166,290,1634355,20492,267,3
32.3751,1559,13510186,290,1634414,20492,268,3
32.3950,1560,13510206,290,1634475,20492,316,3
32.4166,1561,13510226,290,1634536,20492,259,3
32.4359,1562,13510246,290,1634595,21206,318,3
32.4553,1563,13510266,290,1634653,21206,222,3
32.4763,1564,13510286,290,1634712,21206,320,3
32.4953,1565,13510306,290,1634772,21206,259,3
32.5168,1566,13510326,290,1634833,21206,196,3
32.5363,1567,13510346,290,1634891,21277,377,3
32.5556,1568,13510366,290,1634943,21277,393,3
32.5767,1569,13510386,290,1634997,21277,354,3
32.5958,1570,13510406,290,1635053,21277,343,3
32.6153,1571,13510426,290,1635113,21277,247,3
32.6350,1572,13510446,290,1635174,20063,237,3
32.6563,1573,13510466,290,1635233,20063,371,3
32.6752,1574,13510486,290,1635290,20063,315,3
32.6970,1575,13510506,290,1635348,20063,281,3
32.7164,1576,13510526,290,1635408,20063,210,3
32.7356,1577,13510546,290,1635468,20992,272,3
32.7553,1578,13510566,290,1635529,20992,172,3
32.7765,1579,13510586,290,1635586,20992,531,3
32.8030,1580,13510606,290,1635637,20992,411,3
32.8160,1581,13510626,290,1635690,20992,369,3
32.8353,1582,13510646,290,1635747,19920,283,3
32.8569,1583,13510666,290,1635806,19920,231,3
32.8759,1584,13510686,290,1635866,19920,259,3
32.8954,1585,13510706,290,1635926,19920,375,3
32.9169,1586,13510726,290,1635984,19920,236,3
32.9360,1587,13510746,290,1636041,21063,249,3
32.9553,1588,13510766,290,1636101,21063,263,3
32.9762,1589,13510786,290,1636161,21063,326,3
32.9954,1590,13510806,290,1636221,21063,236,3
33.0156,1591,13510826,290,1636278,21063,403,3
33.0350,1592,13510846,290,1636327,20563,483,3
33.0564,1593,13510866,290,1636378,20563,413,3
33.0754,1594,13510886,290,1636433,20563,245,3
33.0970,1595,13510906,290,1636492,20563,316,3
33.1167,1596,13510926,290,1636552,20563,209,3
33.1362,1597,13510946,290,1636608,19992,366,3
33.1555,1598,13510966,290,1636665,19992,289,3
33.1766,1599,13510986,290,1636723,19992,251,3
33.1956,1600,13511006,290,1636783,19992,247,3
33.2153,1601,13511026,290,1636843,19992,302,3
33.2365,1602,13511046,290,1636905,21063,224,3
33.2568,1603,13511066,290,1636961,21063,497,3
33.2756,1604,13511086,290,1637009,21063,442,3
33.3037,1605,13511106,290,1637059,21063,502,3
33.3166,1606,13511126,290,1637113,21063,347,3
33.3356,1607,13511146,290,1637171,18992,256,3
33.3569,1608,13511166,290,1637229,18992,358,3
33.3760,1609,13511186,290,1637288,18992,290,3
33.3957,1610,13511206,290,1637345,18992,329,3
33.4150,1611,13511226,290,1637404,18992,262,3
33.4365,1612,13511246,290,1637463,20849,374,3
33.4559,1613,13511266,290,1637523,20849,204,3
33.4749,1614,13511286,290,1637584,20849,184,3
33.4964,1615,13511306,290,1637644,20849,357,3
33.5161,1616,13511326,290,1637697,20849,498,3
33.5355,1617,13511346,290,1637745,20420,416,3
33.5569,1618,13511366,290,1637799,20420,315,3
33.5757,1619,13511386,290,1637856,20420,304,3
33.5973,1620,13511406,290,1637915,20420,267,3
33.6152,1621,13511426,290,1637974,20420,380,3
33.6365,1622,13511446,290,1638032,20206,237,3
33.6559,1623,13511466,290,1638090,20206,247,3
33.6754,1624,13511486,290,1638150,20206,204,3
33.6966,1625,13511506,290,1638210,20206,317,3
33.7164,1626,13511526,290,1638272,20206,248,3
33.7356,1627,13511546,290,1638333,21491,246,3
33.7553,1628,13511566,290,1638388,21491,370,3
33.7766,1629,13511586,290,1638438,21491,448,3
33.7949,1630,13511606,290,1638491,21491,369,3
33.8169,1631,13511626,290,1638547,21491,267,3
33.8365,1632,13511646,290,1638606,19492,233,3
33.8558,1633,13511666,290,1638665,19492,237,3
33.8750,1634,13511686,290,1638723,19492,366,3
33.8970,1635,13511706,290,1638780,19492,251,3
33.9165,1636,13511726,290,1638839,19492,302,3
33.9358,1637,13511746,290,1638899,20920,204,3
33.9549,1638,13511766,290,1638959,20920,246,3
33.9767,1639,13511786,290,1639020,20920,357,3
33.9958,1640,13511806,290,1639075,20920,487,3
34.0153,1641,13511826,290,1639122,20920,435,3
34.0369,1642,13511846,290,1639173,19706,409,3
34.0560,1643,13511866,290,1639228,19706,302,3
34.0770,1644,13511886,290,1639286,19706,311,3
34.0961,1645,13511906,290,1639345,19706,238,3
34.1158,1646,13511926,290,1639404,19706,405,3
34.1349,1647,13511946,290,1639462,20563,291,3
34.1562,1648,13511966,290,1639520,20563,265,3
34.1756,1649,13511986,290,1639579,20563,243,3
34.1951,1650,13512006,290,1639639,20563,377,3
34.2166,1651,13512026,290,1639700,20563,217,3
34.2357,1652,13512046,290,1639760,21206,272,3
34.2554,1653,13512066,290,1639812,21206,460,3
34.2764,1654,13512086,290,1639863,21206,465,3
34.2956,1655,13512106,290,1639917,21206,444,3
34.3153,1656,13512126,290,1639975,21206,259,3
34.3353,1657,13512146,290,1640035,19563,268,3
34.3563,1658,13512166,290,1640095,19563,240,3
34.3753,1659,13512186,290,1640153,19563,357,3
34.3969,1660,13512206,290,1640210,19563,268,3
34.4163,1661,13512226,290,1640268,19563,297,3
34.4359,1662,13512246,290,1640327,20920,206,3
34.4553,1663,13512266,290,1640387,20920,301,3
34.4765,1664,13512286,290,1640447,20920,302,3
34.4956,1665,13512306,290,1640500,20920,439,3
34.5150,1666,13512326,290,1640549,20920,438,3
34.5363,1667,13512346,290,1640602,19778,386,3
34.5555,1668,13512366,290,1640659,19778,254,3
34.5766,1669,13512386,290,1640718,19778,243,3
34.5958,1670,13512406,290,1640777,19778,252,3
34.6151,1671,13512426,290,1640833,19778,434,3
34.6366,1672,13512446,290,1640889,20420,328,3
34.6558,1673,13512466,290,1640947,20420,237,3
34.6749,1674,13512486,290,1641006,20420,288,3
34.6959,1675,13512506,290,1641065,20420,258,3
34.7154,1676,13512526,290,1641125,20420,241,3
34.7351,1677,13512546,290,1641183,20992,332,3
34.7562,1678,13512566,290,1641236,20992,352,3
34.7753,1679,13512586,290,1641290,20992,294,3
34.7951,1680,13512606,290,1641347,20992,386,3
34.8168,1681,13512626,290,1641405,20992,247,3
34.8359,1682,13512646,290,1641465,20063,249,3
34.8550,1683,13512666,290,1641527,20063,274,3
34.8763,1684,13512686,290,1641587,20063,258,3
34.8958,1685,13512706,290,1641643,20063,390,3
34.9153,1686,13512726,290,1641700,20063,277,3
34.9351,1687,13512746,290,1641759,20992,241,3
34.9564,1688,13512766,290,1641818,20992,264,3
34.9758,1689,13512786,290,1641877,20992,389,3
34.9970,1690,13512806,290,1641928,20992,408,3
35.0169,1691,13512826,290,1641979,20992,446,3
35.0364,1692,13512846,290,1642033,19635,309,3
35.0563,1693,13512866,290,1642091,19635,348,3
35.0756,1694,13512886,290,1642151,19635,237,3
35.0948,1695,13512906,290,1642210,19635,334,3
35.1165,1696,13512926,290,1642267,19635,311,3
35.1362,1697,13512946,290,1642324,20777,300,3
35.1556,1698,13512966,290,1642384,20777,231,3
35.1767,1699,13512986,290,1642443,20777,262,3
35.1960,1700,13513006,290,1642503,20777,194,3
35.2152,1701,13513026,290,1642563,20777,407,3
35.2365,1702,13513046,290,1642616,20992,433,3
35.2560,1703,13513066,290,1642669,20992,506,3
35.2756,1704,13513086,290,1642724,20992,305,3
35.2951,1705,13513106,290,1642781,20992,243,3
35.3168,1706,13513126,290,1642841,20992,280,3
35.3361,1707,13513146,290,1642902,20206,337,3
35.3552,1708,13513166,290,1642961,20206,262,3
35.3760,1709,13513186,290,1643017,20206,267,3
35.3955,1710,13513206,290,1643076,20206,301,3
35.4156,1711,13513226,290,1643135,20206,256,3
35.4350,1712,13513246,290,1643195,20920,245,3
35.4564,1713,13513266,290,1643256,20920,359,3
35.4757,1714,13513286,290,1643309,20920,584,3
35.4951,1715,13513306,290,1643361,20920,384,3
35.5169,1716,13513326,290,1643416,20920,445,3
35.5362,1717,13513346,290,1643474,19920,214,3
35.5553,1718,13513366,290,1643534,19920,220,3
35.5762,1719,13513386,290,1643595,19920,257,3
35.5958,1720,13513406,290,1643653,19920,297,3
35.6153,1721,13513426,290,1643711,19920,269,3
35.6372,1722,13513446,290,1643770,21134,286,3
35.6568,1723,13513466,290,1643830,21134,273,3
35.6762,1724,13513486,290,1643891,21134,185,3
35.6954,1725,13513506,290,1643952,21134,275,3
35.7151,1726,13513526,290,1644007,21134,409,3
35.7351,1727,13513546,290,1644059,20777,391,3
35.7565,1728,13513566,270,1644113,20777,212,3
35.7758,1729,13513586,270,1644170,20777,203,3
35.7948,1730,13513606,270,1644228,20777,225,3
35.8165,1731,13513626,270,1644287,20777,182,3
35.8361,1732,13513646,270,1644343,20206,285,3
35.8552,1733,13513666,270,1644397,20206,374,3
35.8766,1734,13513686,270,1644452,20206,243,3
35.8964,1735,13513706,270,1644508,20206,201,3
35.9159,1736,13513726,270,1644565,20206,278,3
35.9355,1737,13513746,270,1644622,19920,263,3
35.9569,1738,13513766,270,1644673,19920,501,3
35.9763,1739,13513786,270,1644719,19920,471,3
35.9955,1740,13513806,270,1644767,19920,343,3
36.0151,1741,13513826,270,1644819,19920,251,3
36.0371,1742,13513846,270,1644873,17921,225,3
36.0565,1743,13513866,270,1644928,17921,316,3
36.0763,1744,13513886,270,1644984,17921,329,3
36.0955,1745,13513906,270,1645037,17921,406,3
36.1153,1746,13513926,270,1645090,17921,320,3
36.1357,1747,13513946,270,1645145,19492,275,3
36.1549,1748,13513966,270,1645201,19492,178,3
36.1764,1749,13513986,270,1645259,19492,222,3
36.1955,1750,13514006,270,1645316,19492,277,3
36.2154,1751,13514026,270,1645367,19492,408,3
36.2358,1752,13514046,270,1645412,19206,466,3
36.2597,1753,13514066,270,1645459,19206,344,3
36.2751,1754,13514086,270,1645511,19206,262,3
36.2964,1755,13514106,270,1645565,19206,270,3
36.3161,1756,13514126,270,1645620,19206,230,3
36.3363,1757,13514146,270,1645676,18635,339,3
36.3556,1758,13514166,270,1645730,18635,339,3
36.3750,1759,13514186,270,1645783,18635,411,3
36.3960,1760,13514206,270,1645838,18635,275,3
36.4155,1761,13514226,270,1645893,18635,235,3
36.4354,1762,13514246,270,1645949,19492,194,3
36.4568,1763,13514266,270,1646006,19492,261,3
36.4764,1764,13514286,270,1646060,19492,481,3
36.4954,1765,13514306,270,1646104,19492,669,3
36.5151,1766,13514326,270,1646149,19492,442,3
36.5349,1767,13514346,270,1646199,17921,363,3
36.5563,1768,13514366,270,1646252,17921,361,3
36.5758,1769,13514386,270,1646306,17921,312,3
36.5949,1770,13514406,270,1646360,17921,401,3
36.6149,1771,13514426,270,1646413,17921,341,3
36.6367,1772,13514446,270,1646467,19135,359,3
36.6559,1773,13514466,270,1646521,19135,305,3
36.6752,1774,13514486,270,1646577,19135,216,3
36.6962,1775,13514506,270,1646634,19135,229,3
36.7160,1776,13514526,270,1646691,19135,229,3
36.7361,1777,13514546,270,1646747,19992,329,3
36.7601,1778,13514566,270,1646795,19992,449,3
36.7751,1779,13514586,270,1646842,19992,437,3
36.7964,1780,13514606,270,1646892,19992,429,3
36.8159,1781,13514626,270,1646945,19992,305,3
36.8354,1782,13514646,270,1647000,18064,336,3
36.8565,1783,13514666,270,1647056,18064,224,3
36.8759,1784,13514686,270,1647111,18064,230,3
36.8951,1785,13514706,270,1647165,18064,216,3
36.9169,1786,13514726,270,1647220,18064,233,3
36.9363,1787,13514746,270,1647276,19635,318,3
36.9556,1788,13514766,270,1647332,19635,225,3
36.9750,1789,13514786,270,1647389,19635,203,3
36.9964,1790,13514806,270,1647445,19635,377,3
37.0160,1791,13514826,270,1647492,19635,587,3
37.0357,1792,13514846,270,1647536,18778,459,3
37.0549,1793,13514866,270,1647585,18778,349,3
37.0767,1794,13514886,270,1647639,18778,406,3
37.0958,1795,13514906,270,1647693,18778,286,3
37.1155,1796,13514926,270,1647749,18778,254,3
37.1351,1797,13514946,270,1647804,18992,219,3
37.1563,1798,13514966,270,1647858,18992,256,3
37.1755,1799,13514986,270,1647912,18992,258,3
37.1969,1800,13515006,270,1647967,18992,224,3
37.2165,1801,13515026,270,1648023,18992,373,3
37.2367,1802,13515046,270,1648079,19563,205,3
37.2610,1803,13515066,270,1648136,19563,203,3
37.2760,1804,13515086,270,1648187,19563,382,3
37.2950,1805,13515106,270,1648232,19563,438,3
37.3167,1806,13515126,270,1648280,19563,509,3
37.3370,1807,13515146,270,1648331,18135,301,3
37.3566,1808,13515166,270,1648385,18135,350,3
37.3759,1809,13515186,270,1648440,18135,259,3
37.3969,1810,13515206,270,1648496,18135,254,3
37.4163,1811,13515226,270,1648549,18135,300,3
37.4368,1812,13515246,270,1648602,19278,322,3
37.4562,1813,13515266,270,1648656,19278,243,3
37.4756,1814,13515286,270,1648711,19278,210,3
37.4968,1815,13515306,270,1648766,19278,221,3
37.5163,1816,13515326,270,1648822,19278,281,3
37.5359,1817,13515346,270,1648874,19492,406,3
37.5551,1818,13515366,270,1648920,19492,609,3
37.5764,1819,13515386,270,1648968,19492,307,3
37.5954,1820,13515406,270,1649019,19492,345,3
37.6171,1821,13515426,270,1649073,19492,267,3
37.6366,1822,13515446,270,1649128,17993,229,3
37.6560,1823,13515466,270,1649183,17993,294,3
37.6756,1824,13515486,270,1649234,17993,310,3
37.6966,1825,13515506,270,1649286,17993,274,3
37.7159,1826,13515526,270,1649340,17993,278,3
37.7355,1827,13515546,270,1649395,19064,217,3
37.7616,1828,13515566,270,1649450,19064,272,3
37.7766,1829,13515586,270,1649506,19064,273,3
37.7959,1830,13515606,270,1649560,19064,428,3
37.8153,1831,13515626,270,1649610,19064,365,3
37.8350,1832,13515646,270,1649659,18992,380,3
37.8565,1833,13515666,270,1649711,18992,337,3
37.8756,1834,13515686,270,1649765,18992,278,3
37.8965,1835,13515706,270,1649820,18992,225,3
37.9161,1836,13515726,270,1649876,18992,245,3
37.9368,1837,13515746,270,1649933,19492,280,3
37.9563,1838,13515766,270,1649988,19492,368,3
37.9754,1839,13515786,270,1650039,19492,379,3
37.9965,1840,13515806,270,1650092,19492,370,3
38.0160,1841,13515826,270,1650145,19492,285,3
38.0356,1842,13515846,270,1650201,19064,316,3
38.0551,1843,13515866,270,1650256,19064,310,3
38.0764,1844,13515886,270,1650303,19064,409,3
38.0953,1845,13515906,270,1650349,19064,542,3
38.1169,1846,13515926,270,1650398,19064,295,3
38.1368,1847,13515946,270,1650451,17921,247,3
38.1562,1848,13515966,270,1650506,17921,227,3
38.1752,1849,13515986,270,1650562,17921,350,3
38.1962,1850,13516006,270,1650617,17921,302,3
38.2158,1851,13516026,270,1650671,17921,328,3
38.2355,1852,13516046,270,1650724,19492,273,3
38.2618,1853,13516066,270,1650780,19492,230,3
38.2767,1854,13516086,270,1650836,19492,210,3
38.2957,1855,13516106,270,1650892,19492,256,3
38.3175,1856,13516126,270,1650948,19492,295,3
38.3353,1857,13516146,270,1651000,19778,406,3
38.3568,1858,13516166,270,1651048,19778,374,3
38.3761,1859,13516186,270,1651099,19778,327,3
38.3949,1860,13516206,270,1651152,19778,240,3
38.4168,1861,13516226,270,1651207,19778,193,3
38.4359,1862,13516246,270,1651264,18707,237,3
38.4553,1863,13516266,270,1651320,18707,353,3
38.4765,1864,13516286,270,1651372,18707,414,3
38.4956,1865,13516306,270,1651426,18707,299,3
38.5151,1866,13516326,270,1651481,18707,300,3
38.5368,1867,13516346,270,1651536,19492,196,3
38.5559,1868,13516366,270,1651593,19492,176,3
38.5751,1869,13516386,270,1651649,19492,373,3
38.5962,1870,13516406,270,1651698,19492,397,3
38.6156,1871,13516426,270,1651747,19492,371,3
38.6354,1872,13516446,270,1651797,18707,352,3
38.6552,1873,13516466,270,1651850,18707,254,3
38.6765,1874,13516486,270,1651905,18707,341,3
38.6955,1875,13516506,270,1651961,18707,263,3
38.7171,1876,13516526,270,1652017,18707,302,3
38.7368,1877,13516546,270,1652068,19349,313,3
38.7632,1878,13516566,270,1652121,19349,318,3
38.7761,1879,13516586,270,1652176,19349,241,3
38.7950,1880,13516606,270,1652232,19349,198,3
38.8171,1881,13516626,270,1652288,19349,251,3
38.8368,1882,13516646,270,1652344,19563,321,3
38.8559,1883,13516666,270,1652393,19563,442,3
38.8752,1884,13516686,270,1652441,19563,461,3
38.8966,1885,13516706,270,1652491,19563,322,3
38.9163,1886,13516726,270,1652544,19563,296,3
38.9356,1887,13516746,270,1652600,18278,291,3
38.9570,1888,13516766,270,1652656,18278,248,3
38.9763,1889,13516786,270,1652711,18278,277,3
38.9952,1890,13516806,270,1652764,18278,281,3
39.0168,1891,13516826,270,1652819,18278,240,3
39.0358,1892,13516846,270,1652873,19563,215,3
39.0550,1893,13516866,270,1652929,19563,327,3
39.0761,1894,13516886,270,1652986,19563,254,3
39.0950,1895,13516906,270,1653042,19563,270,3
39.1170,1896,13516926,270,1653091,19563,524,3
39.1365,1897,13516946,270,1653136,18921,361,3
39.1558,1898,13516966,270,1653185,18921,392,3
39.1749,1899,13516986,270,1653237,18921,297,3
39.1959,1900,13517006,270,1653292,18921,337,3
39.2158,1901,13517026,270,1653347,18921,307,3
39.2353,1902,13517046,270,1653400,18707,418,3
39.2540,1903,13517066,270,1653453,18707,341,3
39.2757,1904,13517086,270,1653507,18707,363,3
39.2970,1905,13517106,270,1653562,18707,294,3
39.3164,1906,13517126,270,1653617,18707,210,3
39.3355,1907,13517146,270,1653674,19492,243,3
39.3549,1908,13517166,270,1653731,19492,323,3
39.3762,1909,13517186,270,1653778,19492,430,3
39.3951,1910,13517206,270,1653822,19492,422,3
39.4170,1911,13517226,270,1653869,19492,466,3
39.4363,1912,13517246,270,1653922,17778,307,3
39.4556,1913,13517266,270,1653976,17778,370,3
39.4750,1914,13517286,270,1654031,17778,232,3
39.4959,1915,13517306,270,1654086,17778,258,3
39.5158,1916,13517326,270,1654140,17778,216,3
39.5351,1917,13517346,270,1654195,19421,235,3
39.5566,1918,13517366,270,1654250,19421,245,3
39.5758,1919,13517386,270,1654305,19421,245,3
39.5950,1920,13517406,270,1654362,19421,248,3
39.6168,1921,13517426,270,1654419,19421,198,3
39.6362,1922,13517446,270,1654472,19920,350,3
39.6552,1923,13517466,270,1654516,19920,435,3
39.6766,1924,13517486,270,1654562,19920,396,3
39.6959,1925,13517506,270,1654613,19920,348,3
39.7153,1926,13517526,270,1654667,19920,263,3
39.7348,1927,13517546,270,1654721,17707,384,3
39.7563,1928,13517566,270,1654775,17707,300,3
39.7757,1929,13517586,270,1654829,17707,403,3
39.7949,1930,13517606,270,1654883,17707,278,3
39.8164,1931,13517626,270,1654939,17707,247,3
39.8361,1932,13517646,270,1654995,19492,192,3
39.8556,1933,13517666,270,1655052,19492,243,3
39.8768,1934,13517686,270,1655109,19492,233,3
39.8958,1935,13517706,270,1655163,19492,396,3
39.9152,1936,13517726,270,1655208,19492,454,3
39.9369,1937,13517746,270,1655256,18778,496,3
39.9564,1938,13517766,270,1655307,18778,301,3
39.9756,1939,13517786,270,1655360,18778,336,3
39.9965,1940,13517806,270,1655416,18778,286,3
40.0162,1941,13517826,270,1655471,18778,295,3
40.0358,1942,13517846,270,1655524,19064,294,3
40.0549,1943,13517866,270,1655577,19064,313,3
40.0763,1944,13517886,270,1655632,19064,221,3
40.0953,1945,13517906,270,1655688,19064,180,3
40.1169,1946,13517926,270,1655744,19064,258,3
40.1362,1947,13517946,270,1655801,19706,262,3
40.1551,1948,13517966,270,1655855,19706,377,3
40.1764,1949,13517986,270,1655901,19706,501,3
40.1954,1950,13518006,270,1655946,19706,379,3
40.2168,1951,13518026,270,1655996,19706,325,3
40.2362,1952,13518046,270,1656049,17778,274,3
40.2565,1953,13518066,270,1656104,17778,253,3
40.2759,1954,13518086,270,1656159,17778,241,3
40.2949,1955,13518106,270,1656214,17778,371,3
40.3149,1956,13518126,270,1656268,17778,328,3
40.3364,1957,13518146,270,1656322,19492,364,3
40.3557,1958,13518166,270,1656377,19492,293,3
40.3749,1959,13518186,270,1656433,19492,205,3
40.3964,1960,13518206,270,1656490,19492,247,3
40.4158,1961,13518226,270,1656547,19492,272,3
40.4353,1962,13518246,270,1656597,19778,429,3
40.4566,1963,13518266,270,1656643,19778,551,3
40.4758,1964,13518286,270,1656691,19778,296,3
40.4950,1965,13518306,270,1656744,19778,274,3
40.5165,1966,13518326,270,1656798,19778,233,3
40.5358,1967,13518346,270,1656854,18135,323,3
40.5556,1968,13518366,270,1656909,18135,329,3
40.5751,1969,13518386,270,1656963,18135,416,3
40.5960,1970,13518406,270,1657016,18135,336,3
40.6153,1971,13518426,270,1657070,18135,325,3
40.6351,1972,13518446,270,1657125,19349,245,3
40.6564,1973,13518466,270,1657180,19349,217,3
40.6757,1974,13518486,270,1657236,19349,264,3
40.6969,1975,13518506,270,1657285,19349,435,3
40.7163,1976,13518526,270,1657332,19349,386,3
40.7359,1977,13518546,270,1657381,18421,334,3
40.7555,1978,13518566,270,1657433,18421,373,3
40.7755,1979,13518586,270,1657487,18421,224,3
40.7968,1980,13518606,270,1657543,18421,210,3
40.8169,1981,13518626,270,1657597,18421,259,3
40.8355,1982,13518646,270,1657648,19064,334,3
40.8570,1983,13518666,270,1657700,19064,302,3
40.8764,1984,13518686,270,1657753,19064,306,3
40.8952,1985,13518706,270,1657808,19064,227,3
40.9166,1986,13518726,270,1657863,19064,187,3
40.9366,1987,13518746,270,1657919,19278,254,3
40.9562,1988,13518766,270,1657972,19278,355,3
40.9758,1989,13518786,270,1658020,19278,380,3
40.9970,1990,13518806,270,1658070,19278,424,3
41.0162,1991,13518826,270,1658122,19278,261,3
41.0369,1992,13518846,270,1658175,18278,261,3
41.0568,1993,13518866,270,1658231,18278,288,3
41.0762,1994,13518886,270,1658287,18278,240,3
41.0952,1995,13518906,270,1658344,18278,261,3
41.1168,1996,13518926,270,1658397,18278,296,3
41.1367,1997,13518946,270,1658450,19706,269,3
41.1563,1998,13518966,270,1658504,19706,216,3
41.1759,1999,13518986,270,1658559,19706,240,3
41.1959,2000,13519006,270,1658615,19706,288,3
41.2154,2001,13519026,270,1658668,19706,480,3
41.2353,2002,13519046,270,1658714,18921,515,3
41.2555,2003,13519066,270,1658761,18921,317,3
41.2750,2004,13519086,270,1658811,18921,358,3
41.2963,2005,13519106,270,1658864,18921,272,3
41.3157,2006,13519126,270,1658920,18921,243,3
41.3360,2007,13519146,270,1658976,18492,253,3
41.3551,2008,13519166,270,1659029,18492,345,3
41.3766,2009,13519186,270,1659082,18492,265,3
41.3957,2010,13519206,270,1659136,18492,310,3
41.4171,2011,13519226,270,1659191,18492,299,3
41.4367,2012,13519246,270,1659247,19349,245,3
41.4560,2013,13519266,270,1659304,19349,222,3
41.4755,2014,13519286,270,1659359,19349,313,3
41.4966,2015,13519306,270,1659408,19349,354,3
41.5161,2016,13519326,270,1659457,19349,460,3
41.5362,2017,13519346,270,1659509,18778,321,3
41.5557,2018,13519366,270,1659563,18778,297,3
41.5751,2019,13519386,270,1659617,18778,283,3
41.5961,2020,13519406,270,1659674,18778,245,3
41.6158,2021,13519426,270,1659731,18778,215,3
41.6352,2022,13519446,270,1659785,19706,251,3
41.6549,2023,13519466,270,1659839,19706,274,3
41.6763,2024,13519486,270,1659893,19706,275,3
41.6951,2025,13519506,270,1659948,19706,364,3
41.7162,2026,13519526,270,1660005,19706,235,3
41.7360,2027,13519546,270,1660060,19635,300,3
41.7557,2028,13519566,270,1660109,19635,480,3
41.7759,2029,13519586,270,1660158,19635,355,3
41.7949,2030,13519606,270,1660209,19635,320,3
41.8167,2031,13519626,270,1660262,19635,245,3
41.8361,2032,13519646,270,1660318,18350,216,3
41.8552,2033,13519666,270,1660375,18350,355,3
41.8767,2034,13519686,270,1660429,18350,369,3
41.8958,2035,13519706,270,1660482,18350,413,3
41.9150,2036,13519726,270,1660536,18350,320,3
41.9364,2037,13519746,270,1660591,19492,272,3
41.9554,2038,13519766,270,1660646,19492,229,3
41.9768,2039,13519786,270,1660703,19492,214,3
41.9959,2040,13519806,270,1660758,19492,445,3
42.0150,2041,13519826,270,1660806,19492,425,3
42.0363,2042,13519846,270,1660854,18921,409,3
42.0554,2043,13519866,270,1660904,18921,317,3
42.0748,2044,13519886,270,1660958,18921,256,3
42.0959,2045,13519906,270,1661013,18921,311,3
42.1154,2046,13519926,270,1661069,18921,258,3
42.1370,2047,13519946,270,1661124,19206,306,3
42.1562,2048,13519966,270,1661177,19206,297,3
42.1755,2049,13519986,270,1661231,19206,274,3
42.1968,2050,13520006,270,1661286,19206,232,3
42.2159,2051,13520026,270,1661342,19206,232,3
42.2354,2052,13520046,270,1661399,19563,361,3
42.2564,2053,13520066,270,1661454,19563,371,3
42.2756,2054,13520086,270,1661500,19563,445,3
42.2966,2055,13520106,270,1661546,19563,407,3
42.3159,2056,13520126,270,1661595,19563,342,3
42.3353,2057,13520146,270,1661648,17850,249,3
42.3550,2058,13520166,270,1661703,17850,211,3
42.3764,2059,13520186,270,1661758,17850,251,3
42.3954,2060,13520206,270,1661812,17850,254,3
42.4171,2061,13520226,270,1661865,17850,278,3
42.4368,2062,13520246,270,1661920,19349,257,3
42.4564,2063,13520266,270,1661975,19349,358,3
42.4760,2064,13520286,270,1662032,19349,182,3
42.4950,2065,13520306,270,1662090,19349,150,3
42.5161,2066,13520326,270,1662145,19349,451,3
42.5357,2067,13520346,270,1662191,19635,535,3
42.5553,2068,13520366,270,1662236,19635,391,3
42.5766,2069,13520386,270,1662286,19635,317,3
42.5956,2070,13520406,270,1662339,19635,359,3
42.6169,2071,13520426,270,1662394,19635,290,3
42.6362,2072,13520446,270,1662449,18135,243,3
42.6556,2073,13520466,270,1662504,18135,265,3
42.6748,2074,13520486,270,1662560,18135,251,3
42.6959,2075,13520506,270,1662615,18135,375,3
42.7152,2076,13520526,270,1662670,18135,242,3
42.7372,2077,13520546,270,1662726,19778,190,3
42.7570,2078,13520566,270,1662783,19778,217,3
42.7760,2079,13520586,270,1662839,19778,370,3
42.7948,2080,13520606,270,1662887,19778,507,3
42.8161,2081,13520626,270,1662931,19778,413,3
42.8355,2082,13520646,270,1662980,18278,392,3
42.8550,2083,13520666,270,1663032,18278,328,3
42.8762,2084,13520686,270,1663087,18278,279,3
42.8951,2085,13520706,270,1663142,18278,279,3
42.9167,2086,13520726,270,1663196,18278,256,3
42.9367,2087,13520746,270,1663250,19135,219,3
42.9566,2088,13520766,270,1663304,19135,206,3
42.9757,2089,13520786,270,1663360,19135,272,3
42.9950,2090,13520806,270,1663416,19135,263,3
43.0166,2091,13520826,270,1663473,19135,193,3
43.0363,2092,13520846,270,1663531,20063,299,3
43.0560,2093,13520866,270,1663581,20063,428,3
43.0754,2094,13520886,270,1663628,20063,407,3
43.0966,2095,13520906,270,1663676,20063,359,3
43.1162,2096,13520926,270,1663728,20063,291,3
43.1357,2097,13520946,270,1663782,17921,258,3
43.1550,2098,13520966,270,1663837,17921,241,3
43.1763,2099,13520986,270,1663891,17921,272,3
43.1958,2100,13521006,270,1663943,17921,252,3
43.2149,2101,13521026,270,1663996,17921,265,3
43.2365,2102,13521046,270,1664051,19278,214,3
43.2569,2103,13521066,270,1664107,19278,280,3
43.2760,2104,13521086,270,1664164,19278,230,3
43.2949,2105,13521106,270,1664220,19278,243,3
43.3165,2106,13521126,270,1664270,19278,490,3
43.3358,2107,13521146,270,1664313,18921,517,3
43.3553,2108,13521166,270,1664360,18921,370,3
43.3764,2109,13521186,270,1664411,18921,310,3
43.3952,2110,13521206,270,1664464,18921,240,3
43.4167,2111,13521226,270,1664520,18921,209,3
43.4366,2112,13521246,270,1664574,18421,232,3
43.4562,2113,13521266,270,1664628,18421,243,3
43.4756,2114,13521286,270,1664680,18421,277,3
43.4950,2115,13521306,270,1664735,18421,245,3
43.5163,2116,13521326,270,1664790,18421,338,3
43.5358,2117,13521346,270,1664846,19349,240,3
43.5552,2118,13521366,270,1664902,19349,190,3
43.5764,2119,13521386,270,1664958,19349,284,3
43.5952,2120,13521406,270,1665005,19349,603,3
43.6164,2121,13521426,270,1665052,19349,386,3
43.6363,2122,13521446,270,1665101,18350,338,3
43.6560,2123,13521466,270,1665155,18350,371,3
43.6754,2124,13521486,270,1665209,18350,295,3
43.6968,2125,13521506,270,1665265,18350,232,3
43.7163,2126,13521526,270,1665321,18350,273,3
43.7361,2127,13521546,270,1665374,19421,269,3
43.7559,2128,13521566,270,1665428,19421,262,3
43.7758,2129,13521586,270,1665482,19421,227,3
43.7958,2130,13521606,270,1665537,19421,339,3
43.8151,2131,13521626,270,1665593,19421,269,3
43.8366,2132,13521646,270,1665649,19635,294,3
43.8566,2133,13521666,270,1665698,19635,490,3
43.8761,2134,13521686,270,1665744,19635,382,3
43.8950,2135,13521706,270,1665793,19635,439,3
43.9167,2136,13521726,270,1665846,19635,321,3
43.9364,2137,13521746,270,1665901,17921,349,3
43.9557,2138,13521766,270,1665957,17921,275,3
43.9751,2139,13521786,270,1666010,17921,341,3
43.9963,2140,13521806,270,1666061,17921,329,3
44.0152,2141,13521826,270,1666115,17921,369,3
44.0350,2142,13521846,270,1666169,19135,290,3
44.0567,2143,13521866,270,1666224,19135,269,3
44.0763,2144,13521886,270,1666279,19135,245,3
44.0955,2145,13521906,270,1666334,19135,252,3
44.1148,2146,13521926,270,1666385,19135,325,3
44.1366,2147,13521946,270,1666433,19064,491,3
44.1564,2148,13521966,270,1666483,19064,316,3
44.1760,2149,13521986,270,1666535,19064,291,3
44.1953,2150,13522006,270,1666589,19064,256,3
44.2166,2151,13522026,270,1666644,19064,231,3
44.2363,2152,13522046,270,1666700,18921,281,3
44.2566,2153,13522066,270,1666757,18921,270,3
44.2766,2154,13522086,270,1666810,18921,359,3
44.2957,2155,13522106,270,1666861,18921,381,3
44.3172,2156,13522126,270,1666915,18921,304,3
44.3370,2157,13522146,270,1666969,19135,334,3
44.3564,2158,13522166,270,1667024,19135,200,3
44.3760,2159,13522186,270,1667076,19135,493,3
44.3954,2160,13522206,270,1667120,19135,456,3
44.4165,2161,13522226,270,1667168,19135,352,3
44.4362,2162,13522246,270,1667218,17921,273,3
44.4560,2163,13522266,270,1667272,17921,205,3
44.4755,2164,13522286,270,1667327,17921,220,3
44.4948,2165,13522306,270,1667383,17921,333,3
44.5159,2166,13522326,270,1667435,17921,384,3
44.5355,2167,13522346,270,1667488,19206,277,3
44.5550,2168,13522366,270,1667542,19206,353,3
44.5764,2169,13522386,270,1667597,19206,269,3
44.5951,2170,13522406,270,1667653,19206,240,3
44.6163,2171,13522426,270,1667709,19206,212,3
44.6362,2172,13522446,270,1667764,19706,321,3
44.6560,2173,13522466,270,1667813,19706,385,3
44.6753,2174,13522486,270,1667862,19706,445,3
44.6967,2175,13522506,270,1667913,19706,262,3
44.7158,2176,13522526,270,1667967,19706,258,3
44.7351,2177,13522546,270,1668023,18421,289,3
44.7567,2178,13522566,270,1668079,18421,249,3
44.7762,2179,13522586,270,1668134,18421,309,3
44.7954,2180,13522606,270,1668186,18421,331,3
44.8164,2181,13522626,270,1668240,18421,235,3
44.8359,2182,13522646,270,1668295,19421,208,3
44.8555,2183,13522666,270,1668350,19421,221,3
44.8752,2184,13522686,270,1668406,19421,274,3
44.8963,2185,13522706,270,1668461,19421,491,3
44.9153,2186,13522726,270,1668509,19421,421,3
44.9369,2187,13522746,270,1668557,18921,386,3
44.9569,2188,13522766,270,1668608,18921,347,3
44.9765,2189,13522786,270,1668661,18921,288,3
44.9960,2190,13522806,270,1668717,18921,339,3
45.0153,2191,13522826,270,1668773,18921,246,3
45.0368,2192,13522846,270,1668828,19206,290,3
45.0561,2193,13522866,270,1668880,19206,246,3
45.0754,2194,13522886,270,1668934,19206,259,3
45.0949,2195,13522906,270,1668988,19206,249,3
45.1161,2196,13522926,270,1669044,19206,210,3
45.1356,2197,13522946,270,1669100,19421,331,3
45.1550,2198,13522966,270,1669156,19421,306,3
45.1765,2199,13522986,270,1669205,19421,421,3
45.1960,2200,13523006,270,1669253,19421,379,3
45.2148,2201,13523026,270,1669304,19421,382,3
45.2363,2202,13523046,270,1669357,18278,379,3
45.2563,2203,13523066,270,1669412,18278,236,3
45.2757,2204,13523086,270,1669469,18278,225,3
45.2952,2205,13523106,270,1669524,18278,273,3
45.3164,2206,13523126,270,1669577,18278,246,3
45.3357,2207,13523146,270,1669631,19635,251,3
45.3553,2208,13523166,270,1669686,19635,270,3
45.3766,2209,13523186,270,1669741,19635,322,3
45.3960,2210,13523206,270,1669798,19635,220,3
45.4149,2211,13523226,270,1669853,19635,355,3
45.4363,2212,13523246,270,1669899,19278,477,3
45.4553,2213,13523266,270,1669945,19278,454,3
45.4764,2214,13523286,270,1669995,19278,341,3
45.4957,2215,13523306,270,1670047,19278,267,3
45.5169,2216,13523326,270,1670102,19278,364,3
45.5364,2217,13523346,270,1670157,18278,328,3
45.5558,2218,13523366,270,1670210,18278,417,3
45.5750,2219,13523386,270,1670262,18278,273,3
45.5968,2220,13523406,270,1670316,18278,364,3
45.6162,2221,13523426,270,1670371,18278,257,3
45.6355,2222,13523446,270,1670427,19206,221,3
45.6568,2223,13523466,270,1670484,19206,227,3
45.6760,2224,13523486,270,1670540,19206,396,3
45.6952,2225,13523506,270,1670586,19206,446,3
45.7161,2226,13523526,270,1670631,19206,418,3
45.7362,2227,13523546,270,1670680,18207,446,3
45.7560,2228,13523566,270,1670733,18207,316,3
45.7775,2229,13523586,270,1670788,18207,302,3
45.7967,2230,13523606,270,1670843,18207,267,3
45.8156,2231,13523626,270,1670898,18207,229,3
45.8371,2232,13523646,270,1670953,19349,275,3
45.8568,2233,13523666,270,1671008,19349,246,3
45.8758,2234,13523686,270,1671064,19349,360,3
45.8954,2235,13523706,270,1671120,19349,201,3
45.9165,2236,13523726,270,1671176,19349,160,3
45.9363,2237,13523746,270,1671233,19992,382,3
45.9560,2238,13523766,270,1671282,19992,430,3
45.9758,2239,13523786,270,1671326,19992,429,3
45.9950,2240,13523806,270,1671374,19992,345,3
46.0164,2241,13523826,270,1671426,19992,406,3
46.0361,2242,13523846,270,1671480,17707,313,3
46.0555,2243,13523866,270,1671535,17707,272,3
46.0752,2244,13523886,270,1671589,17707,297,3
46.0968,2245,13523906,270,1671643,17707,278,3
46.1158,2246,13523926,270,1671697,17707,216,3
46.1354,2247,13523946,270,1671753,19421,201,3
46.1555,2248,13523966,270,1671809,19421,311,3
46.1769,2249,13523986,270,1671866,19421,256,3
46.1964,2250,13524006,270,1671923,19421,210,3
46.2154,2251,13524026,270,1671975,19421,416,3
46.2369,2252,13524046,270,1672021,19421,451,3
46.2554,2253,13524066,270,1672070,19421,328,3
46.2792,2254,13524086,270,1672122,19421,342,3
46.2966,2255,13524106,270,1672176,19421,253,3
46.3158,2256,13524126,270,1672232,19421,246,3
46.3354,2257,13524146,270,1672287,18778,258,3
46.3556,2258,13524166,270,1672341,18778,306,3
46.3748,2259,13524186,270,1672395,18778,289,3
46.3965,2260,13524206,270,1672451,18778,325,3
46.4155,2261,13524226,270,1672506,18778,273,3
46.4351,2262,13524246,270,1672563,19635,188,3
46.4551,2263,13524266,270,1672620,19635,326,3
46.4767,2264,13524286,270,1672671,19635,430,3
46.4961,2265,13524306,270,1672715,19635,439,3
46.5153,2266,13524326,270,1672762,19635,408,3
46.5370,2267,13524346,270,1672813,17921,413,3
46.5570,2268,13524366,270,1672867,17921,275,3
46.5766,2269,13524386,270,1672921,17921,284,3
46.5957,2270,13524406,270,1672977,17921,229,3
46.6168,2271,13524426,270,1673030,17921,293,3
46.6361,2272,13524446,270,1673083,19278,277,3
46.6560,2273,13524466,270,1673137,19278,247,3
46.6756,2274,13524486,270,1673192,19278,221,3
46.6948,2275,13524506,270,1673248,19278,247,3
46.7159,2276,13524526,270,1673305,19278,285,3
46.7353,2277,13524546,270,1673361,19849,270,3
46.7564,2278,13524566,270,1673409,19849,499,3
46.7799,2279,13524586,270,1673455,19849,437,3
46.7951,2280,13524606,270,1673504,19849,326,3
46.8160,2281,13524626,270,1673557,19849,300,3
46.8351,2282,13524646,270,1673612,17850,277,3
46.8566,2283,13524666,270,1673667,17850,305,3
46.8759,2284,13524686,270,1673721,17850,293,3
46.8951,2285,13524706,270,1673772,17850,433,3
46.9163,2286,13524726,270,1673825,17850,312,3
46.9359,2287,13524746,270,1673879,19135,396,3
46.9550,2288,13524766,270,1673934,19135,256,3
46.9762,2289,13524786,270,1673989,19135,227,3
46.9954,2290,13524806,270,1674044,19135,283,3
47.0164,2291,13524826,270,1674093,19135,578,3
47.0363,2292,13524846,270,1674140,18778,371,3
47.0555,2293,13524866,270,1674191,18778,311,3
47.0768,2294,13524886,270,1674243,18778,373,3
47.0961,2295,13524906,270,1674297,18778,291,3
47.1151,2296,13524926,270,1674353,18778,220,3
47.1366,2297,13524946,270,1674409,19064,294,3
47.1560,2298,13524966,270,1674461,19064,304,3
47.1752,2299,13524986,270,1674513,19064,263,3
47.1964,2300,13525006,270,1674568,19064,211,3
47.2153,2301,13525026,270,1674622,19064,240,3
47.2370,2302,13525046,270,1674678,19135,270,3
47.2565,2303,13525066,270,1674735,19135,293,3
47.2807,2304,13525086,270,1674786,19135,430,3
47.2957,2305,13525106,270,1674833,19135,347,3
47.3167,2306,13525126,270,1674883,19135,408,3
47.3359,2307,13525146,270,1674935,18421,354,3
47.3551,2308,13525166,270,1674990,18421,302,3
47.3763,2309,13525186,270,1675047,18421,230,3
47.3961,2310,13525206,270,1675104,18421,227,3
47.4152,2311,13525226,270,1675158,18421,371,3
47.4368,2312,13525246,270,1675212,19778,310,3
47.4563,2313,13525266,270,1675265,19778,371,3
47.4753,2314,13525286,270,1675320,19778,311,3
47.4967,2315,13525306,270,1675375,19778,259,3
47.5158,2316,13525326,270,1675431,19778,268,3
47.5350,2317,13525346,270,1675483,19421,438,3
47.5568,2318,13525366,270,1675529,19421,344,3
47.5758,2319,13525386,270,1675579,19421,401,3
47.5950,2320,13525406,270,1675631,19421,347,3
47.6160,2321,13525426,270,1675685,19421,240,3
47.6355,2322,13525446,270,1675741,18278,201,3
47.6551,2323,13525466,270,1675797,18278,294,3
47.6764,2324,13525486,270,1675851,18278,294,3
47.6959,2325,13525506,270,1675904,18278,323,3
47.7169,2326,13525526,270,1675959,18278,315,3
47.7361,2327,13525546,270,1676014,19492,301,3
47.7557,2328,13525566,270,1676070,19492,208,3
47.7820,2329,13525586,270,1676127,19492,209,3
47.7950,2330,13525606,270,1676180,19492,366,3
47.8162,2331,13525626,270,1676227,19492,519,3
47.8358,2332,13525646,270,1676276,18849,344,3
47.8551,2333,13525666,270,1676328,18849,283,3
47.8766,2334,13525686,270,1676382,18849,222,3
47.8958,2335,13525706,270,1676438,18849,337,3
47.9149,2336,13525726,270,1676495,18849,236,3
47.9370,2337,13525746,270,1676548,19349,311,3
47.9551,2338,13525766,270,1676602,19349,316,3
47.9764,2339,13525786,270,1676657,19349,249,3
47.9969,2340,13525806,270,1676713,19349,208,3
48.0162,2341,13525826,270,1676769,19349,242,3
48.0361,2342,13525846,270,1676826,19778,257,3
48.0560,2343,13525866,270,1676879,19778,357,3
48.0757,2344,13525886,270,1676927,19778,393,3
48.0954,2345,13525906,270,1676977,19778,341,3
48.1151,2346,13525926,270,1677029,19778,267,3
48.1365,2347,13525946,270,1677084,18421,232,3
48.1558,2348,13525966,270,1677140,18421,232,3
48.1755,2349,13525986,270,1677197,18421,326,3
48.1948,2350,13526006,270,1677249,18421,427,3
48.2158,2351,13526026,270,1677302,18421,337,3
48.2357,2352,13526046,270,1677356,19492,352,3
48.2558,2353,13526066,270,1677411,19492,230,3
48.2842,2354,13526086,270,1677467,19492,241,3
48.2949,2355,13526106,270,1677524,19492,229,3
48.3160,2356,13526126,270,1677577,19492,323,3
48.3352,2357,13526146,270,1677624,19278,458,3
48.3548,2358,13526166,270,1677673,19278,328,3
48.3761,2359,13526186,270,1677726,19278,270,3
48.3957,2360,13526206,270,1677780,19278,281,3
48.4147,2361,13526226,270,1677837,19278,280,3
48.4363,2362,13526246,270,1677893,18992,288,3
48.4560,2363,13526266,270,1677946,18992,280,3
48.4758,2364,13526286,270,1678000,18992,278,3
48.4949,2365,13526306,270,1678055,18992,215,3
48.5161,2366,13526326,270,1678111,18992,216,3
48.5356,2367,13526346,270,1678167,19563,358,3
48.5549,2368,13526366,270,1678224,19563,210,3
48.5762,2369,13526386,270,1678276,19563,529,3
48.5960,2370,13526406,270,1678320,19563,450,3
48.6148,2371,13526426,270,1678368,19563,332,3
48.6364,2372,13526446,270,1678420,18135,290,3
48.6561,2373,13526466,270,1678474,18135,246,3
48.6754,2374,13526486,270,1678530,18135,380,3
48.6968,2375,13526506,270,1678584,18135,304,3
48.7159,2376,13526526,270,1678637,18135,411,3
48.7351,2377,13526546,270,1678691,19278,291,3
48.7569,2378,13526566,270,1678745,19278,302,3
48.7768,2379,13526586,270,1678801,19278,214,3
48.7962,2380,13526606,270,1678858,19278,163,3
48.8152,2381,13526626,270,1678915,19278,325,3
48.8369,2382,13526646,270,1678965,19849,395,3
48.8564,2383,13526666,270,1679008,19849,475,3
48.8758,2384,13526686,270,1679055,19849,397,3
48.8949,2385,13526706,270,1679105,19849,391,3
48.9160,2386,13526726,270,1679159,19849,336,3
48.9354,2387,13526746,270,1679213,17493,348,3
48.9550,2388,13526766,270,1679268,17493,274,3
48.9764,2389,13526786,270,1679322,17493,301,3
48.9957,2390,13526806,270,1679376,17493,220,3
49.0149,2391,13526826,270,1679431,17493,231,3
49.0367,2392,13526846,270,1679487,19421,219,3
49.0565,2393,13526866,270,1679543,19421,280,3
49.0762,2394,13526886,270,1679600,19421,216,3
49.0955,2395,13526906,270,1679655,19421,397,3
49.1147,2396,13526926,270,1679700,19421,435,3
49.1365,2397,13526946,270,1679745,18707,477,3
49.1561,2398,13526966,270,1679795,18707,289,3
49.1753,2399,13526986,270,1679848,18707,267,3
49.1968,2400,13527006,270,1679903,18707,242,3
49.2158,2401,13527026,270,1679958,18707,387,3
49.2352,2402,13527046,270,1680012,18921,328,3
49.2550,2403,13527066,270,1680067,18921,336,3
49.2766,2404,13527086,270,1680122,18921,283,3
49.2960,2405,13527106,270,1680179,18921,188,3
49.3151,2406,13527126,270,1680235,18921,277,3
49.3386,2407,13527146,270,1680293,19992,194,3
49.3561,2408,13527166,270,1680349,19992,310,3
49.3757,2409,13527186,270,1680396,19992,513,3
49.3951,2410,13527206,270,1680443,19992,462,3
49.4163,2411,13527226,270,1680492,19992,433,3
49.4358,2412,13527246,270,1680545,18064,304,3
49.4556,2413,13527266,270,1680600,18064,352,3
49.4767,2414,13527286,270,1680656,18064,210,3
49.4966,2415,13527306,270,1680710,18064,262,3
49.5157,2416,13527326,270,1680764,18064,227,3
49.5354,2417,13527346,270,1680819,19492,236,3
49.5550,2418,13527366,270,1680875,19492,258,3
49.5748,2419,13527386,270,1680931,19492,233,3
49.5966,2420,13527406,270,1680988,19492,215,3
49.6157,2421,13527426,270,1681043,19492,284,3
49.6353,2422,13527446,270,1681091,19635,619,3
49.6550,2423,13527466,270,1681136,19635,411,3
49.6766,2424,13527486,270,1681185,19635,350,3
49.6961,2425,13527506,270,1681238,19635,393,3
49.7154,2426,13527526,270,1681293,19635,312,3
49.7369,2427,13527546,270,1681348,18207,261,3
49.7565,2428,13527566,270,1681404,18207,229,3
49.7765,2429,13527586,270,1681459,18207,242,3
49.7960,2430,13527606,270,1681512,18207,261,3
49.8151,2431,13527626,270,1681567,18207,240,3
49.8364,2432,13527646,270,1681623,19563,368,3
49.8558,2433,13527666,270,1681679,19563,199,3
49.8753,2434,13527686,270,1681736,19563,209,3
49.8948,2435,13527706,270,1681787,19563,381,3
49.9159,2436,13527726,270,1681831,19563,427,3
49.9352,2437,13527746,270,1681879,18421,529,3
49.9567,2438,13527766,270,1681931,18421,274,3
49.9763,2439,13527786,270,1681984,18421,325,3
49.9955,2440,13527806,270,1682040,18421,286,3
50.0165,2441,13527826,270,1682095,18421,299,3
50.0359,2442,13527846,270,1682148,19135,304,3
50.0561,2443,13527866,270,1682200,19135,379,3
50.0759,2444,13527886,270,1682254,19135,273,3
50.0951,2445,13527906,270,1682309,19135,273,3
50.1164,2446,13527926,270,1682364,19135,238,3
50.1358,2447,13527946,270,1682420,19349,242,3
50.1556,2448,13527966,270,1682472,19349,402,3
50.1755,2449,13527986,270,1682518,19349,515,3
50.1948,2450,13528006,270,1682566,19349,355,3
50.2159,2451,13528026,270,1682616,19349,376,3
50.2355,2452,13528046,270,1682669,17850,349,3
50.2554,2453,13528066,270,1682725,17850,237,3
50.2771,2454,13528086,270,1682780,17850,290,3
50.2952,2455,13528106,270,1682831,17850,295,3
50.3163,2456,13528126,270,1682882,17850,430,3
50.3357,2457,13528146,270,1682936,18992,338,3
50.3554,2458,13528166,270,1682990,18992,322,3
50.3768,2459,13528186,270,1683045,18992,236,3
50.3967,2460,13528206,270,1683100,18992,248,3
50.4157,2461,13528226,270,1683155,18992,256,3
50.4348,2462,13528246,270,1683205,19349,413,3
50.4566,2463,13528266,270,1683254,19349,365,3
50.4760,2464,13528286,270,1683305,19349,290,3
50.4955,2465,13528306,270,1683357,19349,263,3
50.5149,2466,13528326,270,1683412,19349,251,3
50.5367,2467,13528346,270,1683468,18635,283,3
50.5563,2468,13528366,270,1683525,18635,227,3
50.5764,2469,13528386,270,1683581,18635,261,3
50.5959,2470,13528406,270,1683633,18635,289,3
50.6148,2471,13528426,270,1683687,18635,245,3
50.6365,2472,13528446,270,1683740,19492,246,3
50.6563,2473,13528466,270,1683796,19492,247,3
50.6755,2474,13528486,270,1683852,19492,321,3
50.6950,2475,13528506,270,1683900,19492,424,3
50.7165,2476,13528526,270,1683945,19492,408,3
50.7358,2477,13528546,270,1683994,18207,374,3
50.7554,2478,13528566,270,1684047,18207,256,3
50.7761,2479,13528586,270,1684102,18207,236,3
50.7960,2480,13528606,270,1684158,18207,222,3
50.8154,2481,13528626,270,1684213,18207,296,3
50.8349,2482,13528646,270,1684266,19349,307,3
50.8566,2483,13528666,270,1684320,19349,268,3
50.8761,2484,13528686,270,1684375,19349,381,3
50.8955,2485,13528706,270,1684430,19349,263,3
50.9166,2486,13528726,270,1684486,19349,208,3
50.9361,2487,13528746,270,1684542,19635,247,3
50.9557,2488,13528766,270,1684593,19635,393,3
50.9752,2489,13528786,270,1684643,19635,392,3
50.9951,2490,13528806,270,1684693,19635,385,3
51.0166,2491,13528826,270,1684747,19635,268,3
51.0364,2492,13528846,270,1684801,18492,332,3
51.0564,2493,13528866,270,1684857,18492,233,3
51.0762,2494,13528886,270,1684914,18492,215,3
51.0956,2495,13528906,270,1684968,18492,307,3
51.1152,2496,13528926,270,1685021,18492,280,3
51.1367,2497,13528946,270,1685075,19635,249,3
51.1562,2498,13528966,270,1685129,19635,193,3
51.1759,2499,13528986,270,1685185,19635,326,3
51.1954,2500,13529006,270,1685242,19635,320,3
51.2164,2501,13529026,270,1685292,19635,502,3
51.2358,2502,13529046,270,1685339,18992,384,3
51.2562,2503,13529066,270,1685389,18992,354,3
51.2754,2504,13529086,270,1685442,18992,373,3
51.2953,2505,13529106,270,1685497,18992,280,3
51.3164,2506,13529126,270,1685554,18992,216,3
51.3361,2507,13529146,270,1685609,19135,302,3
51.3563,2508,13529166,270,1685661,19135,283,3
51.3763,2509,13529186,270,1685715,19135,252,3
51.3958,2510,13529206,270,1685769,19135,211,3
51.4152,2511,13529226,270,1685825,19135,325,3
51.4368,2512,13529246,270,1685881,19349,270,3
51.4564,2513,13529266,270,1685938,19349,230,3
51.4765,2514,13529286,270,1685988,19349,416,3
51.4959,2515,13529306,270,1686035,19349,355,3
51.5150,2516,13529326,270,1686084,19349,358,3
51.5364,2517,13529346,270,1686137,18350,329,3
51.5556,2518,13529366,270,1686192,18350,267,3
51.5748,2519,13529386,270,1686248,18350,238,3
51.5973,2520,13529406,270,1686303,18350,281,3
51.6166,2521,13529426,270,1686355,18350,263,3
51.6360,2522,13529446,270,1686408,19349,226,3
51.6561,2523,13529466,270,1686463,19349,224,3
51.6753,2524,13529486,270,1686518,19349,279,3
51.6974,2525,13529506,270,1686574,19349,263,3
51.7167,2526,13529526,270,1686631,19349,258,3
51.7359,2527,13529546,270,1686680,19563,613,3
51.7560,2528,13529566,270,1686725,19563,429,3
51.7756,2529,13529586,270,1686773,19563,379,3
51.7953,2530,13529606,270,1686825,19563,284,3
51.8165,2531,13529626,270,1686879,19563,253,3
51.8360,2532,13529646,270,1686935,17993,364,3
51.8556,2533,13529666,270,1686988,17993,348,3
51.8754,2534,13529686,270,1687041,17993,385,3
51.8949,2535,13529706,270,1687095,17993,332,3
51.9165,2536,13529726,270,1687150,17993,312,3
51.9363,2537,13529746,270,1687206,19349,184,3
51.9557,2538,13529766,270,1687263,19349,200,3
51.9753,2539,13529786,270,1687320,19349,337,3
51.9949,2540,13529806,270,1687371,19349,374,3
52.0159,2541,13529826,270,1687415,19349,509,3
52.0353,2542,13529846,270,1687463,18492,353,3
52.0552,2543,13529866,270,1687515,18492,311,3
52.0749,2544,13529886,270,1687569,18492,235,3
52.0965,2545,13529906,270,1687624,18492,210,3
52.1157,2546,13529926,270,1687680,18492,275,3
52.1348,2547,13529946,270,1687735,19278,288,3
52.1566,2548,13529966,270,1687788,19278,385,3
52.1761,2549,13529986,270,1687843,19278,247,3
52.1956,2550,13530006,270,1687899,19278,230,3
52.2167,2551,13530026,270,1687956,19278,214,3
52.2363,2552,13530046,270,1688012,19778,285,3
52.2565,2553,13530066,270,1688064,19778,387,3
52.2758,2554,13530086,270,1688108,19778,551,3
52.2964,2555,13530106,270,1688154,19778,413,3
52.3156,2556,13530126,270,1688205,19778,353,3
52.3372,2557,13530146,270,1688259,17636,375,3
52.3569,2558,13530166,270,1688313,17636,294,3
52.3760,2559,13530186,270,1688368,17636,290,3
52.3954,2560,13530206,270,1688421,17636,296,3
52.4166,2561,13530226,270,1688476,17636,264,3
52.4358,2562,13530246,270,1688531,19492,220,3
52.4552,2563,13530266,270,1688588,19492,241,3
52.4749,2564,13530286,270,1688644,19492,237,3
52.4961,2565,13530306,270,1688702,19492,177,3
52.5154,2566,13530326,270,1688757,19492,365,3
52.5368,2567,13530346,270,1688803,19563,456,3
52.5565,2568,13530366,270,1688851,19563,347,3
52.5764,2569,13530386,270,1688901,19563,316,3
52.5960,2570,13530406,270,1688955,19563,305,3
52.6154,2571,13530426,270,1689009,19563,220,3
52.6347,2572,13530446,270,1689065,18492,240,3
52.6562,2573,13530466,270,1689121,18492,302,3
52.6757,2574,13530486,270,1689175,18492,395,3
52.6949,2575,13530506,270,1689229,18492,286,3
52.7163,2576,13530526,270,1689285,18492,231,3
52.7361,2577,13530546,270,1689341,19706,214,3
52.7560,2578,13530566,270,1689399,19706,263,3
52.7758,2579,13530586,270,1689453,19706,525,3
52.7957,2580,13530606,270,1689498,19706,526,3
52.8150,2581,13530626,270,1689543,19706,363,3
52.8367,2582,13530646,270,1689592,18064,373,3
52.8564,2583,13530666,270,1689645,18064,382,3
52.8760,2584,13530686,270,1689700,18064,254,3
52.8951,2585,13530706,270,1689756,18064,253,3
52.9149,2586,13530726,270,1689810,18064,241,3
52.9364,2587,13530746,270,1689864,19349,235,3
52.9558,2588,13530766,270,1689917,19349,253,3
52.9752,2589,13530786,270,1689972,19349,237,3
52.9948,2590,13530806,270,1690028,19349,334,3
53.0159,2591,13530826,270,1690084,19349,217,3
53.0351,2592,13530846,270,1690141,19706,256,3
53.0548,2593,13530866,270,1690191,19706,408,3
53.0751,2594,13530886,270,1690236,19706,417,3
53.0966,2595,13530906,270,1690285,19706,496,3
53.1162,2596,13530926,270,1690337,19706,295,3
53.1354,2597,13530946,270,1690391,17921,392,3
53.1550,2598,13530966,270,1690447,17921,221,3
53.1755,2599,13530986,270,1690503,17921,219,3
53.1949,2600,13531006,270,1690557,17921,226,3
53.2164,2601,13531026,270,1690610,17921,294,3
53.2356,2602,13531046,270,1690664,19492,247,3
53.2550,2603,13531066,270,1690719,19492,231,3
53.2754,2604,13531086,270,1690775,19492,361,3
53.2959,2605,13531106,270,1690831,19492,238,3
53.3148,2606,13531126,270,1690883,19492,551,3
53.3364,2607,13531146,270,1690928,19064,450,3
53.3566,2608,13531166,270,1690977,19064,361,3
53.3760,2609,13531186,270,1691028,19064,294,3
53.3955,2610,13531206,270,1691083,19064,243,3
53.4155,2611,13531226,270,1691138,19064,352,3
53.4367,2612,13531246,270,1691192,18635,318,3
53.4563,2613,13531266,270,1691244,18635,401,3
53.4759,2614,13531286,270,1691296,18635,305,3
53.4950,2615,13531306,270,1691350,18635,381,3
53.5165,2616,13531326,270,1691405,18635,265,3
53.5356,2617,13531346,270,1691461,19206,214,3
53.5549,2618,13531366,270,1691518,19206,230,3
53.5764,2619,13531386,270,1691572,19206,343,3
53.5960,2620,13531406,270,1691620,19206,376,3
53.6149,2621,13531426,270,1691670,19206,445,3
53.6349,2622,13531446,270,1691722,18707,264,3
53.6568,2623,13531466,270,1691776,18707,297,3
53.6761,2624,13531486,270,1691831,18707,302,3
53.6953,2625,13531506,270,1691888,18707,238,3
53.7160,2626,13531526,270,1691945,18707,258,3
53.7355,2627,13531546,270,1691999,19706,311,3
53.7552,2628,13531566,270,1692051,19706,280,3
53.7753,2629,13531586,270,1692104,19706,225,3
53.7972,2630,13531606,270,1692159,19706,237,3
53.8148,2631,13531626,270,1692214,19706,289,3
53.8362,2632,13531646,270,1692268,19206,465,3
53.8554,2633,13531666,270,1692313,19206,522,3
53.8750,2634,13531686,270,1692361,19206,312,3
53.8965,2635,13531706,270,1692411,19206,347,3
53.9159,2636,13531726,270,1692465,19206,267,3
53.9357,2637,13531746,270,1692520,17993,238,3
53.9553,2638,13531766,270,1692577,17993,278,3
53.9748,2639,13531786,270,1692632,17993,382,3
53.9964,2640,13531806,270,1692686,17993,281,3
54.0165,2641,13531826,270,1692740,17993,286,3
54.0354,2642,13531846,270,1692796,19706,242,3
54.0569,2643,13531866,270,1692853,19706,227,3
54.0766,2644,13531886,270,1692909,19706,297,3
54.0960,2645,13531906,270,1692965,19706,313,3
54.1155,2646,13531926,270,1693015,19706,568,3
54.1367,2647,13531946,270,1693064,19206,293,3
54.1562,2648,13531966,270,1693115,19206,353,3
54.1758,2649,13531986,270,1693169,19206,261,3
54.1951,2650,13532006,270,1693225,19206,253,3
54.2165,2651,13532026,270,1693281,19206,284,3
54.2356,2652,13532046,270,1693337,19421,352,3
54.2553,2653,13532066,270,1693390,19421,286,3
54.2756,2654,13532086,270,1693444,19421,290,3
54.2981,2655,13532106,270,1693500,19421,257,3
54.3151,2656,13532126,270,1693556,19421,210,3
54.3364,2657,13532146,270,1693613,19635,343,3
54.3565,2658,13532166,270,1693667,19635,384,3
54.3764,2659,13532186,270,1693715,19635,373,3
54.3956,2660,13532206,270,1693765,19635,366,3
54.4151,2661,13532226,270,1693817,19635,353,3
54.4364,2662,13532246,270,1693871,18421,270,3
54.4561,2663,13532266,270,1693927,18421,232,3
54.4763,2664,13532286,270,1693984,18421,252,3
54.4960,2665,13532306,270,1694038,18421,391,3
54.5153,2666,13532326,270,1694091,18421,285,3
54.5364,2667,13532346,270,1694145,19635,359,3
54.5559,2668,13532366,270,1694201,19635,265,3
54.5760,2669,13532386,270,1694257,19635,217,3
54.5956,2670,13532406,270,1694314,19635,232,3
54.6151,2671,13532426,270,1694368,19635,385,3
54.6363,2672,13532446,270,1694416,19492,377,3
54.6562,2673,13532466,270,1694465,19492,437,3
54.6757,2674,13532486,270,1694517,19492,309,3
54.6956,2675,13532506,270,1694572,19492,325,3
54.7157,2676,13532526,270,1694628,19492,227,3
54.7348,2677,13532546,270,1694684,18921,241,3
54.7564,2678,13532566,270,1694739,18921,256,3
54.7761,2679,13532586,270,1694792,18921,219,3
54.7979,2680,13532606,270,1694847,18921,253,3
54.8153,2681,13532626,270,1694903,18921,274,3
54.8363,2682,13532646,270,1694959,19635,249,3
54.8560,2683,13532666,270,1695016,19635,229,3
54.8757,2684,13532686,270,1695069,19635,430,3
54.8950,2685,13532706,270,1695114,19635,428,3
54.9162,2686,13532726,270,1695161,19635,433,3
54.9353,2687,13532746,270,1695212,18207,418,3
54.9569,2688,13532766,270,1695267,18207,281,3
54.9763,2689,13532786,270,1695322,18207,285,3
54.9957,2690,13532806,270,1695376,18207,259,3
55.0150,2691,13532826,270,1695429,18207,267,3
55.0360,2692,13532846,270,1695483,19278,252,3
55.0556,2693,13532866,270,1695538,19278,242,3
55.0756,2694,13532886,270,1695593,19278,227,3
55.0949,2695,13532906,270,1695650,19278,235,3
55.1171,2696,13532926,270,1695708,19278,212,3
55.1360,2697,13532946,270,1695760,19920,364,3
55.1556,2698,13532966,270,1695804,19920,406,3
55.1750,2699,13532986,270,1695851,19920,417,3
55.1966,2700,13533006,270,1695902,19920,284,3
55.2157,2701,13533026,270,1695956,19920,267,3
55.2355,2702,13533046,270,1696011,17707,247,3
55.2549,2703,13533066,270,1696066,17707,369,3
55.2753,2704,13533086,270,1696121,17707,246,3
55.2995,2705,13533106,270,1696176,17707,270,3
55.3148,2706,13533126,270,1696232,17707,252,3
55.3361,2707,13533146,270,1696288,19778,224,3
55.3559,2708,13533166,270,1696344,19778,305,3
55.3754,2709,13533186,270,1696402,19778,169,3
55.3947,2710,13533206,270,1696457,19778,307,3
55.4162,2711,13533226,270,1696504,19778,466,3
55.4350,2712,13533246,270,1696549,18849,407,3
55.4550,2713,13533266,270,1696599,18849,448,3
55.4767,2714,13533286,270,1696652,18849,318,3
55.4962,2715,13533306,270,1696707,18849,334,3
55.5156,2716,13533326,270,1696761,18849,281,3
55.5347,2717,13533346,270,1696815,18849,294,3
55.5561,2718,13533366,270,1696869,18849,280,3
55.5755,2719,13533386,270,1696925,18849,225,3
55.5948,2720,13533406,270,1696981,18849,281,3
55.6162,2721,13533426,270,1697038,18849,238,3
55.6352,2722,13533446,270,1697095,19920,168,3
55.6572,2723,13533466,270,1697151,19920,296,3
55.6765,2724,13533486,270,1697199,19920,486,3
55.6962,2725,13533506,270,1697246,19920,361,3
55.7157,2726,13533526,270,1697296,19920,277,3
55.7347,2727,13533546,270,1697349,18207,273,3
55.7566,2728,13533566,270,1697405,18207,217,3
55.7763,2729,13533586,270,1697460,18207,265,3
55.8013,2730,13533606,270,1697514,18207,320,3
55.8165,2731,13533626,270,1697568,18207,268,3
55.8357,2732,13533646,270,1697622,19492,358,3
55.8553,2733,13533666,270,1697678,19492,233,3
55.8753,2734,13533686,270,1697735,19492,183,3
55.8955,2735,13533706,270,1697792,19492,237,3
55.9152,2736,13533726,270,1697847,19492,433,3
55.9364,2737,13533746,270,1697892,19563,491,3
55.9558,2738,13533766,270,1697938,19563,363,3
55.9752,2739,13533786,270,1697988,19563,377,3
55.9971,2740,13533806,270,1698041,19563,323,3
56.0167,2741,13533826,270,1698096,19563,278,3
56.0357,2742,13533846,270,1698151,18207,243,3
56.0553,2743,13533866,270,1698207,18207,253,3
56.0749,2744,13533886,270,1698261,18207,296,3
56.0965,2745,13533906,270,1698315,18207,273,3
56.1163,2746,13533926,270,1698371,18207,317,3
56.1358,2747,13533946,270,1698427,19635,261,3
56.1551,2748,13533966,270,1698483,19635,194,3
56.1752,2749,13533986,270,1698540,19635,359,3
56.1955,2750,13534006,270,1698591,19635,453,3
56.2148,2751,13534026,270,1698636,19635,466,3
56.2359,2752,13534046,270,1698685,18564,374,3
56.2552,2753,13534066,270,1698737,18564,284,3
56.2757,2754,13534086,270,1698792,18564,254,3
56.3024,2755,13534106,270,1698848,18564,236,3
56.3153,2756,13534126,270,1698903,18564,403,3
56.3363,2757,13534146,270,1698956,19278,317,3
56.3558,2758,13534166,270,1699008,19278,313,3
56.3753,2759,13534186,270,1699062,19278,299,3
56.3949,2760,13534206,270,1699117,19278,360,3
56.4164,2761,13534226,270,1699172,19278,230,3
56.4354,2762,13534246,270,1699228,19349,263,3
56.4549,2763,13534266,270,1699279,19349,380,3
56.4770,2764,13534286,270,1699325,19349,429,3
56.4962,2765,13534306,270,1699374,19349,433,3
56.5157,2766,13534326,270,1699425,19349,295,3
56.5358,2767,13534346,270,1699479,17993,395,3
56.5553,2768,13534366,270,1699535,17993,211,3
56.5753,2769,13534386,270,1699590,17993,272,3
56.5951,2770,13534406,270,1699642,17993,304,3
56.6164,2771,13534426,270,1699694,17993,389,3
56.6359,2772,13534446,270,1699748,19135,247,3
56.6556,2773,13534466,270,1699802,19135,261,3
56.6752,2774,13534486,270,1699858,19135,200,3
56.6966,2775,13534506,270,1699914,19135,204,3
56.7166,2776,13534526,270,1699969,19135,398,3
56.7359,2777,13534546,270,1700017,19421,400,3
56.7559,2778,13534566,270,1700067,19421,299,3
56.7754,2779,13534586,270,1700119,19421,445,3
56.8033,2780,13534606,270,1700172,19421,284,3
56.8162,2781,13534626,270,1700228,19421,270,3
56.8352,2782,13534646,270,1700284,18921,200,3
56.8566,2783,13534666,270,1700340,18921,265,3
56.8760,2784,13534686,270,1700393,18921,331,3
56.8954,2785,13534706,270,1700445,18921,290,3
56.9166,2786,13534726,270,1700498,18921,256,3
56.9355,2787,13534746,270,1700552,19135,209,3
56.9549,2788,13534766,270,1700608,19135,280,3
56.9766,2789,13534786,270,1700662,19135,385,3
56.9959,2790,13534806,270,1700708,19135,419,3
57.0151,2791,13534826,270,1700755,19135,361,3
57.0362,2792,13534846,270,1700805,18135,343,3
57.0557,2793,13534866,270,1700858,18135,313,3
57.0754,2794,13534886,270,1700913,18135,236,3
57.0946,2795,13534906,270,1700969,18135,273,3
57.1161,2796,13534926,270,1701023,18135,321,3
57.1351,2797,13534946,270,1701075,19206,270,3
57.1567,2798,13534966,270,1701129,19206,231,3
57.1763,2799,13534986,270,1701184,19206,268,3
57.1957,2800,13535006,270,1701240,19206,275,3
57.2149,2801,13535026,270,1701296,19206,231,3
57.2359,2802,13535046,270,1701352,19778,291,3
57.2557,2803,13535066,270,1701402,19778,438,3
57.2766,2804,13535086,270,1701450,19778,329,3
57.2947,2805,13535106,270,1701501,19778,325,3
57.3165,2806,13535126,270,1701554,19778,240,3
57.3354,2807,13535146,270,1701609,18350,243,3
57.3551,2808,13535166,270,1701666,18350,268,3
57.3766,2809,13535186,270,1701722,18350,296,3
57.3958,2810,13535206,270,1701776,18350,252,3
57.4150,2811,13535226,270,1701829,18350,270,3
57.4361,2812,13535246,270,1701884,19635,243,3
57.4557,2813,13535266,270,1701940,19635,225,3
57.4753,2814,13535286,270,1701997,19635,331,3
57.4967,2815,13535306,270,1702052,19635,295,3
57.5160,2816,13535326,270,1702102,19635,481,3
57.5353,2817,13535346,270,1702151,19135,318,3
57.5551,2818,13535366,270,1702201,19135,371,3
57.5768,2819,13535386,270,1702255,19135,327,3
57.5959,2820,13535406,270,1702310,19135,233,3
57.6150,2821,13535426,270,1702367,19135,219,3
57.6365,2822,13535446,270,1702422,19278,366,3
57.6566,2823,13535466,270,1702474,19278,284,3
57.6763,2824,13535486,270,1702528,19278,301,3
57.6957,2825,13535506,270,1702583,19278,286,3
57.7155,2826,13535526,270,1702638,19278,289,3
57.7348,2827,13535546,270,1702695,19349,214,3
57.7563,2828,13535566,270,1702750,19349,304,3
57.7759,2829,13535586,270,1702799,19349,359,3
57.7955,2830,13535606,270,1702848,19349,352,3
57.8150,2831,13535626,270,1702898,19349,285,3
57.8359,2832,13535646,270,1702951,18421,262,3
57.8551,2833,13535666,270,1703007,18421,224,3
57.8768,2834,13535686,270,1703063,18421,357,3
57.8959,2835,13535706,270,1703119,18421,236,3
57.9154,2836,13535726,270,1703173,18421,322,3
57.9367,2837,13535746,270,1703226,19635,327,3
57.9562,2838,13535766,270,1703281,19635,251,3
57.9759,2839,13535786,270,1703336,19635,231,3
57.9950,2840,13535806,270,1703392,19635,245,3
58.0164,2841,13535826,270,1703448,19635,434,3
58.0353,2842,13535846,270,1703495,19421,456,3
58.0568,2843,13535866,270,1703540,19421,413,3
58.0761,2844,13535886,270,1703589,19421,332,3
58.0953,2845,13535906,270,1703642,19421,310,3
58.1165,2846,13535926,270,1703696,19421,227,3
58.1356,2847,13535946,270,1703751,18064,229,3
58.1551,2848,13535966,270,1703804,18064,242,3
58.1768,2849,13535986,270,1703857,18064,243,3
58.1962,2850,13536006,270,1703912,18064,259,3
58.2152,2851,13536026,270,1703967,18064,219,3
58.2362,2852,13536046,270,1704023,19349,355,3
58.2558,2853,13536066,270,1704080,19349,192,3
58.2761,2854,13536086,270,1704136,19349,267,3
58.2961,2855,13536106,270,1704183,19349,419,3
58.3159,2856,13536126,270,1704227,19349,455,3
58.3347,2857,13536146,270,1704275,18135,310,3
58.3562,2858,13536166,270,1704327,18135,261,3
58.3764,2859,13536186,270,1704381,18135,251,3
58.3962,2860,13536206,270,1704436,18135,248,3
58.4160,2861,13536226,270,1704491,18135,320,3
58.4352,2862,13536246,270,1704545,19206,311,3
58.4571,2863,13536266,270,1704599,19206,395,3
58.4748,2864,13536286,270,1704654,19206,246,3
58.4965,2865,13536306,270,1704710,19206,216,3
58.5156,2866,13536326,270,1704766,19206,219,3
58.5366,2867,13536346,270,1704823,19778,299,3
58.5559,2868,13536366,270,1704874,19778,442,3
58.5754,2869,13536386,270,1704919,19778,586,3
58.5967,2870,13536406,270,1704967,19778,310,3
58.6159,2871,13536426,270,1705019,19778,313,3
58.6351,2872,13536446,270,1705073,17921,261,3
58.6571,2873,13536466,270,1705128,17921,275,3
58.6767,2874,13536486,270,1705182,17921,269,3
58.6958,2875,13536506,270,1705236,17921,269,3
58.7150,2876,13536526,270,1705292,17921,289,3
58.7362,2877,13536546,270,1705348,19563,275,3
58.7558,2878,13536566,270,1705404,19563,217,3
58.7760,2879,13536586,270,1705462,19563,241,3
58.7956,2880,13536606,270,1705520,19563,245,3
58.8148,2881,13536626,270,1705572,19563,411,3
58.8362,2882,13536646,270,1705618,19492,390,3
58.8557,2883,13536666,270,1705667,19492,472,3
58.8756,2884,13536686,270,1705718,19492,327,3
58.8956,2885,13536706,270,1705772,19492,368,3
58.9150,2886,13536726,270,1705828,19492,253,3
58.9364,2887,13536746,270,1705883,18778,273,3
58.9559,2888,13536766,270,1705937,18778,235,3
58.9759,2889,13536786,270,1705992,18778,212,3
58.9953,2890,13536806,270,1706047,18778,237,3
59.0150,2891,13536826,270,1706103,18778,275,3
59.0365,2892,13536846,270,1706159,19635,253,3
59.0558,2893,13536866,270,1706216,19635,238,3
59.0756,2894,13536886,270,1706268,19635,437,3
59.0952,2895,13536906,270,1706313,19635,403,3
59.1147,2896,13536926,270,1706360,19635,444,3
59.1358,2897,13536946,270,1706410,18064,315,3
59.1551,2898,13536966,270,1706464,18064,269,3
59.1750,2899,13536986,270,1706519,18064,382,3
59.1964,2900,13537006,270,1706575,18064,210,3
59.2157,2901,13537026,270,1706630,18064,261,3
59.2351,2902,13537046,270,1706684,19492,249,3
59.2564,2903,13537066,270,1706738,19492,249,3
59.2748,2904,13537086,270,1706793,19492,233,3
59.2965,2905,13537106,270,1706849,19492,246,3
59.3156,2906,13537126,270,1706907,19492,237,3
59.3346,2907,13537146,270,1706961,19849,323,3
59.3559,2908,13537166,270,1707008,19849,462,3
59.3755,2909,13537186,270,1707055,19849,412,3
59.3949,2910,13537206,270,1707105,19849,355,3
59.4162,2911,13537226,270,1707159,19849,398,3
59.4351,2912,13537246,270,1707214,17921,235,3
59.4564,2913,13537266,270,1707270,17921,210,3
59.4759,2914,13537286,270,1707326,17921,237,3
59.4951,2915,13537306,270,1707379,17921,257,3
59.5162,2916,13537326,270,1707432,17921,285,3
59.5350,2917,13537346,270,1707487,19492,220,3
59.5564,2918,13537366,270,1707542,19492,345,3
59.5761,2919,13537386,270,1707598,19492,233,3
59.5953,2920,13537406,270,1707653,19492,357,3
59.6147,2921,13537426,270,1707701,19492,419,3
59.6358,2922,13537446,270,1707747,18707,387,3
59.6548,2923,13537466,270,1707796,18707,327,3
59.6768,2924,13537486,270,1707849,18707,224,3
59.6964,2925,13537506,270,1707904,18707,273,3
59.7157,2926,13537526,270,1707960,18707,281,3
59.7348,2927,13537546,270,1708012,18849,418,3
59.7547,2928,13537566,270,1708063,18849,307,3
59.7766,2929,13537586,270,1708116,18849,283,3
59.7966,2930,13537606,270,1708171,18849,243,3
59.8161,2931,13537626,270,1708225,18849,363,3
59.8354,2932,13537646,270,1708280,19135,293,3
59.8547,2933,13537666,270,1708336,19135,288,3
59.8762,2934,13537686,270,1708388,19135,392,3
59.8954,2935,13537706,270,1708436,19135,361,3
59.9166,2936,13537726,270,1708487,19135,302,3
59.9355,2937,13537746,270,1708539,18492,325,3
59.9551,2938,13537766,270,1708593,18492,245,3
59.9747,2939,13537786,270,1708649,18492,237,3
59.9965,2940,13537806,270,1708706,18492,253,3
60.0164,2941,13537826,270,1708763,18492,295,3
60.0355,2942,13537846,270,1708816,19778,275,3
60.0547,2943,13537866,270,1708868,19778,325,3
60.0764,2944,13537886,270,1708922,19778,315,3
60.0962,2945,13537906,270,1708977,19778,245,3
60.1156,2946,13537926,270,1709033,19778,252,3
60.1350,2947,13537946,270,1709085,19349,429,3
60.1570,2948,13537966,270,1709131,19349,411,3
60.1764,2949,13537986,270,1709179,19349,413,3
60.1958,2950,13538006,270,1709230,19349,358,3
60.2150,2951,13538026,270,1709285,19349,248,3
60.2365,2952,13538046,270,1709341,18064,229,3
60.2557,2953,13538066,270,1709396,18064,274,3
60.2762,2954,13538086,270,1709449,18064,242,3
60.2977,2955,13538106,270,1709502,18064,254,3
60.3148,2956,13538126,270,1709557,18064,264,3
60.3358,2957,13538146,270,1709612,19421,345,3
60.3549,2958,13538166,270,1709668,19421,217,3
60.3764,2959,13538186,270,1709725,19421,208,3
60.3958,2960,13538206,270,1709778,19421,337,3
60.4150,2961,13538226,270,1709826,19421,524,3
60.4359,2962,13538246,270,1709876,18849,320,3
60.4552,2963,13538266,270,1709927,18849,289,3
60.4752,2964,13538286,270,1709981,18849,253,3
60.4946,2965,13538306,270,1710037,18849,291,3
60.5158,2966,13538326,270,1710094,18849,247,3
60.5350,2967,13538346,270,1710148,19421,337,3
60.5566,2968,13538366,270,1710200,19421,339,3
60.5763,2969,13538386,270,1710255,19421,313,3
60.5955,2970,13538406,270,1710310,19421,221,3
60.6166,2971,13538426,270,1710366,19421,205,3
60.6357,2972,13538446,270,1710423,19492,355,3
60.6548,2973,13538466,270,1710476,19492,413,3
60.6766,2974,13538486,270,1710524,19492,429,3
60.6959,2975,13538506,270,1710574,19492,444,3
60.7152,2976,13538526,270,1710626,19492,320,3
60.7361,2977,13538546,270,1710680,18492,318,3
60.7554,2978,13538566,270,1710737,18492,201,3
60.7748,2979,13538586,270,1710793,18492,208,3
60.7985,2980,13538606,270,1710847,18492,283,3
60.8159,2981,13538626,270,1710900,18492,270,3
60.8353,2982,13538646,270,1710955,19563,293,3
60.8565,2983,13538666,270,1711010,19563,226,3
60.8761,2984,13538686,270,1711067,19563,235,3
60.8954,2985,13538706,270,1711123,19563,211,3
60.9165,2986,13538726,270,1711177,19563,310,3
60.9356,2987,13538746,270,1711224,19421,442,3
60.9548,2988,13538766,270,1711274,19421,341,3
60.9765,2989,13538786,270,1711326,19421,249,3
60.9958,2990,13538806,270,1711381,19421,278,3
61.0147,2991,13538826,270,1711437,19421,267,3
61.0358,2992,13538846,270,1711493,18992,290,3
61.0551,2993,13538866,270,1711547,18992,270,3
61.0751,2994,13538886,270,1711600,18992,269,3
61.0962,2995,13538906,270,1711656,18992,229,3
61.1154,2996,13538926,270,1711712,18992,227,3
61.1348,2997,13538946,270,1711768,19706,285,3
61.1568,2998,13538966,270,1711825,19706,220,3
61.1764,2999,13538986,270,1711876,19706,448,3
61.1958,3000,13539006,270,1711923,19706,402,3
61.2150,3001,13539026,270,1711972,19706,342,3
61.2361,3002,13539046,270,1712024,18278,401,3
61.2551,3003,13539066,270,1712079,18278,232,3
61.2749,3004,13539086,270,1712135,18278,198,3
61.2986,3005,13539106,270,1712191,18278,236,3
61.3158,3006,13539126,270,1712245,18278,258,3
61.3349,3007,13539146,270,1712297,19492,302,3
61.3558,3008,13539166,270,1712352,19492,233,3
61.3754,3009,13539186,270,1712408,19492,321,3
61.3950,3010,13539206,270,1712465,19492,164,3
61.4149,3011,13539226,270,1712523,19492,265,3
61.4348,3012,13539246,270,1712572,19849,345,3
61.4559,3013,13539266,270,1712617,19849,466,3
61.4752,3014,13539286,270,1712665,19849,395,3
61.4966,3015,13539306,270,1712718,19849,294,3
61.5161,3016,13539326,270,1712772,19849,290,3
61.5353,3017,13539346,270,1712828,17993,227,3
61.5564,3018,13539366,270,1712884,17993,248,3
61.5759,3019,13539386,270,1712937,17993,284,3
61.5952,3020,13539406,270,1712992,17993,269,3
61.6166,3021,13539426,270,1713047,17993,368,3
61.6357,3022,13539446,270,1713103,19635,225,3
61.6549,3023,13539466,270,1713159,19635,172,3
61.6765,3024,13539486,270,1713216,19635,295,3
61.6960,3025,13539506,270,1713269,19635,357,3
61.7153,3026,13539526,270,1713312,19635,497,3
61.7364,3027,13539546,270,1713359,18421,334,3
61.7553,3028,13539566,270,1713410,18421,434,3
61.7749,3029,13539586,270,1713464,18421,331,3
61.7948,3030,13539606,270,1713519,18421,311,3
61.8150,3031,13539626,270,1713573,18421,316,3
61.8348,3032,13539646,270,1713627,19064,318,3
61.8562,3033,13539666,270,1713681,19064,237,3
61.8762,3034,13539686,270,1713736,19064,203,3
61.8961,3035,13539706,270,1713792,19064,273,3
61.9156,3036,13539726,270,1713849,19064,261,3
61.9346,3037,13539746,270,1713906,19849,205,3
61.9561,3038,13539766,270,1713961,19849,393,3
61.9757,3039,13539786,270,1714008,19849,624,3
61.9951,3040,13539806,270,1714056,19849,320,3
62.0164,3041,13539826,270,1714107,19849,350,3
62.0362,3042,13539846,270,1714160,18207,272,3
62.0553,3043,13539866,270,1714216,18207,249,3
62.0749,3044,13539886,270,1714272,18207,268,3
62.0964,3045,13539906,270,1714325,18207,337,3
62.1155,3046,13539926,270,1714380,18207,293,3
62.1368,3047,13539946,270,1714435,19563,317,3
62.1557,3048,13539966,270,1714491,19563,243,3
62.1751,3049,13539986,270,1714548,19563,200,3
62.1964,3050,13540006,270,1714605,19563,325,3
62.2156,3051,13540026,270,1714659,19563,392,3
62.2349,3052,13540046,270,1714704,19563,438,3
62.2562,3053,13540066,270,1714751,19563,400,3
62.2759,3054,13540086,270,1714801,19563,316,3
62.2954,3055,13540106,270,1714854,19563,261,3
62.3147,3056,13540126,270,1714909,19563,227,3
62.3360,3057,13540146,270,1714965,18278,294,3
62.3548,3058,13540166,270,1715020,18278,294,3
62.3762,3059,13540186,270,1715073,18278,369,3
62.3954,3060,13540206,270,1715128,18278,320,3
62.4167,3061,13540226,270,1715183,18278,274,3
62.4359,3062,13540246,270,1715239,19563,210,3
62.4549,3063,13540266,270,1715296,19563,227,3
62.4763,3064,13540286,270,1715352,19563,428,3
62.4957,3065,13540306,270,1715400,19563,400,3
62.5148,3066,13540326,270,1715446,19563,444,3
62.5361,3067,13540346,270,1715496,18421,317,3
62.5550,3068,13540366,270,1715548,18421,270,3
62.5750,3069,13540386,270,1715604,18421,241,3
62.5953,3070,13540406,270,1715660,18421,270,3
62.6147,3071,13540426,270,1715715,18421,342,3
62.6361,3072,13540446,270,1715769,19492,277,3
62.6552,3073,13540466,270,1715822,19492,344,3
62.6751,3074,13540486,270,1715877,19492,230,3
62.6948,3075,13540506,270,1715932,19492,243,3
62.7163,3076,13540526,270,1715988,19492,232,3
62.7358,3077,13540546,270,1716044,19635,341,3
62.7547,3078,13540566,270,1716093,19635,360,3
62.7761,3079,13540586,270,1716140,19635,487,3
62.7956,3080,13540606,270,1716189,19635,320,3
62.8155,3081,13540626,270,1716242,19635,251,3
62.8346,3082,13540646,270,1716296,17993,205,3
62.8558,3083,13540666,270,1716352,17993,295,3
62.8753,3084,13540686,270,1716408,17993,349,3
62.8948,3085,13540706,270,1716459,17993,375,3
62.9162,3086,13540726,270,1716511,17993,288,3
62.9354,3087,13540746,270,1716565,19206,299,3
62.9567,3088,13540766,270,1716620,19206,273,3
62.9766,3089,13540786,270,1716676,19206,290,3
62.9950,3090,13540806,270,1716731,19206,295,3
63.0164,3091,13540826,270,1716783,19206,386,3
63.0359,3092,13540846,270,1716832,19135,385,3
63.0556,3093,13540866,270,1716882,19135,301,3
63.0753,3094,13540886,270,1716935,19135,267,3
63.0968,3095,13540906,270,1716989,19135,242,3
63.1162,3096,13540926,270,1717045,19135,243,3
63.1358,3097,13540946,270,1717102,19135,293,3
63.1552,3098,13540966,270,1717157,19135,326,3
63.1750,3099,13540986,270,1717209,19135,359,3
63.1949,3100,13541006,270,1717262,19135,274,3
63.2165,3101,13541026,270,1717316,19135,294,3
63.2358,3102,13541046,270,1717372,19278,268,3
63.2548,3103,13541066,270,1717428,19278,237,3
63.2752,3104,13541086,270,1717479,19278,421,3
63.2966,3105,13541106,270,1717525,19278,455,3
63.3160,3106,13541126,270,1717574,19278,369,3
63.3352,3107,13541146,270,1717625,18207,354,3
63.3563,3108,13541166,270,1717680,18207,263,3
63.3759,3109,13541186,270,1717736,18207,242,3
63.3952,3110,13541206,270,1717792,18207,274,3
63.4164,3111,13541226,270,1717848,18207,406,3
63.4359,3112,13541246,270,1717901,19635,313,3
63.4550,3113,13541266,270,1717956,19635,304,3
63.4768,3114,13541286,270,1718011,19635,265,3
63.4965,3115,13541306,270,1718067,19635,206,3
63.5157,3116,13541326,270,1718124,19635,332,3
63.5357,3117,13541346,270,1718179,19849,390,3
63.5552,3118,13541366,270,1718227,19849,365,3
63.5749,3119,13541386,270,1718277,19849,373,3
63.5946,3120,13541406,270,1718329,19849,337,3
63.6160,3121,13541426,270,1718384,19849,262,3
63.6358,3122,13541446,270,1718440,18564,236,3
63.6554,3123,13541466,270,1718497,18564,286,3
63.6753,3124,13541486,270,1718551,18564,412,3
63.6951,3125,13541506,270,1718605,18564,315,3
63.7166,3126,13541526,270,1718660,18564,288,3
63.7360,3127,13541546,270,1718716,19706,243,3
63.7549,3128,13541566,270,1718772,19706,198,3
63.7763,3129,13541586,270,1718829,19706,366,3
63.7956,3130,13541606,270,1718881,19706,442,3
63.8151,3131,13541626,270,1718929,19706,344,3
63.8364,3132,13541646,270,1718980,18921,391,3
63.8553,3133,13541666,270,1719032,18921,338,3
63.8749,3134,13541686,270,1719087,18921,279,3
63.8964,3135,13541706,270,1719143,18921,230,3
63.9155,3136,13541726,270,1719200,18921,277,3
63.9367,3137,13541746,270,1719253,19492,333,3
63.9557,3138,13541766,270,1719306,19492,245,3
63.9754,3139,13541786,270,1719360,19492,295,3
63.9953,3140,13541806,270,1719416,19492,262,3
64.0157,3141,13541826,270,1719472,19492,233,3
64.0350,3142,13541846,270,1719528,19635,236,3
64.0564,3143,13541866,270,1719580,19635,432,3
64.0766,3144,13541886,270,1719628,19635,384,3
64.0964,3145,13541906,270,1719677,19635,350,3
64.1156,3146,13541926,270,1719729,19635,269,3
64.1353,3147,13541946,270,1719784,18278,243,3
64.1567,3148,13541966,270,1719840,18278,256,3
64.1764,3149,13541986,270,1719897,18278,329,3
64.1959,3150,13542006,270,1719951,18278,275,3
64.2154,3151,13542026,270,1720005,18278,286,3
64.2351,3152,13542046,270,1720060,19635,238,3
64.2566,3153,13542066,270,1720116,19635,215,3
64.2749,3154,13542086,270,1720173,19635,336,3
64.2966,3155,13542106,270,1720229,19635,251,3
64.3161,3156,13542126,270,1720280,19635,565,3
64.3355,3157,13542146,270,1720325,19206,433,3
64.3548,3158,13542166,270,1720373,19206,392,3
64.3746,3159,13542186,270,1720425,19206,281,3
64.3967,3160,13542206,270,1720479,19206,251,3
64.4160,3161,13542226,270,1720535,19206,373,3
64.4351,3162,13542246,270,1720589,18635,357,3
64.4562,3163,13542266,270,1720642,18635,412,3
64.4762,3164,13542286,270,1720696,18635,302,3
64.4958,3165,13542306,270,1720751,18635,275,3
64.5150,3166,13542326,270,1720807,18635,212,3
64.5368,3167,13542346,270,1720864,19563,221,3
64.5564,3168,13542366,270,1720921,19563,322,3
64.5765,3169,13542386,270,1720970,19563,385,3
64.5964,3170,13542406,270,1721015,19563,471,3
64.6156,3171,13542426,270,1721063,19563,364,3
64.6352,3172,13542446,270,1721114,17921,326,3
64.6569,3173,13542466,270,1721168,17921,232,3
64.6766,3174,13542486,270,1721224,17921,211,3
64.6964,3175,13542506,270,1721279,17921,249,3
64.7156,3176,13542526,270,1721334,17921,294,3
64.7350,3177,13542546,270,1721388,19563,379,3
64.7559,3178,13542566,270,1721443,19563,238,3
64.7754,3179,13542586,270,1721499,19563,217,3
64.7951,3180,13542606,270,1721556,19563,222,3
64.8165,3181,13542626,270,1721613,19563,251,3
64.8355,3182,13542646,270,1721666,19992,546,3
64.8565,3183,13542666,270,1721711,19992,545,3
64.8759,3184,13542686,270,1721757,19992,352,3
64.8951,3185,13542706,270,1721808,19992,261,3
64.9164,3186,13542726,270,1721863,19992,243,3
64.9355,3187,13542746,270,1721917,17778,229,3
64.9566,3188,13542766,270,1721972,17778,253,3
64.9759,3189,13542786,270,1722025,17778,295,3
64.9953,3190,13542806,270,1722080,17778,267,3
65.0145,3191,13542826,270,1722135,17778,357,3
65.0360,3192,13542846,270,1722191,19563,215,3
65.0548,3193,13542866,270,1722248,19563,163,3
65.0763,3194,13542886,270,1722306,19563,333,3
65.0953,3195,13542906,270,1722360,19563,353,3
65.1146,3196,13542926,270,1722407,19563,470,3
65.1359,3197,13542946,270,1722455,18921,522,3
65.1551,3198,13542966,270,1722505,18921,268,3
65.1750,3199,13542986,270,1722559,18921,261,3
65.1950,3200,13543006,270,1722613,18921,279,3
65.2165,3201,13543026,270,1722669,18921,349,3
65.2359,3202,13543046,270,1722724,19135,301,3
65.2551,3203,13543066,270,1722777,19135,313,3
65.2751,3204,13543086,270,1722832,19135,232,3
65.2949,3205,13543106,270,1722888,19135,201,3
65.3188,3206,13543126,270,1722944,19135,251,3
65.3359,3207,13543146,270,1723001,19635,246,3
65.3549,3208,13543166,270,1723055,19635,459,3
65.3765,3209,13543186,270,1723099,19635,552,3
65.3960,3210,13543206,270,1723144,19635,361,3
65.4151,3211,13543226,270,1723193,19635,380,3
65.4362,3212,13543246,270,1723247,17707,316,3
65.4551,3213,13543266,270,1723301,17707,259,3
65.4767,3214,13543286,270,1723357,17707,241,3
65.4960,3215,13543306,270,1723412,17707,267,3
65.5153,3216,13543326,270,1723466,17707,243,3
65.5366,3217,13543346,270,1723521,19492,343,3
65.5556,3218,13543366,270,1723577,19492,289,3
65.5749,3219,13543386,270,1723633,19492,231,3
65.5967,3220,13543406,270,1723690,19492,227,3
65.6160,3221,13543426,270,1723747,19492,279,3
65.6350,3222,13543446,270,1723798,19992,482,3
65.6561,3223,13543466,270,1723844,19992,459,3
65.6754,3224,13543486,270,1723893,19992,352,3
65.6951,3225,13543506,270,1723945,19992,261,3
65.7164,3226,13543526,270,1724000,19992,283,3
65.7356,3227,13543546,270,1724056,18278,322,3
65.7558,3228,13543566,250,1724111,18278,204,3
65.7750,3229,13543586,250,1724163,18278,334,3
65.7964,3230,13543606,250,1724214,18278,281,3
65.8158,3231,13543626,250,1724266,18278,215,3
65.8353,3232,13543646,250,1724318,18778,193,3
65.8564,3233,13543666,250,1724371,18778,193,3
65.8759,3234,13543686,250,1724423,18778,206,3
65.8954,3235,13543706,250,1724471,18778,366,3
65.9147,3236,13543726,250,1724514,18778,422,3
65.9363,3237,13543746,250,1724560,17279,304,3
65.9553,3238,13543766,250,1724607,17279,289,3
65.9750,3239,13543786,250,1724656,17279,277,3
65.9951,3240,13543806,250,1724707,17279,253,3
66.0166,3241,13543826,250,1724759,17279,327,3
66.0358,3242,13543846,250,1724809,17850,245,3
66.0547,3243,13543866,250,1724857,17850,290,3
66.0760,3244,13543886,250,1724905,17850,294,3
66.0955,3245,13543906,250,1724954,17850,251,3
66.1149,3246,13543926,250,1725005,17850,290,3
66.1363,3247,13543946,250,1725056,17564,270,3
66.1552,3248,13543966,250,1725108,17564,212,3
66.1749,3249,13543986,250,1725159,17564,338,3
66.1965,3250,13544006,250,1725203,17564,371,3
66.2158,3251,13544026,250,1725247,17564,336,3
66.2351,3252,13544046,250,1725294,17064,422,3
66.2549,3253,13544066,250,1725342,17064,242,3
66.2747,3254,13544086,250,1725393,17064,196,3
66.2966,3255,13544106,250,1725445,17064,246,3
66.3161,3256,13544126,250,1725497,17064,265,3
66.3351,3257,13544146,250,1725547,17993,337,3
66.3565,3258,13544166,250,1725596,17993,288,3
66.3762,3259,13544186,250,1725645,17993,326,3
66.3959,3260,13544206,250,1725695,17993,241,3
66.4152,3261,13544226,250,1725745,17993,235,3
66.4346,3262,13544246,250,1725797,17778,230,3
66.4559,3263,13544266,250,1725847,17778,434,3
66.4750,3264,13544286,250,1725892,17778,472,3
66.4966,3265,13544306,250,1725936,17778,380,3
66.5160,3266,13544326,250,1725981,17778,279,3
66.5349,3267,13544346,250,1726029,16707,313,3
66.5561,3268,13544366,250,1726079,16707,230,3
66.5755,3269,13544386,250,1726131,16707,209,3
66.5951,3270,13544406,250,1726183,16707,229,3
66.6163,3271,13544426,250,1726232,16707,402,3
66.6356,3272,13544446,250,1726280,17921,235,3
66.6547,3273,13544466,250,1726329,17921,311,3
66.6759,3274,13544486,250,1726380,17921,331,3
66.6954,3275,13544506,250,1726431,17921,196,3
66.7148,3276,13544526,250,1726483,17921,194,3
66.7347,3277,13544546,250,1726535,18135,215,3
66.7574,3278,13544566,250,1726582,18135,401,3
66.7747,3279,13544586,250,1726626,18135,419,3
66.7963,3280,13544606,250,1726672,18135,294,3
66.8156,3281,13544626,250,1726720,18135,269,3
66.8349,3282,13544646,250,1726769,16707,254,3
66.8559,3283,13544666,250,1726820,16707,238,3
66.8750,3284,13544686,250,1726872,16707,307,3
66.8961,3285,13544706,250,1726924,16707,291,3
66.9152,3286,13544726,250,1726973,16707,230,3
66.9363,3287,13544746,250,1727023,18135,326,3
66.9552,3288,13544766,250,1727073,18135,233,3
66.9763,3289,13544786,250,1727124,18135,225,3
66.9958,3290,13544806,250,1727176,18135,161,3
67.0153,3291,13544826,250,1727229,18135,212,3
67.0367,3292,13544846,250,1727277,18207,502,3
67.0558,3293,13544866,250,1727321,18207,477,3
67.0751,3294,13544886,250,1727367,18207,284,3
67.0947,3295,13544906,250,1727415,18207,333,3
67.1165,3296,13544926,250,1727464,18207,236,3
67.1360,3297,13544946,250,1727516,16922,212,3
67.1552,3298,13544966,250,1727568,16922,187,3
67.1747,3299,13544986,250,1727619,16922,428,3
67.1961,3300,13545006,250,1727667,16922,277,3
67.2153,3301,13545026,250,1727716,16922,254,3
67.2347,3302,13545046,250,1727767,17993,365,3
67.2563,3303,13545066,250,1727819,17993,189,3
67.2756,3304,13545086,250,1727870,17993,206,3
67.2958,3305,13545106,250,1727922,17993,227,3
67.3154,3306,13545126,250,1727971,17993,413,3
67.3351,3307,13545146,250,1728015,17778,328,3
67.3563,3308,13545166,250,1728061,17778,300,3
67.3761,3309,13545186,250,1728108,17778,390,3
67.3952,3310,13545206,250,1728157,17778,242,3
67.4147,3311,13545226,250,1728208,17778,201,3
67.4358,3312,13545246,250,1728260,17350,264,3
67.4546,3313,13545266,250,1728312,17350,293,3
67.4760,3314,13545286,250,1728362,17350,304,3
67.4956,3315,13545306,250,1728411,17350,290,3
67.5150,3316,13545326,250,1728461,17350,280,3
67.5364,3317,13545346,250,1728513,18064,278,3
67.5552,3318,13545366,250,1728564,18064,210,3
67.5768,3319,13545386,250,1728617,18064,221,3
67.5962,3320,13545406,250,1728664,18064,583,3
67.6154,3321,13545426,250,1728704,18064,417,3
67.6347,3322,13545446,250,1728748,16922,414,3
67.6558,3323,13545466,250,1728794,16922,321,3
67.6754,3324,13545486,250,1728844,16922,272,3
67.6949,3325,13545506,250,1728894,16922,220,3
67.7163,3326,13545526,250,1728945,16922,237,3
67.7355,3327,13545546,250,1728996,17564,312,3
67.7568,3328,13545566,250,1729045,17564,281,3
67.7761,3329,13545586,250,1729095,17564,200,3
67.7957,3330,13545606,250,1729147,17564,252,3
67.8148,3331,13545626,250,1729199,17564,243,3
67.8359,3332,13545646,250,1729252,18278,192,3
67.8548,3333,13545666,250,1729305,18278,262,3
67.8764,3334,13545686,250,1729353,18278,320,3
67.8957,3335,13545706,250,1729394,18278,438,3
67.9152,3336,13545726,250,1729437,18278,347,3
67.9365,3337,13545746,250,1729484,16636,304,3
67.9553,3338,13545766,250,1729532,16636,254,3
67.9770,3339,13545786,250,1729583,16636,254,3
67.9965,3340,13545806,250,1729635,16636,264,3
68.0156,3341,13545826,250,1729687,16636,322,3
68.0348,3342,13545846,250,1729737,18135,229,3
68.0558,3343,13545866,250,1729787,18135,258,3
68.0748,3344,13545886,250,1729837,18135,375,3
68.0964,3345,13545906,250,1729888,18135,209,3
68.1155,3346,13545926,250,1729940,18135,208,3
68.1348,3347,13545946,250,1729992,18135,162,3
68.1564,3348,13545966,250,1730043,18135,371,3
68.1762,3349,13545986,250,1730084,18135,506,3
68.1961,3350,13546006,250,1730126,18135,418,3
68.2152,3351,13546026,250,1730171,18135,353,3
68.2346,3352,13546046,250,1730220,16279,331,3
68.2579,3353,13546066,250,1730269,16279,226,3
68.2761,3354,13546086,250,1730321,16279,209,3
68.2959,3355,13546106,250,1730372,16279,285,3
68.3155,3356,13546126,250,1730423,16279,294,3
68.3346,3357,13546146,250,1730472,17993,261,3
68.3560,3358,13546166,250,1730524,17993,224,3
68.3758,3359,13546186,250,1730576,17993,212,3
68.3958,3360,13546206,250,1730628,17993,224,3
68.4153,3361,13546226,250,1730682,17993,225,3
68.4365,3362,13546246,250,1730735,18707,354,3
68.4553,3363,13546266,250,1730779,18707,453,3
68.4769,3364,13546286,250,1730822,18707,368,3
68.4965,3365,13546306,250,1730868,18707,295,3
68.5160,3366,13546326,250,1730916,18707,280,3
68.5352,3367,13546346,250,1730965,16493,279,3
68.5564,3368,13546366,250,1731016,16493,180,3
68.5759,3369,13546386,250,1731068,16493,233,3
68.5957,3370,13546406,250,1731118,16493,326,3
68.6150,3371,13546426,250,1731168,16493,274,3
68.6365,3372,13546446,250,1731219,18135,217,3
68.6558,3373,13546466,250,1731270,18135,195,3
68.6752,3374,13546486,250,1731322,18135,253,3
68.6967,3375,13546506,250,1731375,18135,237,3
68.7159,3376,13546526,250,1731427,18135,304,3
68.7351,3377,13546546,250,1731472,18207,392,3
68.7546,3378,13546566,250,1731513,18207,465,3
68.7758,3379,13546586,250,1731557,18207,329,3
68.7956,3380,13546606,250,1731604,18207,283,3
68.8150,3381,13546626,250,1731654,18207,238,3
68.8368,3382,13546646,250,1731705,16422,274,3
68.8566,3383,13546666,250,1731756,16422,341,3
68.8759,3384,13546686,250,1731808,16422,281,3
68.8957,3385,13546706,250,1731856,16422,259,3
68.9149,3386,13546726,250,1731905,16422,364,3
68.9363,3387,13546746,250,1731956,17993,215,3
68.9551,3388,13546766,250,1732007,17993,205,3
68.9765,3389,13546786,250,1732059,17993,222,3
68.9963,3390,13546806,250,1732112,17993,200,3
69.0155,3391,13546826,250,1732161,17993,411,3
69.0348,3392,13546846,250,1732203,17778,472,3
69.0560,3393,13546866,250,1732245,17778,403,3
69.0755,3394,13546886,250,1732292,17778,408,3
69.0951,3395,13546906,250,1732340,17778,249,3
69.1146,3396,13546926,250,1732390,17778,248,3
69.1360,3397,13546946,250,1732441,16779,284,3
69.1548,3398,13546966,250,1732493,16779,302,3
69.1762,3399,13546986,250,1732542,16779,252,3
69.1956,3400,13547006,250,1732590,16779,360,3
69.2151,3401,13547026,250,1732640,16779,252,3
69.2364,3402,13547046,250,1732690,17850,221,3
69.2553,3403,13547066,250,1732741,17850,222,3
69.2749,3404,13547086,250,1732793,17850,268,3
69.2967,3405,13547106,250,1732845,17850,424,3
69.3158,3406,13547126,250,1732889,17850,561,3
69.3348,3407,13547146,250,1732931,17350,494,3
69.3560,3408,13547166,250,1732976,17350,343,3
69.3752,3409,13547186,250,1733024,17350,236,3
69.3969,3410,13547206,250,1733074,17350,208,3
69.4166,3411,13547226,250,1733125,17350,252,3
69.4362,3412,13547246,250,1733175,17350,345,3
69.4555,3413,13547266,250,1733222,17350,331,3
69.4746,3414,13547286,250,1733270,17350,368,3
69.4961,3415,13547306,250,1733320,17350,217,3
69.5151,3416,13547326,250,1733370,17350,294,3
69.5366,3417,13547346,250,1733420,17421,365,3
69.5554,3418,13547366,250,1733470,17421,227,3
69.5745,3419,13547386,250,1733520,17421,230,3
69.5963,3420,13547406,250,1733569,17421,407,3
69.6156,3421,13547426,250,1733613,17421,517,3
69.6367,3422,13547446,250,1733657,17064,390,3
69.6558,3423,13547466,250,1733704,17064,253,3
69.6746,3424,13547486,250,1733753,17064,326,3
69.6963,3425,13547506,250,1733803,17064,283,3
69.7158,3426,13547526,250,1733854,17064,211,3
69.7351,3427,13547546,250,1733906,17636,194,3
69.7566,3428,13547566,250,1733958,17636,237,3
69.7766,3429,13547586,250,1734007,17636,364,3
69.7947,3430,13547606,250,1734055,17636,249,3
69.8164,3431,13547626,250,1734104,17636,418,3
69.8358,3432,13547646,250,1734153,17707,204,3
69.8547,3433,13547666,250,1734204,17707,224,3
69.8763,3434,13547686,250,1734254,17707,501,3
69.8958,3435,13547706,250,1734296,17707,641,3
69.9152,3436,13547726,250,1734339,17707,490,3
69.9366,3437,13547746,250,1734384,16493,339,3
69.9557,3438,13547766,250,1734432,16493,242,3
69.9746,3439,13547786,250,1734481,16493,203,3
69.9962,3440,13547806,250,1734533,16493,249,3
70.0152,3441,13547826,250,1734584,16493,334,3
70.0363,3442,13547846,250,1734632,17707,311,3
70.0550,3443,13547866,250,1734681,17707,332,3
70.0766,3444,13547886,250,1734731,17707,251,3
70.0959,3445,13547906,250,1734782,17707,210,3
70.1153,3446,13547926,250,1734833,17707,210,3
70.1363,3447,13547946,250,1734886,17993,208,3
70.1557,3448,13547966,250,1734938,17993,277,3
70.1747,3449,13547986,250,1734985,17993,300,3
70.1963,3450,13548006,250,1735029,17993,338,3
70.2156,3451,13548026,250,1735075,17993,317,3
70.2347,3452,13548046,250,1735123,16993,245,3
70.2563,3453,13548066,250,1735172,16993,280,3
70.2761,3454,13548086,250,1735224,16993,284,3
70.2961,3455,13548106,250,1735275,16993,280,3
70.3162,3456,13548126,250,1735325,16993,295,3
70.3357,3457,13548146,250,1735374,17921,316,3
70.3550,3458,13548166,250,1735424,17921,252,3
70.3770,3459,13548186,250,1735474,17921,211,3
70.3964,3460,13548206,250,1735525,17921,227,3
70.4158,3461,13548226,250,1735577,17921,268,3
70.4355,3462,13548246,250,1735629,18207,312,3
70.4555,3463,13548266,250,1735676,18207,322,3
70.4751,3464,13548286,250,1735721,18207,369,3
70.4951,3465,13548306,250,1735768,18207,476,3
70.5151,3466,13548326,250,1735816,18207,237,3
70.5346,3467,13548346,250,1735865,16850,293,3
70.5563,3468,13548366,250,1735916,16850,331,3
70.5758,3469,13548386,250,1735968,16850,221,3
70.5954,3470,13548406,250,1736020,16850,219,3
70.6148,3471,13548426,250,1736070,16850,263,3
70.6364,3472,13548446,250,1736120,18207,323,3
70.6556,3473,13548466,250,1736169,18207,236,3
70.6747,3474,13548486,250,1736220,18207,224,3
70.6961,3475,13548506,250,1736271,18207,241,3
70.7152,3476,13548526,250,1736323,18207,313,3
70.7345,3477,13548546,250,1736372,18064,357,3
70.7559,3478,13548566,250,1736414,18064,406,3
70.7772,3479,13548586,250,1736459,18064,323,3
70.7965,3480,13548606,250,1736506,18064,349,3
70.8159,3481,13548626,250,1736556,18064,316,3
70.8351,3482,13548646,250,1736607,16707,222,3
70.8562,3483,13548666,250,1736659,16707,203,3
70.8755,3484,13548686,250,1736709,16707,291,3
70.8950,3485,13548706,250,1736758,16707,307,3
70.9145,3486,13548726,250,1736808,16707,257,3
70.9357,3487,13548746,250,1736858,17921,241,3
70.9549,3488,13548766,250,1736910,17921,251,3
70.9760,3489,13548786,250,1736962,17921,300,3
70.9953,3490,13548806,250,1737014,17921,261,3
71.0145,3491,13548826,250,1737061,17921,443,3
71.0357,3492,13548846,250,1737101,17564,498,3
71.0552,3493,13548866,250,1737145,17564,411,3
71.0766,3494,13548886,250,1737191,17564,302,3
71.0961,3495,13548906,250,1737240,17564,414,3
71.1154,3496,13548926,250,1737289,17564,190,3
71.1346,3497,13548946,250,1737340,16779,233,3
71.1556,3498,13548966,250,1737391,16779,322,3
71.1747,3499,13548986,250,1737439,16779,304,3
71.1960,3500,13549006,250,1737487,16779,238,3
71.2152,3501,13549026,250,1737537,16779,291,3
71.2362,3502,13549046,250,1737588,17707,180,3
71.2554,3503,13549066,250,1737641,17707,195,3
71.2795,3504,13549086,250,1737693,17707,195,3
71.2970,3505,13549106,250,1737743,17707,313,3
71.3164,3506,13549126,250,1737786,17707,425,3
71.3356,3507,13549146,250,1737828,17350,400,3
71.3544,3508,13549166,250,1737873,17350,286,3
71.3756,3509,13549186,250,1737921,17350,327,3
71.3952,3510,13549206,250,1737971,17350,221,3
71.4147,3511,13549226,250,1738022,17350,240,3
71.4360,3512,13549246,250,1738073,17350,273,3
71.4552,3513,13549266,250,1738124,17350,302,3
71.4764,3514,13549286,250,1738175,17350,233,3
71.4959,3515,13549306,250,1738225,17350,233,3
71.5153,3516,13549326,250,1738277,17350,190,3
71.5348,3517,13549346,250,1738329,18207,227,3
71.5566,3518,13549366,250,1738383,18207,193,3
71.5763,3519,13549386,250,1738435,18207,471,3
71.5959,3520,13549406,250,1738478,18207,573,3
71.6154,3521,13549426,250,1738520,18207,555,3
71.6346,3522,13549446,250,1738565,16993,370,3
71.6566,3523,13549466,250,1738612,16993,268,3
71.6761,3524,13549486,250,1738662,16993,261,3
71.6957,3525,13549506,250,1738713,16993,280,3
71.7156,3526,13549526,250,1738765,16993,288,3
71.7348,3527,13549546,250,1738815,17778,259,3
71.7561,3528,13549566,250,1738864,17778,277,3
71.7802,3529,13549586,250,1738913,17778,283,3
71.7956,3530,13549606,250,1738964,17778,225,3
71.8151,3531,13549626,250,1739017,17778,124,3
71.8348,3532,13549646,250,1739070,18135,178,3
71.8547,3533,13549666,250,1739122,18135,245,3
71.8762,3534,13549686,250,1739168,18135,413,3
71.8960,3535,13549706,250,1739211,18135,379,3
71.9152,3536,13549726,250,1739257,18135,380,3
71.9348,3537,13549746,250,1739304,16850,297,3
71.9549,3538,13549766,250,1739353,16850,306,3
71.9761,3539,13549786,250,1739404,16850,269,3
71.9955,3540,13549806,250,1739455,16850,227,3
72.0151,3541,13549826,250,1739506,16850,241,3
72.0349,3542,13549846,250,1739556,17921,273,3
72.0546,3543,13549866,250,1739605,17921,312,3
72.0762,3544,13549886,250,1739656,17921,193,3
72.0955,3545,13549906,250,1739708,17921,225,3
72.1153,3546,13549926,250,1739760,17921,224,3
72.1346,3547,13549946,250,1739812,18207,215,3
72.1564,3548,13549966,250,1739860,18207,395,3
72.1755,3549,13549986,250,1739901,18207,406,3
72.1950,3550,13550006,250,1739943,18207,360,3
72.2167,3551,13550026,250,1739989,18207,312,3
72.2360,3552,13550046,250,1740037,16208,278,3
72.2554,3553,13550066,250,1740088,16208,301,3
72.2819,3554,13550086,250,1740139,16208,279,3
72.2950,3555,13550106,250,1740189,16208,275,3
72.3147,3556,13550126,250,1740238,16208,297,3
72.3397,3557,13550146,250,1740287,17778,257,3
72.3548,3558,13550166,250,1740337,17778,238,3
72.3763,3559,13550186,250,1740388,17778,201,3
72.3958,3560,13550206,250,1740440,17778,334,3
72.4154,3561,13550226,250,1740492,17778,238,3
72.4346,3562,13550246,250,1740544,18350,289,3
72.4560,3563,13550266,250,1740588,18350,519,3
72.4751,3564,13550286,250,1740630,18350,462,3
72.4967,3565,13550306,250,1740675,18350,478,3
72.5161,3566,13550326,250,1740721,18350,281,3
72.5359,3567,13550346,250,1740771,16208,261,3
72.5550,3568,13550366,250,1740821,16208,288,3
72.5762,3569,13550386,250,1740873,16208,193,3
72.5956,3570,13550406,250,1740921,16208,307,3
72.6149,3571,13550426,250,1740968,16208,316,3
72.6363,3572,13550446,250,1741016,17493,376,3
72.6554,3573,13550466,250,1741066,17493,227,3
72.6745,3574,13550486,250,1741117,17493,229,3
72.6958,3575,13550506,250,1741168,17493,229,3
72.7150,3576,13550526,250,1741220,17493,235,3
72.7361,3577,13550546,250,1741267,17993,349,3
72.7554,3578,13550566,250,1741310,17993,363,3
72.7813,3579,13550586,250,1741355,17993,325,3
72.7964,3580,13550606,250,1741401,17993,332,3
72.8156,3581,13550626,250,1741450,17993,240,3
72.8346,3582,13550646,250,1741500,16565,230,3
72.8560,3583,13550666,250,1741552,16565,231,3
72.8748,3584,13550686,250,1741602,16565,341,3
72.8964,3585,13550706,250,1741649,16565,279,3
72.9159,3586,13550726,250,1741697,16565,360,3
72.9350,3587,13550746,250,1741747,17636,221,3
72.9565,3588,13550766,250,1741797,17636,221,3
72.9757,3589,13550786,250,1741848,17636,341,3
72.9952,3590,13550806,250,1741900,17636,253,3
73.0149,3591,13550826,250,1741951,17636,280,3
73.0363,3592,13550846,250,1741996,17921,491,3
73.0559,3593,13550866,250,1742041,17921,376,3
73.0754,3594,13550886,250,1742088,17921,253,3
73.0948,3595,13550906,250,1742137,17921,326,3
73.1164,3596,13550926,250,1742187,17921,290,3
73.1355,3597,13550946,250,1742238,17136,209,3
73.1549,3598,13550966,250,1742290,17136,196,3
73.1758,3599,13550986,250,1742342,17136,194,3
73.1955,3600,13551006,250,1742394,17136,312,3
73.2153,3601,13551026,250,1742442,17136,279,3
73.2365,3602,13551046,250,1742490,17993,283,3
73.2557,3603,13551066,250,1742539,17993,248,3
73.2817,3604,13551086,250,1742589,17993,221,3
73.2967,3605,13551106,250,1742640,17993,300,3
73.3160,3606,13551126,250,1742683,17993,477,3
73.3352,3607,13551146,250,1742724,16922,438,3
73.3566,3608,13551166,250,1742769,16922,350,3
73.3757,3609,13551186,250,1742816,16922,242,3
73.3951,3610,13551206,250,1742865,16922,212,3
73.4146,3611,13551226,250,1742916,16922,262,3
73.4357,3612,13551246,250,1742968,17136,275,3
73.4551,3613,13551266,250,1743018,17136,301,3
73.4749,3614,13551286,250,1743067,17136,293,3
73.4966,3615,13551306,250,1743117,17136,306,3
73.5158,3616,13551326,250,1743167,17136,232,3
73.5352,3617,13551346,250,1743219,17921,184,3
73.5545,3618,13551366,250,1743270,17921,195,3
73.5759,3619,13551386,250,1743323,17921,233,3
73.5957,3620,13551406,250,1743372,17921,373,3
73.6155,3621,13551426,250,1743416,17921,439,3
73.6346,3622,13551446,250,1743461,17493,317,3
73.6561,3623,13551466,250,1743508,17493,295,3
73.6752,3624,13551486,250,1743557,17493,265,3
73.6965,3625,13551506,250,1743608,17493,262,3
73.7158,3626,13551526,250,1743660,17493,320,3
73.7351,3627,13551546,250,1743712,17707,256,3
73.7565,3628,13551566,250,1743760,17707,263,3
73.7825,3629,13551586,250,1743809,17707,313,3
73.7953,3630,13551606,250,1743859,17707,221,3
73.8150,3631,13551626,250,1743909,17707,199,3
73.8362,3632,13551646,250,1743961,17778,265,3
73.8551,3633,13551666,250,1744013,17778,267,3
73.8760,3634,13551686,250,1744062,17778,293,3
73.8952,3635,13551706,250,1744107,17778,361,3
73.9149,3636,13551726,250,1744152,17778,462,3
73.9361,3637,13551746,250,1744200,17136,246,3
73.9551,3638,13551766,250,1744249,17136,304,3
73.9763,3639,13551786,250,1744299,17136,268,3
73.9961,3640,13551806,250,1744350,17136,208,3
74.0163,3641,13551826,250,1744402,17136,203,3
74.0358,3642,13551846,250,1744452,17993,320,3
74.0555,3643,13551866,250,1744501,17993,261,3
74.0746,3644,13551886,250,1744550,17993,221,3
74.0963,3645,13551906,250,1744601,17993,302,3
74.1157,3646,13551926,250,1744652,17993,257,3
74.1348,3647,13551946,250,1744704,17921,214,3
74.1559,3648,13551966,250,1744754,17921,312,3
74.1748,3649,13551986,250,1744797,17921,406,3
74.1961,3650,13552006,250,1744841,17921,291,3
74.2155,3651,13552026,250,1744888,17921,355,3
74.2347,3652,13552046,250,1744936,16636,247,3
74.2561,3653,13552066,250,1744986,16636,274,3
74.2750,3654,13552086,250,1745037,16636,278,3
74.2947,3655,13552106,250,1745089,16636,321,3
74.3161,3656,13552126,250,1745139,16636,264,3
74.3352,3657,13552146,250,1745188,17993,263,3
74.3563,3658,13552166,250,1745238,17993,317,3
74.3751,3659,13552186,250,1745289,17993,183,3
74.3967,3660,13552206,250,1745340,17993,209,3
74.4160,3661,13552226,250,1745392,17993,204,3
74.4350,3662,13552246,250,1745444,18278,327,3
74.4562,3663,13552266,250,1745485,18278,540,3
74.4750,3664,13552286,250,1745527,18278,437,3
74.4963,3665,13552306,250,1745572,18278,307,3
74.5156,3666,13552326,250,1745620,18278,257,3
74.5349,3667,13552346,250,1745669,16136,252,3
74.5561,3668,13552366,250,1745720,16136,309,3
74.5749,3669,13552386,250,1745769,16136,285,3
74.5967,3670,13552406,250,1745818,16136,321,3
74.6161,3671,13552426,250,1745867,16136,242,3
74.6352,3672,13552446,250,1745917,17636,215,3
74.6564,3673,13552466,250,1745968,17636,245,3
74.6751,3674,13552486,250,1746019,17636,212,3
74.6964,3675,13552506,250,1746071,17636,339,3
74.7157,3676,13552526,250,1746123,17636,246,3
74.7349,3677,13552546,250,1746167,18064,412,3
74.7547,3678,13552566,250,1746207,18064,433,3
74.7764,3679,13552586,250,1746249,18064,301,3
74.7965,3680,13552606,250,1746296,18064,347,3
74.8161,3681,13552626,250,1746345,18064,248,3
74.8355,3682,13552646,250,1746395,16065,253,3
74.8547,3683,13552666,250,1746446,16065,263,3
74.8761,3684,13552686,250,1746496,16065,302,3
74.8958,3685,13552706,250,1746546,16065,236,3
74.9158,3686,13552726,250,1746596,16065,249,3
74.9350,3687,13552746,250,1746647,17993,354,3
74.9546,3688,13552766,250,1746698,17993,163,3
74.9758,3689,13552786,250,1746751,17993,169,3
74.9951,3690,13552806,250,1746804,17993,185,3
75.0151,3691,13552826,250,1746852,17993,400,3
75.0364,3692,13552846,250,1746893,17778,514,3
75.0555,3693,13552866,250,1746936,17778,439,3
75.0766,3694,13552886,250,1746982,17778,316,3
75.0961,3695,13552906,250,1747030,17778,342,3
75.1154,3696,13552926,250,1747080,17778,200,3
75.1365,3697,13552946,250,1747131,16707,257,3
75.1554,3698,13552966,250,1747182,16707,311,3
75.1762,3699,13552986,250,1747232,16707,279,3
75.1955,3700,13553006,250,1747281,16707,227,3
75.2150,3701,13553026,250,1747332,16707,315,3
75.2346,3702,13553046,250,1747383,17993,263,3
75.2559,3703,13553066,250,1747435,17993,245,3
75.2751,3704,13553086,250,1747488,17993,201,3
75.2954,3705,13553106,250,1747539,17993,295,3
75.3152,3706,13553126,250,1747583,17993,353,3
75.3346,3707,13553146,250,1747625,17493,377,3
75.3559,3708,13553166,250,1747671,17493,454,3
75.3747,3709,13553186,250,1747719,17493,259,3
75.3963,3710,13553206,250,1747768,17493,306,3
75.4161,3711,13553226,250,1747818,17493,246,3
75.4351,3712,13553246,250,1747869,17279,231,3
75.4563,3713,13553266,250,1747920,17279,230,3
75.4752,3714,13553286,250,1747969,17279,355,3
75.4947,3715,13553306,250,1748017,17279,261,3
75.5160,3716,13553326,250,1748067,17279,231,3
75.5351,3717,13553346,250,1748117,17707,299,3
75.5562,3718,13553366,250,1748169,17707,171,3
75.5751,3719,13553386,250,1748221,17707,237,3
75.5967,3720,13553406,250,1748265,17707,448,3
75.6159,3721,13553426,250,1748305,17707,387,3
75.6348,3722,13553446,250,1748348,16636,377,3
75.6561,3723,13553466,250,1748395,16636,316,3
75.6750,3724,13553486,250,1748444,16636,237,3
75.6968,3725,13553506,250,1748495,16636,227,3
75.7166,3726,13553526,250,1748546,16636,349,3
75.7364,3727,13553546,250,1748597,17636,248,3
75.7560,3728,13553566,250,1748647,17636,265,3
75.7754,3729,13553586,250,1748696,17636,357,3
75.7952,3730,13553606,250,1748747,17636,237,3
75.8150,3731,13553626,250,1748798,17636,215,3
75.8363,3732,13553646,250,1748850,18064,193,3
75.8556,3733,13553666,250,1748903,18064,190,3
75.8748,3734,13553686,250,1748954,18064,366,3
75.8966,3735,13553706,250,1748997,18064,465,3
75.9164,3736,13553726,250,1749039,18064,462,3
75.9358,3737,13553746,250,1749084,16779,331,3
75.9551,3738,13553766,250,1749132,16779,283,3
75.9761,3739,13553786,250,1749182,16779,233,3
75.9953,3740,13553806,250,1749233,16779,219,3
76.0150,3741,13553826,250,1749285,16779,237,3
76.0364,3742,13553846,250,1749336,17921,424,3
76.0554,3743,13553866,250,1749384,17921,215,3
76.0765,3744,13553886,250,1749433,17921,325,3
76.0959,3745,13553906,250,1749483,17921,284,3
76.1153,3746,13553926,250,1749533,17921,198,3
76.1363,3747,13553946,250,1749585,17707,203,3
76.1553,3748,13553966,250,1749636,17707,341,3
76.1763,3749,13553986,250,1749680,17707,421,3
76.1956,3750,13554006,250,1749722,17707,446,3
76.2152,3751,13554026,250,1749766,17707,342,3
76.2366,3752,13554046,250,1749813,16350,289,3
76.2556,3753,13554066,250,1749861,16350,270,3
76.2746,3754,13554086,250,1749912,16350,381,3
76.2963,3755,13554106,250,1749962,16350,224,3
76.3160,3756,13554126,250,1750010,16350,323,3
76.3363,3757,13554146,250,1750056,17421,323,3
76.3557,3758,13554166,250,1750105,17421,359,3
76.3747,3759,13554186,250,1750155,17421,235,3
76.3963,3760,13554206,250,1750205,17421,247,3
76.4158,3761,13554226,250,1750256,17421,272,3
76.4353,3762,13554246,250,1750306,17778,281,3
76.4546,3763,13554266,250,1750355,17778,286,3
76.4756,3764,13554286,250,1750400,17778,390,3
76.4948,3765,13554306,250,1750444,17778,465,3
76.5161,3766,13554326,250,1750491,17778,316,3
76.5351,3767,13554346,250,1750540,16707,283,3
76.5565,3768,13554366,250,1750589,16707,227,3
76.5754,3769,13554386,250,1750640,16707,241,3
76.5947,3770,13554406,250,1750692,16707,221,3
76.6164,3771,13554426,250,1750744,16707,304,3
76.6355,3772,13554446,250,1750796,18278,289,3
76.6546,3773,13554466,250,1750844,18278,280,3
76.6756,3774,13554486,250,1750893,18278,384,3
76.6948,3775,13554506,250,1750942,18278,219,3
76.7163,3776,13554526,250,1750993,18278,203,3
76.7352,3777,13554546,250,1751044,17707,379,3
76.7565,3778,13554566,250,1751087,17707,514,3
76.7756,3779,13554586,250,1751128,17707,583,3
76.7950,3780,13554606,250,1751172,17707,395,3
76.8166,3781,13554626,250,1751219,17707,236,3
76.8357,3782,13554646,250,1751269,15993,248,3
76.8548,3783,13554666,250,1751320,15993,355,3
76.8757,3784,13554686,250,1751371,15993,235,3
76.8948,3785,13554706,250,1751421,15993,233,3
76.9164,3786,13554726,250,1751470,15993,373,3
76.9354,3787,13554746,250,1751520,17921,259,3
76.9546,3788,13554766,250,1751570,17921,214,3
76.9757,3789,13554786,250,1751621,17921,256,3
76.9950,3790,13554806,250,1751672,17921,267,3
77.0163,3791,13554826,250,1751724,17921,337,3
77.0354,3792,13554846,250,1751773,18207,370,3
77.0548,3793,13554866,250,1751817,18207,318,3
77.0758,3794,13554886,250,1751862,18207,360,3
77.0950,3795,13554906,250,1751909,18207,293,3
77.1145,3796,13554926,250,1751959,18207,396,3
77.1357,3797,13554946,250,1752009,16779,203,3
77.1548,3798,13554966,250,1752060,16779,194,3
77.1759,3799,13554986,250,1752112,16779,238,3
77.1949,3800,13555006,250,1752162,16779,348,3
77.2163,3801,13555026,250,1752211,16779,252,3
77.2353,3802,13555046,250,1752261,17993,273,3
77.2564,3803,13555066,250,1752312,17993,277,3
77.2773,3804,13555086,250,1752363,17993,257,3
77.2952,3805,13555106,250,1752415,17993,203,3
77.3147,3806,13555126,250,1752464,17993,309,3
77.3359,3807,13555146,250,1752508,17778,406,3
77.3554,3808,13555166,250,1752552,17778,313,3
77.3764,3809,13555186,250,1752600,17778,451,3
77.3962,3810,13555206,250,1752648,17778,206,3
77.4156,3811,13555226,250,1752699,17778,242,3
77.4346,3812,13555246,250,1752751,17136,261,3
77.4558,3813,13555266,250,1752801,17136,343,3
77.4747,3814,13555286,250,1752849,17136,248,3
77.4961,3815,13555306,250,1752899,17136,363,3
77.5157,3816,13555326,250,1752949,17136,245,3
77.5354,3817,13555346,250,1753000,17850,199,3
77.5553,3818,13555366,250,1753052,17850,195,3
77.5748,3819,13555386,250,1753104,17850,199,3
77.5963,3820,13555406,250,1753155,17850,462,3
77.6160,3821,13555426,250,1753200,17850,386,3
77.6352,3822,13555446,250,1753245,17564,327,3
77.6546,3823,13555466,250,1753292,17564,310,3
77.6756,3824,13555486,250,1753341,17564,245,3
77.6948,3825,13555506,250,1753392,17564,254,3
77.7160,3826,13555526,250,1753443,17564,241,3
77.7350,3827,13555546,250,1753495,17778,342,3
77.7561,3828,13555566,250,1753547,17778,251,3
77.7750,3829,13555586,250,1753596,17778,279,3
77.7946,3830,13555606,250,1753645,17778,390,3
77.8162,3831,13555626,250,1753695,17778,211,3
77.8353,3832,13555646,250,1753746,17921,203,3
77.8545,3833,13555666,250,1753798,17921,214,3
77.8759,3834,13555686,250,1753848,17921,395,3
77.8957,3835,13555706,250,1753889,17921,497,3
77.9151,3836,13555726,250,1753931,17921,347,3
77.9346,3837,13555746,250,1753976,16493,392,3
77.9560,3838,13555766,250,1754023,16493,265,3
77.9748,3839,13555786,250,1754073,16493,299,3
77.9961,3840,13555806,250,1754124,16493,267,3
78.0160,3841,13555826,250,1754175,16493,248,3
78.0354,3842,13555846,250,1754224,17636,280,3
78.0545,3843,13555866,250,1754273,17636,301,3
78.0760,3844,13555886,250,1754323,17636,222,3
78.0951,3845,13555906,250,1754375,17636,169,3
78.1152,3846,13555926,250,1754428,17636,193,3
78.1352,3847,13555946,250,1754481,18278,188,3
78.1551,3848,13555966,250,1754533,18278,304,3
78.1765,3849,13555986,250,1754577,18278,370,3
78.1962,3850,13556006,250,1754619,18278,439,3
78.2160,3851,13556026,250,1754663,18278,332,3
78.2354,3852,13556046,250,1754711,16493,376,3
78.2547,3853,13556066,250,1754760,16493,193,3
78.2758,3854,13556086,250,1754811,16493,275,3
78.2962,3855,13556106,250,1754861,16493,352,3
78.3162,3856,13556126,250,1754912,16493,264,3
78.3364,3857,13556146,250,1754961,17921,222,3
78.3558,3858,13556166,250,1755011,17921,353,3
78.3746,3859,13556186,250,1755061,17921,225,3
78.3959,3860,13556206,250,1755112,17921,200,3
78.4152,3861,13556226,250,1755164,17921,200,3
78.4347,3862,13556246,250,1755216,18135,196,3
78.4559,3863,13556266,250,1755261,18135,352,3
78.4751,3864,13556286,250,1755302,18135,443,3
78.4969,3865,13556306,250,1755345,18135,280,3
78.5164,3866,13556326,250,1755391,18135,290,3
78.5356,3867,13556346,250,1755440,15993,295,3
78.5549,3868,13556366,250,1755489,15993,274,3
78.5760,3869,13556386,250,1755540,15993,230,3
78.5951,3870,13556406,250,1755590,15993,251,3
78.6147,3871,13556426,250,1755639,15993,326,3
78.6361,3872,13556446,250,1755688,17707,240,3
78.6556,3873,13556466,250,1755739,17707,206,3
78.6752,3874,13556486,250,1755791,17707,214,3
78.6948,3875,13556506,250,1755843,17707,273,3
78.7166,3876,13556526,250,1755896,17707,251,3
78.7365,3877,13556546,250,1755946,18492,353,3
78.7559,3878,13556566,250,1755989,18492,413,3
78.7753,3879,13556586,250,1756032,18492,374,3
78.7951,3880,13556606,250,1756078,18492,423,3
78.8147,3881,13556626,250,1756126,18492,258,3
78.8364,3882,13556646,250,1756175,16279,222,3
78.8564,3883,13556666,250,1756225,16279,329,3
78.8757,3884,13556686,250,1756276,16279,208,3
78.8953,3885,13556706,250,1756326,16279,290,3
78.9147,3886,13556726,250,1756375,16279,389,3
78.9363,3887,13556746,250,1756424,17778,208,3
78.9553,3888,13556766,250,1756475,17778,278,3
78.9746,3889,13556786,250,1756525,17778,338,3
78.9959,3890,13556806,250,1756577,17778,248,3
79.0153,3891,13556826,250,1756629,17778,283,3
79.0348,3892,13556846,250,1756672,17921,421,3
79.0561,3893,13556866,250,1756711,17921,434,3
79.0749,3894,13556886,250,1756754,17921,311,3
79.0970,3895,13556906,250,1756800,17921,328,3
79.1165,3896,13556926,250,1756849,17921,252,3
79.1357,3897,13556946,250,1756899,15993,246,3
79.1546,3898,13556966,250,1756950,15993,329,3
79.1758,3899,13556986,250,1757000,15993,226,3
79.1950,3900,13557006,250,1757048,15993,285,3
79.2164,3901,13557026,250,1757096,15993,257,3
79.2353,3902,13557046,250,1757147,17707,248,3
79.2564,3903,13557066,250,1757197,17707,272,3
79.2751,3904,13557086,250,1757249,17707,263,3
79.2972,3905,13557106,250,1757301,17707,210,3
79.3167,3906,13557126,250,1757352,17707,325,3
79.3361,3907,13557146,250,1757394,17850,382,3
79.3552,3908,13557166,250,1757437,17850,370,3
79.3745,3909,13557186,250,1757482,17850,312,3
79.3956,3910,13557206,250,1757529,17850,317,3
79.4150,3911,13557226,250,1757579,17850,247,3
79.4347,3912,13557246,250,1757630,16636,215,3
79.4561,3913,13557266,250,1757681,16636,219,3
79.4754,3914,13557286,250,1757731,16636,327,3
79.4964,3915,13557306,250,1757779,16636,254,3
79.5159,3916,13557326,250,1757828,16636,365,3
79.5351,3917,13557346,250,1757877,17636,232,3
79.5564,3918,13557366,250,1757927,17636,225,3
79.5752,3919,13557386,250,1757979,17636,230,3
79.5944,3920,13557406,250,1758030,17636,259,3
79.6160,3921,13557426,250,1758077,17636,349,3
79.6352,3922,13557446,250,1758119,17421,414,3
79.6562,3923,13557466,250,1758163,17421,305,3
79.6750,3924,13557486,250,1758209,17421,395,3
79.6964,3925,13557506,250,1758258,17421,238,3
79.7161,3926,13557526,250,1758309,17421,232,3
79.7355,3927,13557546,250,1758360,17064,365,3
79.7546,3928,13557566,250,1758408,17064,261,3
79.7759,3929,13557586,250,1758454,17064,293,3
79.7975,3930,13557606,250,1758502,17064,277,3
79.8149,3931,13557626,250,1758552,17064,370,3
79.8361,3932,13557646,250,1758602,17279,208,3
79.8554,3933,13557666,250,1758653,17279,225,3
79.8747,3934,13557686,250,1758705,17279,245,3
79.8958,3935,13557706,250,1758754,17279,368,3
79.9154,3936,13557726,250,1758800,17279,312,3
79.9350,3937,13557746,250,1758844,17421,341,3
79.9562,3938,13557766,250,1758891,17421,337,3
79.9751,3939,13557786,250,1758940,17421,263,3
79.9944,3940,13557806,250,1758989,17421,283,3
80.0158,3941,13557826,250,1759040,17421,259,3
80.0350,3942,13557846,250,1759092,17493,193,3
80.0562,3943,13557866,250,1759144,17493,216,3
80.0755,3944,13557886,250,1759195,17493,302,3
80.0944,3945,13557906,250,1759243,17493,278,3
80.1161,3946,13557926,250,1759291,17493,328,3
80.1353,3947,13557946,250,1759340,17778,333,3
80.1566,3948,13557966,250,1759390,17778,212,3
80.1758,3949,13557986,250,1759440,17778,258,3
80.1947,3950,13558006,250,1759484,17778,421,3
80.2147,3951,13558026,250,1759525,17778,411,3
80.2366,3952,13558046,250,1759569,16493,305,3
80.2559,3953,13558066,250,1759616,16493,331,3
80.2750,3954,13558086,250,1759666,16493,229,3
80.3000,3955,13558106,250,1759717,16493,242,3
80.3158,3956,13558126,250,1759769,16493,305,3
80.3355,3957,13558146,250,1759818,17707,257,3
80.3547,3958,13558166,250,1759867,17707,263,3
80.3765,3959,13558186,250,1759916,17707,350,3
80.3962,3960,13558206,250,1759967,17707,194,3
80.4161,3961,13558226,250,1760018,17707,199,3
80.4357,3962,13558246,250,1760069,17850,224,3
80.4553,3963,13558266,250,1760122,17850,262,3
80.4746,3964,13558286,250,1760171,17850,401,3
80.4963,3965,13558306,250,1760215,17850,499,3
80.5159,3966,13558326,250,1760260,17850,396,3
80.5353,3967,13558346,250,1760307,16993,262,3
80.5565,3968,13558366,250,1760356,16993,267,3
80.5753,3969,13558386,250,1760407,16993,341,3
80.5972,3970,13558406,250,1760458,16993,188,3
80.6167,3971,13558426,250,1760510,16993,225,3
80.6363,3972,13558446,250,1760559,17993,373,3
80.6558,3973,13558466,250,1760607,17993,265,3
80.6757,3974,13558486,250,1760657,17993,226,3
80.6954,3975,13558506,250,1760708,17993,297,3
80.7155,3976,13558526,250,1760759,17993,267,3
80.7351,3977,13558546,250,1760811,17921,243,3
80.7566,3978,13558566,250,1760860,17921,358,3
80.7758,3979,13558586,250,1760904,17921,317,3
80.7994,3980,13558606,250,1760949,17921,301,3
80.8165,3981,13558626,250,1760996,17921,273,3
80.8356,3982,13558646,250,1761044,16707,261,3
80.8547,3983,13558666,250,1761095,16707,200,3
80.8761,3984,13558686,250,1761147,16707,247,3
80.8950,3985,13558706,250,1761198,16707,318,3
80.9165,3986,13558726,250,1761247,16707,299,3
80.9359,3987,13558746,250,1761296,17993,229,3
80.9550,3988,13558766,250,1761347,17993,363,3
80.9761,3989,13558786,250,1761397,17993,238,3
80.9949,3990,13558806,250,1761448,17993,210,3
81.0163,3991,13558826,250,1761500,17993,189,3
81.0357,3992,13558846,250,1761551,18207,256,3
81.0548,3993,13558866,250,1761596,18207,347,3
81.0760,3994,13558886,250,1761641,18207,344,3
81.0947,3995,13558906,250,1761688,18207,428,3
81.1161,3996,13558926,250,1761736,18207,217,3
81.1354,3997,13558946,250,1761787,16850,273,3
81.1545,3998,13558966,250,1761839,16850,275,3
81.1758,3999,13558986,250,1761891,16850,265,3
81.1947,4000,13559006,250,1761941,16850,293,3
81.2159,4001,13559026,250,1761990,16850,251,3
81.2354,4002,13559046,250,1762040,18064,313,3
81.2545,4003,13559066,250,1762090,18064,237,3
81.2759,4004,13559086,250,1762141,18064,196,3
81.2995,4005,13559106,250,1762193,18064,189,3
81.3145,4006,13559126,250,1762244,18064,376,3
81.3359,4007,13559146,250,1762287,17778,562,3
81.3550,4008,13559166,250,1762328,17778,524,3
81.3762,4009,13559186,250,1762373,17778,366,3
81.3951,4010,13559206,250,1762420,17778,257,3
81.4146,4011,13559226,250,1762470,17778,247,3
81.4363,4012,13559246,250,1762521,16493,301,3
81.4553,4013,13559266,250,1762571,16493,253,3
81.4763,4014,13559286,250,1762619,16493,277,3
81.4951,4015,13559306,250,1762668,16493,326,3
81.5164,4016,13559326,250,1762717,16493,219,3
81.5357,4017,13559346,250,1762768,17707,208,3
81.5547,4018,13559366,250,1762820,17707,242,3
81.5760,4019,13559386,250,1762873,17707,241,3
81.5951,4020,13559406,250,1762925,17707,419,3
81.6164,4021,13559426,250,1762969,17707,512,3
81.6355,4022,13559446,250,1763011,17493,565,3
81.6545,4023,13559466,250,1763055,17493,396,3
81.6758,4024,13559486,250,1763101,17493,247,3
81.6948,4025,13559506,250,1763151,17493,221,3
81.7146,4026,13559526,250,1763202,17493,350,3
81.7348,4027,13559546,250,1763253,17136,230,3
81.7564,4028,13559566,250,1763305,17136,230,3
81.7757,4029,13559586,250,1763356,17136,262,3
81.8015,4030,13559606,250,1763405,17136,291,3
81.8165,4031,13559626,250,1763456,17136,264,3
81.8357,4032,13559646,250,1763508,18135,185,3
81.8549,4033,13559666,250,1763561,18135,194,3
81.8764,4034,13559686,250,1763613,18135,204,3
81.8952,4035,13559706,250,1763660,18135,416,3
81.9147,4036,13559726,250,1763701,18135,405,3
81.9362,4037,13559746,250,1763744,17064,342,3
81.9555,4038,13559766,250,1763791,17064,284,3
81.9755,4039,13559786,250,1763839,17064,247,3
81.9946,4040,13559806,250,1763889,17064,251,3
82.0162,4041,13559826,250,1763940,17064,231,3
82.0352,4042,13559846,250,1763991,17493,364,3
82.0546,4043,13559866,250,1764041,17493,203,3
82.0761,4044,13559886,250,1764090,17493,277,3
82.0953,4045,13559906,250,1764141,17493,348,3
82.1148,4046,13559926,250,1764192,17493,194,3
82.1364,4047,13559946,250,1764245,18064,226,3
82.1554,4048,13559966,250,1764298,18064,184,3
82.1744,4049,13559986,250,1764347,18064,334,3
82.1953,4050,13560006,250,1764390,18064,409,3
82.2165,4051,13560026,250,1764434,18064,301,3
82.2355,4052,13560046,250,1764481,16993,359,3
82.2547,4053,13560066,250,1764529,16993,280,3
82.2760,4054,13560086,250,1764579,16993,274,3
82.3024,4055,13560106,250,1764629,16993,293,3
82.3151,4056,13560126,250,1764681,16993,190,3
82.3367,4057,13560146,250,1764732,17850,243,3
82.3557,4058,13560166,250,1764782,17850,317,3
82.3748,4059,13560186,250,1764833,17850,243,3
82.3960,4060,13560206,250,1764884,17850,217,3
82.4153,4061,13560226,250,1764936,17850,146,3
82.4350,4062,13560246,250,1764988,18207,204,3
82.4566,4063,13560266,250,1765039,18207,336,3
82.4765,4064,13560286,250,1765081,18207,554,3
82.4958,4065,13560306,250,1765122,18207,540,3
82.5153,4066,13560326,250,1765166,18207,432,3
82.5347,4067,13560346,250,1765213,16208,249,3
82.5559,4068,13560366,250,1765263,16208,215,3
82.5749,4069,13560386,250,1765314,16208,349,3
82.5960,4070,13560406,250,1765365,16208,230,3
82.6152,4071,13560426,250,1765414,16208,288,3
82.6347,4072,13560446,250,1765463,17778,384,3
82.6561,4073,13560466,250,1765512,17778,209,3
82.6753,4074,13560486,250,1765563,17778,259,3
82.6962,4075,13560506,250,1765614,17778,294,3
82.7157,4076,13560526,250,1765666,17778,248,3
82.7350,4077,13560546,250,1765718,18135,301,3
82.7546,4078,13560566,250,1765767,18135,379,3
82.7745,4079,13560586,250,1765808,18135,432,3
82.8018,4080,13560606,250,1765851,18135,379,3
82.8149,4081,13560626,250,1765896,18135,264,3
82.8363,4082,13560646,250,1765944,16208,320,3
82.8555,4083,13560666,250,1765994,16208,237,3
82.8748,4084,13560686,250,1766045,16208,233,3
82.8959,4085,13560706,250,1766095,16208,296,3
82.9153,4086,13560726,250,1766141,16208,258,3
82.9349,4087,13560746,250,1766189,17564,418,3
82.9549,4088,13560766,250,1766238,17564,226,3
82.9746,4089,13560786,250,1766288,17564,245,3
82.9958,4090,13560806,250,1766339,17564,323,3
83.0149,4091,13560826,250,1766390,17564,246,3
83.0364,4092,13560846,250,1766440,17850,290,3
83.0557,4093,13560866,250,1766484,17850,412,3
83.0749,4094,13560886,250,1766527,17850,348,3
83.0964,4095,13560906,250,1766572,17850,418,3
83.1159,4096,13560926,250,1766620,17850,291,3
83.1351,4097,13560946,250,1766668,16279,293,3
83.1563,4098,13560966,250,1766719,16279,224,3
83.1756,4099,13560986,250,1766770,16279,211,3
83.1946,4100,13561006,250,1766819,16279,349,3
83.2160,4101,13561026,250,1766866,16279,259,3
83.2354,4102,13561046,250,1766914,17636,405,3
83.2547,4103,13561066,250,1766964,17636,200,3
83.2759,4104,13561086,250,1767014,17636,236,3
83.2948,4105,13561106,250,1767065,17636,277,3
83.3144,4106,13561126,250,1767117,17636,277,3
83.3356,4107,13561146,250,1767166,17993,310,3
83.3546,4108,13561166,250,1767210,17993,380,3
83.3761,4109,13561186,250,1767255,17993,470,3
83.3952,4110,13561206,250,1767302,17993,300,3
83.4144,4111,13561226,250,1767351,17993,289,3
83.4355,4112,13561246,250,1767401,16636,220,3
83.4546,4113,13561266,250,1767452,16636,214,3
83.4758,4114,13561286,250,1767504,16636,195,3
83.4948,4115,13561306,250,1767554,16636,427,3
83.5161,4116,13561326,250,1767602,16636,268,3
83.5353,4117,13561346,250,1767651,17921,291,3
83.5546,4118,13561366,250,1767700,17921,237,3
83.5757,4119,13561386,250,1767750,17921,235,3
83.5946,4120,13561406,250,1767800,17921,290,3
83.6159,4121,13561426,250,1767849,17921,331,3
83.6354,4122,13561446,250,1767893,17421,402,3
83.6547,4123,13561466,250,1767936,17421,363,3
83.6760,4124,13561486,250,1767982,17421,435,3
83.6953,4125,13561506,250,1768029,17421,247,3
83.7150,4126,13561526,250,1768078,17421,253,3
83.7347,4127,13561546,250,1768128,16636,289,3
83.7561,4128,13561566,250,1768180,16636,195,3
83.7752,4129,13561586,250,1768231,16636,258,3
83.7963,4130,13561606,250,1768280,16636,411,3
83.8157,4131,13561626,250,1768329,16636,214,3
83.8352,4132,13561646,250,1768379,17921,251,3
83.8563,4133,13561666,250,1768430,17921,281,3
83.8755,4134,13561686,250,1768481,17921,245,3
83.8945,4135,13561706,250,1768533,17921,281,3
83.9157,4136,13561726,250,1768580,17921,428,3
83.9351,4137,13561746,250,1768624,17564,384,3
83.9543,4138,13561766,250,1768669,17564,293,3
83.9754,4139,13561786,250,1768716,17564,315,3
83.9964,4140,13561806,250,1768766,17564,224,3
84.0159,4141,13561826,250,1768817,17564,236,3
84.0356,4142,13561846,250,1768868,17350,224,3
84.0550,4143,13561866,250,1768920,17350,393,3
84.0746,4144,13561886,250,1768969,17350,208,3
84.0957,4145,13561906,250,1769019,17350,284,3
84.1152,4146,13561926,250,1769069,17350,332,3
84.1349,4147,13561946,250,1769121,17993,219,3
84.1564,4148,13561966,250,1769172,17993,215,3
84.1754,4149,13561986,250,1769225,17993,180,3
84.1964,4150,13562006,250,1769273,17993,360,3
84.2158,4151,13562026,250,1769316,17993,363,3
84.2353,4152,13562046,250,1769362,17350,290,3
84.2547,4153,13562066,250,1769409,17350,359,3
84.2761,4154,13562086,250,1769458,17350,233,3
84.2953,4155,13562106,250,1769509,17350,235,3
84.3155,4156,13562126,250,1769560,17350,328,3
84.3352,4157,13562146,250,1769611,17707,267,3
84.3563,4158,13562166,250,1769659,17707,293,3
84.3753,4159,13562186,250,1769708,17707,336,3
84.3964,4160,13562206,250,1769757,17707,212,3
84.4159,4161,13562226,250,1769808,17707,225,3
84.4357,4162,13562246,250,1769859,17707,299,3
84.4551,4163,13562266,250,1769911,17707,278,3
84.4763,4164,13562286,250,1769960,17707,328,3
84.4956,4165,13562306,250,1770004,17707,358,3
84.5149,4166,13562326,250,1770049,17707,374,3
84.5363,4167,13562346,250,1770096,16922,302,3
84.5554,4168,13562366,250,1770144,16922,268,3
84.5746,4169,13562386,250,1770195,16922,210,3
84.5958,4170,13562406,250,1770246,16922,212,3
84.6153,4171,13562426,250,1770298,16922,246,3
84.6348,4172,13562446,250,1770349,18064,376,3
84.6564,4173,13562466,250,1770398,18064,270,3
84.6760,4174,13562486,250,1770448,18064,230,3
84.6957,4175,13562506,250,1770498,18064,337,3
84.7154,4176,13562526,250,1770549,18064,232,3
84.7352,4177,13562546,250,1770601,17993,210,3
84.7543,4178,13562566,250,1770652,17993,368,3
84.7755,4179,13562586,250,1770693,17993,469,3
84.7946,4180,13562606,250,1770735,17993,444,3
84.8145,4181,13562626,250,1770780,17993,328,3
84.8362,4182,13562646,250,1770827,16208,283,3
84.8552,4183,13562666,250,1770877,16208,242,3
84.8744,4184,13562686,250,1770928,16208,241,3
84.8953,4185,13562706,250,1770978,16208,337,3
84.9148,4186,13562726,250,1771026,16208,233,3
84.9364,4187,13562746,250,1771075,17636,374,3
84.9555,4188,13562766,250,1771125,17636,231,3
84.9744,4189,13562786,250,1771176,17636,210,3
84.9953,4190,13562806,250,1771227,17636,199,3
85.0145,4191,13562826,250,1771280,17636,180,3
85.0359,4192,13562846,250,1771331,18278,445,3
85.0549,4193,13562866,250,1771374,18278,605,3
85.0764,4194,13562886,250,1771415,18278,488,3
85.0952,4195,13562906,250,1771458,18278,483,3
85.1146,4196,13562926,250,1771504,18278,305,3
85.1362,4197,13562946,250,1771553,15851,270,3
85.1554,4198,13562966,250,1771603,15851,225,3
85.1745,4199,13562986,250,1771654,15851,248,3
85.1956,4200,13563006,250,1771704,15851,357,3
85.2146,4201,13563026,250,1771752,15851,280,3
85.2360,4202,13563046,250,1771800,17707,357,3
85.2551,4203,13563066,250,1771851,17707,232,3
85.2762,4204,13563086,250,1771901,17707,199,3
85.2954,4205,13563106,250,1771954,17707,185,3
85.3150,4206,13563126,250,1772007,17707,209,3
85.3347,4207,13563146,250,1772054,18207,440,3
85.3563,4208,13563166,250,1772096,18207,370,3
85.3755,4209,13563186,250,1772139,18207,368,3
85.3943,4210,13563206,250,1772185,18207,358,3
85.4158,4211,13563226,250,1772233,18207,237,3
85.4353,4212,13563246,250,1772283,16208,278,3
85.4546,4213,13563266,250,1772333,16208,358,3
85.4757,4214,13563286,250,1772384,16208,222,3
85.4946,4215,13563306,250,1772436,16208,232,3
85.5162,4216,13563326,250,1772485,16208,268,3
85.5357,4217,13563346,250,1772535,17993,289,3
85.5548,4218,13563366,250,1772586,17993,220,3
85.5762,4219,13563386,250,1772639,17993,152,3
85.5950,4220,13563406,250,1772692,17993,185,3
85.6164,4221,13563426,250,1772743,17993,297,3
85.6359,4222,13563446,250,1772787,18135,364,3
85.6551,4223,13563466,250,1772830,18135,326,3
85.6763,4224,13563486,250,1772876,18135,336,3
85.6953,4225,13563506,250,1772924,18135,302,3
85.7145,4226,13563526,250,1772973,18135,368,3
85.7363,4227,13563546,250,1773023,16707,210,3
85.7558,4228,13563566,250,1773074,16707,189,3
85.7750,4229,13563586,250,1773125,16707,281,3
85.7962,4230,13563606,250,1773174,16707,283,3
85.8156,4231,13563626,250,1773223,16707,258,3
85.8350,4232,13563646,250,1773272,17778,331,3
85.8544,4233,13563666,250,1773323,17778,214,3
85.8758,4234,13563686,250,1773374,17778,200,3
85.8946,4235,13563706,250,1773425,17778,265,3
85.9161,4236,13563726,250,1773468,17778,486,3
85.9358,4237,13563746,250,1773508,17064,518,3
85.9553,4238,13563766,250,1773551,17064,440,3
85.9745,4239,13563786,250,1773596,17064,288,3
85.9963,4240,13563806,250,1773644,17064,304,3
86.0155,4241,13563826,250,1773694,17064,221,3
86.0354,4242,13563846,250,1773745,16636,214,3
86.0547,4243,13563866,250,1773796,16636,270,3
86.0760,4244,13563886,250,1773844,16636,274,3
86.0954,4245,13563906,250,1773893,16636,293,3
86.1149,4246,13563926,250,1773943,16636,283,3
86.1364,4247,13563946,250,1773993,17778,210,3
86.1558,4248,13563966,250,1774044,17778,193,3
86.1759,4249,13563986,250,1774096,17778,176,3
86.1954,4250,13564006,250,1774148,17778,393,3
86.2149,4251,13564026,250,1774191,17778,482,3
86.2365,4252,13564046,250,1774233,17279,492,3
86.2561,4253,13564066,250,1774277,17279,353,3
86.2760,4254,13564086,250,1774324,17279,259,3
86.2974,4255,13564106,250,1774374,17279,243,3
86.3151,4256,13564126,250,1774424,17279,332,3
86.3346,4257,13564146,250,1774475,17136,243,3
86.3566,4258,13564166,250,1774523,17136,289,3
86.3764,4259,13564186,250,1774570,17136,289,3
86.3957,4260,13564206,250,1774619,17136,268,3
86.4151,4261,13564226,250,1774669,17136,290,3
86.4350,4262,13564246,250,1774719,17421,221,3
86.4554,4263,13564266,250,1774770,17421,195,3
86.4748,4264,13564286,250,1774821,17421,256,3
86.4960,4265,13564306,250,1774868,17421,341,3
86.5154,4266,13564326,250,1774911,17421,358,3
86.5356,4267,13564346,250,1774955,16922,354,3
86.5556,4268,13564366,250,1775001,16922,345,3
86.5752,4269,13564386,250,1775050,16922,237,3
86.5964,4270,13564406,250,1775100,16922,231,3
86.6158,4271,13564426,250,1775151,16922,275,3
86.6354,4272,13564446,250,1775200,17421,327,3
86.6547,4273,13564466,250,1775245,17421,379,3
86.6761,4274,13564486,250,1775293,17421,254,3
86.6950,4275,13564506,250,1775342,17421,342,3
86.7143,4276,13564526,250,1775392,17421,204,3
86.7362,4277,13564546,250,1775443,17350,212,3
86.7554,4278,13564566,250,1775493,17350,261,3
86.7745,4279,13564586,250,1775543,17350,331,3
86.7944,4280,13564606,250,1775589,17350,379,3
86.8145,4281,13564626,250,1775633,17350,318,3
86.8345,4282,13564646,250,1775679,16922,285,3
86.8564,4283,13564666,250,1775727,16922,318,3
86.8758,4284,13564686,250,1775776,16922,236,3
86.8950,4285,13564706,250,1775826,16922,198,3
86.9168,4286,13564726,250,1775877,16922,229,3
86.9362,4287,13564746,250,1775929,17778,267,3
86.9556,4288,13564766,250,1775980,17778,370,3
86.9748,4289,13564786,250,1776029,17778,280,3
86.9962,4290,13564806,250,1776077,17778,333,3
87.0157,4291,13564826,250,1776126,17778,227,3
87.0351,4292,13564846,250,1776176,17636,237,3
87.0544,4293,13564866,250,1776228,17636,249,3
87.0756,4294,13564886,250,1776274,17636,348,3
87.0946,4295,13564906,250,1776315,17636,459,3
87.1159,4296,13564926,250,1776359,17636,336,3
87.1354,4297,13564946,250,1776405,16422,301,3
87.1546,4298,13564966,250,1776454,16422,246,3
87.1758,4299,13564986,250,1776504,16422,283,3
87.1948,4300,13565006,250,1776556,16422,318,3
87.2163,4301,13565026,250,1776606,16422,272,3
87.2361,4302,13565046,250,1776655,17778,274,3
87.2556,4303,13565066,250,1776704,17778,252,3
87.2746,4304,13565086,250,1776753,17778,240,3
87.2962,4305,13565106,250,1776804,17778,230,3
87.3166,4306,13565126,250,1776855,17778,365,3
87.3364,4307,13565146,250,1776907,17921,210,3
87.3556,4308,13565166,250,1776957,17921,268,3
87.3754,4309,13565186,250,1777002,17921,381,3
87.3950,4310,13565206,250,1777046,17921,442,3
87.4148,4311,13565226,250,1777093,17921,329,3
87.4365,4312,13565246,250,1777141,16850,257,3
87.4562,4313,13565266,250,1777191,16850,231,3
87.4753,4314,13565286,250,1777241,16850,274,3
87.4963,4315,13565306,250,1777293,16850,273,3
87.5158,4316,13565326,250,1777344,16850,275,3
87.5352,4317,13565346,250,1777392,17850,278,3
87.5544,4318,13565366,250,1777441,17850,270,3
87.5758,4319,13565386,250,1777491,17850,217,3
87.5948,4320,13565406,250,1777542,17850,208,3
87.6163,4321,13565426,250,1777594,17850,267,3
87.6359,4322,13565446,250,1777645,18064,408,3
87.6551,4323,13565466,250,1777689,18064,446,3
87.6763,4324,13565486,250,1777734,18064,338,3
87.6951,4325,13565506,250,1777780,18064,251,3
87.7147,4326,13565526,250,1777828,18064,262,3
87.7365,4327,13565546,250,1777878,16636,320,3
87.7557,4328,13565566,250,1777929,16636,180,3
87.7750,4329,13565586,250,1777981,16636,192,3
87.7961,4330,13565606,250,1778031,16636,290,3
87.8158,4331,13565626,250,1778080,16636,272,3
87.8354,4332,13565646,250,1778129,17921,225,3
87.8548,4333,13565666,250,1778179,17921,305,3
87.8760,4334,13565686,250,1778230,17921,257,3
87.8950,4335,13565706,250,1778282,17921,205,3
87.9164,4336,13565726,250,1778333,17921,230,3
87.9358,4337,13565746,250,1778380,18064,396,3
87.9552,4338,13565766,250,1778423,18064,397,3
87.9745,4339,13565786,250,1778469,18064,302,3
87.9957,4340,13565806,250,1778516,18064,283,3
88.0150,4341,13565826,250,1778566,18064,229,3
88.0365,4342,13565846,250,1778617,16779,273,3
88.0559,4343,13565866,250,1778669,16779,347,3
88.0750,4344,13565886,250,1778718,16779,288,3
88.0963,4345,13565906,250,1778767,16779,267,3
88.1154,4346,13565926,250,1778816,16779,253,3
88.1351,4347,13565946,250,1778866,17778,193,3
88.1544,4348,13565966,250,1778917,17778,217,3
88.1758,4349,13565986,250,1778968,17778,295,3
88.1946,4350,13566006,250,1779020,17778,295,3
88.2160,4351,13566026,250,1779066,17778,413,3
88.2356,4352,13566046,250,1779107,17421,433,3
88.2550,4353,13566066,250,1779151,17421,348,3
88.2762,4354,13566086,250,1779196,17421,284,3
88.2950,4355,13566106,250,1779245,17421,391,3
88.3167,4356,13566126,250,1779295,17421,222,3
88.3360,4357,13566146,250,1779345,16850,217,3
88.3554,4358,13566166,250,1779395,16850,427,3
88.3745,4359,13566186,250,1779443,16850,220,3
88.3957,4360,13566206,250,1779492,16850,254,3
88.4148,4361,13566226,250,1779542,16850,302,3
88.4366,4362,13566246,250,1779593,17564,137,3
88.4562,4363,13566266,250,1779645,17564,188,3
88.4753,4364,13566286,250,1779698,17564,183,3
88.4964,4365,13566306,250,1779747,17564,413,3
88.5155,4366,13566326,250,1779788,17564,450,3
88.5350,4367,13566346,250,1779829,17064,364,3
88.5563,4368,13566366,250,1779874,17064,343,3
88.5756,4369,13566386,250,1779921,17064,233,3
88.5946,4370,13566406,250,1779971,17064,342,3
88.6159,4371,13566426,250,1780022,17064,257,3
88.6354,4372,13566446,250,1780073,17207,233,3
88.6553,4373,13566466,250,1780123,17207,275,3
88.6744,4374,13566486,250,1780172,17207,294,3
88.6958,4375,13566506,250,1780221,17207,230,3
88.7157,4376,13566526,250,1780272,17207,241,3
88.7357,4377,13566546,250,1780323,17921,212,3
88.7553,4378,13566566,250,1780376,17921,338,3
88.7745,4379,13566586,250,1780427,17921,290,3
88.7960,4380,13566606,250,1780470,17921,390,3
88.8177,4381,13566626,250,1780511,17921,397,3
88.8350,4382,13566646,250,1780556,16707,342,3
88.8547,4383,13566666,250,1780602,16707,345,3
88.8764,4384,13566686,250,1780651,16707,274,3
88.8959,4385,13566706,250,1780700,16707,235,3
88.9153,4386,13566726,250,1780751,16707,200,3
88.9347,4387,13566746,250,1780802,17493,397,3
88.9561,4388,13566766,250,1780850,17493,268,3
88.9752,4389,13566786,250,1780899,17493,288,3
88.9963,4390,13566806,250,1780949,17493,249,3
89.0156,4391,13566826,250,1781000,17493,145,3
89.0351,4392,13566846,250,1781053,17850,196,3
89.0548,4393,13566866,250,1781105,17850,198,3
89.0763,4394,13566886,250,1781154,17850,417,3
89.0957,4395,13566906,250,1781196,17850,459,3
89.1146,4396,13566926,250,1781240,17850,402,3
89.1359,4397,13566946,250,1781287,16850,284,3
89.1553,4398,13566966,250,1781335,16850,419,3
89.1745,4399,13566986,250,1781384,16850,209,3
89.1957,4400,13567006,250,1781435,16850,248,3
89.2149,4401,13567026,250,1781485,16850,348,3
89.2360,4402,13567046,250,1781536,17636,254,3
89.2552,4403,13567066,250,1781585,17636,209,3
89.2745,4404,13567086,250,1781636,17636,302,3
89.2957,4405,13567106,250,1781687,17636,256,3
89.3193,4406,13567126,250,1781739,17636,242,3
89.3366,4407,13567146,250,1781791,18207,199,3
89.3561,4408,13567166,250,1781841,18207,280,3
89.3754,4409,13567186,250,1781884,18207,449,3
89.3946,4410,13567206,250,1781925,18207,371,3
89.4158,4411,13567226,250,1781969,18207,289,3
89.4351,4412,13567246,250,1782017,16279,354,3
89.4565,4413,13567266,250,1782067,16279,204,3
89.4755,4414,13567286,250,1782117,16279,226,3
89.4947,4415,13567306,250,1782168,16279,327,3
89.5157,4416,13567326,250,1782219,16279,249,3
89.5353,4417,13567346,250,1782268,17850,242,3
89.5546,4418,13567366,250,1782317,17850,377,3
89.5758,4419,13567386,250,1782367,17850,193,3
89.5950,4420,13567406,250,1782418,17850,193,3
89.6160,4421,13567426,250,1782470,17850,200,3
89.6358,4422,13567446,250,1782522,18135,262,3
89.6552,4423,13567466,250,1782569,18135,393,3
89.6743,4424,13567486,250,1782611,18135,357,3
89.6957,4425,13567506,250,1782653,18135,348,3
89.7146,4426,13567526,250,1782699,18135,336,3
89.7358,4427,13567546,250,1782748,16136,252,3
89.7554,4428,13567566,250,1782797,16136,279,3
89.7746,4429,13567586,250,1782848,16136,275,3
89.7960,4430,13567606,250,1782900,16136,211,3
89.8195,4431,13567626,250,1782949,16136,291,3
89.8361,4432,13567646,250,1782997,17850,280,3
89.8556,4433,13567666,250,1783045,17850,283,3
89.8746,4434,13567686,250,1783095,17850,283,3
89.8959,4435,13567706,250,1783145,17850,225,3
89.9151,4436,13567726,250,1783197,17850,189,3
89.9349,4437,13567746,250,1783247,17850,272,3
89.9546,4438,13567766,250,1783290,17850,435,3
89.9759,4439,13567786,250,1783332,17850,387,3
89.9955,4440,13567806,250,1783376,17850,291,3
90.0149,4441,13567826,250,1783423,17850,275,3
90.0348,4442,13567846,250,1783472,15993,241,3
90.0546,4443,13567866,250,1783523,15993,262,3
90.0760,4444,13567886,250,1783573,15993,270,3
90.0958,4445,13567906,250,1783620,15993,417,3
90.1150,4446,13567926,250,1783667,15993,252,3
90.1362,4447,13567946,250,1783715,17350,273,3
90.1553,4448,13567966,250,1783765,17350,258,3
90.1765,4449,13567986,250,1783815,17350,219,3
90.1957,4450,13568006,250,1783864,17350,315,3
90.2146,4451,13568026,250,1783914,17350,256,3
90.2360,4452,13568046,250,1783963,17707,343,3
90.2553,4453,13568066,250,1784007,17707,381,3
90.2763,4454,13568086,250,1784051,17707,305,3
90.2956,4455,13568106,250,1784097,17707,300,3
90.3208,4456,13568126,250,1784145,17707,247,3
90.3357,4457,13568146,250,1784194,16493,369,3
90.3550,4458,13568166,250,1784245,16493,226,3
90.3763,4459,13568186,250,1784296,16493,210,3
90.3954,4460,13568206,250,1784348,16493,233,3
90.4144,4461,13568226,250,1784397,16493,358,3
90.4359,4462,13568246,250,1784444,17921,290,3
90.4550,4463,13568266,250,1784493,17921,384,3
90.4763,4464,13568286,250,1784542,17921,209,3
90.4956,4465,13568306,250,1784592,17921,203,3
90.5145,4466,13568326,250,1784643,17921,469,3
90.5357,4467,13568346,250,1784685,17350,590,3
90.5551,4468,13568366,250,1784727,17350,533,3
90.5762,4469,13568386,250,1784772,17350,424,3
90.5956,4470,13568406,250,1784818,17350,242,3
90.6147,4471,13568426,250,1784868,17350,245,3
90.6360,4472,13568446,250,1784919,16422,354,3
90.6553,4473,13568466,250,1784970,16422,211,3
90.6744,4474,13568486,250,1785020,16422,245,3
90.6957,4475,13568506,250,1785069,16422,387,3
90.7150,4476,13568526,250,1785118,16422,233,3
90.7345,4477,13568546,250,1785169,17921,225,3
90.7563,4478,13568566,250,1785220,17921,267,3
90.7754,4479,13568586,250,1785272,17921,265,3
90.7945,4480,13568606,250,1785324,17921,304,3
90.8229,4481,13568626,250,1785373,17921,327,3
90.8357,4482,13568646,250,1785417,17850,315,3
90.8551,4483,13568666,250,1785463,17850,349,3
90.8764,4484,13568686,250,1785509,17850,274,3
90.8958,4485,13568706,250,1785559,17850,370,3
90.9148,4486,13568726,250,1785609,17850,183,3
90.9362,4487,13568746,250,1785660,17207,203,3
90.9561,4488,13568766,250,1785712,17207,248,3
90.9756,4489,13568786,250,1785760,17207,294,3
90.9948,4490,13568806,250,1785809,17207,219,3
91.0162,4491,13568826,250,1785859,17207,343,3
91.0357,4492,13568846,250,1785910,17850,238,3
91.0551,4493,13568866,250,1785961,17850,203,3
91.0744,4494,13568886,250,1786013,17850,198,3
91.0959,4495,13568906,250,1786062,17850,369,3
91.1152,4496,13568926,250,1786107,17850,422,3
91.1345,4497,13568946,250,1786152,17350,297,3
91.1559,4498,13568966,250,1786200,17350,433,3
91.1751,4499,13568986,250,1786249,17350,209,3
91.1964,4500,13569006,250,1786299,17350,264,3
91.2153,4501,13569026,250,1786350,17350,296,3
91.2350,4502,13569046,250,1786401,17707,269,3
91.2546,4503,13569066,250,1786452,17707,257,3
91.2747,4504,13569086,250,1786501,17707,288,3
91.2948,4505,13569106,250,1786551,17707,286,3
91.3218,4506,13569126,250,1786602,17707,219,3
91.3348,4507,13569146,250,1786653,17921,192,3
91.3564,4508,13569166,250,1786705,17921,189,3
91.3756,4509,13569186,250,1786756,17921,445,3
91.3948,4510,13569206,250,1786799,17921,450,3
91.4160,4511,13569226,250,1786843,17921,382,3
91.4359,4512,13569246,250,1786889,16993,248,3
91.4555,4513,13569266,250,1786937,16993,305,3
91.4746,4514,13569286,250,1786988,16993,305,3
91.4959,4515,13569306,250,1787039,16993,201,3
91.5150,4516,13569326,250,1787091,16993,210,3
91.5364,4517,13569346,250,1787140,17850,341,3
91.5557,4518,13569366,250,1787189,17850,253,3
91.5748,4519,13569386,250,1787239,17850,230,3
91.5944,4520,13569406,250,1787289,17850,246,3
91.6152,4521,13569426,250,1787341,17850,257,3
91.6345,4522,13569446,250,1787393,18064,301,3
91.6561,4523,13569466,250,1787444,18064,301,3
91.6752,4524,13569486,250,1787486,18064,443,3
91.6943,4525,13569506,250,1787528,18064,329,3
91.7153,4526,13569526,250,1787572,18064,286,3
91.7344,4527,13569546,250,1787620,16208,273,3
91.7560,4528,13569566,250,1787669,16208,272,3
91.7750,4529,13569586,250,1787719,16208,206,3
91.7963,4530,13569606,250,1787769,16208,309,3
91.8152,4531,13569626,250,1787817,16208,252,3
91.8349,4532,13569646,250,1787865,17564,338,3
91.8544,4533,13569666,250,1787915,17564,241,3
91.8759,4534,13569686,250,1787965,17564,226,3
91.8952,4535,13569706,250,1788017,17564,196,3
91.9164,4536,13569726,250,1788069,17564,200,3
91.9359,4537,13569746,250,1788121,18207,317,3
91.9554,4538,13569766,250,1788166,18207,432,3
91.9748,4539,13569786,250,1788207,18207,409,3
91.9962,4540,13569806,250,1788252,18207,365,3
92.0150,4541,13569826,250,1788298,18207,262,3
92.0364,4542,13569846,250,1788347,16136,273,3
92.0559,4543,13569866,250,1788397,16136,344,3
92.0748,4544,13569886,250,1788449,16136,248,3
92.0959,4545,13569906,250,1788500,16136,222,3
92.1149,4546,13569926,250,1788550,16136,280,3
92.1365,4547,13569946,250,1788599,17993,305,3
92.1562,4548,13569966,250,1788649,17993,217,3
92.1755,4549,13569986,250,1788701,17993,168,3
92.1947,4550,13570006,250,1788753,17993,167,3
92.2158,4551,13570026,250,1788807,17993,184,3
92.2353,4552,13570046,250,1788855,18350,355,3
92.2549,4553,13570066,250,1788896,18350,449,3
92.2743,4554,13570086,250,1788940,18350,357,3
92.2956,4555,13570106,250,1788985,18350,370,3
92.3146,4556,13570126,250,1789033,18350,257,3
92.3365,4557,13570146,250,1789083,16208,248,3
92.3556,4558,13570166,250,1789134,16208,229,3
92.3747,4559,13570186,250,1789185,16208,354,3
92.3961,4560,13570206,250,1789235,16208,243,3
92.4156,4561,13570226,250,1789284,16208,275,3
92.4355,4562,13570246,250,1789333,17921,301,3
92.4556,4563,13570266,250,1789385,17921,131,3
92.4754,4564,13570286,250,1789437,17921,187,3
92.4955,4565,13570306,250,1789490,17921,172,3
92.5147,4566,13570326,250,1789540,17921,348,3
92.5360,4567,13570346,250,1789584,17993,353,3
92.5556,4568,13570366,250,1789627,17993,397,3
92.5749,4569,13570386,250,1789673,17993,293,3
92.5961,4570,13570406,250,1789720,17993,382,3
92.6149,4571,13570426,250,1789769,17993,226,3
92.6365,4572,13570446,250,1789820,16636,258,3
92.6560,4573,13570466,250,1789870,16636,365,3
92.6752,4574,13570486,250,1789919,16636,270,3
92.6943,4575,13570506,250,1789968,16636,204,3
92.7152,4576,13570526,250,1790019,16636,357,3
92.7348,4577,13570546,250,1790069,17850,233,3
92.7562,4578,13570566,250,1790121,17850,190,3
92.7753,4579,13570586,250,1790173,17850,180,3
92.7944,4580,13570606,250,1790225,17850,217,3
92.8155,4581,13570626,250,1790270,17850,353,3
92.8348,4582,13570646,250,1790309,17350,432,3
92.8564,4583,13570666,250,1790352,17350,290,3
92.8758,4584,13570686,250,1790398,17350,274,3
92.8950,4585,13570706,250,1790447,17350,317,3
92.9160,4586,13570726,250,1790496,17350,247,3
92.9352,4587,13570746,250,1790547,16779,201,3
92.9548,4588,13570766,250,1790598,16779,229,3
92.9763,4589,13570786,250,1790647,16779,300,3
92.9956,4590,13570806,250,1790696,16779,247,3
93.0147,4591,13570826,250,1790746,16779,256,3
93.0363,4592,13570846,250,1790796,17778,275,3
93.0559,4593,13570866,250,1790848,17778,237,3
93.0751,4594,13570886,250,1790900,17778,184,3
93.0963,4595,13570906,250,1790951,17778,301,3
93.1152,4596,13570926,250,1790993,17778,366,3
93.1351,4597,13570946,250,1791036,17279,421,3
93.1547,4598,13570966,250,1791080,17279,306,3
93.1767,4599,13570986,250,1791128,17279,434,3
93.1945,4600,13571006,250,1791177,17279,204,3
93.2162,4601,13571026,250,1791227,17279,245,3
93.2355,4602,13571046,250,1791278,17136,304,3
93.2557,4603,13571066,250,1791327,17136,305,3
93.2750,4604,13571086,250,1791373,17136,374,3
93.2964,4605,13571106,250,1791420,17136,297,3
93.3153,4606,13571126,250,1791469,17136,380,3
93.3350,4607,13571146,250,1791519,17207,198,3
93.3568,4608,13571166,250,1791569,17207,201,3
93.3749,4609,13571186,250,1791620,17207,325,3
93.3945,4610,13571206,250,1791666,17207,352,3
93.4157,4611,13571226,250,1791708,17207,400,3
93.4352,4612,13571246,250,1791752,16779,280,3
93.4547,4613,13571266,250,1791799,16779,343,3
93.4763,4614,13571286,250,1791847,16779,246,3
93.4954,4615,13571306,250,1791897,16779,327,3
93.5144,4616,13571326,250,1791948,16779,242,3
93.5362,4617,13571346,250,1791998,17421,243,3
93.5557,4618,13571366,250,1792045,17421,444,3
93.5747,4619,13571386,250,1792093,17421,283,3
93.5959,4620,13571406,250,1792141,17421,302,3
93.6148,4621,13571426,250,1792191,17421,238,3
93.6361,4622,13571446,250,1792242,17421,209,3
93.6554,4623,13571466,250,1792293,17421,208,3
93.6745,4624,13571486,250,1792345,17421,331,3
93.6959,4625,13571506,250,1792391,17421,409,3
93.7148,4626,13571526,250,1792433,17421,369,3
93.7363,4627,13571546,250,1792478,16922,274,3
93.7559,4628,13571566,250,1792526,16922,306,3
93.7750,4629,13571586,250,1792575,16922,242,3
93.7963,4630,13571606,250,1792627,16922,200,3
93.8174,4631,13571626,250,1792678,16922,206,3
93.8348,4632,13571646,250,1792729,17921,291,3
93.8562,4633,13571666,250,1792778,17921,248,3
93.8753,4634,13571686,250,1792827,17921,325,3
93.8945,4635,13571706,250,1792876,17921,337,3
93.9156,4636,13571726,250,1792925,17921,222,3
93.9347,4637,13571746,250,1792976,17564,216,3
93.9546,4638,13571766,250,1793027,17564,350,3
93.9744,4639,13571786,250,1793074,17564,368,3
93.9959,4640,13571806,250,1793117,17564,387,3
94.0156,4641,13571826,250,1793162,17564,283,3
94.0353,4642,13571846,250,1793209,16707,354,3
94.0550,4643,13571866,250,1793257,16707,261,3
94.0745,4644,13571886,250,1793308,16707,248,3
94.0956,4645,13571906,250,1793359,16707,217,3
94.1148,4646,13571926,250,1793409,16707,369,3
94.1367,4647,13571946,250,1793458,17778,258,3
94.1561,4648,13571966,250,1793506,17778,318,3
94.1751,4649,13571986,250,1793556,17778,226,3
94.1945,4650,13572006,250,1793606,17778,236,3
94.2157,4651,13572026,250,1793657,17778,279,3
94.2352,4652,13572046,250,1793708,17778,336,3
94.2552,4653,13572066,250,1793758,17778,327,3
94.2747,4654,13572086,250,1793803,17778,371,3
94.2959,4655,13572106,250,1793847,17778,401,3
94.3151,4656,13572126,250,1793893,17778,310,3
94.3353,4657,13572146,250,1793942,16779,343,3
94.3552,4658,13572166,250,1793992,16779,190,3
94.3746,4659,13572186,250,1794043,16779,221,3
94.3959,4660,13572206,250,1794095,16779,256,3
94.4148,4661,13572226,250,1794146,16779,295,3
94.4363,4662,13572246,250,1794195,18064,243,3
94.4560,4663,13572266,250,1794244,18064,294,3
94.4753,4664,13572286,250,1794295,18064,281,3
94.4947,4665,13572306,250,1794346,18064,217,3
94.5161,4666,13572326,250,1794397,18064,195,3
94.5356,4667,13572346,250,1794449,18064,243,3
94.5578,4668,13572366,250,1794494,18064,336,3
94.5754,4669,13572386,250,1794537,18064,337,3
94.5952,4670,13572406,250,1794583,18064,469,3
94.6144,4671,13572426,250,1794632,18064,222,3
94.6362,4672,13572446,250,1794682,16636,288,3
94.6557,4673,13572466,250,1794733,16636,339,3
94.6748,4674,13572486,250,1794785,16636,289,3
94.6960,4675,13572506,250,1794834,16636,235,3
94.7147,4676,13572526,250,1794883,16636,385,3
94.7361,4677,13572546,250,1794932,17850,227,3
94.7561,4678,13572566,250,1794983,17850,211,3
94.7754,4679,13572586,250,1795035,17850,236,3
94.7947,4680,13572606,250,1795087,17850,226,3
94.8161,4681,13572626,250,1795137,17850,369,3
94.8359,4682,13572646,250,1795184,18135,368,3
94.8558,4683,13572666,250,1795229,18135,350,3
94.8751,4684,13572686,250,1795275,18135,293,3
94.8942,4685,13572706,250,1795324,18135,288,3
94.9154,4686,13572726,250,1795373,18135,366,3
94.9347,4687,13572746,250,1795424,16922,241,3
94.9563,4688,13572766,250,1795475,16922,199,3
94.9756,4689,13572786,250,1795527,16922,194,3
94.9948,4690,13572806,250,1795577,16922,269,3
95.0157,4691,13572826,250,1795627,16922,273,3
95.0348,4692,13572846,250,1795676,18064,224,3
95.0562,4693,13572866,250,1795727,18064,224,3
95.0753,4694,13572886,250,1795779,18064,322,3
95.0945,4695,13572906,250,1795831,18064,327,3
95.1156,4696,13572926,250,1795875,18064,536,3
95.1349,4697,13572946,250,1795915,17207,401,3
95.1566,4698,13572966,250,1795958,17207,370,3
95.1757,4699,13572986,250,1796005,17207,290,3
95.1949,4700,13573006,250,1796054,17207,339,3
95.2142,4701,13573026,250,1796105,17207,184,3
95.2359,4702,13573046,250,1796155,16993,274,3
95.2556,4703,13573066,250,1796204,16993,349,3
95.2751,4704,13573086,250,1796253,16993,258,3
95.2945,4705,13573106,250,1796303,16993,238,3
95.3158,4706,13573126,250,1796354,16993,333,3
95.3358,4707,13573146,250,1796405,17850,211,3
95.3555,4708,13573166,250,1796458,17850,200,3
95.3752,4709,13573186,250,1796510,17850,206,3
95.3943,4710,13573206,250,1796557,17850,464,3
95.4153,4711,13573226,250,1796597,17850,428,3
95.4346,4712,13573246,250,1796640,16922,392,3
95.4564,4713,13573266,250,1796686,16922,318,3
95.4756,4714,13573286,250,1796735,16922,233,3
95.4947,4715,13573306,250,1796785,16922,221,3
95.5158,4716,13573326,250,1796836,16922,241,3
95.5348,4717,13573346,250,1796887,17493,375,3
95.5568,4718,13573366,250,1796937,17493,203,3
95.5744,4719,13573386,250,1796987,17493,251,3
95.5957,4720,13573406,250,1797037,17493,352,3
95.6147,4721,13573426,250,1797088,17493,210,3
95.6363,4722,13573446,250,1797140,17993,198,3
95.6559,4723,13573466,250,1797193,17993,141,3
95.6758,4724,13573486,250,1797243,17993,357,3
95.6956,4725,13573506,250,1797284,17993,446,3
95.7147,4726,13573526,250,1797327,17993,342,3
95.7362,4727,13573546,250,1797372,16707,310,3
95.7570,4728,13573566,250,1797420,16707,343,3
95.7762,4729,13573586,230,1797469,16707,153,3
95.7954,4730,13573606,230,1797519,16707,155,3
95.8144,4731,13573626,230,1797568,16707,199,3
95.8359,4732,13573646,230,1797616,17421,219,3
95.8551,4733,13573666,230,1797663,17421,212,3
95.8764,4734,13573686,230,1797710,17421,225,3
95.8956,4735,13573706,230,1797758,17421,156,3
95.9145,4736,13573726,230,1797807,17421,208,3
95.9358,4737,13573746,230,1797856,17064,146,3
95.9550,4738,13573766,230,1797905,17064,139,3
95.9745,4739,13573786,230,1797951,17064,261,3
95.9958,4740,13573806,230,1797989,17064,391,3
96.0148,4741,13573826,230,1798030,17064,354,3
96.0360,4742,13573846,230,1798072,15636,328,3
96.0556,4743,13573866,230,1798117,15636,249,3
96.0747,4744,13573886,230,1798162,15636,189,3
96.0958,4745,13573906,230,1798208,15636,233,3
96.1146,4746,13573926,230,1798255,15636,246,3
96.1357,4747,13573946,230,1798301,16279,246,3
96.1551,4748,13573966,230,1798347,16279,210,3
96.1764,4749,13573986,230,1798393,16279,275,3
96.1956,4750,13574006,230,1798440,16279,200,3
96.2143,4751,13574026,230,1798487,16279,328,3
96.2354,4752,13574046,230,1798535,16565,153,3
96.2552,4753,13574066,230,1798583,16565,221,3
96.2777,4754,13574086,230,1798630,16565,293,3
96.2950,4755,13574106,230,1798669,16565,464,3
96.3163,4756,13574126,230,1798707,16565,333,3
96.3359,4757,13574146,230,1798747,15279,343,3
96.3551,4758,13574166,230,1798789,15279,295,3
96.3762,4759,13574186,230,1798834,15279,225,3
96.3952,4760,13574206,230,1798880,15279,226,3
96.4161,4761,13574226,230,1798927,15279,184,3
96.4354,4762,13574246,230,1798975,16136,182,3
96.4546,4763,13574266,230,1799020,16136,339,3
96.4760,4764,13574286,230,1799065,16136,278,3
96.4955,4765,13574306,230,1799111,16136,194,3
96.5144,4766,13574326,230,1799158,16136,221,3
96.5357,4767,13574346,230,1799205,16493,200,3
96.5550,4768,13574366,230,1799252,16493,185,3
96.5764,4769,13574386,230,1799300,16493,225,3
96.5959,4770,13574406,230,1799347,16493,267,3
96.6151,4771,13574426,230,1799385,16493,507,3
96.6344,4772,13574446,230,1799424,15779,326,3
96.6561,4773,13574466,230,1799465,15779,320,3
96.6751,4774,13574486,230,1799508,15779,258,3
96.6944,4775,13574506,230,1799553,15779,313,3
96.7159,4776,13574526,230,1799599,15779,264,3
96.7351,4777,13574546,230,1799645,15708,214,3
96.7547,4778,13574566,230,1799692,15708,262,3
96.7796,4779,13574586,230,1799737,15708,321,3
96.7947,4780,13574606,230,1799781,15708,284,3
96.8161,4781,13574626,230,1799825,15708,212,3
96.8351,4782,13574646,230,1799871,16065,214,3
96.8548,4783,13574666,230,1799916,16065,309,3
96.8762,4784,13574686,230,1799963,16065,216,3
96.8954,4785,13574706,230,1800010,16065,188,3
96.9163,4786,13574726,230,1800054,16065,354,3
96.9354,4787,13574746,230,1800091,15922,459,3
96.9550,4788,13574766,230,1800129,15922,401,3
96.9743,4789,13574786,230,1800170,15922,305,3
96.9955,4790,13574806,230,1800213,15922,263,3
97.0152,4791,13574826,230,1800257,15922,322,3
97.0363,4792,13574846,230,1800304,14994,220,3
97.0561,4793,13574866,230,1800351,14994,238,3
97.0756,4794,13574886,230,1800394,14994,252,3
97.0957,4795,13574906,230,1800436,14994,245,3
97.1149,4796,13574926,230,1800480,14994,265,3
97.1344,4797,13574946,230,1800525,15851,286,3
97.1558,4798,13574966,230,1800571,15851,262,3
97.1750,4799,13574986,230,1800617,15851,240,3
97.1943,4800,13575006,230,1800662,15851,309,3
97.2162,4801,13575026,230,1800708,15851,281,3
97.2360,4802,13575046,230,1800753,16279,291,3
97.2557,4803,13575066,230,1800793,16279,542,3
97.2796,4804,13575086,230,1800832,16279,336,3
97.2945,4805,13575106,230,1800874,16279,290,3
97.3161,4806,13575126,230,1800918,16279,333,3
97.3354,4807,13575146,230,1800963,14922,334,3
97.3546,4808,13575166,230,1801009,14922,199,3
97.3760,4809,13575186,230,1801056,14922,209,3
97.3952,4810,13575206,230,1801104,14922,169,3
97.4161,4811,13575226,230,1801152,14922,211,3
97.4353,4812,13575246,230,1801197,16779,386,3
97.4546,4813,13575266,230,1801240,16779,456,3
97.4762,4814,13575286,230,1801283,16779,350,3
97.4953,4815,13575306,230,1801328,16779,246,3
97.5147,4816,13575326,230,1801374,16779,182,3
97.5359,4817,13575346,230,1801421,15922,240,3
97.5562,4818,13575366,230,1801463,15922,392,3
97.5760,4819,13575386,230,1801500,15922,409,3
97.5953,4820,13575406,230,1801539,15922,476,3
97.6149,4821,13575426,230,1801580,15922,381,3
97.6344,4822,13575446,230,1801624,14565,411,3
97.6561,4823,13575466,230,1801669,14565,270,3
97.6753,4824,13575486,230,1801715,14565,177,3
97.6946,4825,13575506,230,1801762,14565,251,3
97.7158,4826,13575526,230,1801809,14565,198,3
97.7348,4827,13575546,230,1801853,16350,210,3
97.7566,4828,13575566,230,1801897,16350,252,3
97.7804,4829,13575586,230,1801943,16350,338,3
97.7956,4830,13575606,230,1801989,16350,253,3
97.8156,4831,13575626,230,1802036,16350,162,3
97.8347,4832,13575646,230,1802083,16350,216,3
97.8566,4833,13575666,230,1802131,16350,193,3
97.8760,4834,13575686,230,1802173,16350,304,3
97.8953,4835,13575706,230,1802212,16350,334,3
97.9165,4836,13575726,230,1802254,16350,326,3
97.9359,4837,13575746,230,1802297,15351,322,3
97.9556,4838,13575766,230,1802342,15351,246,3
97.9750,4839,13575786,230,1802388,15351,208,3
97.9962,4840,13575806,230,1802435,15351,320,3
98.0152,4841,13575826,230,1802481,15351,205,3
98.0362,4842,13575846,230,1802527,16350,233,3
98.0557,4843,13575866,230,1802572,16350,264,3
98.0747,4844,13575886,230,1802618,16350,268,3
98.0961,4845,13575906,230,1802664,16350,210,3
98.1150,4846,13575926,230,1802711,16350,320,3
98.1364,4847,13575946,230,1802757,16493,219,3
98.1560,4848,13575966,230,1802805,16493,187,3
98.1753,4849,13575986,230,1802851,16493,348,3
98.1947,4850,13576006,230,1802891,16493,350,3
98.2163,4851,13576026,230,1802931,16493,293,3
98.2352,4852,13576046,230,1802973,15422,262,3
98.2545,4853,13576066,230,1803016,15422,211,3
98.2804,4854,13576086,230,1803061,15422,233,3
98.2956,4855,13576106,230,1803108,15422,214,3
98.3146,4856,13576126,230,1803155,15422,177,3
98.3363,4857,13576146,230,1803203,16279,328,3
98.3560,4858,13576166,230,1803249,16279,241,3
98.3753,4859,13576186,230,1803294,16279,243,3
98.3947,4860,13576206,230,1803339,16279,232,3
98.4162,4861,13576226,230,1803385,16279,274,3
98.4352,4862,13576246,230,1803432,16422,194,3
98.4546,4863,13576266,230,1803479,16422,336,3
98.4761,4864,13576286,230,1803527,16422,199,3
98.4955,4865,13576306,230,1803570,16422,352,3
98.5146,4866,13576326,230,1803609,16422,466,3
98.5357,4867,13576346,230,1803650,15636,421,3
98.5549,4868,13576366,230,1803693,15636,393,3
98.5743,4869,13576386,230,1803738,15636,281,3
98.5955,4870,13576406,230,1803784,15636,185,3
98.6148,4871,13576426,230,1803831,15636,233,3
98.6362,4872,13576446,230,1803878,16208,195,3
98.6562,4873,13576466,230,1803925,16208,241,3
98.6762,4874,13576486,230,1803972,16208,325,3
98.6957,4875,13576506,230,1804016,16208,261,3
98.7149,4876,13576526,230,1804061,16208,190,3
98.7363,4877,13576546,230,1804108,16350,224,3
98.7559,4878,13576566,230,1804154,16350,256,3
98.7829,4879,13576586,230,1804202,16350,206,3
98.7958,4880,13576606,230,1804246,16350,380,3
98.8149,4881,13576626,230,1804283,16350,401,3
98.8358,4882,13576646,230,1804321,15422,380,3
98.8551,4883,13576666,230,1804363,15422,283,3
98.8744,4884,13576686,230,1804406,15422,284,3
98.8958,4885,13576706,230,1804451,15422,277,3
98.9150,4886,13576726,230,1804497,15422,184,3
98.9363,4887,13576746,230,1804544,15708,208,3
98.9560,4888,13576766,230,1804590,15708,349,3
98.9758,4889,13576786,230,1804635,15708,267,3
98.9956,4890,13576806,230,1804680,15708,189,3
99.0150,4891,13576826,230,1804726,15708,251,3
99.0361,4892,13576846,230,1804773,16422,214,3
99.0559,4893,13576866,230,1804821,16422,199,3
99.0753,4894,13576886,230,1804870,16422,171,3
99.0943,4895,13576906,230,1804918,16422,257,3
99.1156,4896,13576926,230,1804959,16422,380,3
99.1346,4897,13576946,230,1804996,16136,456,3
99.1560,4898,13576966,230,1805035,16136,349,3
99.1754,4899,13576986,230,1805077,16136,294,3
99.1947,4900,13577006,230,1805120,16136,284,3
99.2159,4901,13577026,230,1805165,16136,352,3
99.2348,4902,13577046,230,1805212,15208,230,3
99.2551,4903,13577066,230,1805259,15208,192,3
99.2822,4904,13577086,230,1805307,15208,235,3
99.2951,4905,13577106,230,1805352,15208,270,3
99.3143,4906,13577126,230,1805396,15208,252,3
99.3354,4907,13577146,230,1805442,16422,333,3
99.3549,4908,13577166,230,1805488,16422,214,3
99.3745,4909,13577186,230,1805536,16422,182,3
99.3958,4910,13577206,230,1805585,16422,158,3
99.4151,4911,13577226,230,1805631,16422,279,3
99.4361,4912,13577246,230,1805670,16493,403,3
99.4554,4913,13577266,230,1805708,16493,361,3
99.4749,4914,13577286,230,1805748,16493,280,3
99.4960,4915,13577306,230,1805791,16493,263,3
99.5151,4916,13577326,230,1805835,16493,245,3
99.5364,4917,13577346,230,1805880,14851,293,3
99.5557,4918,13577366,230,1805926,14851,243,3
99.5751,4919,13577386,230,1805972,14851,229,3
99.5944,4920,13577406,230,1806017,14851,328,3
99.6144,4921,13577426,230,1806063,14851,265,3
99.6357,4922,13577446,230,1806109,16279,194,3
99.6552,4923,13577466,230,1806156,16279,247,3
99.6751,4924,13577486,230,1806204,16279,183,3
99.6951,4925,13577506,230,1806253,16279,273,3
99.7144,4926,13577526,230,1806302,16279,176,3
99.7357,4927,13577546,230,1806347,17064,304,3
99.7555,4928,13577566,230,1806385,17064,339,3
99.7752,4929,13577586,230,1806425,17064,396,3
99.7944,4930,13577606,230,1806468,17064,379,3
99.8155,4931,13577626,230,1806511,17064,312,3
99.8345,4932,13577646,230,1806556,14851,269,3
99.8560,4933,13577666,230,1806601,14851,182,3
99.8750,4934,13577686,230,1806648,14851,275,3
99.8964,4935,13577706,230,1806695,14851,242,3
99.9156,4936,13577726,230,1806740,14851,231,3
99.9344,4937,13577746,230,1806786,16422,355,3
99.9556,4938,13577766,230,1806833,16422,220,3
99.9750,4939,13577786,230,1806880,16422,177,3
99.9961,4940,13577806,230,1806928,16422,179,3
100.0152,4941,13577826,230,1806976,16422,189,3
100.0361,4942,13577846,230,1807024,16922,246,3
100.0554,4943,13577866,230,1807064,16922,576,3
100.0744,4944,13577886,230,1807100,16922,408,3
100.0958,4945,13577906,230,1807139,16922,407,3
100.1148,4946,13577926,230,1807180,16922,305,3
100.1357,4947,13577946,230,1807224,14351,311,3
100.1548,4948,13577966,230,1807269,14351,233,3
100.1763,4949,13577986,230,1807316,14351,194,3
100.1954,4950,13578006,230,1807363,14351,338,3
100.2144,4951,13578026,230,1807408,14351,238,3
100.2353,4952,13578046,230,1807452,16350,257,3
100.2548,4953,13578066,230,1807497,16350,198,3
100.2763,4954,13578086,230,1807543,16350,267,3
100.2955,4955,13578106,230,1807589,16350,211,3
100.3147,4956,13578126,230,1807636,16350,200,3
100.3360,4957,13578146,230,1807684,16493,246,3
100.3553,4958,13578166,230,1807732,16493,199,3
100.3746,4959,13578186,230,1807773,16493,384,3
100.3959,4960,13578206,230,1807811,16493,524,3
100.4149,4961,13578226,230,1807851,16493,338,3
100.4359,4962,13578246,230,1807894,15065,333,3
100.4548,4963,13578266,230,1807938,15065,364,3
100.4762,4964,13578286,230,1807984,15065,246,3
100.4954,4965,13578306,230,1808030,15065,216,3
100.5146,4966,13578326,230,1808076,15065,267,3
100.5356,4967,13578346,230,1808120,16136,323,3
100.5549,4968,13578366,230,1808164,16136,277,3
100.5745,4969,13578386,230,1808208,16136,217,3
100.5957,4970,13578406,230,1808254,16136,190,3
100.6152,4971,13578426,230,1808300,16136,277,3
100.6364,4972,13578446,230,1808347,16065,229,3
100.6556,4973,13578466,230,1808394,16065,153,3
100.6754,4974,13578486,230,1808440,16065,350,3
100.6953,4975,13578506,230,1808480,16065,406,3
100.7153,4976,13578526,230,1808517,16065,396,3
100.7343,4977,13578546,230,1808557,15208,454,3
100.7559,4978,13578566,230,1808600,15208,439,3
100.7757,4979,13578586,230,1808644,15208,338,3
100.7952,4980,13578606,230,1808689,15208,212,3
100.8144,4981,13578626,230,1808735,15208,215,3
100.8354,4982,13578646,230,1808780,15851,302,3
100.8545,4983,13578666,230,1808823,15851,304,3
100.8762,4984,13578686,230,1808865,15851,301,3
100.8955,4985,13578706,230,1808910,15851,259,3
100.9148,4986,13578726,230,1808956,15851,221,3
100.9360,4987,13578746,230,1809002,15779,217,3
100.9552,4988,13578766,230,1809048,15779,376,3
100.9744,4989,13578786,230,1809094,15779,217,3
100.9958,4990,13578806,230,1809140,15779,230,3
101.0149,4991,13578826,230,1809181,15779,365,3
101.0364,4992,13578846,230,1809220,15708,460,3
101.0562,4993,13578866,230,1809260,15708,391,3
101.0759,4994,13578886,230,1809304,15708,430,3
101.0950,4995,13578906,230,1809348,15708,305,3
101.1163,4996,13578926,230,1809394,15708,185,3
101.1352,4997,13578946,230,1809441,15636,232,3
101.1547,4998,13578966,230,1809488,15636,163,3
101.1762,4999,13578986,230,1809535,15636,226,3
101.1954,5000,13579006,230,1809578,15636,280,3
101.2149,5001,13579026,230,1809622,15636,320,3
101.2363,5002,13579046,230,1809667,16136,364,3
101.2557,5003,13579066,230,1809712,16136,242,3
101.2749,5004,13579086,230,1809758,16136,193,3
101.2947,5005,13579106,230,1809804,16136,257,3
101.3164,5006,13579126,230,1809849,16136,305,3
101.3353,5007,13579146,230,1809890,16065,391,3
101.3549,5008,13579166,230,1809929,16065,264,3
101.3743,5009,13579186,230,1809971,16065,254,3
101.3957,5010,13579206,230,1810014,16065,245,3
101.4149,5011,13579226,230,1810059,16065,210,3
101.4359,5012,13579246,230,1810104,15208,268,3
101.4554,5013,13579266,230,1810151,15208,214,3
101.4756,5014,13579286,230,1810198,15208,281,3
101.4954,5015,13579306,230,1810244,15208,310,3
101.5148,5016,13579326,230,1810288,15208,257,3
101.5361,5017,13579346,230,1810332,16279,232,3
101.5551,5018,13579366,230,1810378,16279,215,3
101.5748,5019,13579386,230,1810424,16279,254,3
101.5962,5020,13579406,230,1810471,16279,195,3
101.6153,5021,13579426,230,1810519,16279,297,3
101.6343,5022,13579446,230,1810564,16565,465,3
101.6561,5023,13579466,230,1810602,16565,370,3
101.6753,5024,13579486,230,1810642,16565,275,3
101.6942,5025,13579506,230,1810684,16565,295,3
101.7154,5026,13579526,230,1810728,16565,225,3
101.7363,5027,13579546,230,1810773,14922,248,3
101.7559,5028,13579566,230,1810820,14922,247,3
101.7757,5029,13579586,230,1810868,14922,171,3
101.7952,5030,13579606,230,1810913,14922,293,3
101.8143,5031,13579626,230,1810957,14922,310,3
101.8352,5032,13579646,230,1811002,16279,265,3
101.8544,5033,13579666,230,1811047,16279,216,3
101.8758,5034,13579686,230,1811093,16279,240,3
101.8950,5035,13579706,230,1811139,16279,302,3
101.9163,5036,13579726,230,1811186,16279,184,3
101.9354,5037,13579746,230,1811233,16493,243,3
101.9554,5038,13579766,230,1811274,16493,333,3
101.9757,5039,13579786,230,1811312,16493,355,3
101.9953,5040,13579806,230,1811352,16493,485,3
102.0144,5041,13579826,230,1811395,16493,406,3
102.0354,5042,13579846,230,1811439,14708,318,3
102.0547,5043,13579866,230,1811484,14708,236,3
102.0761,5044,13579886,230,1811531,14708,183,3
102.0953,5045,13579906,230,1811577,14708,246,3
102.1146,5046,13579926,230,1811623,14708,262,3
102.1357,5047,13579946,230,1811667,16279,220,3
102.1551,5048,13579966,230,1811711,16279,215,3
102.1748,5049,13579986,230,1811757,16279,332,3
102.1961,5050,13580006,230,1811803,16279,210,3
102.2151,5051,13580026,230,1811850,16279,148,3
102.2342,5052,13580046,230,1811898,16493,248,3
102.2557,5053,13580066,230,1811944,16493,263,3
102.2758,5054,13580086,230,1811985,16493,284,3
102.2950,5055,13580106,230,1812025,16493,361,3
102.3161,5056,13580126,230,1812068,16493,284,3
102.3352,5057,13580146,230,1812111,15279,225,3
102.3551,5058,13580166,230,1812156,15279,219,3
102.3749,5059,13580186,230,1812202,15279,214,3
102.3963,5060,13580206,230,1812249,15279,278,3
102.4155,5061,13580226,230,1812296,15279,157,3
102.4347,5062,13580246,230,1812343,16493,259,3
102.4564,5063,13580266,230,1812388,16493,238,3
102.4763,5064,13580286,230,1812433,16493,199,3
102.4961,5065,13580306,230,1812480,16493,208,3
102.5154,5066,13580326,230,1812527,16493,262,3
102.5345,5067,13580346,230,1812574,16493,171,3
102.5562,5068,13580366,230,1812622,16493,257,3
102.5759,5069,13580386,230,1812663,16493,369,3
102.5951,5070,13580406,230,1812699,16493,444,3
102.6146,5071,13580426,230,1812738,16493,456,3
102.6359,5072,13580446,230,1812780,14780,338,3
102.6551,5073,13580466,230,1812823,14780,395,3
102.6748,5074,13580486,230,1812869,14780,253,3
102.6962,5075,13580506,230,1812916,14780,173,3
102.7154,5076,13580526,230,1812963,14780,270,3
102.7362,5077,13580546,230,1813008,16208,216,3
102.7558,5078,13580566,230,1813052,16208,251,3
102.7754,5079,13580586,230,1813096,16208,225,3
102.7953,5080,13580606,230,1813141,16208,264,3
102.8145,5081,13580626,230,1813188,16208,261,3
102.8357,5082,13580646,230,1813235,16208,146,3
102.8548,5083,13580666,230,1813283,16208,201,3
102.8745,5084,13580686,230,1813329,16208,249,3
102.8958,5085,13580706,230,1813367,16208,375,3
102.9148,5086,13580726,230,1813404,16208,408,3
102.9357,5087,13580746,230,1813443,14994,456,3
102.9548,5088,13580766,230,1813485,14994,401,3
102.9763,5089,13580786,230,1813529,14994,320,3
102.9952,5090,13580806,230,1813575,14994,200,3
103.0144,5091,13580826,230,1813621,14994,200,3
103.0357,5092,13580846,230,1813668,15922,198,3
103.0548,5093,13580866,230,1813716,15922,199,3
103.0763,5094,13580886,230,1813760,15922,277,3
103.0956,5095,13580906,230,1813804,15922,347,3
103.1147,5096,13580926,230,1813849,15922,259,3
103.1357,5097,13580946,230,1813896,16279,121,3
103.1548,5098,13580966,230,1813945,16279,217,3
103.1763,5099,13580986,230,1813993,16279,176,3
103.1954,5100,13581006,230,1814040,16279,440,3
103.2148,5101,13581026,230,1814078,16279,327,3
103.2361,5102,13581046,230,1814116,15851,373,3
103.2556,5103,13581066,230,1814156,15851,313,3
103.2752,5104,13581086,230,1814198,15851,296,3
103.2950,5105,13581106,230,1814243,15851,300,3
103.3169,5106,13581126,230,1814288,15851,188,3
103.3361,5107,13581146,230,1814335,15422,185,3
103.3556,5108,13581166,230,1814381,15422,327,3
103.3754,5109,13581186,230,1814427,15422,293,3
103.3947,5110,13581206,230,1814472,15422,212,3
103.4160,5111,13581226,230,1814517,15422,214,3
103.4349,5112,13581246,230,1814563,16350,229,3
103.4561,5113,13581266,230,1814610,16350,166,3
103.4758,5114,13581286,230,1814659,16350,289,3
103.4949,5115,13581306,230,1814707,16350,158,3
103.5162,5116,13581326,230,1814750,16350,350,3
103.5350,5117,13581346,230,1814788,16279,469,3
103.5563,5118,13581366,230,1814827,16279,345,3
103.5759,5119,13581386,230,1814868,16279,297,3
103.5951,5120,13581406,230,1814911,16279,251,3
103.6144,5121,13581426,230,1814955,16279,265,3
103.6357,5122,13581446,230,1815000,14994,357,3
103.6548,5123,13581466,230,1815046,14994,236,3
103.6744,5124,13581486,230,1815091,14994,221,3
103.6959,5125,13581506,230,1815135,14994,243,3
103.7152,5126,13581526,230,1815180,14994,265,3
103.7364,5127,13581546,230,1815226,16065,278,3
103.7557,5128,13581566,230,1815272,16065,206,3
103.7751,5129,13581586,230,1815319,16065,309,3
103.7982,5130,13581606,230,1815366,16065,195,3
103.8160,5131,13581626,230,1815413,16065,198,3
103.8356,5132,13581646,230,1815456,16565,397,3
103.8548,5133,13581666,230,1815493,16565,440,3
103.8744,5134,13581686,230,1815532,16565,355,3
103.8960,5135,13581706,230,1815573,16565,286,3
103.9150,5136,13581726,230,1815616,16565,267,3
103.9359,5137,13581746,230,1815662,14565,320,3
103.9548,5138,13581766,230,1815708,14565,220,3
103.9762,5139,13581786,230,1815756,14565,208,3
103.9954,5140,13581806,230,1815803,14565,236,3
104.0147,5141,13581826,230,1815848,14565,247,3
104.0358,5142,13581846,230,1815893,16565,259,3
104.0550,5143,13581866,230,1815940,16565,305,3
104.0763,5144,13581886,230,1815986,16565,182,3
104.0957,5145,13581906,230,1816033,16565,209,3
104.1147,5146,13581926,230,1816081,16565,160,3
104.1357,5147,13581946,230,1816129,16779,279,3
104.1549,5148,13581966,230,1816170,16779,377,3
104.1745,5149,13581986,230,1816208,16779,310,3
104.1956,5150,13582006,230,1816247,16779,357,3
104.2147,5151,13582026,230,1816289,16779,326,3
104.2358,5152,13582046,230,1816333,14637,302,3
104.2548,5153,13582066,230,1816379,14637,262,3
104.2765,5154,13582086,230,1816425,14637,209,3
104.2981,5155,13582106,230,1816472,14637,321,3
104.3152,5156,13582126,230,1816517,14637,300,3
104.3362,5157,13582146,230,1816560,16208,262,3
104.3543,5158,13582166,230,1816604,16208,284,3
104.3760,5159,13582186,230,1816648,16208,196,3
104.3954,5160,13582206,230,1816693,16208,216,3
104.4144,5161,13582226,230,1816739,16208,219,3
104.4356,5162,13582246,230,1816785,16065,187,3
104.4555,5163,13582266,230,1816831,16065,235,3
104.4751,5164,13582286,230,1816871,16065,386,3
104.4946,5165,13582306,230,1816909,16065,398,3
104.5161,5166,13582326,230,1816948,16065,290,3
104.5356,5167,13582346,230,1816991,14708,243,3
104.5555,5168,13582366,230,1817034,14708,221,3
104.5755,5169,13582386,230,1817079,14708,267,3
104.5949,5170,13582406,230,1817125,14708,221,3
104.6162,5171,13582426,230,1817171,14708,227,3
104.6352,5172,13582446,230,1817214,15922,237,3
104.6546,5173,13582466,230,1817257,15922,264,3
104.6761,5174,13582486,230,1817302,15922,317,3
104.6954,5175,13582506,230,1817348,15922,297,3
104.7146,5176,13582526,230,1817393,15922,235,3
104.7356,5177,13582546,230,1817439,15993,195,3
104.7548,5178,13582566,230,1817485,15993,253,3
104.7763,5179,13582586,230,1817531,15993,274,3
104.8000,5180,13582606,230,1817573,15993,369,3
104.8150,5181,13582626,230,1817612,15993,348,3
104.8360,5182,13582646,230,1817652,15279,277,3
104.8550,5183,13582666,230,1817693,15279,256,3
104.8747,5184,13582686,230,1817737,15279,195,3
104.8944,5185,13582706,230,1817783,15279,254,3
104.9159,5186,13582726,230,1817830,15279,189,3
104.9349,5187,13582746,230,1817877,15993,222,3
104.9564,5188,13582766,230,1817924,15993,299,3
104.9760,5189,13582786,230,1817968,15993,257,3
104.9954,5190,13582806,230,1818012,15993,262,3
105.0147,5191,13582826,230,1818056,15993,216,3
105.0356,5192,13582846,230,1818101,16065,214,3
105.0547,5193,13582866,230,1818147,16065,225,3
105.0765,5194,13582886,230,1818193,16065,201,3
105.0959,5195,13582906,230,1818238,16065,235,3
105.1151,5196,13582926,230,1818279,16065,345,3
105.1362,5197,13582946,230,1818318,15565,384,3
105.1554,5198,13582966,230,1818358,15565,336,3
105.1750,5199,13582986,230,1818401,15565,274,3
105.1944,5200,13583006,230,1818445,15565,286,3
105.2157,5201,13583026,230,1818490,15565,265,3
105.2346,5202,13583046,230,1818537,15494,211,3
105.2559,5203,13583066,230,1818584,15494,334,3
105.2755,5204,13583086,230,1818630,15494,283,3
105.3017,5205,13583106,230,1818673,15494,249,3
105.3145,5206,13583126,230,1818717,15494,252,3
105.3356,5207,13583146,230,1818763,16136,233,3
105.3551,5208,13583166,230,1818809,16136,243,3
105.3746,5209,13583186,230,1818856,16136,198,3
105.3942,5210,13583206,230,1818903,16136,336,3
105.4157,5211,13583226,230,1818949,16136,327,3
105.4346,5212,13583246,230,1818989,16279,493,3
105.4559,5213,13583266,230,1819030,16279,366,3
105.4751,5214,13583286,230,1819072,16279,294,3
105.4963,5215,13583306,230,1819116,16279,345,3
105.5154,5216,13583326,230,1819161,16279,290,3
105.5343,5217,13583346,230,1819208,15494,172,3
105.5555,5218,13583366,230,1819255,15494,233,3
105.5748,5219,13583386,230,1819302,15494,209,3
105.5963,5220,13583406,230,1819348,15494,225,3
105.6155,5221,13583426,230,1819393,15494,312,3
105.6347,5222,13583446,230,1819438,16493,309,3
105.6563,5223,13583466,230,1819484,16493,195,3
105.6758,5224,13583486,230,1819531,16493,199,3
105.6950,5225,13583506,230,1819579,16493,231,3
105.7162,5226,13583526,230,1819626,16493,206,3
105.7349,5227,13583546,230,1819669,16565,353,3
105.7560,5228,13583566,230,1819708,16565,403,3
105.7759,5229,13583586,230,1819748,16565,311,3
105.8018,5230,13583606,230,1819790,16565,321,3
105.8146,5231,13583626,230,1819835,16565,296,3
105.8355,5232,13583646,230,1819880,14922,212,3
105.8547,5233,13583666,230,1819927,14922,331,3
105.8763,5234,13583686,230,1819975,14922,178,3
105.8957,5235,13583706,230,1820021,14922,245,3
105.9149,5236,13583726,230,1820065,14922,286,3
105.9362,5237,13583746,230,1820110,16422,263,3
105.9556,5238,13583766,230,1820156,16422,240,3
105.9749,5239,13583786,230,1820202,16422,211,3
105.9962,5240,13583806,230,1820249,16422,274,3
106.0153,5241,13583826,230,1820297,16422,150,3
106.0342,5242,13583846,230,1820343,16636,316,3
106.0556,5243,13583866,230,1820384,16636,339,3
106.0754,5244,13583886,230,1820424,16636,263,3
106.0950,5245,13583906,230,1820466,16636,257,3
106.1142,5246,13583926,230,1820509,16636,236,3
106.1352,5247,13583946,230,1820555,15137,203,3
106.1543,5248,13583966,230,1820600,15137,264,3
106.1758,5249,13583986,230,1820647,15137,209,3
106.1952,5250,13584006,230,1820694,15137,294,3
106.2145,5251,13584026,230,1820739,15137,364,3
106.2361,5252,13584046,230,1820784,16422,232,3
106.2561,5253,13584066,230,1820831,16422,195,3
106.2762,5254,13584086,230,1820877,16422,264,3
106.3026,5255,13584106,230,1820925,16422,189,3
106.3154,5256,13584126,230,1820972,16422,284,3
106.3343,5257,13584146,230,1821020,16779,240,3
106.3547,5258,13584166,230,1821063,16779,365,3
106.3764,5259,13584186,230,1821100,16779,460,3
106.3955,5260,13584206,230,1821140,16779,295,3
106.4146,5261,13584226,230,1821183,16779,257,3
106.4356,5262,13584246,230,1821226,14780,248,3
106.4547,5263,13584266,230,1821271,14780,366,3
106.4762,5264,13584286,230,1821317,14780,222,3
106.4955,5265,13584306,230,1821364,14780,185,3
106.5146,5266,13584326,230,1821411,14780,280,3
106.5355,5267,13584346,230,1821456,16350,211,3
106.5547,5268,13584366,230,1821500,16350,214,3
106.5761,5269,13584386,230,1821546,16350,215,3
106.5953,5270,13584406,230,1821593,16350,217,3
106.6146,5271,13584426,230,1821643,16350,150,3
106.6362,5272,13584446,230,1821691,16779,199,3
106.6550,5273,13584466,230,1821737,16779,309,3
106.6761,5274,13584486,230,1821776,16779,359,3
106.6952,5275,13584506,230,1821813,16779,347,3
106.7143,5276,13584526,230,1821853,16779,331,3
106.7357,5277,13584546,230,1821895,14637,240,3
106.7549,5278,13584566,230,1821939,14637,189,3
106.7745,5279,13584586,230,1821985,14637,257,3
106.8028,5280,13584606,230,1822032,14637,174,3
106.8155,5281,13584626,230,1822080,14637,203,3
106.8348,5282,13584646,230,1822126,16422,360,3
106.8560,5283,13584666,230,1822169,16422,317,3
106.8756,5284,13584686,230,1822214,16422,242,3
106.8949,5285,13584706,230,1822260,16422,184,3
106.9164,5286,13584726,230,1822307,16422,208,3
106.9356,5287,13584746,230,1822355,16279,125,3
106.9553,5288,13584766,230,1822403,16279,304,3
106.9751,5289,13584786,230,1822446,16279,459,3
106.9946,5290,13584806,230,1822484,16279,391,3
107.0160,5291,13584826,230,1822522,16279,390,3
107.0352,5292,13584846,230,1822563,15065,309,3
107.0541,5293,13584866,230,1822606,15065,273,3
107.0761,5294,13584886,230,1822651,15065,263,3
107.0957,5295,13584906,230,1822696,15065,224,3
107.1151,5296,13584926,230,1822743,15065,334,3
107.1343,5297,13584946,230,1822788,15993,274,3
107.1553,5298,13584966,230,1822834,15993,211,3
107.1747,5299,13584986,230,1822880,15993,232,3
107.1961,5300,13585006,230,1822927,15993,233,3
107.2151,5301,13585026,230,1822974,15993,189,3
107.2361,5302,13585046,230,1823021,16565,278,3
107.2553,5303,13585066,230,1823070,16565,157,3
107.2747,5304,13585086,230,1823119,16565,201,3
107.3027,5305,13585106,230,1823161,16565,358,3
107.3157,5306,13585126,230,1823199,16565,374,3
107.3349,5307,13585146,230,1823240,15708,257,3
107.3542,5308,13585166,230,1823282,15708,257,3
107.3759,5309,13585186,230,1823325,15708,226,3
107.3954,5310,13585206,230,1823371,15708,208,3
107.4154,5311,13585226,230,1823417,15708,258,3
107.4349,5312,13585246,230,1823463,15851,221,3
107.4544,5313,13585266,230,1823508,15851,231,3
107.4766,5314,13585286,230,1823553,15851,317,3
107.4943,5315,13585306,230,1823599,15851,254,3
107.5158,5316,13585326,230,1823645,15851,189,3
107.5349,5317,13585346,230,1823692,16350,227,3
107.5544,5318,13585366,230,1823740,16350,204,3
107.5763,5319,13585386,230,1823788,16350,233,3
107.5957,5320,13585406,230,1823834,16350,323,3
107.6151,5321,13585426,230,1823873,16350,393,3
107.6363,5322,13585446,230,1823909,15636,374,3
107.6552,5323,13585466,230,1823948,15636,339,3
107.6748,5324,13585486,230,1823990,15636,306,3
107.6942,5325,13585506,230,1824034,15636,289,3
107.7156,5326,13585526,230,1824080,15636,185,3
107.7348,5327,13585546,230,1824127,15351,184,3
107.7562,5328,13585566,230,1824173,15351,328,3
107.7760,5329,13585586,230,1824218,15351,301,3
107.7936,5330,13585606,230,1824261,15351,288,3
107.8151,5331,13585626,230,1824306,15351,212,3
107.8344,5332,13585646,230,1824352,16136,192,3
107.8558,5333,13585666,230,1824399,16136,221,3
107.8752,5334,13585686,230,1824446,16136,173,3
107.8953,5335,13585706,230,1824494,16136,278,3
107.9146,5336,13585726,230,1824541,16136,301,3
107.9359,5337,13585746,230,1824581,16493,423,3
107.9556,5338,13585766,230,1824620,16493,381,3
107.9757,5339,13585786,230,1824661,16493,316,3
107.9957,5340,13585806,230,1824704,16493,272,3
108.0149,5341,13585826,230,1824748,16493,320,3
108.0362,5342,13585846,230,1824793,15065,278,3
108.0555,5343,13585866,230,1824840,15065,176,3
108.0749,5344,13585886,230,1824886,15065,247,3
108.0945,5345,13585906,230,1824931,15065,313,3
108.1161,5346,13585926,230,1824975,15065,240,3
108.1353,5347,13585946,230,1825019,16136,277,3
108.1544,5348,13585966,230,1825065,16136,210,3
108.1743,5349,13585986,230,1825111,16136,341,3
108.1948,5350,13586006,230,1825158,16136,193,3
108.2141,5351,13586026,230,1825205,16136,199,3
108.2355,5352,13586046,230,1825250,16493,368,3
108.2546,5353,13586066,230,1825289,16493,320,3
108.2761,5354,13586086,230,1825328,16493,342,3
108.2955,5355,13586106,230,1825369,16493,406,3
108.3149,5356,13586126,230,1825412,16493,327,3
108.3360,5357,13586146,230,1825456,14708,227,3
108.3552,5358,13586166,230,1825502,14708,196,3
108.3744,5359,13586186,230,1825549,14708,275,3
108.3959,5360,13586206,230,1825594,14708,317,3
108.4149,5361,13586226,230,1825636,14708,288,3
108.4359,5362,13586246,230,1825679,15922,222,3
108.4548,5363,13586266,230,1825724,15922,246,3
108.4744,5364,13586286,230,1825770,15922,204,3
108.4962,5365,13586306,230,1825816,15922,358,3
108.5153,5366,13586326,230,1825862,15922,217,3
108.5346,5367,13586346,230,1825907,16279,215,3
108.5557,5368,13586366,230,1825952,16279,280,3
108.5752,5369,13586386,230,1825992,16279,331,3
108.5949,5370,13586406,230,1826031,16279,377,3
108.6159,5371,13586426,230,1826072,16279,437,3
108.6352,5372,13586446,230,1826116,14922,325,3
108.6562,5373,13586466,230,1826160,14922,241,3
108.6757,5374,13586486,230,1826206,14922,193,3
108.6951,5375,13586506,230,1826253,14922,245,3
108.7142,5376,13586526,230,1826300,14922,199,3
108.7352,5377,13586546,230,1826347,16422,235,3
108.7565,5378,13586566,230,1826391,16422,402,3
108.7758,5379,13586586,230,1826434,16422,401,3
108.7953,5380,13586606,230,1826478,16422,366,3
108.8145,5381,13586626,230,1826523,16422,262,3
108.8359,5382,13586646,230,1826568,15851,177,3
108.8549,5383,13586666,230,1826615,15851,272,3
108.8761,5384,13586686,230,1826658,15851,398,3
108.8951,5385,13586706,230,1826696,15851,348,3
108.9142,5386,13586726,230,1826735,15851,433,3
108.9353,5387,13586746,230,1826776,14851,448,3
108.9543,5388,13586766,230,1826819,14851,361,3
108.9760,5389,13586786,230,1826864,14851,245,3
108.9953,5390,13586806,230,1826910,14851,195,3
109.0145,5391,13586826,230,1826957,14851,251,3
109.0358,5392,13586846,230,1827004,16208,238,3
109.0548,5393,13586866,230,1827048,16208,273,3
109.0761,5394,13586886,230,1827092,16208,232,3
109.0951,5395,13586906,230,1827137,16208,286,3
109.1142,5396,13586926,230,1827183,16208,261,3
109.1357,5397,13586946,230,1827229,16136,178,3
109.1548,5398,13586966,230,1827277,16136,242,3
109.1762,5399,13586986,230,1827325,16136,194,3
109.1957,5400,13587006,230,1827369,16136,334,3
109.2149,5401,13587026,230,1827408,16136,304,3
109.2359,5402,13587046,230,1827448,15708,373,3
109.2547,5403,13587066,230,1827491,15708,302,3
109.2764,5404,13587086,230,1827535,15708,247,3
109.2956,5405,13587106,230,1827580,15708,227,3
109.3148,5406,13587126,230,1827627,15708,209,3
109.3359,5407,13587146,230,1827673,15993,238,3
109.3550,5408,13587166,230,1827720,15993,209,3
109.3766,5409,13587186,230,1827764,15993,238,3
109.3960,5410,13587206,230,1827809,15993,262,3
109.4151,5411,13587226,230,1827854,15993,264,3
109.4346,5412,13587246,230,1827900,16136,216,3
109.4544,5413,13587266,230,1827947,16136,236,3
109.4760,5414,13587286,230,1827995,16136,212,3
109.4955,5415,13587306,230,1828041,16136,219,3
109.5146,5416,13587326,230,1828083,16136,341,3
109.5360,5417,13587346,230,1828123,16065,363,3
109.5548,5418,13587366,230,1828165,16065,327,3
109.5763,5419,13587386,230,1828208,16065,252,3
109.5957,5420,13587406,230,1828253,16065,211,3
109.6149,5421,13587426,230,1828300,16065,212,3
109.6342,5422,13587446,230,1828346,15779,235,3
109.6552,5423,13587466,230,1828393,15779,205,3
109.6746,5424,13587486,230,1828439,15779,347,3
109.6962,5425,13587506,230,1828484,15779,316,3
109.7152,5426,13587526,230,1828529,15779,211,3
109.7345,5427,13587546,230,1828575,16350,180,3
109.7558,5428,13587566,230,1828621,16350,253,3
109.7751,5429,13587586,230,1828669,16350,199,3
109.7969,5430,13587606,230,1828716,16350,288,3
109.8163,5431,13587626,230,1828761,16350,418,3
109.8352,5432,13587646,230,1828801,16279,369,3
109.8562,5433,13587666,230,1828841,16279,297,3
109.8755,5434,13587686,230,1828884,16279,265,3
109.8951,5435,13587706,230,1828928,16279,279,3
109.9142,5436,13587726,230,1828974,16279,300,3
109.9355,5437,13587746,230,1829021,15565,180,3
109.9545,5438,13587766,230,1829068,15565,249,3
109.9761,5439,13587786,230,1829115,15565,256,3
109.9953,5440,13587806,230,1829159,15565,242,3
110.0144,5441,13587826,230,1829204,15565,227,3
110.0358,5442,13587846,230,1829251,16422,307,3
110.0547,5443,13587866,230,1829297,16422,199,3
110.0760,5444,13587886,230,1829345,16422,205,3
110.0952,5445,13587906,230,1829393,16422,167,3
110.1144,5446,13587926,230,1829439,16422,273,3
110.1358,5447,13587946,230,1829477,16350,401,3
110.1547,5448,13587966,230,1829515,16350,315,3
110.1762,5449,13587986,230,1829556,16350,284,3
110.1955,5450,13588006,230,1829599,16350,242,3
110.2148,5451,13588026,230,1829643,16350,219,3
110.2343,5452,13588046,230,1829689,14922,270,3
110.2552,5453,13588066,230,1829735,14922,215,3
110.2746,5454,13588086,230,1829782,14922,288,3
110.2942,5455,13588106,230,1829827,14922,385,3
110.3155,5456,13588126,230,1829871,14922,289,3
110.3347,5457,13588146,230,1829916,16208,227,3
110.3560,5458,13588166,230,1829962,16208,163,3
110.3753,5459,13588186,230,1830010,16208,217,3
110.3946,5460,13588206,230,1830059,16208,201,3
110.4160,5461,13588226,230,1830107,16208,210,3
110.4351,5462,13588246,230,1830151,16922,333,3
110.4542,5463,13588266,230,1830188,16922,439,3
110.4760,5464,13588286,230,1830225,16922,299,3
110.4954,5465,13588306,230,1830266,16922,353,3
110.5147,5466,13588326,230,1830309,16922,264,3
110.5362,5467,13588346,230,1830353,14351,193,3
110.5552,5468,13588366,230,1830400,14351,209,3
110.5743,5469,13588386,230,1830447,14351,256,3
110.5959,5470,13588406,230,1830494,14351,192,3
110.6150,5471,13588426,230,1830539,14351,237,3
110.6342,5472,13588446,230,1830584,16422,304,3
110.6553,5473,13588466,230,1830629,16422,231,3
110.6745,5474,13588486,230,1830675,16422,177,3
110.6960,5475,13588506,230,1830723,16422,277,3
110.7153,5476,13588526,230,1830771,16422,157,3
110.7346,5477,13588546,230,1830819,16779,268,3
110.7556,5478,13588566,230,1830860,16779,371,3
110.7752,5479,13588586,230,1830896,16779,355,3
110.7945,5480,13588606,230,1830936,16779,494,3
110.8142,5481,13588626,230,1830977,16779,359,3
110.8354,5482,13588646,230,1831021,14494,368,3
110.8562,5483,13588666,230,1831065,14494,275,3
110.8758,5484,13588686,230,1831112,14494,178,3
110.8954,5485,13588706,230,1831158,14494,252,3
110.9147,5486,13588726,230,1831204,14494,258,3
110.9360,5487,13588746,230,1831248,16208,203,3
110.9552,5488,13588766,230,1831292,16208,226,3
110.9745,5489,13588786,230,1831338,16208,216,3
110.9960,5490,13588806,230,1831384,16208,325,3
111.0154,5491,13588826,230,1831432,16208,104,3
111.0347,5492,13588846,230,1831481,16493,230,3
111.0558,5493,13588866,230,1831528,16493,272,3
111.0750,5494,13588886,230,1831568,16493,321,3
111.0944,5495,13588906,230,1831607,16493,386,3
111.1157,5496,13588926,230,1831648,16493,278,3
111.1350,5497,13588946,230,1831690,15065,240,3
111.1562,5498,13588966,230,1831734,15065,289,3
111.1756,5499,13588986,230,1831779,15065,257,3
111.1950,5500,13589006,230,1831825,15065,185,3
111.2143,5501,13589026,230,1831872,15065,214,3
111.2357,5502,13589046,230,1831917,16208,358,3
111.2547,5503,13589066,230,1831963,16208,254,3
111.2764,5504,13589086,230,1832008,16208,172,3
111.2958,5505,13589106,230,1832055,16208,275,3
111.3152,5506,13589126,230,1832103,16208,193,3
111.3348,5507,13589146,230,1832150,16565,268,3
111.3550,5508,13589166,230,1832198,16565,174,3
111.3750,5509,13589186,230,1832244,16565,301,3
111.3949,5510,13589206,230,1832282,16565,482,3
111.4145,5511,13589226,230,1832319,16565,329,3
111.4358,5512,13589246,230,1832359,15065,295,3
111.4547,5513,13589266,230,1832402,15065,212,3
111.4763,5514,13589286,230,1832448,15065,216,3
111.4958,5515,13589306,230,1832493,15065,334,3
111.5150,5516,13589326,230,1832540,15065,185,3
111.5363,5517,13589346,230,1832587,16136,230,3
111.5552,5518,13589366,230,1832632,16136,290,3
111.5743,5519,13589386,230,1832676,16136,242,3
111.5958,5520,13589406,230,1832721,16136,187,3
111.6151,5521,13589426,230,1832768,16136,221,3
111.6342,5522,13589446,230,1832815,16279,233,3
111.6551,5523,13589466,230,1832863,16279,163,3
111.6742,5524,13589486,230,1832910,16279,214,3
111.6959,5525,13589506,230,1832955,16279,326,3
111.7156,5526,13589526,230,1832993,16279,400,3
111.7350,5527,13589546,230,1833032,15636,281,3
111.7562,5528,13589566,230,1833073,15636,300,3
111.7758,5529,13589586,230,1833116,15636,259,3
111.7952,5530,13589606,230,1833160,15636,190,3
111.8151,5531,13589626,230,1833206,15636,251,3
111.8344,5532,13589646,230,1833253,15636,217,3
111.8556,5533,13589666,230,1833297,15636,242,3
111.8750,5534,13589686,230,1833340,15636,270,3
111.8945,5535,13589706,230,1833384,15636,267,3
111.9141,5536,13589726,230,1833428,15636,241,3
111.9359,5537,13589746,230,1833474,15779,342,3
111.9555,5538,13589766,230,1833520,15779,248,3
111.9751,5539,13589786,230,1833566,15779,188,3
111.9949,5540,13589806,230,1833612,15779,268,3
112.0145,5541,13589826,230,1833656,15779,376,3
112.0358,5542,13589846,230,1833693,15922,413,3
112.0550,5543,13589866,230,1833732,15922,390,3
112.0748,5544,13589886,230,1833774,15922,418,3
112.0945,5545,13589906,230,1833817,15922,347,3
112.1158,5546,13589926,230,1833862,15922,241,3
112.1349,5547,13589946,230,1833908,15065,190,3
112.1560,5548,13589966,230,1833955,15065,252,3
112.1756,5549,13589986,230,1833999,15065,274,3
112.1949,5550,13590006,230,1834041,15065,286,3
112.2141,5551,13590026,230,1834085,15065,254,3
112.2353,5552,13590046,230,1834131,15922,210,3
112.2543,5553,13590066,230,1834177,15922,274,3
112.2759,5554,13590086,230,1834224,15922,238,3
112.2952,5555,13590106,230,1834269,15922,192,3
112.3168,5556,13590126,230,1834316,15922,208,3
112.3360,5557,13590146,230,1834360,16422,353,3
112.3552,5558,13590166,230,1834400,16422,380,3
112.3749,5559,13590186,230,1834439,16422,274,3
112.3964,5560,13590206,230,1834481,16422,297,3
112.4155,5561,13590226,230,1834525,16422,227,3
112.4347,5562,13590246,230,1834570,14922,184,3
112.4559,5563,13590266,230,1834616,14922,261,3
112.4755,5564,13590286,230,1834663,14922,189,3
112.4952,5565,13590306,230,1834711,14922,316,3
112.5143,5566,13590326,230,1834758,14922,261,3
112.5356,5567,13590346,230,1834802,16636,278,3
112.5548,5568,13590366,230,1834844,16636,227,3
112.5763,5569,13590386,230,1834888,16636,214,3
112.5957,5570,13590406,230,1834934,16636,249,3
112.6152,5571,13590426,230,1834980,16636,222,3
112.6343,5572,13590446,230,1835027,15993,220,3
112.6554,5573,13590466,230,1835068,15993,392,3
112.6748,5574,13590486,230,1835105,15993,405,3
112.6946,5575,13590506,230,1835146,15993,253,3
112.7143,5576,13590526,230,1835188,15993,253,3
112.7356,5577,13590546,230,1835233,14708,246,3
112.7548,5578,13590566,230,1835278,14708,253,3
112.7766,5579,13590586,230,1835325,14708,198,3
112.7966,5580,13590606,230,1835372,14708,252,3
112.8189,5581,13590626,230,1835419,14708,240,3
112.8341,5582,13590646,230,1835464,16565,195,3
112.8551,5583,13590666,230,1835509,16565,230,3
112.8743,5584,13590686,230,1835554,16565,258,3
112.8958,5585,13590706,230,1835600,16565,220,3
112.9156,5586,13590726,230,1835647,16565,184,3
112.9352,5587,13590746,230,1835694,16350,269,3
112.9549,5588,13590766,230,1835741,16350,236,3
112.9746,5589,13590786,230,1835783,16350,368,3
112.9944,5590,13590806,230,1835822,16350,472,3
113.0156,5591,13590826,230,1835864,16350,460,3
113.0348,5592,13590846,230,1835907,15279,361,3
113.0542,5593,13590866,230,1835952,15279,242,3
113.0761,5594,13590886,230,1835999,15279,192,3
113.0960,5595,13590906,230,1836047,15279,203,3
113.1154,5596,13590926,230,1836094,15279,198,3
113.1346,5597,13590946,230,1836139,16493,249,3
113.1560,5598,13590966,230,1836184,16493,376,3
113.1752,5599,13590986,230,1836229,16493,251,3
113.1948,5600,13591006,230,1836276,16493,192,3
113.2143,5601,13591026,230,1836322,16493,252,3
113.2358,5602,13591046,230,1836369,16422,179,3
113.2547,5603,13591066,230,1836416,16422,226,3
113.2741,5604,13591086,230,1836461,16422,459,3
113.2959,5605,13591106,230,1836500,16422,338,3
113.3199,5606,13591126,230,1836540,16422,342,3
113.3348,5607,13591146,230,1836582,15279,279,3
113.3542,5608,13591166,230,1836626,15279,224,3
113.3758,5609,13591186,230,1836672,15279,221,3
113.3956,5610,13591206,230,1836718,15279,289,3
113.4152,5611,13591226,230,1836765,15279,200,3
113.4347,5612,13591246,230,1836812,16422,288,3
113.4558,5613,13591266,230,1836857,16422,249,3
113.4752,5614,13591286,230,1836902,16422,251,3
113.4950,5615,13591306,230,1836948,16422,214,3
113.5147,5616,13591326,230,1836994,16422,305,3
113.5342,5617,13591346,230,1837041,16279,200,3
113.5562,5618,13591366,230,1837088,16279,185,3
113.5762,5619,13591386,230,1837136,16279,208,3
113.5961,5620,13591406,230,1837177,16279,347,3
113.6155,5621,13591426,230,1837217,16279,354,3
113.6346,5622,13591446,230,1837260,15708,263,3
113.6560,5623,13591466,230,1837303,15708,317,3
113.6753,5624,13591486,230,1837348,15708,229,3
113.6949,5625,13591506,230,1837395,15708,189,3
113.7162,5626,13591526,230,1837441,15708,294,3
113.7353,5627,13591546,230,1837489,16279,201,3
113.7543,5628,13591566,230,1837535,16279,229,3
113.7758,5629,13591586,230,1837581,16279,275,3
113.7952,5630,13591606,230,1837627,16279,232,3
113.8211,5631,13591626,230,1837674,16279,199,3
113.8362,5632,13591646,230,1837721,16636,247,3
113.8551,5633,13591666,230,1837769,16636,116,3
113.8744,5634,13591686,230,1837818,16636,236,3
113.8960,5635,13591706,230,1837861,16636,375,3
113.9154,5636,13591726,230,1837898,16636,332,3
113.9349,5637,13591746,230,1837937,15494,341,3
113.9544,5638,13591766,230,1837979,15494,316,3
113.9741,5639,13591786,230,1838023,15494,233,3
113.9962,5640,13591806,230,1838068,15494,198,3
114.0155,5641,13591826,230,1838115,15494,242,3
114.0346,5642,13591846,230,1838161,15922,185,3
114.0557,5643,13591866,230,1838207,15922,220,3
114.0748,5644,13591886,230,1838250,15922,242,3
114.0963,5645,13591906,230,1838295,15922,365,3
114.1157,5646,13591926,230,1838341,15922,238,3
114.1348,5647,13591946,230,1838388,16136,132,3
114.1557,5648,13591966,230,1838436,16136,184,3
114.1752,5649,13591986,230,1838485,16136,188,3
114.1948,5650,13592006,230,1838531,16136,429,3
114.2144,5651,13592026,230,1838570,16136,363,3
114.2357,5652,13592046,230,1838607,15851,348,3
114.2546,5653,13592066,230,1838647,15851,360,3
114.2757,5654,13592086,230,1838688,15851,275,3
114.2952,5655,13592106,230,1838732,15851,281,3
114.3232,5656,13592126,230,1838777,15851,249,3
114.3358,5657,13592146,230,1838824,15279,209,3
114.3550,5658,13592166,230,1838871,15279,325,3
114.3742,5659,13592186,230,1838919,15279,195,3
114.3954,5660,13592206,230,1838964,15279,246,3
114.4149,5661,13592226,230,1839008,15279,243,3
114.4360,5662,13592246,230,1839053,16422,269,3
114.4548,5663,13592266,230,1839101,16422,179,3
114.4762,5664,13592286,230,1839149,16422,279,3
114.4959,5665,13592306,230,1839198,16422,178,3
114.5154,5666,13592326,230,1839243,16422,288,3
114.5347,5667,13592346,230,1839282,16422,352,3
114.5558,5668,13592366,230,1839320,16422,514,3
114.5751,5669,13592386,230,1839361,16422,344,3
114.5944,5670,13592406,230,1839404,16422,334,3
114.6158,5671,13592426,230,1839448,16422,344,3
114.6348,5672,13592446,230,1839495,14994,216,3
114.6559,5673,13592466,230,1839541,14994,212,3
114.6747,5674,13592486,230,1839588,14994,241,3
114.6964,5675,13592506,230,1839633,14994,206,3
114.7160,5676,13592526,230,1839678,14994,217,3
114.7353,5677,13592546,230,1839724,16493,311,3
114.7562,5678,13592566,230,1839772,16493,180,3
114.7756,5679,13592586,230,1839820,16493,204,3
114.7951,5680,13592606,230,1839869,16493,163,3
114.8234,5681,13592626,230,1839917,16493,338,3
114.8344,5682,13592646,230,1839960,16922,523,3
114.8559,5683,13592666,230,1839998,16922,315,3
114.8753,5684,13592686,230,1840039,16922,315,3
114.8946,5685,13592706,230,1840081,16922,238,3
114.9142,5686,13592726,230,1840125,16922,227,3
114.9358,5687,13592746,230,1840170,14851,227,3
114.9549,5688,13592766,230,1840216,14851,337,3
114.9758,5689,13592786,230,1840263,14851,217,3
114.9951,5690,13592806,230,1840307,14851,217,3
115.0147,5691,13592826,230,1840352,14851,245,3
115.0362,5692,13592846,230,1840397,16279,273,3
115.0554,5693,13592866,230,1840444,16279,226,3
115.0747,5694,13592886,230,1840491,16279,214,3
115.0964,5695,13592906,230,1840538,16279,240,3
115.1157,5696,13592926,230,1840586,16279,118,3
115.1348,5697,13592946,230,1840633,16779,343,3
115.1560,5698,13592966,230,1840672,16779,432,3
115.1750,5699,13592986,230,1840709,16779,413,3
115.1943,5700,13593006,230,1840749,16779,429,3
115.2162,5701,13593026,230,1840791,16779,402,3
115.2354,5702,13593046,230,1840835,14494,333,3
115.2544,5703,13593066,230,1840881,14494,221,3
115.2754,5704,13593086,230,1840928,14494,188,3
115.2945,5705,13593106,230,1840975,14494,185,3
115.3162,5706,13593126,230,1841022,14494,209,3
115.3353,5707,13593146,230,1841067,16493,242,3
115.3547,5708,13593166,230,1841112,16493,368,3
115.3757,5709,13593186,230,1841158,16493,222,3
115.3952,5710,13593206,230,1841205,16493,183,3
115.4143,5711,13593226,230,1841253,16493,192,3
115.4356,5712,13593246,230,1841301,16707,205,3
115.4555,5713,13593266,230,1841348,16707,391,3
115.4747,5714,13593286,230,1841387,16707,396,3
115.4963,5715,13593306,230,1841427,16707,286,3
115.5155,5716,13593326,230,1841468,16707,300,3
115.5346,5717,13593346,230,1841512,15137,262,3
115.5558,5718,13593366,230,1841557,15137,243,3
115.5750,5719,13593386,230,1841603,15137,328,3
115.5944,5720,13593406,230,1841649,15137,199,3
115.6159,5721,13593426,230,1841696,15137,232,3
115.6352,5722,13593446,230,1841740,16279,290,3
115.6541,5723,13593466,230,1841784,16279,342,3
115.6750,5724,13593486,230,1841828,16279,267,3
115.6960,5725,13593506,230,1841873,16279,235,3
115.7153,5726,13593526,230,1841919,16279,203,3
115.7343,5727,13593546,230,1841965,15993,313,3
115.7551,5728,13593566,230,1842012,15993,231,3
115.7763,5729,13593586,230,1842055,15993,364,3
115.7957,5730,13593606,230,1842092,15993,454,3
115.8151,5731,13593626,230,1842130,15993,301,3
115.8342,5732,13593646,230,1842171,14780,354,3
115.8554,5733,13593666,230,1842213,14780,273,3
115.8744,5734,13593686,230,1842258,14780,205,3
115.8959,5735,13593706,230,1842304,14780,222,3
115.9153,5736,13593726,230,1842350,14780,299,3
115.9346,5737,13593746,230,1842394,15922,322,3
115.9558,5738,13593766,230,1842437,15922,296,3
115.9748,5739,13593786,230,1842481,15922,248,3
115.9962,5740,13593806,230,1842527,15922,221,3
116.0153,5741,13593826,230,1842573,15922,273,3
116.0346,5742,13593846,230,1842620,15993,237,3
116.0544,5743,13593866,230,1842667,15993,222,3
116.0760,5744,13593886,230,1842713,15993,294,3
116.0959,5745,13593906,230,1842758,15993,316,3
116.1152,5746,13593926,230,1842799,15993,469,3
116.1346,5747,13593946,230,1842839,15851,444,3
116.1562,5748,13593966,230,1842881,15851,354,3
116.1759,5749,13593986,230,1842925,15851,376,3
116.1955,5750,13594006,230,1842971,15851,261,3
116.2150,5751,13594026,230,1843017,15851,151,3
116.2342,5752,13594046,230,1843065,15993,236,3
116.2558,5753,13594066,230,1843113,15993,179,3
116.2748,5754,13594086,230,1843160,15993,313,3
116.2943,5755,13594106,230,1843206,15993,267,3
116.3158,5756,13594126,230,1843249,15993,280,3
116.3352,5757,13594146,230,1843293,16350,224,3
116.3546,5758,13594166,230,1843339,16350,188,3
116.3759,5759,13594186,230,1843385,16350,251,3
116.3951,5760,13594206,230,1843432,16350,272,3
116.4148,5761,13594226,230,1843473,16350,328,3
116.4360,5762,13594246,230,1843511,15636,414,3
116.4551,5763,13594266,230,1843552,15636,313,3
116.4741,5764,13594286,230,1843595,15636,248,3
116.4958,5765,13594306,230,1843640,15636,313,3
116.5153,5766,13594326,230,1843685,15636,242,3
116.5344,5767,13594346,230,1843732,15636,204,3
116.5558,5768,13594366,230,1843780,15636,259,3
116.5748,5769,13594386,230,1843827,15636,235,3
116.5963,5770,13594406,230,1843870,15636,277,3
116.6154,5771,13594426,230,1843915,15636,222,3
116.6346,5772,13594446,230,1843960,16279,295,3
116.6556,5773,13594466,230,1844006,16279,219,3
116.6745,5774,13594486,230,1844053,16279,231,3
116.6963,5775,13594506,230,1844101,16279,217,3
116.7157,5776,13594526,230,1844148,16279,247,3
116.7352,5777,13594546,230,1844188,16422,358,3
116.7542,5778,13594566,230,1844229,16422,348,3
116.7754,5779,13594586,230,1844272,16422,295,3
116.7949,5780,13594606,230,1844316,16422,258,3
116.8143,5781,13594626,230,1844361,16422,174,3
116.8362,5782,13594646,230,1844408,15494,274,3
116.8554,5783,13594666,230,1844455,15494,209,3
116.8746,5784,13594686,230,1844502,15494,293,3
116.8946,5785,13594706,230,1844548,15494,321,3
116.9143,5786,13594726,230,1844593,15494,245,3
116.9358,5787,13594746,230,1844639,16565,221,3
116.9550,5788,13594766,230,1844685,16565,272,3
116.9747,5789,13594786,230,1844732,16565,205,3
116.9947,5790,13594806,230,1844780,16565,275,3
117.0145,5791,13594826,230,1844828,16565,214,3
117.0358,5792,13594846,230,1844872,16779,306,3
117.0549,5793,13594866,230,1844911,16779,397,3
117.0762,5794,13594886,230,1844952,16779,422,3
117.0956,5795,13594906,230,1844996,16779,316,3
117.1151,5796,13594926,230,1845041,16779,248,3
117.1351,5797,13594946,230,1845087,15208,198,3
117.1547,5798,13594966,230,1845135,15208,188,3
117.1759,5799,13594986,230,1845183,15208,190,3
117.1954,5800,13595006,230,1845229,15208,353,3
117.2150,5801,13595026,230,1845273,15208,286,3
117.2362,5802,13595046,230,1845319,16565,212,3
117.2553,5803,13595066,230,1845365,16565,225,3
117.2742,5804,13595086,230,1845412,16565,224,3
117.2958,5805,13595106,230,1845459,16565,171,3
117.3156,5806,13595126,230,1845507,16565,295,3
117.3349,5807,13595146,230,1845553,16779,283,3
117.3561,5808,13595166,230,1845593,16779,423,3
117.3753,5809,13595186,230,1845635,16779,433,3
117.3946,5810,13595206,230,1845677,16779,406,3
117.4161,5811,13595226,230,1845721,16779,302,3
117.4353,5812,13595246,230,1845767,15208,200,3
117.4543,5813,13595266,230,1845813,15208,214,3
117.4754,5814,13595286,230,1845860,15208,215,3
117.4948,5815,13595306,230,1845907,15208,201,3
117.5142,5816,13595326,230,1845952,15208,229,3
117.5354,5817,13595346,230,1845997,16493,342,3
117.5544,5818,13595366,230,1846044,16493,205,3
117.5752,5819,13595386,230,1846091,16493,176,3
117.5944,5820,13595406,230,1846138,16493,246,3
117.6160,5821,13595426,230,1846186,16493,195,3
117.6351,5822,13595446,230,1846233,16850,349,3
117.6543,5823,13595466,230,1846273,16850,438,3
117.6753,5824,13595486,230,1846311,16850,379,3
117.6944,5825,13595506,230,1846352,16850,272,3
117.7158,5826,13595526,230,1846394,16850,327,3
117.7351,5827,13595546,230,1846439,14637,240,3
117.7543,5828,13595566,230,1846485,14637,221,3
117.7752,5829,13595586,230,1846532,14637,278,3
117.7947,5830,13595606,230,1846579,14637,192,3
117.8147,5831,13595626,230,1846624,14637,281,3
117.8341,5832,13595646,230,1846668,16422,253,3
117.8554,5833,13595666,230,1846713,16422,280,3
117.8743,5834,13595686,230,1846760,16422,183,3
117.8960,5835,13595706,230,1846808,16422,288,3
117.9152,5836,13595726,230,1846857,16422,113,3
117.9340,5837,13595746,230,1846906,16850,227,3
117.9556,5838,13595766,230,1846950,16850,345,3
117.9746,5839,13595786,230,1846988,16850,397,3
117.9961,5840,13595806,230,1847025,16850,357,3
118.0154,5841,13595826,230,1847066,16850,348,3
118.0343,5842,13595846,230,1847109,14637,291,3
118.0558,5843,13595866,230,1847154,14637,209,3
118.0753,5844,13595886,230,1847201,14637,232,3
118.0950,5845,13595906,230,1847248,14637,169,3
118.1146,5846,13595926,230,1847296,14637,200,3
118.1342,5847,13595946,230,1847341,16565,357,3
118.1555,5848,13595966,230,1847385,16565,305,3
118.1744,5849,13595986,230,1847431,16565,203,3
118.1959,5850,13596006,230,1847477,16565,208,3
118.2153,5851,13596026,230,1847525,16565,192,3
118.2343,5852,13596046,230,1847573,16493,217,3
118.2556,5853,13596066,230,1847621,16493,294,3
118.2745,5854,13596086,230,1847661,16493,524,3
118.2958,5855,13596106,230,1847699,16493,329,3
118.3174,5856,13596126,230,1847738,16493,376,3
118.3350,5857,13596146,230,1847780,14851,277,3
118.3542,5858,13596166,230,1847824,14851,214,3
118.3758,5859,13596186,230,1847869,14851,215,3
118.3949,5860,13596206,230,1847915,14851,241,3
118.4143,5861,13596226,230,1847961,14851,280,3
118.4359,5862,13596246,230,1848007,16136,220,3
118.4553,5863,13596266,230,1848052,16136,214,3
118.4749,5864,13596286,230,1848098,16136,262,3
118.4946,5865,13596306,230,1848144,16136,196,3
118.5142,5866,13596326,230,1848192,16136,190,3
118.5356,5867,13596346,230,1848240,16565,182,3
118.5548,5868,13596366,230,1848289,16565,193,3
118.5759,5869,13596386,230,1848336,16565,242,3
118.5957,5870,13596406,230,1848375,16565,373,3
118.6150,5871,13596426,230,1848413,16565,353,3
118.6341,5872,13596446,230,1848455,15494,291,3
118.6554,5873,13596466,230,1848497,15494,259,3
118.6743,5874,13596486,230,1848542,15494,224,3
118.6959,5875,13596506,230,1848588,15494,222,3
118.7153,5876,13596526,230,1848634,15494,257,3
118.7346,5877,13596546,230,1848680,15993,252,3
118.7558,5878,13596566,230,1848724,15993,242,3
118.7749,5879,13596586,230,1848769,15993,323,3
118.7946,5880,13596606,230,1848816,15993,221,3
118.8146,5881,13596626,230,1848863,15993,173,3
118.8343,5882,13596646,230,1848909,16422,229,3
118.8557,5883,13596666,230,1848957,16422,185,3
118.8753,5884,13596686,230,1849005,16422,309,3
118.8949,5885,13596706,230,1849049,16422,429,3
118.9142,5886,13596726,230,1849087,16422,359,3
118.9357,5887,13596746,230,1849124,15494,338,3
118.9548,5888,13596766,230,1849165,15494,339,3
118.9759,5889,13596786,230,1849209,15494,304,3
118.9949,5890,13596806,230,1849254,15494,222,3
119.0145,5891,13596826,230,1849301,15494,217,3
119.0358,5892,13596846,230,1849348,15779,275,3
119.0554,5893,13596866,230,1849394,15779,225,3
119.0752,5894,13596886,230,1849438,15779,262,3
119.0957,5895,13596906,230,1849483,15779,215,3
119.1161,5896,13596926,230,1849529,15779,284,3
119.1353,5897,13596946,230,1849575,16208,199,3
119.1547,5898,13596966,230,1849622,16208,263,3
119.1758,5899,13596986,230,1849670,16208,192,3
119.1952,5900,13597006,230,1849717,16208,215,3
119.2149,5901,13597026,230,1849761,16208,389,3
119.2343,5902,13597046,230,1849799,16136,395,3
119.2556,5903,13597066,230,1849838,16136,464,3
119.2746,5904,13597086,230,1849880,16136,445,3
119.2962,5905,13597106,230,1849923,16136,359,3
119.3156,5906,13597126,230,1849968,16136,243,3
119.3357,5907,13597146,230,1850014,15208,188,3
119.3556,5908,13597166,230,1850061,15208,262,3
119.3753,5909,13597186,230,1850107,15208,295,3
119.3946,5910,13597206,230,1850150,15208,301,3
119.4160,5911,13597226,230,1850193,15208,224,3
119.4351,5912,13597246,230,1850238,15993,236,3
119.4541,5913,13597266,230,1850283,15993,252,3
119.4751,5914,13597286,230,1850329,15993,261,3
119.4943,5915,13597306,230,1850376,15993,158,3
119.5161,5916,13597326,230,1850424,15993,293,3
119.5353,5917,13597346,230,1850466,16422,401,3
119.5547,5918,13597366,230,1850503,16422,377,3
119.5756,5919,13597386,230,1850542,16422,460,3
119.5947,5920,13597406,230,1850584,16422,448,3
119.6163,5921,13597426,230,1850627,16422,353,3
119.6355,5922,13597446,230,1850672,14637,214,3
119.6547,5923,13597466,230,1850719,14637,178,3
119.6756,5924,13597486,230,1850765,14637,316,3
119.6948,5925,13597506,230,1850807,14637,339,3
119.7161,5926,13597526,230,1850849,14637,286,3
119.7352,5927,13597546,230,1850893,15779,299,3
119.7543,5928,13597566,230,1850939,15779,279,3
119.7754,5929,13597586,230,1850984,15779,242,3
119.7946,5930,13597606,230,1851028,15779,247,3
119.8142,5931,13597626,230,1851073,15779,318,3
119.8341,5932,13597646,230,1851119,16136,245,3
119.8554,5933,13597666,230,1851163,16136,377,3
119.8745,5934,13597686,230,1851201,16136,422,3
119.8962,5935,13597706,230,1851240,16136,323,3
119.9158,5936,13597726,230,1851282,16136,256,3
119.9352,5937,13597746,230,1851325,14708,235,3
119.9543,5938,13597766,230,1851371,14708,230,3
119.9755,5939,13597786,230,1851417,14708,265,3
119.9947,5940,13597806,230,1851464,14708,150,3
120.0142,5941,13597826,230,1851512,14708,283,3
120.0354,5942,13597846,230,1851557,16565,275,3
120.0546,5943,13597866,230,1851600,16565,241,3
120.0756,5944,13597886,230,1851644,16565,265,3
120.0947,5945,13597906,230,1851688,16565,233,3
120.1160,5946,13597926,230,1851734,16565,280,3
120.1351,5947,13597946,230,1851780,15851,269,3
120.1542,5948,13597966,230,1851826,15851,235,3
120.1753,5949,13597986,230,1851868,15851,353,3
120.1945,5950,13598006,230,1851907,15851,512,3
120.2161,5951,13598026,230,1851947,15851,331,3
120.2357,5952,13598046,230,1851989,14994,301,3
120.2557,5953,13598066,230,1852033,14994,312,3
120.2749,5954,13598086,230,1852078,14994,310,3
120.2942,5955,13598106,230,1852124,14994,203,3
120.3157,5956,13598126,230,1852172,14994,204,3
120.3357,5957,13598146,230,1852218,16279,272,3
120.3547,5958,13598166,230,1852262,16279,254,3
120.3741,5959,13598186,230,1852307,16279,211,3
120.3959,5960,13598206,230,1852352,16279,254,3
120.4153,5961,13598226,230,1852399,16279,252,3
120.4346,5962,13598246,230,1852446,16279,166,3
120.4556,5963,13598266,230,1852493,16279,240,3
120.4751,5964,13598286,230,1852540,16279,254,3
120.4950,5965,13598306,230,1852581,16279,353,3
120.5149,5966,13598326,230,1852621,16279,364,3
120.5342,5967,13598346,230,1852663,15565,326,3
120.5560,5968,13598366,230,1852706,15565,278,3
120.5758,5969,13598386,230,1852751,15565,222,3
120.5955,5970,13598406,230,1852797,15565,192,3
120.6149,5971,13598426,230,1852844,15565,289,3
120.6341,5972,13598446,230,1852892,16208,220,3
120.6554,5973,13598466,230,1852936,16208,209,3
120.6748,5974,13598486,230,1852980,16208,236,3
120.6961,5975,13598506,230,1853025,16208,241,3
120.7155,5976,13598526,230,1853070,16208,254,3
120.7354,5977,13598546,230,1853116,16136,206,3
120.7547,5978,13598566,230,1853163,16136,241,3
120.7759,5979,13598586,230,1853211,16136,235,3
120.7955,5980,13598606,230,1853256,16136,284,3
120.8151,5981,13598626,230,1853295,16136,390,3
120.8368,5982,13598646,230,1853336,15708,485,3
120.8560,5983,13598666,230,1853378,15708,396,3
120.8751,5984,13598686,230,1853422,15708,333,3
120.8946,5985,13598706,230,1853467,15708,249,3
120.9164,5986,13598726,230,1853513,15708,168,3
120.9356,5987,13598746,230,1853560,15922,245,3
120.9548,5988,13598766,230,1853607,15922,227,3
120.9741,5989,13598786,230,1853652,15922,231,3
120.9960,5990,13598806,230,1853697,15922,293,3
121.0156,5991,13598826,230,1853742,15922,327,3
121.0353,5992,13598846,230,1853788,16279,211,3
121.0547,5993,13598866,230,1853834,16279,194,3
121.0759,5994,13598886,230,1853881,16279,251,3
121.0952,5995,13598906,230,1853928,16279,215,3
121.1147,5996,13598926,230,1853971,16279,313,3
121.1341,5997,13598946,230,1854009,15922,413,3
121.1554,5998,13598966,230,1854050,15922,316,3
121.1743,5999,13598986,230,1854093,15922,309,3
121.1956,6000,13599006,230,1854137,15922,280,3
121.2151,6001,13599026,230,1854184,15922,195,3
121.2341,6002,13599046,230,1854231,15708,329,3
121.2555,6003,13599066,230,1854279,15708,199,3
121.2746,6004,13599086,230,1854324,15708,243,3
121.2960,6005,13599106,230,1854369,15708,252,3
121.3156,6006,13599126,230,1854414,15708,254,3
121.3378,6007,13599146,230,1854460,16422,206,3
121.3551,6008,13599166,230,1854507,16422,232,3
121.3758,6009,13599186,230,1854555,16422,209,3
121.3956,6010,13599206,230,1854603,16422,160,3
121.4154,6011,13599226,230,1854648,16422,359,3
121.4346,6012,13599246,230,1854685,16208,418,3
121.4558,6013,13599266,230,1854723,16208,496,3
121.4750,6014,13599286,230,1854764,16208,318,3
121.4943,6015,13599306,230,1854806,16208,345,3
121.5161,6016,13599326,230,1854851,16208,369,3
121.5358,6017,13599346,230,1854896,14851,220,3
121.5556,6018,13599366,230,1854943,14851,194,3
121.5750,6019,13599386,230,1854989,14851,299,3
121.5944,6020,13599406,230,1855033,14851,272,3
121.6161,6021,13599426,230,1855076,14851,263,3
121.6353,6022,13599446,230,1855121,16136,200,3
121.6543,6023,13599466,230,1855168,16136,190,3
121.6753,6024,13599486,230,1855216,16136,194,3
121.6946,6025,13599506,230,1855264,16136,178,3
121.7161,6026,13599526,230,1855312,16136,195,3
121.7353,6027,13599546,230,1855355,16779,360,3
121.7546,6028,13599566,230,1855392,16779,405,3
121.7756,6029,13599586,230,1855430,16779,357,3
121.7947,6030,13599606,230,1855471,16779,312,3
121.8161,6031,13599626,230,1855514,16779,290,3
121.8379,6032,13599646,230,1855560,14494,190,3
121.8554,6033,13599666,230,1855606,14494,235,3
121.8742,6034,13599686,230,1855653,14494,210,3
121.8956,6035,13599706,230,1855700,14494,210,3
121.9152,6036,13599726,230,1855746,14494,364,3
121.9344,6037,13599746,230,1855791,16493,283,3
121.9557,6038,13599766,230,1855836,16493,182,3
121.9746,6039,13599786,230,1855884,16493,179,3
121.9960,6040,13599806,230,1855932,16493,194,3
122.0154,6041,13599826,230,1855980,16493,268,3
122.0347,6042,13599846,230,1856028,16922,264,3
122.0558,6043,13599866,230,1856068,16922,480,3
122.0747,6044,13599886,230,1856105,16922,380,3
122.0962,6045,13599906,230,1856145,16922,272,3
122.1156,6046,13599926,230,1856188,16922,301,3
122.1350,6047,13599946,230,1856232,14565,242,3
122.1545,6048,13599966,230,1856277,14565,222,3
122.1743,6049,13599986,230,1856323,14565,301,3
122.1942,6050,13600006,230,1856370,14565,185,3
122.2159,6051,13600026,230,1856416,14565,240,3
122.2354,6052,13600046,230,1856462,16422,288,3
122.2549,6053,13600066,230,1856507,16422,253,3
122.2760,6054,13600086,230,1856553,16422,196,3
122.2952,6055,13600106,230,1856601,16422,254,3
122.3147,6056,13600126,230,1856649,16422,104,3
122.3384,6057,13600146,230,1856698,16779,222,3
122.3557,6058,13600166,230,1856742,16779,339,3
122.3750,6059,13600186,230,1856780,16779,397,3
122.3963,6060,13600206,230,1856820,16779,290,3
122.4158,6061,13600226,230,1856862,16779,293,3
122.4349,6062,13600246,230,1856904,14922,217,3
122.4542,6063,13600266,230,1856949,14922,237,3
122.4751,6064,13600286,230,1856994,14922,267,3
122.4965,6065,13600306,230,1857040,14922,177,3
122.5160,6066,13600326,230,1857087,14922,199,3
122.5353,6067,13600346,230,1857133,16208,339,3
122.5546,6068,13600366,230,1857177,16208,295,3
122.5757,6069,13600386,230,1857223,16208,201,3
122.5947,6070,13600406,230,1857269,16208,217,3
122.6160,6071,13600426,230,1857316,16208,199,3
122.6352,6072,13600446,230,1857364,16422,160,3
122.6542,6073,13600466,230,1857411,16422,307,3
122.6751,6074,13600486,230,1857454,16422,520,3
122.6942,6075,13600506,230,1857489,16422,376,3
122.7154,6076,13600526,230,1857527,16422,416,3
122.7346,6077,13600546,230,1857568,14780,286,3
122.7559,6078,13600566,230,1857611,14780,233,3
122.7748,6079,13600586,230,1857656,14780,288,3
122.7939,6080,13600606,230,1857701,14780,211,3
122.8154,6081,13600626,230,1857748,14780,196,3
122.8387,6082,13600646,230,1857795,16065,387,3
122.8557,6083,13600666,230,1857839,16065,331,3
122.8748,6084,13600686,230,1857883,16065,281,3
122.8959,6085,13600706,230,1857928,16065,192,3
122.9155,6086,13600726,230,1857974,16065,256,3
122.9349,6087,13600746,230,1858021,16136,199,3
122.9545,6088,13600766,230,1858068,16136,178,3
122.9742,6089,13600786,230,1858116,16136,249,3
122.9962,6090,13600806,230,1858160,16136,325,3
123.0156,6091,13600826,230,1858198,16136,409,3
123.0352,6092,13600846,230,1858238,15565,284,3
123.0543,6093,13600866,230,1858280,15565,269,3
123.0753,6094,13600886,230,1858324,15565,231,3
123.0947,6095,13600906,230,1858368,15565,273,3
123.1143,6096,13600926,230,1858414,15565,318,3
123.1358,6097,13600946,230,1858460,15779,262,3
123.1553,6098,13600966,230,1858504,15779,206,3
123.1751,6099,13600986,230,1858548,15779,238,3
123.1947,6100,13601006,230,1858592,15779,264,3
123.2165,6101,13601026,230,1858636,15779,288,3
123.2358,6102,13601046,230,1858681,15851,290,3
123.2549,6103,13601066,230,1858726,15851,212,3
123.2740,6104,13601086,230,1858772,15851,204,3
123.2956,6105,13601106,230,1858819,15851,357,3
123.3156,6106,13601126,230,1858861,15851,482,3
123.3402,6107,13601146,230,1858898,15636,333,3
123.3553,6108,13601166,230,1858937,15636,382,3
123.3748,6109,13601186,230,1858978,15636,315,3
123.3960,6110,13601206,230,1859021,15636,300,3
123.4156,6111,13601226,230,1859066,15636,272,3
123.4354,6112,13601246,230,1859112,15137,194,3
123.4546,6113,13601266,230,1859159,15137,339,3
123.4756,6114,13601286,230,1859203,15137,437,3
123.4948,6115,13601306,230,1859245,15137,401,3
123.5143,6116,13601326,230,1859289,15137,295,3
123.5360,6117,13601346,230,1859335,15851,199,3
123.5551,6118,13601366,230,1859381,15851,217,3
123.5760,6119,13601386,230,1859428,15851,212,3
123.5954,6120,13601406,230,1859475,15851,183,3
123.6146,6121,13601426,230,1859520,15851,254,3
123.6360,6122,13601446,230,1859564,16493,393,3
123.6552,6123,13601466,230,1859604,16493,341,3
123.6741,6124,13601486,230,1859644,16493,344,3
123.6954,6125,13601506,230,1859686,16493,269,3
123.7149,6126,13601526,230,1859730,16493,215,3
123.7341,6127,13601546,230,1859776,14922,201,3
123.7553,6128,13601566,230,1859823,14922,236,3
123.7743,6129,13601586,230,1859871,14922,183,3
123.7955,6130,13601606,230,1859917,14922,280,3
123.8147,6131,13601626,230,1859962,14922,252,3
123.8405,6132,13601646,230,1860007,16565,248,3
123.8556,6133,13601666,230,1860052,16565,217,3
123.8745,6134,13601686,230,1860096,16565,254,3
123.8958,6135,13601706,230,1860143,16565,274,3
123.9152,6136,13601726,230,1860189,16565,205,3
123.9349,6137,13601746,230,1860235,16279,240,3
123.9542,6138,13601766,230,1860276,16279,339,3
123.9755,6139,13601786,230,1860315,16279,408,3
123.9947,6140,13601806,230,1860356,16279,411,3
124.0141,6141,13601826,230,1860398,16279,390,3
124.0355,6142,13601846,230,1860442,14851,291,3
124.0545,6143,13601866,230,1860488,14851,182,3
124.0757,6144,13601886,230,1860533,14851,229,3
124.0947,6145,13601906,230,1860580,14851,208,3
124.1161,6146,13601926,230,1860627,14851,192,3
124.1354,6147,13601946,230,1860671,16350,222,3
124.1547,6148,13601966,230,1860716,16350,294,3
124.1757,6149,13601986,230,1860761,16350,294,3
124.1948,6150,13602006,230,1860807,16350,196,3
124.2161,6151,13602026,230,1860853,16350,216,3
124.2356,6152,13602046,230,1860900,16279,203,3
124.2547,6153,13602066,230,1860947,16279,222,3
124.2757,6154,13602086,230,1860986,16279,376,3
124.2947,6155,13602106,230,1861024,16279,321,3
124.3148,6156,13602126,230,1861065,16279,245,3
124.3406,6157,13602146,230,1861108,14922,236,3
124.3544,6158,13602166,230,1861152,14922,219,3
124.3761,6159,13602186,230,1861198,14922,219,3
124.3957,6160,13602206,230,1861245,14922,177,3
124.4151,6161,13602226,230,1861292,14922,294,3
124.4349,6162,13602246,230,1861336,16279,401,3
124.4546,6163,13602266,230,1861380,16279,278,3
124.4742,6164,13602286,230,1861426,16279,206,3
124.4959,6165,13602306,230,1861472,16279,184,3
124.5154,6166,13602326,230,1861519,16279,230,3
124.5350,6167,13602346,230,1861565,16279,209,3
124.5562,6168,13602366,230,1861613,16279,310,3
124.5754,6169,13602386,230,1861657,16279,395,3
124.5945,6170,13602406,230,1861696,16279,359,3
124.6142,6171,13602426,230,1861735,16279,304,3
124.6351,6172,13602446,230,1861777,15208,257,3
124.6549,6173,13602466,230,1861820,15208,256,3
124.6743,6174,13602486,230,1861866,15208,194,3
124.6958,6175,13602506,230,1861913,15208,267,3
124.7152,6176,13602526,230,1861960,15208,158,3
124.7348,6177,13602546,230,1862005,16279,249,3
124.7541,6178,13602566,230,1862049,16279,285,3
124.7753,6179,13602586,230,1862093,16279,295,3
124.7944,6180,13602606,230,1862139,16279,258,3
124.8159,6181,13602626,230,1862185,16279,195,3
124.8417,6182,13602646,230,1862232,16136,328,3
124.8547,6183,13602666,230,1862280,16136,164,3
124.8759,6184,13602686,230,1862327,16136,283,3
124.8951,6185,13602706,230,1862370,16136,389,3
124.9145,6186,13602726,230,1862410,16136,267,3
124.9344,6187,13602746,230,1862452,15779,233,3
124.9547,6188,13602766,230,1862495,15779,240,3
124.9743,6189,13602786,230,1862540,15779,252,3
124.9959,6190,13602806,230,1862586,15779,261,3
125.0157,6191,13602826,230,1862632,15779,195,3
125.0352,6192,13602846,230,1862680,16136,333,3
125.0544,6193,13602866,230,1862727,16136,211,3
125.0758,6194,13602886,230,1862772,16136,230,3
125.0951,6195,13602906,230,1862817,16136,259,3
125.1146,6196,13602926,230,1862863,16136,210,3
125.1361,6197,13602946,230,1862910,16493,193,3
125.1557,6198,13602966,230,1862957,16493,310,3
125.1754,6199,13602986,230,1863004,16493,182,3
125.1946,6200,13603006,230,1863049,16493,269,3
125.2163,6201,13603026,230,1863087,16493,555,3
125.2360,6202,13603046,230,1863124,15494,331,3
125.2561,6203,13603066,230,1863165,15494,269,3
125.2759,6204,13603086,230,1863208,15494,245,3
125.2953,6205,13603106,230,1863254,15494,275,3
125.3148,6206,13603126,230,1863300,15494,267,3
125.3429,6207,13603146,230,1863347,15708,184,3
125.3556,6208,13603166,230,1863392,15708,273,3
125.3756,6209,13603186,230,1863436,15708,229,3
125.3945,6210,13603206,230,1863480,15708,245,3
125.4160,6211,13603226,230,1863526,15708,219,3
125.4352,6212,13603246,230,1863572,16136,188,3
125.4542,6213,13603266,230,1863620,16136,248,3
125.4755,6214,13603286,230,1863668,16136,162,3
125.4947,6215,13603306,230,1863716,16136,243,3
125.5143,6216,13603326,230,1863756,16136,387,3
125.5359,6217,13603346,230,1863792,15851,377,3
125.5550,6218,13603366,230,1863831,15851,475,3
125.5743,6219,13603386,230,1863872,15851,301,3
125.5960,6220,13603406,230,1863915,15851,299,3
125.6162,6221,13603426,230,1863960,15851,379,3
125.6360,6222,13603446,230,1864005,15065,230,3
125.6555,6223,13603466,230,1864052,15065,196,3
125.6752,6224,13603486,230,1864099,15065,241,3
125.6942,6225,13603506,230,1864144,15065,217,3
125.7154,6226,13603526,230,1864188,15065,233,3
125.7349,6227,13603546,230,1864233,16279,222,3
125.7541,6228,13603566,230,1864279,16279,331,3
125.7740,6229,13603586,210,1864327,16279,70,3
125.7954,6230,13603606,210,1864375,16279,137,3
125.8148,6231,13603626,210,1864421,16279,211,3
125.8342,6232,13603646,210,1864459,16279,294,3
125.8558,6233,13603666,210,1864493,16279,466,3
125.8751,6234,13603686,210,1864530,16279,241,3
125.8959,6235,13603706,210,1864568,16279,337,3
125.9154,6236,13603726,210,1864608,16279,227,3
125.9348,6237,13603746,210,1864648,13423,188,3
125.9560,6238,13603766,210,1864690,13423,193,3
125.9752,6239,13603786,210,1864732,13423,196,3
125.9941,6240,13603806,210,1864774,13423,224,3
126.0156,6241,13603826,210,1864816,13423,241,3
126.0355,6242,13603846,210,1864857,14922,284,3
126.0553,6243,13603866,210,1864900,14922,277,3
126.0751,6244,13603886,210,1864943,14922,225,3
126.0941,6245,13603906,210,1864986,14922,216,3
126.1157,6246,13603926,210,1865030,14922,166,3
126.1350,6247,13603946,210,1865075,15422,147,3
126.1542,6248,13603966,210,1865119,15422,251,3
126.1755,6249,13603986,210,1865156,15422,478,3
126.1944,6250,13604006,210,1865191,15422,366,3
126.2158,6251,13604026,210,1865228,15422,281,3
126.2351,6252,13604046,210,1865266,13780,274,3
126.2545,6253,13604066,210,1865305,13780,381,3
126.2759,6254,13604086,210,1865345,13780,263,3
126.2950,6255,13604106,210,1865386,13780,216,3
126.3142,6256,13604126,210,1865428,13780,188,3
126.3357,6257,13604146,210,1865471,14565,195,3
126.3548,6258,13604166,210,1865512,14565,230,3
126.3739,6259,13604186,210,1865553,14565,190,3
126.3951,6260,13604206,210,1865595,14565,270,3
126.4143,6261,13604226,210,1865636,14565,203,3
126.4361,6262,13604246,210,1865679,14851,222,3
126.4554,6263,13604266,210,1865721,14851,241,3
126.4748,6264,13604286,210,1865764,14851,201,3
126.4957,6265,13604306,210,1865808,14851,189,3
126.5148,6266,13604326,210,1865845,14851,328,3
126.5341,6267,13604346,210,1865879,14423,416,3
126.5554,6268,13604366,210,1865913,14423,380,3
126.5747,6269,13604386,210,1865951,14423,268,3
126.5958,6270,13604406,210,1865990,14423,259,3
126.6152,6271,13604426,210,1866031,14423,297,3
126.6355,6272,13604446,210,1866072,13709,360,3
126.6552,6273,13604466,210,1866114,13709,299,3
126.6746,6274,13604486,210,1866156,13709,256,3
126.6956,6275,13604506,210,1866197,13709,242,3
126.7150,6276,13604526,210,1866239,13709,214,3
126.7343,6277,13604546,210,1866280,14851,240,3
126.7557,6278,13604566,210,1866321,14851,193,3
126.7771,6279,13604586,210,1866363,14851,233,3
126.7940,6280,13604606,210,1866405,14851,204,3
126.8152,6281,13604626,210,1866448,14851,172,3
126.8347,6282,13604646,210,1866492,15065,208,3
126.8558,6283,13604666,210,1866535,15065,270,3
126.8748,6284,13604686,210,1866571,15065,337,3
126.8959,6285,13604706,210,1866605,15065,424,3
126.9151,6286,13604726,210,1866641,15065,249,3
126.9345,6287,13604746,210,1866680,13494,349,3
126.9558,6288,13604766,210,1866720,13494,229,3
126.9750,6289,13604786,210,1866761,13494,166,3
126.9941,6290,13604806,210,1866804,13494,176,3
127.0158,6291,13604826,210,1866847,13494,193,3
127.0356,6292,13604846,210,1866888,14851,204,3
127.0547,6293,13604866,210,1866928,14851,253,3
127.0759,6294,13604886,210,1866968,14851,392,3
127.0950,6295,13604906,210,1867008,14851,238,3
127.1141,6296,13604926,210,1867049,14851,224,3
127.1358,6297,13604946,210,1867089,14351,222,3
127.1552,6298,13604966,210,1867131,14351,253,3
127.1743,6299,13604986,210,1867173,14351,206,3
127.1954,6300,13605006,210,1867215,14351,212,3
127.2148,6301,13605026,210,1867253,14351,345,3
127.2340,6302,13605046,210,1867287,14280,481,3
127.2551,6303,13605066,210,1867321,14280,385,3
127.2743,6304,13605086,210,1867359,14280,268,3
127.2956,6305,13605106,210,1867398,14280,275,3
127.3148,6306,13605126,210,1867438,14280,339,3
127.3342,6307,13605146,210,1867480,13566,353,3
127.3557,6308,13605166,210,1867521,13566,283,3
127.3756,6309,13605186,210,1867561,13566,263,3
127.3947,6310,13605206,210,1867601,13566,212,3
127.4161,6311,13605226,210,1867641,13566,317,3
127.4354,6312,13605246,210,1867681,14423,257,3
127.4549,6313,13605266,210,1867721,14423,206,3
127.4749,6314,13605286,210,1867761,14423,237,3
127.4941,6315,13605306,210,1867801,14423,301,3
127.5157,6316,13605326,210,1867842,14423,331,3
127.5352,6317,13605346,210,1867883,14423,246,3
127.5545,6318,13605366,210,1867924,14423,227,3
127.5759,6319,13605386,210,1867963,14423,344,3
127.5950,6320,13605406,210,1867998,14423,338,3
127.6144,6321,13605426,210,1868035,14423,417,3
127.6344,6322,13605446,210,1868073,13566,277,3
127.6545,6323,13605466,210,1868113,13566,224,3
127.6761,6324,13605486,210,1868153,13566,277,3
127.6949,6325,13605506,210,1868196,13566,242,3
127.7140,6326,13605526,210,1868238,13566,243,3
127.7356,6327,13605546,210,1868281,14780,249,3
127.7550,6328,13605566,210,1868324,14780,208,3
127.7744,6329,13605586,210,1868366,14780,268,3
127.7957,6330,13605606,210,1868407,14780,291,3
127.8152,6331,13605626,210,1868447,14780,209,3
127.8351,6332,13605646,210,1868488,14851,189,3
127.8550,6333,13605666,210,1868530,14851,211,3
127.8743,6334,13605686,210,1868572,14851,194,3
127.8957,6335,13605706,210,1868615,14851,210,3
127.9152,6336,13605726,210,1868655,14851,397,3
127.9350,6337,13605746,210,1868691,14565,291,3
127.9544,6338,13605766,210,1868727,14565,352,3
127.9756,6339,13605786,210,1868765,14565,274,3
127.9944,6340,13605806,210,1868805,14565,284,3
128.0159,6341,13605826,210,1868846,14565,338,3
128.0352,6342,13605846,210,1868888,13923,355,3
128.0545,6343,13605866,210,1868931,13923,309,3
128.0756,6344,13605886,210,1868974,13923,305,3
128.0945,6345,13605906,210,1869016,13923,365,3
128.1162,6346,13605926,210,1869056,13923,248,3
128.1356,6347,13605946,210,1869097,14994,248,3
128.1549,6348,13605966,210,1869138,14994,193,3
128.1744,6349,13605986,210,1869180,14994,249,3
128.1961,6350,13606006,210,1869221,14994,211,3
128.2158,6351,13606026,210,1869263,14994,190,3
128.2355,6352,13606046,210,1869306,14851,248,3
128.2550,6353,13606066,210,1869346,14851,320,3
128.2742,6354,13606086,210,1869383,14851,336,3
128.2955,6355,13606106,210,1869419,14851,313,3
128.3146,6356,13606126,210,1869457,14851,229,3
128.3363,6357,13606146,210,1869497,13709,305,3
128.3558,6358,13606166,210,1869539,13709,248,3
128.3743,6359,13606186,210,1869580,13709,240,3
128.3957,6360,13606206,210,1869623,13709,251,3
128.4152,6361,13606226,210,1869666,13709,248,3
128.4349,6362,13606246,210,1869708,14994,217,3
128.4543,6363,13606266,210,1869749,14994,211,3
128.4755,6364,13606286,210,1869790,14994,206,3
128.4944,6365,13606306,210,1869832,14994,187,3
128.5141,6366,13606326,210,1869874,14994,199,3
128.5340,6367,13606346,210,1869916,14851,201,3
128.5541,6368,13606366,210,1869959,14851,187,3
128.5756,6369,13606386,210,1870001,14851,201,3
128.5945,6370,13606406,210,1870043,14851,309,3
128.6142,6371,13606426,210,1870079,14851,313,3
128.6361,6372,13606446,210,1870115,14351,322,3
128.6559,6373,13606466,210,1870152,14351,226,3
128.6757,6374,13606486,210,1870192,14351,272,3
128.6954,6375,13606506,210,1870232,14351,350,3
128.7149,6376,13606526,210,1870275,14351,327,3
128.7345,6377,13606546,210,1870317,14280,316,3
128.7540,6378,13606566,210,1870360,14280,309,3
128.7754,6379,13606586,210,1870403,14280,344,3
128.7957,6380,13606606,210,1870444,14280,267,3
128.8157,6381,13606626,210,1870484,14280,219,3
128.8354,6382,13606646,210,1870525,14922,242,3
128.8548,6383,13606666,210,1870567,14922,195,3
128.8740,6384,13606686,210,1870609,14922,199,3
128.8953,6385,13606706,210,1870652,14922,232,3
128.9145,6386,13606726,210,1870694,14922,203,3
128.9341,6387,13606746,210,1870736,15065,227,3
128.9561,6388,13606766,210,1870773,15065,355,3
128.9760,6389,13606786,210,1870808,15065,497,3
128.9954,6390,13606806,210,1870846,15065,268,3
129.0146,6391,13606826,210,1870885,15065,249,3
129.0360,6392,13606846,210,1870926,13494,281,3
129.0555,6393,13606866,210,1870968,13494,262,3
129.0766,6394,13606886,210,1871010,13494,230,3
129.0952,6395,13606906,210,1871053,13494,259,3
129.1146,6396,13606926,210,1871095,13494,289,3
129.1363,6397,13606946,210,1871136,14994,256,3
129.1559,6398,13606966,210,1871176,14994,173,3
129.1758,6399,13606986,210,1871218,14994,210,3
129.1953,6400,13607006,210,1871260,14994,182,3
129.2149,6401,13607026,210,1871303,14994,174,3
129.2345,6402,13607046,210,1871346,14994,184,3
129.2547,6403,13607066,210,1871389,14994,183,3
129.2743,6404,13607086,210,1871430,14994,277,3
129.2964,6405,13607106,210,1871467,14994,374,3
129.3161,6406,13607126,210,1871501,14994,400,3
129.3362,6407,13607146,210,1871538,13851,288,3
129.3560,6408,13607166,210,1871576,13851,417,3
129.3747,6409,13607186,210,1871616,13851,242,3
129.3940,6410,13607206,210,1871657,13851,216,3
129.4157,6411,13607226,210,1871699,13851,169,3
129.4348,6412,13607246,210,1871741,14351,204,3
129.4546,6413,13607266,210,1871782,14351,236,3
129.4751,6414,13607286,210,1871823,14351,204,3
129.4943,6415,13607306,210,1871864,14351,249,3
129.5157,6416,13607326,210,1871906,14351,248,3
129.5352,6417,13607346,210,1871948,14780,214,3
129.5545,6418,13607366,210,1871991,14780,227,3
129.5758,6419,13607386,210,1872034,14780,196,3
129.5945,6420,13607406,210,1872078,14780,209,3
129.6162,6421,13607426,210,1872121,14780,321,3
129.6357,6422,13607446,210,1872157,15137,397,3
129.6554,6423,13607466,210,1872190,15137,293,3
129.6748,6424,13607486,210,1872225,15137,334,3
129.6960,6425,13607506,210,1872263,15137,256,3
129.7158,6426,13607526,210,1872303,15137,328,3
129.7359,6427,13607546,210,1872343,13137,352,3
129.7557,6428,13607566,210,1872385,13137,267,3
129.7749,6429,13607586,210,1872428,13137,252,3
129.7963,6430,13607606,210,1872471,13137,306,3
129.8156,6431,13607626,210,1872514,13137,327,3
129.8350,6432,13607646,210,1872554,15065,262,3
129.8541,6433,13607666,210,1872595,15065,190,3
129.8754,6434,13607686,210,1872636,15065,231,3
129.8943,6435,13607706,210,1872678,15065,194,3
129.9159,6436,13607726,210,1872721,15065,158,3
129.9354,6437,13607746,210,1872765,14994,171,3
129.9547,6438,13607766,210,1872808,14994,211,3
129.9745,6439,13607786,210,1872846,14994,406,3
129.9958,6440,13607806,210,1872880,14994,396,3
130.0152,6441,13607826,210,1872914,14994,267,3
130.0346,6442,13607846,210,1872951,13423,357,3
130.0559,6443,13607866,210,1872989,13423,272,3
130.0754,6444,13607886,210,1873029,13423,270,3
130.0943,6445,13607906,210,1873070,13423,337,3
130.1161,6446,13607926,210,1873112,13423,354,3
130.1355,6447,13607946,210,1873152,14280,247,3
130.1550,6448,13607966,210,1873193,14280,232,3
130.1754,6449,13607986,210,1873235,14280,179,3
130.1943,6450,13608006,210,1873276,14280,184,3
130.2156,6451,13608026,210,1873319,14280,193,3
130.2350,6452,13608046,210,1873362,14922,167,3
130.2547,6453,13608066,210,1873405,14922,156,3
130.2747,6454,13608086,210,1873449,14922,146,3
130.2966,6455,13608106,210,1873493,14922,194,3
130.3158,6456,13608126,210,1873535,14922,252,3
130.3351,6457,13608146,210,1873570,15065,397,3
130.3543,6458,13608166,210,1873605,15065,370,3
130.3740,6459,13608186,210,1873643,15065,286,3
130.3951,6460,13608206,210,1873681,15065,232,3
130.4145,6461,13608226,210,1873720,15065,322,3
130.4358,6462,13608246,210,1873760,13423,236,3
130.4552,6463,13608266,210,1873801,13423,171,3
130.4743,6464,13608286,210,1873844,13423,185,3
130.4952,6465,13608306,210,1873886,13423,211,3
130.5144,6466,13608326,210,1873928,13423,209,3
130.5356,6467,13608346,210,1873968,14851,224,3
130.5548,6468,13608366,210,1874009,14851,269,3
130.5742,6469,13608386,210,1874052,14851,284,3
130.5953,6470,13608406,210,1874094,14851,305,3
130.6144,6471,13608426,210,1874136,14851,315,3
130.6361,6472,13608446,210,1874180,15065,268,3
130.6554,6473,13608466,210,1874222,15065,377,3
130.6752,6474,13608486,210,1874258,15065,354,3
130.6945,6475,13608506,210,1874290,15065,395,3
130.7140,6476,13608526,210,1874325,15065,326,3
130.7359,6477,13608546,210,1874363,13209,310,3
130.7554,6478,13608566,210,1874403,13209,274,3
130.7749,6479,13608586,210,1874443,13209,220,3
130.7965,6480,13608606,210,1874485,13209,201,3
130.8158,6481,13608626,210,1874527,13209,196,3
130.8351,6482,13608646,210,1874570,14637,178,3
130.8542,6483,13608666,210,1874611,14637,235,3
130.8754,6484,13608686,210,1874651,14637,288,3
130.8943,6485,13608706,210,1874691,14637,355,3
130.9155,6486,13608726,210,1874732,14637,291,3
130.9352,6487,13608746,210,1874774,14565,262,3
130.9553,6488,13608766,210,1874817,14565,216,3
130.9748,6489,13608786,210,1874860,14565,227,3
130.9947,6490,13608806,210,1874903,14565,297,3
131.0144,6491,13608826,210,1874944,14565,283,3
131.0342,6492,13608846,210,1874980,14922,344,3
131.0541,6493,13608866,210,1875016,14922,252,3
131.0758,6494,13608886,210,1875055,14922,369,3
131.0950,6495,13608906,210,1875093,14922,275,3
131.1148,6496,13608926,210,1875133,14922,229,3
131.1345,6497,13608946,210,1875175,13709,227,3
131.1539,6498,13608966,210,1875217,13709,180,3
131.1753,6499,13608986,210,1875260,13709,227,3
131.1942,6500,13609006,210,1875301,13709,243,3
131.2156,6501,13609026,210,1875342,13709,288,3
131.2350,6502,13609046,210,1875382,14851,264,3
131.2545,6503,13609066,210,1875422,14851,205,3
131.2759,6504,13609086,210,1875463,14851,180,3
131.2974,6505,13609106,210,1875505,14851,217,3
131.3146,6506,13609126,210,1875547,14851,204,3
131.3358,6507,13609146,210,1875590,14780,217,3
131.3550,6508,13609166,210,1875632,14780,274,3
131.3746,6509,13609186,210,1875668,14780,333,3
131.3957,6510,13609206,210,1875703,14780,382,3
131.4149,6511,13609226,210,1875740,14780,322,3
131.4343,6512,13609246,210,1875778,13494,353,3
131.4560,6513,13609266,210,1875818,13494,236,3
131.4759,6514,13609286,210,1875859,13494,196,3
131.4953,6515,13609306,210,1875901,13494,200,3
131.5146,6516,13609326,210,1875944,13494,212,3
131.5362,6517,13609346,210,1875984,14708,232,3
131.5555,6518,13609366,210,1876023,14708,295,3
131.5751,6519,13609386,210,1876063,14708,226,3
131.5946,6520,13609406,210,1876104,14708,210,3
131.6160,6521,13609426,210,1876144,14708,242,3
131.6354,6522,13609446,210,1876185,14280,360,3
131.6553,6523,13609466,210,1876225,14280,261,3
131.6748,6524,13609486,210,1876266,14280,216,3
131.6940,6525,13609506,210,1876308,14280,196,3
131.7157,6526,13609526,210,1876348,14280,297,3
131.7353,6527,13609546,210,1876384,14351,377,3
131.7548,6528,13609566,210,1876419,14351,445,3
131.7746,6529,13609586,210,1876457,14351,279,3
131.7985,6530,13609606,210,1876496,14351,258,3
131.8159,6531,13609626,210,1876536,14351,294,3
131.8356,6532,13609646,210,1876577,13709,258,3
131.8550,6533,13609666,210,1876620,13709,204,3
131.8744,6534,13609686,210,1876663,13709,222,3
131.8960,6535,13609706,210,1876705,13709,229,3
131.9159,6536,13609726,210,1876747,13709,214,3
131.9358,6537,13609746,210,1876787,14994,222,3
131.9553,6538,13609766,210,1876828,14994,232,3
131.9753,6539,13609786,210,1876869,14994,265,3
131.9945,6540,13609806,210,1876910,14994,329,3
132.0162,6541,13609826,210,1876952,14994,341,3
132.0354,6542,13609846,210,1876994,14708,325,3
132.0550,6543,13609866,210,1877035,14708,264,3
132.0742,6544,13609886,210,1877072,14708,295,3
132.0952,6545,13609906,210,1877108,14708,307,3
132.1142,6546,13609926,210,1877144,14708,438,3
132.1357,6547,13609946,210,1877183,13637,288,3
132.1550,6548,13609966,210,1877223,13637,246,3
132.1741,6549,13609986,210,1877264,13637,206,3
132.1949,6550,13610006,210,1877306,13637,253,3
132.2160,6551,13610026,210,1877349,13637,205,3
132.2354,6552,13610046,210,1877392,14780,183,3
132.2547,6553,13610066,210,1877433,14780,249,3
132.2759,6554,13610086,210,1877475,14780,274,3
132.2992,6555,13610106,210,1877516,14780,233,3
132.3141,6556,13610126,210,1877558,14780,233,3
132.3358,6557,13610146,210,1877600,14851,173,3
132.3551,6558,13610166,210,1877643,14851,166,3
132.3750,6559,13610186,210,1877686,14851,203,3
132.3939,6560,13610206,210,1877729,14851,210,3
132.4152,6561,13610226,210,1877768,14851,305,3
132.4349,6562,13610246,210,1877803,14637,363,3
132.4544,6563,13610266,210,1877840,14637,284,3
132.4756,6564,13610286,210,1877878,14637,293,3
132.4946,6565,13610306,210,1877918,14637,209,3
132.5158,6566,13610326,210,1877959,14637,184,3
132.5351,6567,13610346,210,1878001,14066,205,3
132.5549,6568,13610366,210,1878044,14066,199,3
132.5742,6569,13610386,210,1878087,14066,171,3
132.5952,6570,13610406,210,1878129,14066,235,3
132.6143,6571,13610426,210,1878169,14066,333,3
132.6358,6572,13610446,210,1878210,14851,333,3
132.6552,6573,13610466,210,1878251,14851,229,3
132.6744,6574,13610486,210,1878293,14851,209,3
132.6954,6575,13610506,210,1878335,14851,188,3
132.7147,6576,13610526,210,1878378,14851,185,3
132.7341,6577,13610546,210,1878420,15065,205,3
132.7556,6578,13610566,210,1878459,15065,345,3
132.7747,6579,13610586,210,1878495,15065,334,3
132.8005,6580,13610606,210,1878531,15065,422,3
132.8154,6581,13610626,210,1878569,15065,279,3
132.8352,6582,13610646,210,1878609,13494,242,3
132.8548,6583,13610666,210,1878649,13494,285,3
132.8740,6584,13610686,210,1878691,13494,240,3
132.8953,6585,13610706,210,1878733,13494,247,3
132.9142,6586,13610726,210,1878776,13494,270,3
132.9358,6587,13610746,210,1878817,14780,242,3
132.9552,6588,13610766,210,1878857,14780,173,3
132.9743,6589,13610786,210,1878898,14780,217,3
132.9958,6590,13610806,210,1878940,14780,217,3
133.0151,6591,13610826,210,1878981,14780,238,3
133.0351,6592,13610846,210,1879024,14780,221,3
133.0543,6593,13610866,210,1879066,14780,220,3
133.0755,6594,13610886,210,1879109,14780,247,3
133.0947,6595,13610906,210,1879149,14780,412,3
133.1139,6596,13610926,210,1879185,14780,280,3
133.1357,6597,13610946,210,1879221,14280,318,3
133.1552,6598,13610966,210,1879260,14280,286,3
133.1742,6599,13610986,210,1879300,14280,326,3
133.1954,6600,13611006,210,1879341,14280,323,3
133.2147,6601,13611026,210,1879383,14280,299,3
133.2360,6602,13611046,210,1879425,14351,265,3
133.2558,6603,13611066,210,1879468,14351,269,3
133.2751,6604,13611086,210,1879510,14351,258,3
133.3010,6605,13611106,210,1879552,14351,203,3
133.3139,6606,13611126,210,1879593,14351,205,3
133.3356,6607,13611146,210,1879635,15065,201,3
133.3549,6608,13611166,210,1879678,15065,192,3
133.3744,6609,13611186,210,1879720,15065,189,3
133.3954,6610,13611206,210,1879764,15065,178,3
133.4146,6611,13611226,210,1879807,15065,211,3
133.4362,6612,13611246,210,1879846,15137,342,3
133.4556,6613,13611266,210,1879880,15137,357,3
133.4746,6614,13611286,210,1879914,15137,328,3
133.4959,6615,13611306,210,1879951,15137,285,3
133.5151,6616,13611326,210,1879989,15137,259,3
133.5346,6617,13611346,210,1880029,12995,236,3
133.5546,6618,13611366,210,1880071,12995,209,3
133.5761,6619,13611386,210,1880113,12995,208,3
133.5950,6620,13611406,210,1880155,12995,259,3
133.6143,6621,13611426,210,1880195,12995,358,3
133.6357,6622,13611446,210,1880235,14708,247,3
133.6551,6623,13611466,210,1880276,14708,198,3
133.6744,6624,13611486,210,1880318,14708,195,3
133.6959,6625,13611506,210,1880360,14708,180,3
133.7151,6626,13611526,210,1880403,14708,146,3
133.7349,6627,13611546,210,1880446,14994,168,3
133.7544,6628,13611566,210,1880490,14994,158,3
133.7759,6629,13611586,210,1880531,14994,252,3
133.8017,6630,13611606,210,1880565,14994,311,3
133.8143,6631,13611626,210,1880599,14994,425,3
133.8339,6632,13611646,210,1880635,13637,332,3
133.8556,6633,13611666,210,1880672,13637,267,3
133.8750,6634,13611686,210,1880712,13637,217,3
133.8940,6635,13611706,210,1880752,13637,231,3
133.9154,6636,13611726,210,1880793,13637,302,3
133.9347,6637,13611746,210,1880835,14137,318,3
133.9541,6638,13611766,210,1880878,14137,307,3
133.9755,6639,13611786,210,1880920,14137,321,3
133.9950,6640,13611806,210,1880962,14137,317,3
134.0148,6641,13611826,210,1881003,14137,237,3
134.0346,6642,13611846,210,1881045,15065,225,3
134.0541,6643,13611866,210,1881088,15065,192,3
134.0756,6644,13611886,210,1881132,15065,251,3
134.0946,6645,13611906,210,1881177,15065,262,3
134.1158,6646,13611926,210,1881220,15065,323,3
134.1350,6647,13611946,210,1881257,15279,349,3
134.1543,6648,13611966,210,1881291,15279,348,3
134.1756,6649,13611986,210,1881327,15279,382,3
134.1947,6650,13612006,210,1881365,15279,259,3
134.2158,6651,13612026,210,1881404,15279,256,3
134.2350,6652,13612046,210,1881445,13209,241,3
134.2545,6653,13612066,210,1881487,13209,219,3
134.2759,6654,13612086,210,1881528,13209,296,3
134.3027,6655,13612106,210,1881570,13209,267,3
134.3157,6656,13612126,210,1881612,13209,205,3
134.3354,6657,13612146,210,1881653,14922,226,3
134.3549,6658,13612166,210,1881696,14922,208,3
134.3745,6659,13612186,210,1881739,14922,168,3
134.3954,6660,13612206,210,1881781,14922,187,3
134.4146,6661,13612226,210,1881825,14922,192,3
134.4360,6662,13612246,210,1881869,15351,205,3
134.4552,6663,13612266,210,1881913,15351,273,3
134.4743,6664,13612286,210,1881951,15351,364,3
134.4955,6665,13612306,210,1881984,15351,322,3
134.5143,6666,13612326,210,1882020,15351,300,3
134.5358,6667,13612346,210,1882057,13566,226,3
134.5552,6668,13612366,210,1882096,13566,291,3
134.5746,6669,13612386,210,1882134,13566,312,3
134.5958,6670,13612406,210,1882174,13566,211,3
134.6149,6671,13612426,210,1882215,13566,209,3
134.6344,6672,13612446,210,1882257,14137,189,3
134.6542,6673,13612466,210,1882298,14137,272,3
134.6756,6674,13612486,210,1882339,14137,283,3
134.6949,6675,13612506,210,1882380,14137,224,3
134.7159,6676,13612526,210,1882422,14137,215,3
134.7353,6677,13612546,210,1882464,14780,167,3
134.7548,6678,13612566,210,1882507,14780,144,3
134.7740,6679,13612586,210,1882549,14780,192,3
134.8017,6680,13612606,210,1882593,14780,187,3
134.8145,6681,13612626,210,1882634,14780,257,3
134.8360,6682,13612646,210,1882668,14851,433,3
134.8554,6683,13612666,210,1882702,14851,419,3
134.8746,6684,13612686,210,1882738,14851,295,3
134.8957,6685,13612706,210,1882776,14851,428,3
134.9148,6686,13612726,210,1882816,14851,233,3
134.9340,6687,13612746,210,1882856,13209,214,3
134.9555,6688,13612766,210,1882898,13209,176,3
134.9747,6689,13612786,210,1882940,13209,198,3
134.9959,6690,13612806,210,1882982,13209,227,3
135.0151,6691,13612826,210,1883022,13209,281,3
135.0341,6692,13612846,210,1883062,14708,272,3
135.0559,6693,13612866,210,1883103,14708,201,3
135.0754,6694,13612886,210,1883145,14708,158,3
135.0946,6695,13612906,210,1883187,14708,164,3
135.1141,6696,13612926,210,1883230,14708,153,3
135.1340,6697,13612946,210,1883273,14994,151,3
135.1541,6698,13612966,210,1883316,14994,178,3
135.1757,6699,13612986,210,1883356,14994,357,3
135.1948,6700,13613006,210,1883390,14994,312,3
135.2159,6701,13613026,210,1883425,14994,311,3
135.2351,6702,13613046,210,1883463,13709,249,3
135.2544,6703,13613066,210,1883503,13709,358,3
135.2743,6704,13613086,210,1883543,13709,337,3
135.3026,6705,13613106,210,1883584,13709,216,3
135.3152,6706,13613126,210,1883626,13709,204,3
135.3345,6707,13613146,210,1883667,14494,201,3
135.3541,6708,13613166,210,1883708,14494,278,3
135.3759,6709,13613186,210,1883747,14494,305,3
135.3950,6710,13613206,210,1883786,14494,219,3
135.4140,6711,13613226,210,1883825,14494,245,3
135.4353,6712,13613246,210,1883865,14137,304,3
135.4547,6713,13613266,210,1883906,14137,315,3
135.4758,6714,13613286,210,1883948,14137,252,3
135.4948,6715,13613306,210,1883989,14137,226,3
135.5157,6716,13613326,210,1884030,14137,253,3
135.5350,6717,13613346,210,1884066,14494,395,3
135.5541,6718,13613366,210,1884100,14494,442,3
135.5754,6719,13613386,210,1884136,14494,300,3
135.5947,6720,13613406,210,1884174,14494,310,3
135.6159,6721,13613426,210,1884214,14494,245,3
135.6350,6722,13613446,210,1884255,13280,201,3
135.6541,6723,13613466,210,1884296,13280,174,3
135.6755,6724,13613486,210,1884338,13280,209,3
135.6947,6725,13613506,210,1884378,13280,299,3
135.7140,6726,13613526,210,1884417,13280,317,3
135.7360,6727,13613546,210,1884458,14494,219,3
135.7556,6728,13613566,210,1884498,14494,206,3
135.7748,6729,13613586,210,1884538,14494,285,3
135.8028,6730,13613606,210,1884578,14494,251,3
135.8154,6731,13613626,210,1884619,14494,209,3
135.8351,6732,13613646,210,1884660,14494,204,3
135.8546,6733,13613666,210,1884701,14494,200,3
135.8743,6734,13613686,210,1884742,14494,286,3
135.8950,6735,13613706,210,1884779,14494,369,3
135.9161,6736,13613726,210,1884815,14494,323,3
135.9355,6737,13613746,210,1884852,13780,278,3
135.9555,6738,13613766,210,1884892,13780,273,3
135.9752,6739,13613786,210,1884932,13780,293,3
135.9947,6740,13613806,210,1884974,13780,337,3
136.0158,6741,13613826,210,1885016,13780,327,3
136.0353,6742,13613846,210,1885059,14637,286,3
136.0555,6743,13613866,210,1885102,14637,291,3
136.0752,6744,13613886,210,1885144,14637,373,3
136.0947,6745,13613906,210,1885184,14637,233,3
136.1159,6746,13613926,210,1885224,14637,247,3
136.1348,6747,13613946,210,1885264,14708,259,3
136.1544,6748,13613966,210,1885305,14708,275,3
136.1740,6749,13613986,210,1885347,14708,230,3
136.1954,6750,13614006,210,1885388,14708,258,3
136.2144,6751,13614026,210,1885429,14708,269,3
136.2359,6752,13614046,210,1885466,14494,433,3
136.2551,6753,13614066,210,1885501,14494,358,3
136.2742,6754,13614086,210,1885537,14494,306,3
136.2956,6755,13614106,210,1885575,14494,245,3
136.3147,6756,13614126,210,1885615,14494,302,3
136.3361,6757,13614146,210,1885656,13494,371,3
136.3554,6758,13614166,210,1885698,13494,291,3
136.3746,6759,13614186,210,1885740,13494,270,3
136.3944,6760,13614206,210,1885782,13494,274,3
136.4154,6761,13614226,210,1885823,13494,201,3
136.4349,6762,13614246,210,1885863,14780,241,3
136.4545,6763,13614266,210,1885904,14780,180,3
136.4757,6764,13614286,210,1885946,14780,254,3
136.4948,6765,13614306,210,1885988,14780,205,3
136.5158,6766,13614326,210,1886030,14780,243,3
136.5350,6767,13614346,210,1886073,14922,240,3
136.5544,6768,13614366,210,1886116,14922,210,3
136.5756,6769,13614386,210,1886156,14922,293,3
136.5948,6770,13614406,210,1886192,14922,358,3
136.6158,6771,13614426,210,1886228,14922,269,3
136.6349,6772,13614446,210,1886267,13923,317,3
136.6545,6773,13614466,210,1886307,13923,256,3
136.6756,6774,13614486,210,1886348,13923,230,3
136.6948,6775,13614506,210,1886390,13923,232,3
136.7139,6776,13614526,210,1886433,13923,206,3
136.7350,6777,13614546,210,1886475,14851,208,3
136.7543,6778,13614566,210,1886516,14851,217,3
136.7759,6779,13614586,210,1886558,14851,211,3
136.7953,6780,13614606,210,1886600,14851,178,3
136.8144,6781,13614626,210,1886641,14851,199,3
136.8360,6782,13614646,210,1886684,14851,198,3
136.8556,6783,13614666,210,1886726,14851,212,3
136.8748,6784,13614686,210,1886769,14851,199,3
136.8941,6785,13614706,210,1886812,14851,203,3
136.9150,6786,13614726,210,1886852,14851,440,3
136.9344,6787,13614746,210,1886887,14637,381,3
136.9562,6788,13614766,210,1886923,14637,251,3
136.9754,6789,13614786,210,1886961,14637,279,3
136.9947,6790,13614806,210,1887000,14637,380,3
137.0157,6791,13614826,210,1887041,14637,278,3
137.0348,6792,13614846,210,1887083,13923,225,3
137.0563,6793,13614866,210,1887125,13923,222,3
137.0759,6794,13614886,210,1887168,13923,222,3
137.0948,6795,13614906,210,1887209,13923,252,3
137.1158,6796,13614926,210,1887249,13923,203,3
137.1347,6797,13614946,210,1887290,14780,267,3
137.1541,6798,13614966,210,1887332,14780,231,3
137.1755,6799,13614986,210,1887373,14780,261,3
137.1947,6800,13615006,210,1887415,14780,247,3
137.2158,6801,13615026,210,1887457,14780,188,3
137.2349,6802,13615046,210,1887500,14922,203,3
137.2541,6803,13615066,210,1887541,14922,252,3
137.2752,6804,13615086,210,1887577,14922,503,3
137.2946,6805,13615106,210,1887613,14922,339,3
137.3161,6806,13615126,210,1887651,14922,315,3
137.3339,6807,13615146,210,1887690,13637,209,3
137.3560,6808,13615166,210,1887731,13637,232,3
137.3753,6809,13615186,210,1887772,13637,217,3
137.3952,6810,13615206,210,1887815,13637,190,3
137.4146,6811,13615226,210,1887857,13637,195,3
137.4339,6812,13615246,210,1887899,14922,269,3
137.4557,6813,13615266,210,1887940,14922,281,3
137.4751,6814,13615286,210,1887982,14922,325,3
137.4947,6815,13615306,210,1888024,14922,343,3
137.5141,6816,13615326,210,1888066,14922,294,3
137.5354,6817,13615346,210,1888109,14922,296,3
137.5548,6818,13615366,210,1888152,14922,326,3
137.5742,6819,13615386,210,1888195,14922,290,3
137.5954,6820,13615406,210,1888237,14922,361,3
137.6145,6821,13615426,210,1888272,14922,326,3
137.6358,6822,13615446,210,1888307,14280,354,3
137.6555,6823,13615466,210,1888344,14280,442,3
137.6747,6824,13615486,210,1888383,14280,236,3
137.6940,6825,13615506,210,1888423,14280,245,3
137.7153,6826,13615526,210,1888464,14280,198,3
137.7344,6827,13615546,210,1888506,14066,249,3
137.7539,6828,13615566,210,1888549,14066,205,3
137.7751,6829,13615586,210,1888591,14066,230,3
137.7966,6830,13615606,210,1888632,14066,258,3
137.8158,6831,13615626,210,1888672,14066,227,3
137.8351,6832,13615646,210,1888715,14922,178,3
137.8548,6833,13615666,210,1888757,14922,184,3
137.8741,6834,13615686,210,1888800,14922,150,3
137.8952,6835,13615706,210,1888844,14922,172,3
137.9141,6836,13615726,210,1888888,14922,243,3
137.9357,6837,13615746,210,1888929,15351,315,3
137.9551,6838,13615766,210,1888964,15351,525,3
137.9747,6839,13615786,210,1888997,15351,371,3
137.9959,6840,13615806,210,1889032,15351,249,3
138.0149,6841,13615826,210,1889070,15351,374,3
138.0339,6842,13615846,210,1889109,12923,277,3
138.0557,6843,13615866,210,1889150,12923,194,3
138.0751,6844,13615886,210,1889191,12923,220,3
138.0942,6845,13615906,210,1889233,12923,163,3
138.1153,6846,13615926,210,1889276,12923,233,3
138.1345,6847,13615946,210,1889317,14780,231,3
138.1541,6848,13615966,210,1889357,14780,299,3
138.1738,6849,13615986,210,1889398,14780,251,3
138.1953,6850,13616006,210,1889440,14780,179,3
138.2144,6851,13616026,210,1889483,14780,151,3
138.2359,6852,13616046,210,1889526,14851,200,3
138.2556,6853,13616066,210,1889570,14851,209,3
138.2751,6854,13616086,210,1889614,14851,280,3
138.2966,6855,13616106,210,1889651,14851,322,3
138.3141,6856,13616126,210,1889685,14851,341,3
138.3356,6857,13616146,210,1889720,13994,403,3
138.3551,6858,13616166,210,1889758,13994,274,3
138.3744,6859,13616186,210,1889797,13994,297,3
138.3941,6860,13616206,210,1889837,13994,354,3
138.4152,6861,13616226,210,1889879,13994,296,3
138.4347,6862,13616246,210,1889921,14208,233,3
138.4546,6863,13616266,210,1889963,14208,219,3
138.4747,6864,13616286,210,1890004,14208,200,3
138.4944,6865,13616306,210,1890046,14208,173,3
138.5157,6866,13616326,210,1890089,14208,198,3
138.5351,6867,13616346,210,1890132,15065,189,3
138.5544,6868,13616366,210,1890175,15065,179,3
138.5758,6869,13616386,210,1890219,15065,179,3
138.5951,6870,13616406,210,1890264,15065,290,3
138.6140,6871,13616426,210,1890308,15065,261,3
138.6352,6872,13616446,210,1890348,15494,357,3
138.6546,6873,13616466,210,1890383,15494,379,3
138.6739,6874,13616486,210,1890419,15494,278,3
138.6950,6875,13616506,210,1890457,15494,369,3
138.7159,6876,13616526,210,1890496,15494,257,3
138.7347,6877,13616546,210,1890535,13423,242,3
138.7541,6878,13616566,210,1890576,13423,195,3
138.7754,6879,13616586,210,1890618,13423,248,3
138.7967,6880,13616606,210,1890660,13423,190,3
138.8156,6881,13616626,210,1890703,13423,229,3
138.8347,6882,13616646,210,1890744,14851,295,3
138.8540,6883,13616666,210,1890785,14851,236,3
138.8758,6884,13616686,210,1890828,14851,225,3
138.8949,6885,13616706,210,1890870,14851,209,3
138.9159,6886,13616726,210,1890913,14851,193,3
138.9352,6887,13616746,210,1890956,15065,199,3
138.9546,6888,13616766,210,1891000,15065,258,3
138.9740,6889,13616786,210,1891040,15065,342,3
138.9952,6890,13616806,210,1891073,15065,423,3
139.0141,6891,13616826,210,1891108,15065,311,3
139.0358,6892,13616846,210,1891145,13637,226,3
139.0551,6893,13616866,210,1891184,13637,269,3
139.0745,6894,13616886,210,1891224,13637,365,3
139.0958,6895,13616906,210,1891266,13637,306,3
139.1146,6896,13616926,210,1891308,13637,262,3
139.1340,6897,13616946,210,1891350,14494,274,3
139.1554,6898,13616966,210,1891392,14494,221,3
139.1743,6899,13616986,210,1891433,14494,216,3
139.1954,6900,13617006,210,1891475,14494,194,3
139.2143,6901,13617026,210,1891517,14494,205,3
139.2356,6902,13617046,210,1891559,14922,185,3
139.2549,6903,13617066,210,1891601,14922,172,3
139.2740,6904,13617086,210,1891645,14922,194,3
139.2976,6905,13617106,210,1891688,14922,177,3
139.3145,6906,13617126,210,1891732,14922,212,3
139.3358,6907,13617146,210,1891769,15208,360,3
139.3553,6908,13617166,210,1891804,15208,387,3
139.3745,6909,13617186,210,1891840,15208,283,3
139.3940,6910,13617206,210,1891878,15208,269,3
139.4151,6911,13617226,210,1891918,15208,286,3
139.4344,6912,13617246,210,1891959,13423,269,3
139.4541,6913,13617266,210,1892001,13423,195,3
139.4754,6914,13617286,210,1892043,13423,208,3
139.4946,6915,13617306,210,1892084,13423,225,3
139.5139,6916,13617326,210,1892124,13423,272,3
139.5351,6917,13617346,210,1892164,14637,315,3
139.5548,6918,13617366,210,1892204,14637,310,3
139.5741,6919,13617386,210,1892244,14637,233,3
139.5941,6920,13617406,210,1892284,14637,240,3
139.6157,6921,13617426,210,1892325,14637,221,3
139.6350,6922,13617446,210,1892368,14494,214,3
139.6546,6923,13617466,210,1892409,14494,280,3
139.6743,6924,13617486,210,1892448,14494,339,3
139.6957,6925,13617506,210,1892483,14494,507,3
139.7148,6926,13617526,210,1892516,14494,300,3
139.7344,6927,13617546,210,1892553,13352,232,3
139.7544,6928,13617566,210,1892592,13352,275,3
139.7744,6929,13617586,210,1892632,13352,374,3
139.7940,6930,13617606,210,1892673,13352,273,3
139.8154,6931,13617626,210,1892716,13352,238,3
139.8347,6932,13617646,210,1892756,14423,265,3
139.8542,6933,13617666,210,1892794,14423,290,3
139.8758,6934,13617686,210,1892833,14423,280,3
139.8954,6935,13617706,210,1892874,14423,193,3
139.9145,6936,13617726,210,1892914,14423,254,3
139.9338,6937,13617746,210,1892954,14137,272,3
139.9553,6938,13617766,210,1892995,14137,341,3
139.9751,6939,13617786,210,1893035,14137,242,3
139.9942,6940,13617806,210,1893076,14137,214,3
140.0152,6941,13617826,210,1893117,14137,224,3
140.0347,6942,13617846,210,1893156,14494,297,3
140.0541,6943,13617866,210,1893192,14494,281,3
140.0757,6944,13617886,210,1893229,14494,395,3
140.0948,6945,13617906,210,1893267,14494,235,3
140.1158,6946,13617926,210,1893307,14494,283,3
140.1348,6947,13617946,210,1893348,13637,232,3
140.1543,6948,13617966,210,1893389,13637,256,3
140.1759,6949,13617986,210,1893432,13637,265,3
140.1953,6950,13618006,210,1893475,13637,208,3
140.2142,6951,13618026,210,1893518,13637,265,3
140.2356,6952,13618046,210,1893559,15065,283,3
140.2550,6953,13618066,210,1893600,15065,220,3
140.2743,6954,13618086,210,1893640,15065,210,3
140.2956,6955,13618106,210,1893681,15065,231,3
140.3148,6956,13618126,210,1893722,15065,237,3
140.3340,6957,13618146,210,1893764,14637,249,3
140.3555,6958,13618166,210,1893807,14637,278,3
140.3747,6959,13618186,210,1893848,14637,408,3
140.3944,6960,13618206,210,1893884,14637,358,3
140.4156,6961,13618226,210,1893920,14637,291,3
140.4348,6962,13618246,210,1893958,13851,304,3
140.4543,6963,13618266,210,1893997,13851,375,3
140.4760,6964,13618286,210,1894038,13851,289,3
140.4939,6965,13618306,210,1894080,13851,212,3
140.5152,6966,13618326,210,1894123,13851,199,3
140.5346,6967,13618346,210,1894165,14708,221,3
140.5542,6968,13618366,210,1894208,14708,214,3
140.5739,6969,13618386,210,1894249,14708,248,3
140.5951,6970,13618406,210,1894289,14708,206,3
140.6139,6971,13618426,210,1894330,14708,274,3
140.6354,6972,13618446,210,1894372,14780,203,3
140.6548,6973,13618466,210,1894414,14780,243,3
140.6740,6974,13618486,210,1894456,14780,247,3
140.6954,6975,13618506,210,1894500,14780,196,3
140.7141,6976,13618526,210,1894541,14780,329,3
140.7352,6977,13618546,210,1894579,14922,366,3
140.7546,6978,13618566,210,1894615,14922,374,3
140.7740,6979,13618586,210,1894652,14922,295,3
140.7952,6980,13618606,210,1894691,14922,259,3
140.8142,6981,13618626,210,1894731,14922,221,3
140.8357,6982,13618646,210,1894772,13709,201,3
140.8550,6983,13618666,210,1894814,13709,188,3
140.8744,6984,13618686,210,1894856,13709,166,3
140.8958,6985,13618706,210,1894898,13709,231,3
140.9149,6986,13618726,210,1894939,13709,265,3
140.9344,6987,13618746,210,1894980,14851,289,3
140.9540,6988,13618766,210,1895022,14851,343,3
140.9755,6989,13618786,210,1895064,14851,349,3
140.9948,6990,13618806,210,1895106,14851,274,3
141.0139,6991,13618826,210,1895148,14851,253,3
141.0354,6992,13618846,210,1895191,14994,304,3
141.0549,6993,13618866,210,1895233,14994,284,3
141.0742,6994,13618886,210,1895271,14994,352,3
141.0955,6995,13618906,210,1895307,14994,264,3
141.1147,6996,13618926,210,1895344,14994,283,3
141.1339,6997,13618946,210,1895384,13851,386,3
141.1557,6998,13618966,210,1895424,13851,220,3
141.1748,6999,13618986,210,1895465,13851,209,3
141.1959,7000,13619006,210,1895508,13851,184,3
141.2150,7001,13619026,210,1895551,13851,185,3
141.2339,7002,13619046,210,1895593,14851,198,3
141.2554,7003,13619066,210,1895634,14851,192,3
141.2747,7004,13619086,210,1895676,14851,230,3
141.2959,7005,13619106,210,1895717,14851,208,3
141.3156,7006,13619126,210,1895759,14851,242,3
141.3358,7007,13619146,210,1895800,14851,256,3
141.3558,7008,13619166,210,1895843,14851,220,3
141.3751,7009,13619186,210,1895885,14851,247,3
141.3947,7010,13619206,210,1895928,14851,301,3
141.4140,7011,13619226,210,1895965,14851,352,3
141.4353,7012,13619246,210,1896001,14423,360,3
141.4550,7013,13619266,210,1896038,14423,285,3
141.4748,7014,13619286,210,1896077,14423,297,3
141.4939,7015,13619306,210,1896118,14423,236,3
141.5149,7016,13619326,210,1896159,14423,194,3
141.5341,7017,13619346,210,1896201,14208,147,3
141.5555,7018,13619366,210,1896244,14208,184,3
141.5747,7019,13619386,210,1896287,14208,201,3
141.5938,7020,13619406,210,1896328,14208,195,3
141.6149,7021,13619426,210,1896368,14208,231,3
141.6341,7022,13619446,210,1896410,14851,262,3
141.6557,7023,13619466,210,1896452,14851,281,3
141.6750,7024,13619486,210,1896494,14851,305,3
141.6945,7025,13619506,210,1896537,14851,281,3
141.7157,7026,13619526,210,1896580,14851,281,3
141.7346,7027,13619546,210,1896621,15137,374,3
141.7540,7028,13619566,210,1896659,15137,302,3
141.7752,7029,13619586,210,1896693,15137,384,3
141.7945,7030,13619606,210,1896728,15137,481,3
141.8156,7031,13619626,210,1896766,15137,257,3
141.8347,7032,13619646,210,1896805,13137,248,3
141.8560,7033,13619666,210,1896847,13137,245,3
141.8751,7034,13619686,210,1896888,13137,268,3
141.8943,7035,13619706,210,1896931,13137,225,3
141.9157,7036,13619726,210,1896973,13137,263,3
141.9347,7037,13619746,210,1897014,14851,235,3
141.9541,7038,13619766,210,1897055,14851,217,3
141.9755,7039,13619786,210,1897096,14851,168,3
141.9946,7040,13619806,210,1897139,14851,188,3
142.0141,7041,13619826,210,1897181,14851,157,3
142.0360,7042,13619846,210,1897225,15065,113,3
142.0557,7043,13619866,210,1897269,15065,157,3
142.0751,7044,13619886,210,1897313,15065,232,3
142.0943,7045,13619906,210,1897351,15065,375,3
142.1152,7046,13619926,210,1897384,15065,385,3
142.1344,7047,13619946,210,1897419,13994,313,3
142.1559,7048,13619966,210,1897456,13994,275,3
142.1751,7049,13619986,210,1897495,13994,384,3
142.1944,7050,13620006,210,1897536,13994,209,3
142.2137,7051,13620026,210,1897577,13994,208,3
142.2347,7052,13620046,210,1897619,14208,174,3
142.2538,7053,13620066,210,1897662,14208,162,3
142.2757,7054,13620086,210,1897705,14208,200,3
142.2950,7055,13620106,210,1897747,14208,199,3
142.3164,7056,13620126,210,1897788,14208,236,3
142.3355,7057,13620146,210,1897829,14922,222,3
142.3551,7058,13620166,210,1897871,14922,208,3
142.3744,7059,13620186,210,1897914,14922,220,3
142.3939,7060,13620206,210,1897958,14922,180,3
142.4151,7061,13620226,210,1898002,14922,173,3
142.4339,7062,13620246,210,1898040,15279,349,3
142.4554,7063,13620266,210,1898074,15279,469,3
142.4747,7064,13620286,210,1898108,15279,339,3
142.4939,7065,13620306,210,1898144,15279,331,3
142.5149,7066,13620326,210,1898181,15279,333,3
142.5359,7067,13620346,210,1898220,12709,304,3
142.5552,7068,13620366,210,1898260,12709,220,3
142.5747,7069,13620386,210,1898301,12709,206,3
142.5938,7070,13620406,210,1898342,12709,242,3
142.6149,7071,13620426,210,1898382,12709,275,3
142.6340,7072,13620446,210,1898423,14494,277,3
142.6551,7073,13620466,210,1898464,14494,224,3
142.6746,7074,13620486,210,1898506,14494,169,3
142.6940,7075,13620506,210,1898548,14494,174,3
142.7149,7076,13620526,210,1898591,14494,155,3
142.7341,7077,13620546,210,1898635,15065,174,3
142.7556,7078,13620566,210,1898679,15065,216,3
142.7750,7079,13620586,210,1898722,15065,288,3
142.7943,7080,13620606,210,1898759,15065,390,3
142.8180,7081,13620626,210,1898793,15065,350,3
142.8347,7082,13620646,210,1898830,14066,361,3
142.8562,7083,13620666,210,1898868,14066,270,3
142.8752,7084,13620686,210,1898906,14066,312,3
142.8948,7085,13620706,210,1898945,14066,316,3
142.9138,7086,13620726,210,1898986,14066,230,3
142.9352,7087,13620746,210,1899028,14066,199,3
142.9549,7088,13620766,210,1899071,14066,187,3
142.9743,7089,13620786,210,1899113,14066,204,3
142.9956,7090,13620806,210,1899155,14066,198,3
143.0147,7091,13620826,210,1899197,14066,206,3
143.0356,7092,13620846,210,1899239,15065,196,3
143.0547,7093,13620866,210,1899282,15065,161,3
143.0741,7094,13620886,210,1899325,15065,187,3
143.0954,7095,13620906,210,1899369,15065,179,3
143.1147,7096,13620926,210,1899412,15065,204,3
143.1356,7097,13620946,210,1899451,15208,345,3
143.1549,7098,13620966,210,1899483,15208,429,3
143.1742,7099,13620986,210,1899518,15208,316,3
143.1955,7100,13621006,210,1899555,15208,300,3
143.2146,7101,13621026,210,1899594,15208,216,3
143.2357,7102,13621046,210,1899635,12995,221,3
143.2549,7103,13621066,210,1899676,12995,205,3
143.2740,7104,13621086,210,1899718,12995,209,3
143.2953,7105,13621106,210,1899761,12995,209,3
143.3191,7106,13621126,210,1899802,12995,279,3
143.3340,7107,13621146,210,1899843,14922,350,3
143.3551,7108,13621166,210,1899884,14922,281,3
143.3747,7109,13621186,210,1899925,14922,222,3
143.3943,7110,13621206,210,1899967,14922,195,3
143.4154,7111,13621226,210,1900010,14922,196,3
143.4345,7112,13621246,210,1900053,14922,205,3
143.4561,7113,13621266,210,1900096,14922,188,3
143.4756,7114,13621286,210,1900138,14922,285,3
143.4947,7115,13621306,210,1900173,14922,443,3
143.5139,7116,13621326,210,1900208,14922,334,3
143.5352,7117,13621346,210,1900246,13923,312,3
143.5545,7118,13621366,210,1900285,13923,272,3
143.5759,7119,13621386,210,1900324,13923,232,3
143.5952,7120,13621406,210,1900365,13923,277,3
143.6145,7121,13621426,210,1900408,13923,269,3
143.6358,7122,13621446,210,1900450,14423,238,3
143.6551,7123,13621466,210,1900492,14423,226,3
143.6745,7124,13621486,210,1900533,14423,235,3
143.6939,7125,13621506,210,1900573,14423,235,3
143.7152,7126,13621526,210,1900614,14423,263,3
143.7340,7127,13621546,210,1900655,14637,288,3
143.7552,7128,13621566,210,1900696,14637,341,3
143.7747,7129,13621586,210,1900739,14637,290,3
143.7959,7130,13621606,210,1900781,14637,315,3
143.8196,7131,13621626,210,1900823,14637,361,3
143.8345,7132,13621646,210,1900861,14851,318,3
143.8559,7133,13621666,210,1900895,14851,381,3
143.8751,7134,13621686,210,1900930,14851,414,3
143.8941,7135,13621706,210,1900968,14851,274,3
143.9153,7136,13621726,210,1901007,14851,235,3
143.9341,7137,13621746,210,1901048,13280,291,3
143.9559,7138,13621766,210,1901090,13280,231,3
143.9754,7139,13621786,210,1901132,13280,226,3
143.9945,7140,13621806,210,1901172,13280,264,3
144.0158,7141,13621826,210,1901211,13280,296,3
144.0347,7142,13621846,210,1901251,14494,354,3
144.0540,7143,13621866,210,1901292,14494,265,3
144.0755,7144,13621886,210,1901333,14494,231,3
144.0947,7145,13621906,210,1901374,14494,233,3
144.1159,7146,13621926,210,1901415,14494,233,3
144.1352,7147,13621946,210,1901456,14565,227,3
144.1548,7148,13621966,210,1901497,14565,261,3
144.1741,7149,13621986,210,1901539,14565,275,3
144.1953,7150,13622006,210,1901576,14565,304,3
144.2145,7151,13622026,210,1901611,14565,332,3
144.2358,7152,13622046,210,1901649,13851,289,3
144.2551,7153,13622066,210,1901688,13851,316,3
144.2742,7154,13622086,210,1901728,13851,219,3
144.2955,7155,13622106,210,1901768,13851,178,3
144.3214,7156,13622126,210,1901811,13851,203,3
144.3340,7157,13622146,210,1901853,14494,176,3
144.3554,7158,13622166,210,1901896,14494,174,3
144.3748,7159,13622186,210,1901937,14494,248,3
144.3942,7160,13622206,210,1901978,14494,279,3
144.4155,7161,13622226,210,1902019,14494,353,3
144.4344,7162,13622246,210,1902060,14780,262,3
144.4558,7163,13622266,210,1902101,14780,210,3
144.4752,7164,13622286,210,1902143,14780,210,3
144.4945,7165,13622306,210,1902185,14780,206,3
144.5158,7166,13622326,210,1902226,14780,212,3
144.5348,7167,13622346,210,1902265,14780,337,3
144.5540,7168,13622366,210,1902300,14780,365,3
144.5755,7169,13622386,210,1902337,14780,315,3
144.5946,7170,13622406,210,1902375,14780,262,3
144.6139,7171,13622426,210,1902415,14780,256,3
144.6347,7172,13622446,210,1902455,13494,275,3
144.6538,7173,13622466,210,1902497,13494,217,3
144.6751,7174,13622486,210,1902540,13494,180,3
144.6943,7175,13622506,210,1902582,13494,216,3
144.7154,7176,13622526,210,1902624,13494,219,3
144.7343,7177,13622546,210,1902664,14922,183,3
144.7556,7178,13622566,210,1902706,14922,215,3
144.7750,7179,13622586,210,1902748,14922,200,3
144.7943,7180,13622606,210,1902790,14922,208,3
144.8222,7181,13622626,210,1902833,14922,195,3
144.8352,7182,13622646,210,1902876,15065,164,3
144.8542,7183,13622666,210,1902920,15065,178,3
144.8758,7184,13622686,210,1902960,15065,326,3
144.8954,7185,13622706,210,1902996,15065,293,3
144.9146,7186,13622726,210,1903032,15065,348,3
144.9356,7187,13622746,210,1903071,14066,232,3
144.9550,7188,13622766,210,1903112,14066,210,3
144.9743,7189,13622786,210,1903153,14066,216,3
144.9954,7190,13622806,210,1903195,14066,227,3
145.0145,7191,13622826,210,1903238,14066,214,3
145.0355,7192,13622846,210,1903280,14851,216,3
145.0545,7193,13622866,210,1903321,14851,309,3
145.0739,7194,13622886,210,1903362,14851,338,3
145.0952,7195,13622906,210,1903404,14851,243,3
145.1144,7196,13622926,210,1903445,14851,230,3
145.1355,7197,13622946,210,1903487,14780,196,3
145.1547,7198,13622966,210,1903529,14780,190,3
145.1741,7199,13622986,210,1903572,14780,187,3
145.1954,7200,13623006,210,1903614,14780,211,3
145.2146,7201,13623026,210,1903654,14780,327,3
145.2339,7202,13623046,210,1903689,14565,267,3
145.2552,7203,13623066,210,1903726,14565,434,3
145.2748,7204,13623086,210,1903764,14565,268,3
145.2940,7205,13623106,210,1903804,14565,285,3
145.3136,7206,13623126,210,1903844,14565,233,3
145.3347,7207,13623146,210,1903886,13851,251,3
145.3538,7208,13623166,210,1903929,13851,264,3
145.3753,7209,13623186,210,1903971,13851,231,3
145.3950,7210,13623206,210,1904012,13851,262,3
145.4142,7211,13623226,210,1904053,13851,232,3
145.4356,7212,13623246,210,1904095,14922,229,3
145.4557,7213,13623266,210,1904136,14922,179,3
145.4746,7214,13623286,210,1904178,14922,192,3
145.4939,7215,13623306,210,1904221,14922,172,3
145.5153,7216,13623326,210,1904264,14922,168,3
145.5343,7217,13623346,210,1904306,15065,192,3
145.5559,7218,13623366,210,1904347,15065,327,3
145.5757,7219,13623386,210,1904383,15065,306,3
145.5947,7220,13623406,210,1904419,15065,336,3
145.6138,7221,13623426,210,1904456,15065,215,3
145.6347,7222,13623446,210,1904496,13637,248,3
145.6562,7223,13623466,210,1904537,13637,321,3
145.6758,7224,13623486,210,1904579,13637,311,3
145.6950,7225,13623506,210,1904621,13637,317,3
145.7142,7226,13623526,210,1904664,13637,285,3
145.7353,7227,13623546,210,1904707,15065,332,3
145.7548,7228,13623566,210,1904748,15065,289,3
145.7741,7229,13623586,210,1904790,15065,245,3
145.7956,7230,13623606,210,1904832,15065,196,3
145.8149,7231,13623626,210,1904874,15065,189,3
145.8340,7232,13623646,210,1904916,14922,192,3
145.8551,7233,13623666,210,1904960,14922,179,3
145.8747,7234,13623686,210,1905003,14922,217,3
145.8939,7235,13623706,210,1905044,14922,289,3
145.9152,7236,13623726,210,1905078,14922,419,3
145.9342,7237,13623746,210,1905113,14137,482,3
145.9557,7238,13623766,210,1905150,14137,285,3
145.9751,7239,13623786,210,1905189,14137,236,3
145.9945,7240,13623806,210,1905229,14137,267,3
146.0158,7241,13623826,210,1905270,14137,237,3
146.0347,7242,13623846,210,1905312,14137,201,3
146.0558,7243,13623866,210,1905354,14137,190,3
146.0749,7244,13623886,210,1905395,14137,230,3
146.0939,7245,13623906,210,1905435,14137,240,3
146.1153,7246,13623926,210,1905476,14137,279,3
146.1341,7247,13623946,210,1905517,14637,336,3
146.1556,7248,13623966,210,1905560,14637,329,3
146.1749,7249,13623986,210,1905602,14637,277,3
146.1940,7250,13624006,210,1905646,14637,262,3
146.2154,7251,13624026,210,1905690,14637,203,3
146.2343,7252,13624046,210,1905731,15351,446,3
146.2559,7253,13624066,210,1905766,15351,405,3
146.2753,7254,13624086,210,1905800,15351,281,3
146.2946,7255,13624106,210,1905836,15351,364,3
146.3140,7256,13624126,210,1905875,15351,235,3
146.3352,7257,13624146,210,1905915,13066,267,3
146.3543,7258,13624166,210,1905956,13066,227,3
146.3757,7259,13624186,210,1905997,13066,273,3
146.3955,7260,13624206,210,1906040,13066,263,3
146.4147,7261,13624226,210,1906083,13066,248,3
146.4337,7262,13624246,210,1906125,14922,264,3
146.4551,7263,13624266,210,1906166,14922,249,3
146.4748,7264,13624286,210,1906208,14922,203,3
146.4939,7265,13624306,210,1906250,14922,167,3
146.5153,7266,13624326,210,1906293,14922,163,3
146.5343,7267,13624346,210,1906337,15137,198,3
146.5560,7268,13624366,210,1906382,15137,210,3
146.5752,7269,13624386,210,1906425,15137,313,3
146.5944,7270,13624406,210,1906461,15137,382,3
146.6157,7271,13624426,210,1906496,15137,294,3
146.6346,7272,13624446,210,1906532,14066,294,3
146.6538,7273,13624466,210,1906570,14066,235,3
146.6756,7274,13624486,210,1906610,14066,246,3
146.6948,7275,13624506,210,1906650,14066,272,3
146.7138,7276,13624526,210,1906692,14066,281,3
146.7347,7277,13624546,210,1906734,14280,305,3
146.7557,7278,13624566,210,1906776,14280,359,3
146.7752,7279,13624586,210,1906817,14280,283,3
146.7946,7280,13624606,210,1906859,14280,216,3
146.8158,7281,13624626,210,1906901,14280,209,3
146.8347,7282,13624646,210,1906944,14994,190,3
146.8538,7283,13624666,210,1906987,14994,194,3
146.8752,7284,13624686,210,1907031,14994,264,3
146.8944,7285,13624706,210,1907075,14994,262,3
146.9156,7286,13624726,210,1907118,14994,373,3
146.9345,7287,13624746,210,1907155,15208,325,3
146.9537,7288,13624766,210,1907189,15208,353,3
146.9749,7289,13624786,210,1907226,15208,355,3
146.9943,7290,13624806,210,1907264,15208,267,3
147.0156,7291,13624826,210,1907302,15208,278,3
147.0346,7292,13624846,210,1907341,13209,299,3
147.0537,7293,13624866,210,1907382,13209,240,3
147.0749,7294,13624886,210,1907424,13209,200,3
147.0944,7295,13624906,210,1907465,13209,189,3
147.1156,7296,13624926,210,1907506,13209,246,3
147.1347,7297,13624946,210,1907547,14637,270,3
147.1538,7298,13624966,210,1907588,14637,285,3
147.1752,7299,13624986,210,1907630,14637,320,3
147.1947,7300,13625006,210,1907672,14637,323,3
147.2158,7301,13625026,210,1907715,14637,277,3
147.2347,7302,13625046,210,1907758,15065,289,3
147.2539,7303,13625066,210,1907801,15065,237,3
147.2750,7304,13625086,210,1907842,15065,391,3
147.2941,7305,13625106,210,1907875,15065,438,3
147.3174,7306,13625126,210,1907909,15065,377,3
147.3343,7307,13625146,210,1907946,13566,288,3
147.3555,7308,13625166,210,1907984,13566,227,3
147.3750,7309,13625186,210,1908024,13566,306,3
147.3946,7310,13625206,210,1908065,13566,235,3
147.4156,7311,13625226,210,1908108,13566,195,3
147.4346,7312,13625246,210,1908150,14423,219,3
147.4539,7313,13625266,210,1908192,14423,210,3
147.4750,7314,13625286,210,1908233,14423,192,3
147.4948,7315,13625306,210,1908274,14423,225,3
147.5139,7316,13625326,210,1908316,14423,216,3
147.5352,7317,13625346,210,1908358,14851,215,3
147.5545,7318,13625366,210,1908400,14851,200,3
147.5738,7319,13625386,210,1908444,14851,185,3
147.5952,7320,13625406,210,1908487,14851,162,3
147.6142,7321,13625426,210,1908530,14851,220,3
147.6350,7322,13625446,210,1908568,15137,477,3
147.6544,7323,13625466,210,1908602,15137,366,3
147.6739,7324,13625486,210,1908639,15137,273,3
147.6953,7325,13625506,210,1908678,15137,275,3
147.7143,7326,13625526,210,1908718,15137,359,3
147.7352,7327,13625546,210,1908759,13566,349,3
147.7542,7328,13625566,210,1908801,13566,252,3
147.7758,7329,13625586,210,1908844,13566,229,3
147.7950,7330,13625606,210,1908885,13566,240,3
147.8140,7331,13625626,210,1908925,13566,251,3
147.8339,7332,13625646,210,1908964,14708,252,3
147.8549,7333,13625666,210,1909004,14708,240,3
147.8742,7334,13625686,210,1909043,14708,219,3
147.8959,7335,13625706,210,1909084,14708,221,3
147.9152,7336,13625726,210,1909125,14708,248,3
147.9340,7337,13625746,210,1909167,14351,277,3
147.9551,7338,13625766,210,1909208,14351,365,3
147.9742,7339,13625786,210,1909248,14351,281,3
147.9956,7340,13625806,210,1909282,14351,403,3
148.0146,7341,13625826,210,1909317,14351,352,3
148.0356,7342,13625846,210,1909355,13494,283,3
148.0547,7343,13625866,210,1909394,13494,237,3
148.0738,7344,13625886,210,1909434,13494,274,3
148.0953,7345,13625906,210,1909476,13494,221,3
148.1145,7346,13625926,210,1909518,13494,258,3
148.1355,7347,13625946,210,1909559,14565,295,3
148.1548,7348,13625966,210,1909599,14565,262,3
148.1740,7349,13625986,210,1909639,14565,241,3
148.1955,7350,13626006,210,1909680,14565,259,3
148.2146,7351,13626026,210,1909720,14565,395,3
148.2357,7352,13626046,210,1909760,14351,235,3
148.2548,7353,13626066,210,1909801,14351,211,3
148.2742,7354,13626086,210,1909843,14351,189,3
148.2955,7355,13626106,210,1909884,14351,225,3
148.3147,7356,13626126,210,1909926,14351,253,3
148.3339,7357,13626146,210,1909965,14708,360,3
148.3551,7358,13626166,210,1910001,14708,343,3
148.3743,7359,13626186,210,1910038,14708,325,3
148.3940,7360,13626206,210,1910077,14708,240,3
148.4149,7361,13626226,210,1910117,14708,248,3
148.4357,7362,13626246,210,1910159,13780,230,3
148.4549,7363,13626266,210,1910201,13780,254,3
148.4741,7364,13626286,210,1910245,13780,195,3
148.4954,7365,13626306,210,1910288,13780,176,3
148.5145,7366,13626326,210,1910330,13780,261,3
148.5354,7367,13626346,210,1910372,15137,251,3
148.5544,7368,13626366,210,1910412,15137,245,3
148.5758,7369,13626386,210,1910452,15137,232,3
148.5949,7370,13626406,210,1910492,15137,210,3
148.6139,7371,13626426,210,1910533,15137,253,3
148.6349,7372,13626446,210,1910575,14565,270,3
148.6539,7373,13626466,210,1910616,14565,385,3
148.6755,7374,13626486,210,1910656,14565,262,3
148.6946,7375,13626506,210,1910691,14565,357,3
148.7137,7376,13626526,210,1910728,14565,269,3
148.7347,7377,13626546,210,1910765,13637,406,3
148.7557,7378,13626566,210,1910805,13637,251,3
148.7750,7379,13626586,210,1910846,13637,203,3
148.7941,7380,13626606,210,1910888,13637,210,3
148.8152,7381,13626626,210,1910930,13637,166,3
148.8343,7382,13626646,210,1910973,14708,216,3
148.8555,7383,13626666,210,1911014,14708,253,3
148.8748,7384,13626686,210,1911055,14708,259,3
148.8943,7385,13626706,210,1911096,14708,281,3
148.9155,7386,13626726,210,1911137,14708,240,3
148.9342,7387,13626746,210,1911179,14708,205,3
148.9554,7388,13626766,210,1911221,14708,209,3
148.9748,7389,13626786,210,1911264,14708,180,3
148.9942,7390,13626806,210,1911308,14708,189,3
149.0154,7391,13626826,210,1911349,14708,269,3
149.0342,7392,13626846,210,1911385,14922,421,3
149.0553,7393,13626866,210,1911422,14922,278,3
149.0752,7394,13626886,210,1911460,14922,243,3
149.0944,7395,13626906,210,1911500,14922,254,3
149.1138,7396,13626926,210,1911541,14922,230,3
149.1349,7397,13626946,210,1911584,13994,201,3
149.1542,7398,13626966,210,1911626,13994,155,3
149.1756,7399,13626986,210,1911669,13994,194,3
149.1946,7400,13627006,210,1911711,13994,222,3
149.2138,7401,13627026,210,1911752,13994,178,3
149.2349,7402,13627046,210,1911794,14994,236,3
149.2540,7403,13627066,210,1911836,14994,200,3
149.2740,7404,13627086,210,1911878,14994,217,3
149.2955,7405,13627106,210,1911921,14994,205,3
149.3148,7406,13627126,210,1911964,14994,189,3
149.3341,7407,13627146,210,1912007,15208,189,3
149.3554,7408,13627166,210,1912049,15208,265,3
149.3748,7409,13627186,210,1912085,15208,344,3
149.3945,7410,13627206,210,1912122,15208,354,3
149.4138,7411,13627226,210,1912160,15208,258,3
149.4350,7412,13627246,210,1912200,13851,208,3
149.4542,7413,13627266,210,1912241,13851,229,3
149.4757,7414,13627286,210,1912284,13851,222,3
149.4950,7415,13627306,210,1912327,13851,190,3
149.5139,7416,13627326,210,1912369,13851,199,3
149.5349,7417,13627346,210,1912412,15065,273,3
149.5538,7418,13627366,210,1912452,15065,283,3
149.5751,7419,13627386,210,1912493,15065,352,3
149.5942,7420,13627406,210,1912535,15065,320,3
149.6155,7421,13627426,210,1912576,15065,232,3
149.6347,7422,13627446,210,1912618,14708,201,3
149.6539,7423,13627466,210,1912660,14708,198,3
149.6756,7424,13627486,210,1912703,14708,201,3
149.6947,7425,13627506,210,1912744,14708,270,3
149.7139,7426,13627526,210,1912780,14708,332,3
149.7350,7427,13627546,210,1912816,14280,326,3
149.7546,7428,13627566,210,1912855,14280,333,3
149.7760,7429,13627586,210,1912894,14280,216,3
149.7955,7430,13627606,210,1912934,14280,233,3
149.8147,7431,13627626,210,1912976,14280,203,3
149.8362,7432,13627646,210,1913018,14280,235,3
149.8552,7433,13627666,210,1913060,14280,193,3
149.8745,7434,13627686,210,1913102,14280,246,3
149.8938,7435,13627706,210,1913143,14280,279,3
149.9152,7436,13627726,210,1913185,14280,216,3
149.9341,7437,13627746,210,1913227,14922,192,3
149.9555,7438,13627766,210,1913269,14922,204,3
149.9748,7439,13627786,210,1913312,14922,166,3
149.9940,7440,13627806,210,1913356,14922,179,3
150.0152,7441,13627826,210,1913398,14922,230,3
150.0341,7442,13627846,210,1913439,15208,274,3
150.0556,7443,13627866,210,1913475,15208,506,3
150.0748,7444,13627886,210,1913509,15208,336,3
150.0941,7445,13627906,210,1913546,15208,240,3
150.1152,7446,13627926,210,1913584,15208,259,3
150.1343,7447,13627946,210,1913624,13209,369,3
150.1554,7448,13627966,210,1913666,13209,309,3
150.1747,7449,13627986,210,1913708,13209,278,3
150.1940,7450,13628006,210,1913751,13209,316,3
150.2151,7451,13628026,210,1913793,13209,263,3
150.2340,7452,13628046,210,1913833,14922,254,3
150.2554,7453,13628066,210,1913873,14922,203,3
150.2750,7454,13628086,210,1913915,14922,263,3
150.2942,7455,13628106,210,1913957,14922,205,3
150.3154,7456,13628126,210,1914000,14922,180,3
150.3369,7457,13628146,210,1914044,14994,184,3
150.3540,7458,13628166,210,1914088,14994,158,3
150.3757,7459,13628186,210,1914130,14994,226,3
150.3951,7460,13628206,210,1914165,14994,279,3
150.4143,7461,13628226,210,1914198,14994,391,3
150.4354,7462,13628246,210,1914233,13709,359,3
150.4547,7463,13628266,210,1914271,13709,289,3
150.4739,7464,13628286,210,1914310,13709,269,3
150.4951,7465,13628306,210,1914351,13709,301,3
150.5143,7466,13628326,210,1914392,13709,339,3
150.5353,7467,13628346,210,1914435,14208,320,3
150.5544,7468,13628366,210,1914477,14208,302,3
150.5758,7469,13628386,210,1914520,14208,344,3
150.5952,7470,13628406,210,1914560,14208,216,3
150.6143,7471,13628426,210,1914600,14208,220,3
150.6352,7472,13628446,210,1914641,14780,201,3
150.6542,7473,13628466,210,1914684,14780,214,3
150.6759,7474,13628486,210,1914728,14780,168,3
150.6949,7475,13628506,210,1914772,14780,164,3
150.7141,7476,13628526,210,1914816,14780,214,3
150.7351,7477,13628546,210,1914853,15279,385,3
150.7543,7478,13628566,210,1914887,15279,385,3
150.7760,7479,13628586,210,1914922,15279,342,3
150.7954,7480,13628606,210,1914959,15279,273,3
150.8146,7481,13628626,210,1914997,15279,284,3
150.8381,7482,13628646,210,1915038,12995,240,3
150.8551,7483,13628666,210,1915079,12995,203,3
150.8747,7484,13628686,210,1915121,12995,225,3
150.8941,7485,13628706,210,1915162,12995,264,3
150.9154,7486,13628726,210,1915204,12995,283,3
150.9344,7487,13628746,210,1915246,14851,321,3
150.9556,7488,13628766,210,1915288,14851,338,3
150.9750,7489,13628786,210,1915331,14851,286,3
150.9943,7490,13628806,210,1915374,14851,264,3
151.0158,7491,13628826,210,1915418,14851,180,3
151.0350,7492,13628846,210,1915463,15422,146,3
151.0539,7493,13628866,210,1915508,15422,157,3
151.0755,7494,13628886,210,1915547,15422,360,3
151.0949,7495,13628906,210,1915582,15422,273,3
151.1144,7496,13628926,210,1915619,15422,301,3
151.1354,7497,13628946,210,1915656,13994,246,3
151.1546,7498,13628966,210,1915695,13994,291,3
151.1739,7499,13628986,210,1915735,13994,342,3
151.1952,7500,13629006,210,1915776,13994,212,3
151.2143,7501,13629026,210,1915817,13994,205,3
151.2355,7502,13629046,210,1915860,14423,189,3
151.2546,7503,13629066,210,1915901,14423,195,3
151.2740,7504,13629086,210,1915943,14423,232,3
151.2954,7505,13629106,210,1915984,14423,189,3
151.3146,7506,13629126,210,1916026,14423,261,3
151.3382,7507,13629146,210,1916068,14922,189,3
151.3554,7508,13629166,210,1916111,14922,210,3
151.3749,7509,13629186,210,1916154,14922,227,3
151.3945,7510,13629206,210,1916197,14922,193,3
151.4158,7511,13629226,210,1916238,14922,406,3
151.4348,7512,13629246,210,1916272,14708,391,3
151.4542,7513,13629266,210,1916307,14708,281,3
151.4756,7514,13629286,210,1916344,14708,331,3
151.4948,7515,13629306,210,1916382,14708,238,3
151.5140,7516,13629326,210,1916423,14708,237,3
151.5353,7517,13629346,210,1916464,13494,240,3
151.5542,7518,13629366,210,1916505,13494,258,3
151.5756,7519,13629386,210,1916548,13494,265,3
151.5949,7520,13629406,210,1916590,13494,347,3
151.6141,7521,13629426,210,1916631,13494,338,3
151.6350,7522,13629446,210,1916672,14922,226,3
151.6540,7523,13629466,210,1916714,14922,208,3
151.6750,7524,13629486,210,1916756,14922,193,3
151.6944,7525,13629506,210,1916799,14922,196,3
151.7158,7526,13629526,210,1916842,14922,171,3
151.7350,7527,13629546,210,1916885,15137,188,3
151.7540,7528,13629566,210,1916928,15137,236,3
151.7754,7529,13629586,210,1916966,15137,381,3
151.7947,7530,13629606,210,1917000,15137,311,3
151.8142,7531,13629626,210,1917036,15137,328,3
151.8399,7532,13629646,210,1917074,13566,233,3
151.8548,7533,13629666,210,1917113,13566,284,3
151.8741,7534,13629686,210,1917154,13566,245,3
151.8955,7535,13629706,210,1917196,13566,209,3
151.9147,7536,13629726,210,1917238,13566,217,3
151.9339,7537,13629746,210,1917280,14708,214,3
151.9550,7538,13629766,210,1917320,14708,214,3
151.9745,7539,13629786,210,1917360,14708,278,3
151.9939,7540,13629806,210,1917399,14708,353,3
152.0151,7541,13629826,210,1917439,14708,225,3
152.0340,7542,13629846,210,1917480,14280,199,3
152.0552,7543,13629866,210,1917522,14280,176,3
152.0745,7544,13629886,210,1917565,14280,217,3
152.0956,7545,13629906,210,1917607,14280,194,3
152.1146,7546,13629926,210,1917647,14280,311,3
152.1359,7547,13629946,210,1917681,14494,379,3
152.1548,7548,13629966,210,1917716,14494,301,3
152.1739,7549,13629986,210,1917753,14494,332,3
152.1956,7550,13630006,210,1917792,14494,231,3
152.2146,7551,13630026,210,1917832,14494,193,3
152.2358,7552,13630046,210,1917873,13566,209,3
152.2547,7553,13630066,210,1917915,13566,212,3
152.2739,7554,13630086,210,1917957,13566,274,3
152.2954,7555,13630106,210,1917996,13566,322,3
152.3145,7556,13630126,210,1918035,13566,219,3
152.3400,7557,13630146,210,1918075,14423,278,3
152.3549,7558,13630166,210,1918115,14423,259,3
152.3741,7559,13630186,210,1918155,14423,269,3
152.3939,7560,13630206,210,1918195,14423,231,3
152.4154,7561,13630226,210,1918236,14423,246,3
152.4346,7562,13630246,210,1918277,14351,269,3
152.4557,7563,13630266,210,1918318,14351,359,3
152.4750,7564,13630286,210,1918357,14351,309,3
152.4944,7565,13630306,210,1918393,14351,387,3
152.5156,7566,13630326,210,1918429,14351,274,3
152.5344,7567,13630346,210,1918468,13709,385,3
152.5556,7568,13630366,210,1918507,13709,256,3
152.5747,7569,13630386,210,1918547,13709,219,3
152.5942,7570,13630406,210,1918588,13709,243,3
152.6138,7571,13630426,210,1918630,13709,214,3
152.6353,7572,13630446,210,1918672,14565,187,3
152.6545,7573,13630466,210,1918716,14565,224,3
152.6741,7574,13630486,210,1918757,14565,233,3
152.6938,7575,13630506,210,1918797,14565,309,3
152.7143,7576,13630526,210,1918837,14565,253,3
152.7340,7577,13630546,210,1918877,14637,195,3
152.7550,7578,13630566,210,1918919,14637,214,3
152.7744,7579,13630586,210,1918961,14637,208,3
152.7939,7580,13630606,210,1919004,14637,199,3
152.8154,7581,13630626,210,1919045,14637,327,3
152.8412,7582,13630646,210,1919082,14708,343,3
152.8540,7583,13630666,210,1919118,14708,354,3
152.8751,7584,13630686,210,1919156,14708,254,3
152.8942,7585,13630706,210,1919195,14708,290,3
152.9153,7586,13630726,210,1919235,14708,357,3
152.9345,7587,13630746,210,1919276,13780,295,3
152.9556,7588,13630766,210,1919319,13780,277,3
152.9748,7589,13630786,210,1919361,13780,254,3
152.9941,7590,13630806,210,1919404,13780,259,3
153.0156,7591,13630826,210,1919445,13780,233,3
153.0348,7592,13630846,210,1919485,14922,219,3
153.0538,7593,13630866,210,1919526,14922,227,3
153.0751,7594,13630886,210,1919568,14922,224,3
153.0945,7595,13630906,210,1919609,14922,257,3
153.1157,7596,13630926,210,1919652,14922,199,3
153.1347,7597,13630946,210,1919695,14922,205,3
153.1557,7598,13630966,210,1919737,14922,305,3
153.1751,7599,13630986,210,1919775,14922,329,3
153.1948,7600,13631006,210,1919810,14922,423,3
153.2141,7601,13631026,210,1919848,14922,269,3
153.2358,7602,13631046,210,1919887,13780,296,3
153.2547,7603,13631066,210,1919927,13780,284,3
153.2760,7604,13631086,210,1919968,13780,205,3
153.2956,7605,13631106,210,1920009,13780,169,3
153.3147,7606,13631126,210,1920052,13780,179,3
153.3439,7607,13631146,210,1920094,14708,212,3
153.3546,7608,13631166,210,1920135,14708,252,3
153.3738,7609,13631186,210,1920175,14708,246,3
153.3956,7610,13631206,210,1920217,14708,321,3
153.4147,7611,13631226,210,1920259,14708,312,3
153.4338,7612,13631246,210,1920301,14780,301,3
153.4548,7613,13631266,210,1920343,14780,322,3
153.4740,7614,13631286,210,1920386,14780,295,3
153.4957,7615,13631306,210,1920429,14780,309,3
153.5149,7616,13631326,210,1920467,14780,284,3
153.5342,7617,13631346,210,1920503,14565,317,3
153.5553,7618,13631366,210,1920540,14565,301,3
153.5747,7619,13631386,210,1920578,14565,373,3
153.5940,7620,13631406,210,1920618,14565,231,3
153.6154,7621,13631426,210,1920659,14565,205,3
153.6345,7622,13631446,210,1920700,13994,219,3
153.6554,7623,13631466,210,1920743,13994,173,3
153.6748,7624,13631486,210,1920785,13994,184,3
153.6941,7625,13631506,210,1920827,13994,258,3
153.7152,7626,13631526,210,1920868,13994,201,3
153.7343,7627,13631546,210,1920910,14922,263,3
153.7554,7628,13631566,210,1920952,14922,280,3
153.7749,7629,13631586,210,1920994,14922,212,3
153.7941,7630,13631606,210,1921036,14922,220,3
153.8151,7631,13631626,210,1921079,14922,252,3
153.8343,7632,13631646,210,1921122,15137,238,3
153.8553,7633,13631666,210,1921161,15137,261,3
153.8748,7634,13631686,210,1921197,15137,445,3
153.8942,7635,13631706,210,1921235,15137,263,3
153.9154,7636,13631726,210,1921274,15137,299,3
153.9345,7637,13631746,210,1921314,13780,267,3
153.9553,7638,13631766,210,1921356,13780,220,3
153.9754,7639,13631786,210,1921398,13780,215,3
153.9945,7640,13631806,210,1921441,13780,215,3
154.0138,7641,13631826,210,1921484,13780,229,3
154.0352,7642,13631846,210,1921525,15065,222,3
154.0540,7643,13631866,210,1921567,15065,193,3
154.0753,7644,13631886,210,1921609,15065,177,3
154.0945,7645,13631906,210,1921651,15065,194,3
154.1157,7646,13631926,210,1921693,15065,161,3
154.1347,7647,13631946,210,1921736,14994,169,3
154.1556,7648,13631966,210,1921779,14994,169,3
154.1748,7649,13631986,210,1921820,14994,241,3
154.1941,7650,13632006,210,1921858,14994,390,3
154.2153,7651,13632026,210,1921892,14994,317,3
154.2345,7652,13632046,210,1921928,13851,285,3
154.2537,7653,13632066,210,1921966,13851,408,3
154.2748,7654,13632086,210,1922005,13851,243,3
154.2943,7655,13632106,210,1922045,13851,230,3
154.3157,7656,13632126,210,1922087,13851,217,3
154.3331,7657,13632146,210,1922129,14208,183,3
154.3543,7658,13632166,210,1922171,14208,268,3
154.3756,7659,13632186,210,1922212,14208,235,3
154.3956,7660,13632206,210,1922253,14208,254,3
154.4147,7661,13632226,210,1922294,14208,237,3
154.4338,7662,13632246,210,1922336,14780,201,3
154.4547,7663,13632266,210,1922379,14780,193,3
154.4739,7664,13632286,210,1922422,14780,190,3
154.4954,7665,13632306,210,1922466,14780,196,3
154.5148,7666,13632326,210,1922510,14780,257,3
154.5339,7667,13632346,210,1922548,15279,272,3
154.5553,7668,13632366,210,1922581,15279,359,3
154.5746,7669,13632386,210,1922615,15279,371,3
154.5940,7670,13632406,210,1922652,15279,288,3
154.6150,7671,13632426,210,1922691,15279,379,3
154.6343,7672,13632446,210,1922731,12995,233,3
154.6553,7673,13632466,210,1922772,12995,194,3
154.6749,7674,13632486,210,1922813,12995,188,3
154.6942,7675,13632506,210,1922856,12995,185,3
154.7155,7676,13632526,210,1922899,12995,172,3
154.7346,7677,13632546,210,1922941,14922,251,3
154.7556,7678,13632566,210,1922981,14922,235,3
154.7747,7679,13632586,210,1923022,14922,288,3
154.7939,7680,13632606,210,1923064,14922,257,3
154.8153,7681,13632626,210,1923107,14922,195,3
154.8344,7682,13632646,210,1923151,14922,209,3
154.8556,7683,13632666,210,1923195,14922,211,3
154.8747,7684,13632686,210,1923236,14922,290,3
154.8939,7685,13632706,210,1923271,14922,382,3
154.9153,7686,13632726,210,1923304,14922,348,3
154.9345,7687,13632746,210,1923340,13709,332,3
154.9557,7688,13632766,210,1923377,13709,289,3
154.9748,7689,13632786,210,1923416,13709,409,3
154.9944,7690,13632806,210,1923455,13709,225,3
155.0156,7691,13632826,210,1923496,13709,221,3
155.0348,7692,13632846,210,1923536,13923,204,3
155.0537,7693,13632866,210,1923576,13923,295,3
155.0751,7694,13632886,210,1923617,13923,217,3
155.0946,7695,13632906,210,1923658,13923,184,3
155.1137,7696,13632926,210,1923700,13923,184,3
155.1349,7697,13632946,210,1923741,14637,171,3
155.1537,7698,13632966,210,1923784,14637,162,3
155.1751,7699,13632986,210,1923828,14637,136,3
155.1944,7700,13633006,210,1923871,14637,151,3
155.2140,7701,13633026,210,1923915,14637,200,3
155.2353,7702,13633046,210,1923952,15137,316,3
155.2542,7703,13633066,210,1923987,15137,280,3
155.2756,7704,13633086,210,1924023,15137,336,3
155.2952,7705,13633106,210,1924060,15137,290,3
155.3145,7706,13633126,210,1924098,15137,396,3
155.3340,7707,13633146,210,1924137,13137,245,3
155.3551,7708,13633166,210,1924177,13137,196,3
155.3742,7709,13633186,210,1924218,13137,247,3
155.3937,7710,13633206,210,1924260,13137,206,3
155.4153,7711,13633226,210,1924301,13137,283,3
155.4348,7712,13633246,210,1924342,14637,229,3
155.4557,7713,13633266,210,1924384,14637,198,3
155.4749,7714,13633286,210,1924426,14637,187,3
155.4943,7715,13633306,210,1924468,14637,164,3
155.5156,7716,13633326,210,1924511,14637,169,3
155.5346,7717,13633346,210,1924555,15137,129,3
155.5556,7718,13633366,210,1924598,15137,184,3
155.5747,7719,13633386,210,1924639,15137,289,3
155.5942,7720,13633406,210,1924673,15137,408,3
155.6156,7721,13633426,210,1924706,15137,375,3
155.6348,7722,13633446,210,1924742,13494,325,3
155.6558,7723,13633466,210,1924780,13494,323,3
155.6751,7724,13633486,210,1924820,13494,219,3
155.6948,7725,13633506,210,1924860,13494,221,3
155.7141,7726,13633526,210,1924902,13494,208,3
155.7354,7727,13633546,210,1924944,14351,174,3
155.7545,7728,13633566,210,1924987,14351,243,3
155.7772,7729,13633586,210,1925027,14351,273,3
155.7951,7730,13633606,190,1925067,14351,141,3
155.8143,7731,13633626,190,1925105,14351,177,3
155.8354,7732,13633646,190,1925145,14351,284,3
155.8542,7733,13633666,190,1925184,14351,166,3
155.8755,7734,13633686,190,1925223,14351,167,3
155.8949,7735,13633706,190,1925263,14351,198,3
155.9141,7736,13633726,190,1925303,14351,198,3
155.9355,7737,13633746,190,1925340,13994,301,3
155.9546,7738,13633766,190,1925371,13994,363,3
155.9738,7739,13633786,190,1925403,13994,332,3
155.9953,7740,13633806,190,1925435,13994,364,3
156.0146,7741,13633826,190,1925468,13994,323,3
156.0338,7742,13633846,190,1925501,11567,296,3
156.0548,7743,13633866,190,1925535,11567,235,3
156.0742,7744,13633886,190,1925571,11567,341,3
156.0955,7745,13633906,190,1925607,11567,199,3
156.1146,7746,13633926,190,1925644,11567,233,3
156.1338,7747,13633946,190,1925680,12780,237,3
156.1550,7748,13633966,190,1925716,12780,225,3
156.1742,7749,13633986,190,1925751,12780,281,3
156.1937,7750,13634006,190,1925785,12780,326,3
156.2155,7751,13634026,190,1925820,12780,265,3
156.2348,7752,13634046,190,1925856,12495,193,3
156.2540,7753,13634066,190,1925893,12495,265,3
156.2755,7754,13634086,190,1925930,12495,198,3
156.2995,7755,13634106,190,1925968,12495,199,3
156.3146,7756,13634126,190,1926006,12495,193,3
156.3338,7757,13634146,190,1926041,13280,430,3
156.3551,7758,13634166,190,1926072,13280,353,3
156.3746,7759,13634186,190,1926103,13280,396,3
156.3942,7760,13634206,190,1926134,13280,323,3
156.4156,7761,13634226,190,1926166,13280,333,3
156.4348,7762,13634246,190,1926199,11281,320,3
156.4537,7763,13634266,190,1926234,11281,306,3
156.4751,7764,13634286,190,1926270,11281,216,3
156.4943,7765,13634306,190,1926306,11281,251,3
156.5139,7766,13634326,190,1926343,11281,240,3
156.5352,7767,13634346,190,1926377,12709,264,3
156.5542,7768,13634366,190,1926412,12709,259,3
156.5757,7769,13634386,190,1926447,12709,288,3
156.5952,7770,13634406,190,1926483,12709,210,3
156.6143,7771,13634426,190,1926519,12709,274,3
156.6357,7772,13634446,190,1926555,12638,249,3
156.6547,7773,13634466,190,1926591,12638,196,3
156.6739,7774,13634486,190,1926628,12638,221,3
156.6953,7775,13634506,190,1926665,12638,166,3
156.7147,7776,13634526,190,1926702,12638,331,3
156.7338,7777,13634546,190,1926738,13137,229,3
156.7551,7778,13634566,190,1926772,13137,316,3
156.7743,7779,13634586,190,1926804,13137,284,3
156.8010,7780,13634606,190,1926836,13137,280,3
156.8139,7781,13634626,190,1926869,13137,288,3
156.8351,7782,13634646,190,1926903,11781,286,3
156.8539,7783,13634666,190,1926938,11781,311,3
156.8752,7784,13634686,190,1926974,11781,211,3
156.8946,7785,13634706,190,1927011,11781,251,3
156.9141,7786,13634726,190,1927048,11781,167,3
156.9354,7787,13634746,190,1927086,12995,300,3
156.9544,7788,13634766,190,1927124,12995,208,3
156.9737,7789,13634786,190,1927160,12995,253,3
156.9954,7790,13634806,190,1927195,12995,272,3
157.0146,7791,13634826,190,1927231,12995,222,3
157.0339,7792,13634846,190,1927267,12923,249,3
157.0550,7793,13634866,190,1927303,12923,203,3
157.0745,7794,13634886,190,1927341,12923,286,3
157.0961,7795,13634906,190,1927379,12923,178,3
157.1155,7796,13634926,190,1927416,12923,277,3
157.1348,7797,13634946,190,1927452,13209,321,3
157.1539,7798,13634966,190,1927483,13209,374,3
157.1751,7799,13634986,190,1927513,13209,530,3
157.1944,7800,13635006,190,1927544,13209,396,3
157.2139,7801,13635026,190,1927576,13209,464,3
157.2353,7802,13635046,190,1927610,11352,325,3
157.2542,7803,13635066,190,1927646,11352,219,3
157.2753,7804,13635086,190,1927682,11352,317,3
157.3016,7805,13635106,190,1927720,11352,201,3
157.3145,7806,13635126,190,1927757,11352,252,3
157.3338,7807,13635146,190,1927795,13137,242,3
157.3548,7808,13635166,190,1927829,13137,270,3
157.3740,7809,13635186,190,1927865,13137,265,3
157.3967,7810,13635206,190,1927901,13137,212,3
157.4139,7811,13635226,190,1927938,13137,290,3
157.4353,7812,13635246,190,1927975,12852,178,3
157.4544,7813,13635266,190,1928013,12852,248,3
157.4736,7814,13635286,190,1928052,12852,177,3
157.4951,7815,13635306,190,1928090,12852,214,3
157.5147,7816,13635326,190,1928129,12852,230,3
157.5339,7817,13635346,190,1928164,13566,313,3
157.5548,7818,13635366,190,1928195,13566,445,3
157.5738,7819,13635386,190,1928228,13566,288,3
157.5951,7820,13635406,190,1928261,13566,326,3
157.6143,7821,13635426,190,1928295,13566,281,3
157.6355,7822,13635446,190,1928329,11781,206,3
157.6545,7823,13635466,190,1928365,11781,334,3
157.6757,7824,13635486,190,1928402,11781,195,3
157.6953,7825,13635506,190,1928439,11781,246,3
157.7147,7826,13635526,190,1928477,11781,195,3
157.7338,7827,13635546,190,1928515,13209,354,3
157.7549,7828,13635566,190,1928550,13209,280,3
157.7743,7829,13635586,190,1928587,13209,211,3
157.8026,7830,13635606,190,1928623,13209,277,3
157.8154,7831,13635626,190,1928660,13209,204,3
157.8345,7832,13635646,190,1928699,13066,240,3
157.8554,7833,13635666,190,1928737,13066,174,3
157.8748,7834,13635686,190,1928775,13066,182,3
157.8942,7835,13635706,190,1928814,13066,321,3
157.9157,7836,13635726,190,1928850,13066,257,3
157.9349,7837,13635746,190,1928882,13209,338,3
157.9537,7838,13635766,190,1928914,13209,279,3
157.9751,7839,13635786,190,1928947,13209,305,3
157.9945,7840,13635806,190,1928980,13209,263,3
158.0141,7841,13635826,190,1929014,13209,269,3
158.0352,7842,13635846,190,1929050,11924,295,3
158.0543,7843,13635866,190,1929087,11924,204,3
158.0756,7844,13635886,190,1929124,11924,210,3
158.0949,7845,13635906,190,1929162,11924,167,3
158.1143,7846,13635926,190,1929199,11924,263,3
158.1356,7847,13635946,190,1929235,13209,217,3
158.1548,7848,13635966,190,1929271,13209,261,3
158.1741,7849,13635986,190,1929308,13209,235,3
158.1955,7850,13636006,190,1929345,13209,240,3
158.2146,7851,13636026,190,1929383,13209,178,3
158.2339,7852,13636046,190,1929421,13280,236,3
158.2550,7853,13636066,190,1929460,13280,161,3
158.2743,7854,13636086,190,1929499,13280,220,3
158.3026,7855,13636106,190,1929536,13280,236,3
158.3157,7856,13636126,190,1929570,13280,332,3
158.3348,7857,13636146,190,1929602,13066,402,3
158.3538,7858,13636166,190,1929635,13066,332,3
158.3749,7859,13636186,190,1929668,13066,405,3
158.3941,7860,13636206,190,1929702,13066,273,3
158.4140,7861,13636226,190,1929737,13066,187,3
158.4350,7862,13636246,190,1929774,12138,345,3
158.4542,7863,13636266,190,1929811,12138,199,3
158.4754,7864,13636286,190,1929849,12138,254,3
158.4948,7865,13636306,190,1929887,12138,176,3
158.5140,7866,13636326,190,1929925,12138,257,3
158.5352,7867,13636346,190,1929961,13423,214,3
158.5542,7868,13636366,190,1929999,13423,256,3
158.5756,7869,13636386,190,1930036,13423,199,3
158.5949,7870,13636406,190,1930073,13423,262,3
158.6144,7871,13636426,190,1930112,13423,192,3
158.6337,7872,13636446,190,1930150,13423,198,3
158.6549,7873,13636466,190,1930189,13423,233,3
158.6742,7874,13636486,190,1930227,13423,248,3
158.6957,7875,13636506,190,1930259,13423,325,3
158.7152,7876,13636526,190,1930289,13423,333,3
158.7344,7877,13636546,190,1930321,12352,295,3
158.7555,7878,13636566,190,1930354,12352,291,3
158.7748,7879,13636586,190,1930388,12352,252,3
158.7932,7880,13636606,190,1930423,12352,253,3
158.8150,7881,13636626,190,1930459,12352,254,3
158.8342,7882,13636646,190,1930496,12352,209,3
158.8551,7883,13636666,190,1930533,12352,209,3
158.8743,7884,13636686,190,1930571,12352,220,3
158.8959,7885,13636706,190,1930607,12352,352,3
158.9141,7886,13636726,190,1930642,12352,204,3
158.9355,7887,13636746,190,1930678,12995,199,3
158.9545,7888,13636766,190,1930715,12995,251,3
158.9737,7889,13636786,190,1930752,12995,201,3
158.9951,7890,13636806,190,1930790,12995,193,3
159.0145,7891,13636826,190,1930829,12995,226,3
159.0337,7892,13636846,190,1930868,13494,152,3
159.0546,7893,13636866,190,1930907,13494,237,3
159.0737,7894,13636886,190,1930940,13494,326,3
159.0951,7895,13636906,190,1930970,13494,482,3
159.1145,7896,13636926,190,1930999,13494,397,3
159.1337,7897,13636946,190,1931029,11709,329,3
159.1548,7898,13636966,190,1931062,11709,293,3
159.1740,7899,13636986,190,1931096,11709,395,3
159.1955,7900,13637006,190,1931131,11709,267,3
159.2150,7901,13637026,190,1931167,11709,200,3
159.2345,7902,13637046,190,1931204,12352,311,3
159.2541,7903,13637066,190,1931241,12352,211,3
159.2756,7904,13637086,190,1931279,12352,210,3
159.2956,7905,13637106,190,1931316,12352,205,3
159.3153,7906,13637126,190,1931352,12352,380,3
159.3345,7907,13637146,190,1931389,13209,205,3
159.3538,7908,13637166,190,1931426,13209,220,3
159.3749,7909,13637186,190,1931464,13209,162,3
159.3939,7910,13637206,190,1931504,13209,192,3
159.4140,7911,13637226,190,1931543,13209,278,3
159.4353,7912,13637246,190,1931583,13780,192,3
159.4542,7913,13637266,190,1931620,13780,235,3
159.4752,7914,13637286,190,1931653,13780,349,3
159.4944,7915,13637306,190,1931684,13780,403,3
159.5157,7916,13637326,190,1931713,13780,381,3
159.5348,7917,13637346,190,1931745,11781,294,3
159.5537,7918,13637366,190,1931779,11781,396,3
159.5750,7919,13637386,190,1931814,11781,259,3
159.5942,7920,13637406,190,1931850,11781,178,3
159.6140,7921,13637426,190,1931887,11781,306,3
159.6355,7922,13637446,190,1931924,12566,201,3
159.6545,7923,13637466,190,1931960,12566,268,3
159.6757,7924,13637486,190,1931997,12566,231,3
159.6953,7925,13637506,190,1932034,12566,313,3
159.7148,7926,13637526,190,1932071,12566,233,3
159.7348,7927,13637546,190,1932108,13209,227,3
159.7542,7928,13637566,190,1932147,13209,189,3
159.7758,7929,13637586,190,1932185,13209,294,3
159.7954,7930,13637606,190,1932224,13209,157,3
159.8150,7931,13637626,190,1932264,13209,164,3
159.8342,7932,13637646,190,1932303,13851,216,3
159.8552,7933,13637666,190,1932337,13851,331,3
159.8747,7934,13637686,190,1932368,13851,283,3
159.8939,7935,13637706,190,1932399,13851,432,3
159.9152,7936,13637726,190,1932431,13851,398,3
159.9344,7937,13637746,190,1932462,11495,453,3
159.9553,7938,13637766,190,1932494,11495,357,3
159.9747,7939,13637786,190,1932528,11495,259,3
159.9938,7940,13637806,190,1932564,11495,215,3
160.0154,7941,13637826,190,1932600,11495,261,3
160.0346,7942,13637846,190,1932636,12423,240,3
160.0556,7943,13637866,190,1932671,12423,233,3
160.0747,7944,13637886,190,1932706,12423,291,3
160.0938,7945,13637906,190,1932743,12423,235,3
160.1151,7946,13637926,190,1932780,12423,233,3
160.1343,7947,13637946,190,1932816,12780,199,3
160.1553,7948,13637966,190,1932853,12780,222,3
160.1743,7949,13637986,190,1932891,12780,211,3
160.1959,7950,13638006,190,1932929,12780,232,3
160.2152,7951,13638026,190,1932968,12780,195,3
160.2341,7952,13638046,190,1933007,13566,249,3
160.2550,7953,13638066,190,1933040,13566,379,3
160.2740,7954,13638086,190,1933070,13566,448,3
160.2946,7955,13638106,190,1933101,13566,377,3
160.3141,7956,13638126,190,1933133,13566,332,3
160.3356,7957,13638146,190,1933166,11495,423,3
160.3547,7958,13638166,190,1933200,11495,236,3
160.3738,7959,13638186,190,1933236,11495,225,3
160.3950,7960,13638206,190,1933272,11495,357,3
160.4155,7961,13638226,190,1933309,11495,184,3
160.4347,7962,13638246,190,1933347,12852,238,3
160.4556,7963,13638266,190,1933385,12852,177,3
160.4746,7964,13638286,190,1933422,12852,339,3
160.4940,7965,13638306,190,1933459,12852,212,3
160.5152,7966,13638326,190,1933495,12852,263,3
160.5344,7967,13638346,190,1933533,13209,190,3
160.5536,7968,13638366,190,1933571,13209,290,3
160.5746,7969,13638386,190,1933609,13209,187,3
160.5936,7970,13638406,190,1933648,13209,172,3
160.6152,7971,13638426,190,1933688,13209,240,3
160.6344,7972,13638446,190,1933727,13923,224,3
160.6553,7973,13638466,190,1933760,13923,295,3
160.6747,7974,13638486,190,1933791,13923,343,3
160.6938,7975,13638506,190,1933823,13923,277,3
160.7155,7976,13638526,190,1933856,13923,290,3
160.7347,7977,13638546,190,1933889,11638,295,3
160.7537,7978,13638566,190,1933924,11638,253,3
160.7749,7979,13638586,190,1933960,11638,200,3
160.7945,7980,13638606,190,1933997,11638,299,3
160.8140,7981,13638626,190,1934034,11638,184,3
160.8354,7982,13638646,190,1934072,12995,278,3
160.8544,7983,13638666,190,1934108,12995,286,3
160.8757,7984,13638686,190,1934143,12995,222,3
160.8951,7985,13638706,190,1934177,12995,264,3
160.9143,7986,13638726,190,1934213,12995,310,3
160.9354,7987,13638746,190,1934249,12638,232,3
160.9543,7988,13638766,190,1934285,12638,265,3
160.9755,7989,13638786,190,1934322,12638,220,3
160.9948,7990,13638806,190,1934360,12638,342,3
161.0140,7991,13638826,190,1934398,12638,198,3
161.0354,7992,13638846,190,1934434,13280,300,3
161.0546,7993,13638866,190,1934466,13280,427,3
161.0737,7994,13638886,190,1934496,13280,353,3
161.0952,7995,13638906,190,1934528,13280,299,3
161.1144,7996,13638926,190,1934561,13280,296,3
161.1356,7997,13638946,190,1934595,11495,390,3
161.1548,7998,13638966,190,1934630,11495,257,3
161.1740,7999,13638986,190,1934667,11495,194,3
161.1953,8000,13639006,190,1934704,11495,241,3
161.2147,8001,13639026,190,1934741,11495,241,3
161.2341,8002,13639046,190,1934776,12852,322,3
161.2557,8003,13639066,190,1934811,12852,278,3
161.2747,8004,13639086,190,1934847,12852,215,3
161.2964,8005,13639106,190,1934883,12852,274,3
161.3137,8006,13639126,190,1934919,12852,248,3
161.3351,8007,13639146,190,1934955,12780,229,3
161.3539,8008,13639166,190,1934992,12780,221,3
161.3751,8009,13639186,190,1935029,12780,216,3
161.3947,8010,13639206,190,1935066,12780,242,3
161.4146,8011,13639226,190,1935104,12780,203,3
161.4337,8012,13639246,190,1935140,13209,242,3
161.4548,8013,13639266,190,1935174,13209,338,3
161.4737,8014,13639286,190,1935207,13209,332,3
161.4950,8015,13639306,190,1935239,13209,293,3
161.5140,8016,13639326,190,1935272,13209,273,3
161.5351,8017,13639346,190,1935306,11924,210,3
161.5546,8018,13639366,190,1935341,11924,350,3
161.5756,8019,13639386,190,1935377,11924,206,3
161.5947,8020,13639406,190,1935415,11924,243,3
161.6140,8021,13639426,190,1935453,11924,192,3
161.6351,8022,13639446,190,1935491,13137,294,3
161.6545,8023,13639466,190,1935529,13137,204,3
161.6755,8024,13639486,190,1935565,13137,311,3
161.6948,8025,13639506,190,1935600,13137,280,3
161.7142,8026,13639526,190,1935635,13137,243,3
161.7342,8027,13639546,190,1935671,12852,278,3
161.7557,8028,13639566,190,1935707,12852,233,3
161.7746,8029,13639586,190,1935745,12852,227,3
161.7937,8030,13639606,190,1935783,12852,219,3
161.8154,8031,13639626,190,1935820,12852,230,3
161.8344,8032,13639646,190,1935855,13209,438,3
161.8557,8033,13639666,190,1935886,13209,430,3
161.8746,8034,13639686,190,1935916,13209,371,3
161.8937,8035,13639706,190,1935948,13209,285,3
161.9150,8036,13639726,190,1935980,13209,338,3
161.9341,8037,13639746,190,1936015,11352,251,3
161.9552,8038,13639766,190,1936051,11352,237,3
161.9739,8039,13639786,190,1936088,11352,357,3
161.9953,8040,13639806,190,1936125,11352,194,3
162.0147,8041,13639826,190,1936163,11352,270,3
162.0340,8042,13639846,190,1936199,13137,274,3
162.0552,8043,13639866,190,1936234,13137,256,3
162.0741,8044,13639886,190,1936270,13137,295,3
162.0952,8045,13639906,190,1936307,13137,226,3
162.1147,8046,13639926,190,1936343,13137,315,3
162.1341,8047,13639946,190,1936380,12852,261,3
162.1553,8048,13639966,190,1936417,12852,192,3
162.1742,8049,13639986,190,1936455,12852,203,3
162.1954,8050,13640006,190,1936493,12852,302,3
162.2146,8051,13640026,190,1936532,12852,217,3
162.2338,8052,13640046,190,1936565,13423,322,3
162.2551,8053,13640066,190,1936597,13423,318,3
162.2741,8054,13640086,190,1936630,13423,307,3
162.2957,8055,13640106,190,1936664,13423,418,3
162.3156,8056,13640126,190,1936697,13423,327,3
162.3348,8057,13640146,190,1936732,11852,248,3
162.3541,8058,13640166,190,1936769,11852,235,3
162.3752,8059,13640186,190,1936806,11852,224,3
162.3947,8060,13640206,190,1936844,11852,194,3
162.4141,8061,13640226,190,1936881,11852,208,3
162.4356,8062,13640246,190,1936919,13280,333,3
162.4554,8063,13640266,190,1936955,13280,236,3
162.4747,8064,13640286,190,1936992,13280,222,3
162.4940,8065,13640306,190,1937029,13280,240,3
162.5140,8066,13640326,190,1937068,13280,216,3
162.5352,8067,13640346,190,1937106,13280,179,3
162.5543,8068,13640366,190,1937145,13280,238,3
162.5755,8069,13640386,190,1937184,13280,162,3
162.5947,8070,13640406,190,1937223,13280,205,3
162.6144,8071,13640426,190,1937258,13280,323,3
162.6356,8072,13640446,190,1937290,13352,242,3
162.6546,8073,13640466,190,1937323,13352,299,3
162.6757,8074,13640486,190,1937356,13352,281,3
162.6947,8075,13640506,190,1937390,13352,375,3
162.7141,8076,13640526,190,1937425,13352,235,3
162.7352,8077,13640546,190,1937461,12066,219,3
162.7544,8078,13640566,190,1937498,12066,268,3
162.7753,8079,13640586,190,1937536,12066,193,3
162.7943,8080,13640606,190,1937574,12066,209,3
162.8143,8081,13640626,190,1937612,12066,209,3
162.8356,8082,13640646,190,1937648,13423,225,3
162.8548,8083,13640666,190,1937684,13423,222,3
162.8757,8084,13640686,190,1937721,13423,295,3
162.8950,8085,13640706,190,1937758,13423,177,3
162.9141,8086,13640726,190,1937796,13423,275,3
162.9356,8087,13640746,190,1937834,13209,200,3
162.9546,8088,13640766,190,1937872,13209,201,3
162.9756,8089,13640786,190,1937911,13209,235,3
162.9947,8090,13640806,190,1937947,13209,291,3
163.0141,8091,13640826,190,1937980,13209,289,3
163.0354,8092,13640846,190,1938012,12852,328,3
163.0547,8093,13640866,190,1938045,12852,279,3
163.0736,8094,13640886,190,1938078,12852,270,3
163.0948,8095,13640906,190,1938112,12852,247,3
163.1141,8096,13640926,190,1938148,12852,236,3
163.1352,8097,13640946,190,1938185,12209,168,3
163.1542,8098,13640966,190,1938223,12209,294,3
163.1750,8099,13640986,190,1938260,12209,198,3
163.1943,8100,13641006,190,1938298,12209,268,3
163.2158,8101,13641026,190,1938335,12209,240,3
163.2351,8102,13641046,190,1938371,13280,329,3
163.2541,8103,13641066,190,1938408,13280,221,3
163.2751,8104,13641086,190,1938446,13280,278,3
163.2943,8105,13641106,190,1938484,13280,169,3
163.3152,8106,13641126,190,1938523,13280,214,3
163.3344,8107,13641146,190,1938561,13494,220,3
163.3556,8108,13641166,190,1938599,13494,227,3
163.3745,8109,13641186,190,1938635,13494,265,3
163.3958,8110,13641206,190,1938667,13494,363,3
163.4154,8111,13641226,190,1938698,13494,268,3
163.4348,8112,13641246,190,1938729,12209,328,3
163.4539,8113,13641266,190,1938763,12209,245,3
163.4748,8114,13641286,190,1938797,12209,344,3
163.4941,8115,13641306,190,1938832,12209,206,3
163.5155,8116,13641326,190,1938869,12209,216,3
163.5348,8117,13641346,190,1938907,12495,262,3
163.5540,8118,13641366,190,1938944,12495,208,3
163.5751,8119,13641386,190,1938982,12495,230,3
163.5945,8120,13641406,190,1939019,12495,220,3
163.6139,8121,13641426,190,1939055,12495,284,3
163.6353,8122,13641446,190,1939092,13280,208,3
163.6546,8123,13641466,190,1939129,13280,251,3
163.6736,8124,13641486,190,1939168,13280,131,3
163.6948,8125,13641506,190,1939207,13280,155,3
163.7140,8126,13641526,190,1939247,13280,215,3
163.7352,8127,13641546,190,1939287,13851,257,3
163.7542,8128,13641566,190,1939324,13851,270,3
163.7754,8129,13641586,190,1939356,13851,371,3
163.7946,8130,13641606,190,1939385,13851,402,3
163.8167,8131,13641626,190,1939414,13851,369,3
163.8338,8132,13641646,190,1939445,11495,317,3
163.8551,8133,13641666,190,1939479,11495,373,3
163.8741,8134,13641686,190,1939514,11495,241,3
163.8953,8135,13641706,190,1939550,11495,221,3
163.9148,8136,13641726,190,1939588,11495,315,3
163.9340,8137,13641746,190,1939625,12709,208,3
163.9552,8138,13641766,190,1939664,12709,183,3
163.9740,8139,13641786,190,1939701,12709,230,3
163.9957,8140,13641806,190,1939737,12709,359,3
164.0150,8141,13641826,190,1939772,12709,245,3
164.0341,8142,13641846,190,1939807,12995,193,3
164.0553,8143,13641866,190,1939843,12995,297,3
164.0741,8144,13641886,190,1939881,12995,178,3
164.0951,8145,13641906,190,1939920,12995,164,3
164.1144,8146,13641926,190,1939958,12995,242,3
164.1356,8147,13641946,190,1939994,13352,296,3
164.1546,8148,13641966,190,1940029,13352,258,3
164.1736,8149,13641986,190,1940060,13352,365,3
164.1948,8150,13642006,190,1940089,13352,347,3
164.2141,8151,13642026,190,1940120,13352,454,3
164.2352,8152,13642046,190,1940152,11352,344,3
164.2545,8153,13642066,190,1940185,11352,341,3
164.2754,8154,13642086,190,1940220,11352,246,3
164.2944,8155,13642106,190,1940256,11352,233,3
164.3184,8156,13642126,190,1940292,11352,285,3
164.3355,8157,13642146,190,1940328,12495,236,3
164.3547,8158,13642166,190,1940365,12495,284,3
164.3737,8159,13642186,190,1940402,12495,240,3
164.3949,8160,13642206,190,1940439,12495,275,3
164.4148,8161,13642226,190,1940476,12495,216,3
164.4339,8162,13642246,190,1940513,13137,194,3
164.4552,8163,13642266,190,1940551,13137,208,3
164.4741,8164,13642286,190,1940589,13137,264,3
164.4952,8165,13642306,190,1940629,13137,173,3
164.5147,8166,13642326,190,1940669,13137,173,3
164.5340,8167,13642346,190,1940708,13923,208,3
164.5553,8168,13642366,190,1940743,13923,299,3
164.5742,8169,13642386,190,1940774,13923,360,3
164.5937,8170,13642406,190,1940805,13923,364,3
164.6152,8171,13642426,190,1940836,13923,294,3
164.6348,8172,13642446,190,1940868,11638,376,3
164.6541,8173,13642466,190,1940901,11638,275,3
164.6752,8174,13642486,190,1940936,11638,200,3
164.6943,8175,13642506,190,1940972,11638,268,3
164.7137,8176,13642526,190,1941008,11638,174,3
164.7352,8177,13642546,190,1941046,12566,217,3
164.7545,8178,13642566,190,1941083,12566,253,3
164.7754,8179,13642586,190,1941119,12566,214,3
164.7945,8180,13642606,190,1941154,12566,268,3
164.8204,8181,13642626,190,1941191,12566,201,3
164.8355,8182,13642646,190,1941228,12995,233,3
164.8546,8183,13642666,190,1941265,12995,185,3
164.8756,8184,13642686,190,1941303,12995,238,3
164.8949,8185,13642706,190,1941341,12995,162,3
164.9144,8186,13642726,190,1941380,12995,254,3
164.9339,8187,13642746,190,1941417,13566,256,3
164.9554,8188,13642766,190,1941448,13566,302,3
164.9745,8189,13642786,190,1941477,13566,347,3
164.9937,8190,13642806,190,1941507,13566,483,3
165.0152,8191,13642826,190,1941538,13566,352,3
165.0343,8192,13642846,190,1941570,10924,405,3
165.0555,8193,13642866,190,1941604,10924,262,3
165.0744,8194,13642886,190,1941639,10924,220,3
165.0954,8195,13642906,190,1941675,10924,240,3
165.1146,8196,13642926,190,1941712,10924,189,3
165.1338,8197,13642946,190,1941748,12638,201,3
165.1549,8198,13642966,190,1941784,12638,379,3
165.1737,8199,13642986,190,1941820,12638,268,3
165.1948,8200,13643006,190,1941855,12638,237,3
165.2140,8201,13643026,190,1941891,12638,345,3
165.2354,8202,13643046,190,1941928,12852,200,3
165.2547,8203,13643066,190,1941965,12852,258,3
165.2756,8204,13643086,190,1942003,12852,185,3
165.2946,8205,13643106,190,1942041,12852,262,3
165.3204,8206,13643126,190,1942080,12852,187,3
165.3353,8207,13643146,190,1942119,13566,220,3
165.3543,8208,13643166,190,1942153,13566,243,3
165.3753,8209,13643186,190,1942183,13566,337,3
165.3944,8210,13643206,190,1942215,13566,309,3
165.4143,8211,13643226,190,1942247,13566,328,3
165.4337,8212,13643246,190,1942279,11567,285,3
165.4550,8213,13643266,190,1942312,11567,240,3
165.4741,8214,13643286,190,1942348,11567,224,3
165.4957,8215,13643306,190,1942384,11567,248,3
165.5151,8216,13643326,190,1942420,11567,214,3
165.5341,8217,13643346,190,1942458,12709,258,3
165.5552,8218,13643366,190,1942495,12709,226,3
165.5740,8219,13643386,190,1942530,12709,360,3
165.5953,8220,13643406,190,1942565,12709,246,3
165.6152,8221,13643426,190,1942600,12709,203,3
165.6351,8222,13643446,190,1942636,12709,264,3
165.6550,8223,13643466,190,1942672,12709,203,3
165.6739,8224,13643486,190,1942709,12709,217,3
165.6951,8225,13643506,190,1942747,12709,214,3
165.7142,8226,13643526,190,1942785,12709,230,3
165.7335,8227,13643546,190,1942822,13280,240,3
165.7547,8228,13643566,190,1942856,13280,288,3
165.7739,8229,13643586,190,1942887,13280,364,3
165.7951,8230,13643606,190,1942917,13280,354,3
165.8218,8231,13643626,190,1942950,13280,302,3
165.8347,8232,13643646,190,1942983,11567,246,3
165.8539,8233,13643666,190,1943018,11567,235,3
165.8749,8234,13643686,190,1943053,11567,278,3
165.8943,8235,13643706,190,1943090,11567,211,3
165.9138,8236,13643726,190,1943127,11567,332,3
165.9351,8237,13643746,190,1943163,12780,300,3
165.9541,8238,13643766,190,1943197,12780,264,3
165.9751,8239,13643786,190,1943232,12780,268,3
165.9943,8240,13643806,190,1943267,12780,294,3
166.0138,8241,13643826,190,1943302,12780,283,3
166.0356,8242,13643846,190,1943337,12423,231,3
166.0548,8243,13643866,190,1943373,12423,272,3
166.0741,8244,13643886,190,1943410,12423,219,3
166.0953,8245,13643906,190,1943447,12423,311,3
166.1152,8246,13643926,190,1943485,12423,233,3
166.1346,8247,13643946,190,1943521,13137,248,3
166.1537,8248,13643966,190,1943556,13137,403,3
166.1750,8249,13643986,190,1943588,13137,317,3
166.1945,8250,13644006,190,1943620,13137,428,3
166.2142,8251,13644026,190,1943652,13137,304,3
166.2340,8252,13644046,190,1943685,11781,321,3
166.2540,8253,13644066,190,1943720,11781,261,3
166.2752,8254,13644086,190,1943756,11781,217,3
166.2946,8255,13644106,190,1943792,11781,222,3
166.3210,8256,13644126,190,1943829,11781,235,3
166.3341,8257,13644146,190,1943868,12923,219,3
166.3553,8258,13644166,190,1943906,12923,247,3
166.3743,8259,13644186,190,1943944,12923,199,3
166.3956,8260,13644206,190,1943979,12923,257,3
166.4152,8261,13644226,190,1944014,12923,313,3
166.4345,8262,13644246,190,1944049,13066,247,3
166.4537,8263,13644266,190,1944085,13066,231,3
166.4747,8264,13644286,190,1944122,13066,268,3
166.4938,8265,13644306,190,1944160,13066,171,3
166.5153,8266,13644326,190,1944197,13066,240,3
166.5344,8267,13644346,190,1944234,13209,246,3
166.5537,8268,13644366,190,1944268,13209,321,3
166.5750,8269,13644386,190,1944299,13209,350,3
166.5941,8270,13644406,190,1944329,13209,273,3
166.6159,8271,13644426,190,1944361,13209,279,3
166.6352,8272,13644446,190,1944394,11424,221,3
166.6545,8273,13644466,190,1944429,11424,342,3
166.6756,8274,13644486,190,1944465,11424,208,3
166.6947,8275,13644506,190,1944502,11424,221,3
166.7140,8276,13644526,190,1944540,11424,225,3
166.7355,8277,13644546,190,1944577,12995,261,3
166.7547,8278,13644566,190,1944613,12995,251,3
166.7736,8279,13644586,190,1944649,12995,192,3
166.7950,8280,13644606,190,1944686,12995,348,3
166.8207,8281,13644626,190,1944723,12995,188,3
166.8356,8282,13644646,190,1944760,13066,278,3
166.8547,8283,13644666,190,1944797,13066,168,3
166.8736,8284,13644686,190,1944836,13066,279,3
166.8948,8285,13644706,190,1944874,13066,184,3
166.9141,8286,13644726,190,1944912,13066,195,3
166.9337,8287,13644746,190,1944948,13494,257,3
166.9549,8288,13644766,190,1944981,13494,332,3
166.9740,8289,13644786,190,1945013,13494,331,3
166.9951,8290,13644806,190,1945046,13494,333,3
167.0143,8291,13644826,190,1945080,13494,326,3
167.0356,8292,13644846,190,1945114,11852,321,3
167.0548,8293,13644866,190,1945149,11852,226,3
167.0738,8294,13644886,190,1945186,11852,251,3
167.0951,8295,13644906,190,1945223,11852,189,3
167.1142,8296,13644926,190,1945261,11852,300,3
167.1337,8297,13644946,190,1945299,13137,203,3
167.1548,8298,13644966,190,1945335,13137,246,3
167.1737,8299,13644986,190,1945371,13137,256,3
167.1948,8300,13645006,190,1945407,13137,206,3
167.2143,8301,13645026,190,1945444,13137,212,3
167.2337,8302,13645046,190,1945482,13066,162,3
167.2552,8303,13645066,190,1945520,13066,199,3
167.2740,8304,13645086,190,1945559,13066,296,3
167.2955,8305,13645106,190,1945598,13066,206,3
167.3214,8306,13645126,190,1945636,13066,259,3
167.3341,8307,13645146,190,1945669,13494,361,3
167.3553,8308,13645166,190,1945701,13494,297,3
167.3741,8309,13645186,190,1945733,13494,352,3
167.3953,8310,13645206,190,1945766,13494,296,3
167.4154,8311,13645226,190,1945800,13494,240,3
167.4347,8312,13645246,190,1945835,11709,252,3
167.4537,8313,13645266,190,1945871,11709,242,3
167.4746,8314,13645286,190,1945908,11709,199,3
167.4957,8315,13645306,190,1945945,11709,270,3
167.5149,8316,13645326,190,1945984,11709,195,3
167.5342,8317,13645346,190,1946022,13352,220,3
167.5554,8318,13645366,190,1946059,13352,209,3
167.5743,8319,13645386,190,1946095,13352,304,3
167.5956,8320,13645406,190,1946132,13352,210,3
167.6150,8321,13645426,190,1946169,13352,256,3
167.6342,8322,13645446,190,1946208,13209,162,3
167.6536,8323,13645466,190,1946246,13209,214,3
167.6745,8324,13645486,190,1946285,13209,279,3
167.6936,8325,13645506,190,1946324,13209,199,3
167.7149,8326,13645526,190,1946359,13209,336,3
167.7342,8327,13645546,190,1946391,13209,397,3
167.7555,8328,13645566,190,1946424,13209,338,3
167.7744,8329,13645586,190,1946456,13209,461,3
167.7956,8330,13645606,190,1946490,13209,337,3
167.8215,8331,13645626,190,1946524,13209,253,3
167.8342,8332,13645646,190,1946560,11995,227,3
167.8553,8333,13645666,190,1946597,11995,214,3
167.8743,8334,13645686,190,1946635,11995,177,3
167.8953,8335,13645706,190,1946672,11995,198,3
167.9146,8336,13645726,190,1946711,11995,285,3
167.9339,8337,13645746,190,1946748,13423,253,3
167.9551,8338,13645766,190,1946784,13423,224,3
167.9740,8339,13645786,190,1946820,13423,278,3
167.9952,8340,13645806,190,1946857,13423,195,3
168.0145,8341,13645826,190,1946895,13423,212,3
168.0340,8342,13645846,190,1946933,13209,195,3
168.0553,8343,13645866,190,1946972,13209,187,3
168.0741,8344,13645886,190,1947010,13209,321,3
168.0953,8345,13645906,190,1947045,13209,315,3
168.1146,8346,13645926,190,1947075,13209,506,3
168.1340,8347,13645946,190,1947106,12423,350,3
168.1552,8348,13645966,190,1947137,12423,379,3
168.1740,8349,13645986,190,1947170,12423,318,3
168.1953,8350,13646006,190,1947204,12423,312,3
168.2145,8351,13646026,190,1947240,12423,235,3
168.2340,8352,13646046,190,1947276,12066,252,3
168.2554,8353,13646066,190,1947314,12066,209,3
168.2744,8354,13646086,190,1947351,12066,325,3
168.2954,8355,13646106,190,1947388,12066,247,3
168.3219,8356,13646126,190,1947424,12066,222,3
168.3348,8357,13646146,190,1947460,13137,300,3
168.3542,8358,13646166,190,1947497,13137,201,3
168.3751,8359,13646186,190,1947534,13137,261,3
168.3943,8360,13646206,190,1947572,13137,171,3
168.4141,8361,13646226,190,1947612,13137,171,3
168.4336,8362,13646246,190,1947652,13637,254,3
168.4548,8363,13646266,190,1947691,13637,187,3
168.4739,8364,13646286,190,1947728,13637,231,3
168.4950,8365,13646306,190,1947759,13637,487,3
168.5144,8366,13646326,190,1947787,13637,342,3
168.5340,8367,13646346,190,1947816,11924,363,3
168.5554,8368,13646366,190,1947847,11924,306,3
168.5743,8369,13646386,190,1947880,11924,283,3
168.5935,8370,13646406,190,1947915,11924,235,3
168.6147,8371,13646426,190,1947950,11924,354,3
168.6342,8372,13646446,190,1947987,12066,196,3
168.6536,8373,13646466,190,1948024,12066,268,3
168.6747,8374,13646486,190,1948061,12066,200,3
168.6937,8375,13646506,190,1948100,12066,279,3
168.7149,8376,13646526,190,1948137,12066,221,3
168.7341,8377,13646546,190,1948172,13280,263,3
168.7556,8378,13646566,190,1948208,13280,212,3
168.7746,8379,13646586,190,1948245,13280,205,3
168.7938,8380,13646606,190,1948283,13280,235,3
168.8222,8381,13646626,190,1948321,13280,187,3
168.8351,8382,13646646,190,1948360,13280,145,3
168.8544,8383,13646666,190,1948398,13280,334,3
168.8757,8384,13646686,190,1948433,13280,253,3
168.8948,8385,13646706,190,1948465,13280,325,3
168.9140,8386,13646726,190,1948493,13280,418,3
168.9355,8387,13646746,190,1948523,11852,329,3
168.9545,8388,13646766,190,1948555,11852,306,3
168.9756,8389,13646786,190,1948589,11852,352,3
168.9946,8390,13646806,190,1948624,11852,219,3
169.0138,8391,13646826,190,1948660,11852,226,3
169.0353,8392,13646846,190,1948696,12209,371,3
169.0547,8393,13646866,190,1948732,12209,251,3
169.0756,8394,13646886,190,1948768,12209,225,3
169.0946,8395,13646906,190,1948804,12209,291,3
169.1138,8396,13646926,190,1948841,12209,232,3
169.1352,8397,13646946,190,1948877,12923,265,3
169.1544,8398,13646966,190,1948914,12923,200,3
169.1755,8399,13646986,190,1948952,12923,336,3
169.1947,8400,13647006,190,1948991,12923,178,3
169.2140,8401,13647026,190,1949030,12923,172,3
169.2353,8402,13647046,190,1949069,13637,230,3
169.2544,8403,13647066,190,1949108,13637,195,3
169.2757,8404,13647086,190,1949143,13637,363,3
169.2947,8405,13647106,190,1949173,13637,344,3
169.3229,8406,13647126,190,1949204,13637,329,3
169.3337,8407,13647146,190,1949236,12138,320,3
169.3547,8408,13647166,190,1949268,12138,297,3
169.3737,8409,13647186,190,1949302,12138,295,3
169.3948,8410,13647206,190,1949336,12138,403,3
169.4143,8411,13647226,190,1949372,12138,231,3
169.4336,8412,13647246,190,1949409,12209,215,3
169.4547,8413,13647266,190,1949446,12209,241,3
169.4738,8414,13647286,190,1949482,12209,251,3
169.4947,8415,13647306,190,1949518,12209,272,3
169.5140,8416,13647326,190,1949555,12209,206,3
169.5353,8417,13647346,190,1949592,13066,334,3
169.5544,8418,13647366,190,1949630,13066,180,3
169.5752,8419,13647386,190,1949668,13066,217,3
169.5941,8420,13647406,190,1949707,13066,141,3
169.6155,8421,13647426,190,1949746,13066,158,3
169.6350,8422,13647446,190,1949785,13709,267,3
169.6542,8423,13647466,190,1949823,13709,241,3
169.6752,8424,13647486,190,1949854,13709,349,3
169.6940,8425,13647506,190,1949884,13709,342,3
169.7150,8426,13647526,190,1949916,13709,336,3
169.7342,8427,13647546,190,1949948,11781,323,3
169.7553,8428,13647566,190,1949981,11781,264,3
169.7742,8429,13647586,190,1950016,11781,233,3
169.7953,8430,13647606,190,1950052,11781,261,3
169.8148,8431,13647626,190,1950088,11781,184,3
169.8343,8432,13647646,190,1950125,12566,323,3
169.8536,8433,13647666,190,1950163,12566,198,3
169.8745,8434,13647686,190,1950200,12566,280,3
169.8955,8435,13647706,190,1950235,12566,267,3
169.9146,8436,13647726,190,1950271,12566,204,3
169.9339,8437,13647746,190,1950307,12995,254,3
169.9552,8438,13647766,190,1950344,12995,204,3
169.9740,8439,13647786,190,1950382,12995,313,3
169.9953,8440,13647806,190,1950420,12995,179,3
170.0144,8441,13647826,190,1950458,12995,222,3
170.0338,8442,13647846,190,1950496,13494,182,3
170.0555,8443,13647866,190,1950533,13494,318,3
170.0747,8444,13647886,190,1950565,13494,329,3
170.0936,8445,13647906,190,1950596,13494,450,3
170.1148,8446,13647926,190,1950628,13494,317,3
170.1342,8447,13647946,190,1950660,11781,429,3
170.1536,8448,13647966,190,1950693,11781,263,3
170.1747,8449,13647986,190,1950728,11781,224,3
170.1938,8450,13648006,190,1950763,11781,248,3
170.2152,8451,13648026,190,1950800,11781,206,3
170.2343,8452,13648046,190,1950836,12495,212,3
170.2538,8453,13648066,190,1950872,12495,384,3
170.2756,8454,13648086,190,1950908,12495,257,3
170.2946,8455,13648106,190,1950943,12495,237,3
170.3140,8456,13648126,190,1950979,12495,371,3
170.3338,8457,13648146,190,1951014,12780,254,3
170.3550,8458,13648166,190,1951050,12780,209,3
170.3741,8459,13648186,190,1951087,12780,264,3
170.3950,8460,13648206,190,1951124,12780,194,3
170.4147,8461,13648226,190,1951162,12780,254,3
170.4339,8462,13648246,190,1951200,13137,182,3
170.4552,8463,13648266,190,1951236,13137,377,3
170.4746,8464,13648286,190,1951268,13137,344,3
170.4936,8465,13648306,190,1951298,13137,439,3
170.5150,8466,13648326,190,1951329,13137,296,3
170.5343,8467,13648346,190,1951362,11709,392,3
170.5556,8468,13648366,190,1951396,11709,275,3
170.5746,8469,13648386,190,1951431,11709,236,3
170.5935,8470,13648406,190,1951467,11709,230,3
170.6147,8471,13648426,190,1951504,11709,209,3
170.6340,8472,13648446,190,1951540,12638,224,3
170.6551,8473,13648466,190,1951575,12638,334,3
170.6741,8474,13648486,190,1951609,12638,285,3
170.6950,8475,13648506,190,1951645,12638,254,3
170.7142,8476,13648526,190,1951680,12638,238,3
170.7356,8477,13648546,190,1951716,12566,247,3
170.7547,8478,13648566,190,1951752,12566,220,3
170.7737,8479,13648586,190,1951789,12566,293,3
170.7946,8480,13648606,190,1951826,12566,173,3
170.8137,8481,13648626,190,1951864,12566,258,3
170.8349,8482,13648646,190,1951901,13280,205,3
170.8544,8483,13648666,190,1951937,13280,309,3
170.8735,8484,13648686,190,1951972,13280,315,3
170.8944,8485,13648706,190,1952004,13280,438,3
170.9136,8486,13648726,190,1952036,13280,301,3
170.9351,8487,13648746,190,1952069,11995,344,3
170.9544,8488,13648766,190,1952103,11995,280,3
170.9738,8489,13648786,190,1952137,11995,195,3
170.9952,8490,13648806,190,1952174,11995,339,3
171.0148,8491,13648826,190,1952211,11995,194,3
171.0339,8492,13648846,190,1952248,12709,249,3
171.0554,8493,13648866,190,1952287,12709,180,3
171.0746,8494,13648886,190,1952324,12709,290,3
171.0954,8495,13648906,190,1952360,12709,264,3
171.1148,8496,13648926,190,1952395,12709,256,3
171.1340,8497,13648946,190,1952429,12995,354,3
171.1553,8498,13648966,190,1952464,12995,251,3
171.1744,8499,13648986,190,1952501,12995,220,3
171.1954,8500,13649006,190,1952538,12995,273,3
171.2146,8501,13649026,190,1952576,12995,200,3
171.2338,8502,13649046,190,1952613,12995,220,3
171.2553,8503,13649066,190,1952648,12995,269,3
171.2743,8504,13649086,190,1952679,12995,352,3
171.2952,8505,13649106,190,1952709,12995,391,3
171.3145,8506,13649126,190,1952740,12995,325,3
171.3341,8507,13649146,190,1952772,11567,364,3
171.3553,8508,13649166,190,1952806,11567,268,3
171.3746,8509,13649186,190,1952842,11567,192,3
171.3936,8510,13649206,190,1952878,11567,334,3
171.4155,8511,13649226,190,1952916,11567,200,3
171.4347,8512,13649246,190,1952953,12780,268,3
171.4542,8513,13649266,190,1952990,12780,225,3
171.4755,8514,13649286,190,1953025,12780,304,3
171.4945,8515,13649306,190,1953061,12780,240,3
171.5139,8516,13649326,190,1953098,12780,180,3
171.5355,8517,13649346,190,1953135,12995,265,3
171.5549,8518,13649366,190,1953172,12995,206,3
171.5742,8519,13649386,190,1953211,12995,246,3
171.5953,8520,13649406,190,1953249,12995,192,3
171.6147,8521,13649426,190,1953288,12995,174,3
171.6341,8522,13649446,190,1953326,13637,322,3
171.6538,8523,13649466,190,1953361,13637,261,3
171.6753,8524,13649486,190,1953394,13637,296,3
171.6943,8525,13649506,190,1953427,13637,265,3
171.7157,8526,13649526,190,1953461,13637,252,3
171.7354,8527,13649546,190,1953495,12138,365,3
171.7548,8528,13649566,190,1953531,12138,291,3
171.7739,8529,13649586,190,1953567,12138,206,3
171.7949,8530,13649606,190,1953604,12138,285,3
171.8142,8531,13649626,190,1953642,12138,190,3
171.8342,8532,13649646,190,1953680,13066,179,3
171.8555,8533,13649666,190,1953717,13066,231,3
171.8747,8534,13649686,190,1953753,13066,357,3
171.8937,8535,13649706,190,1953789,13066,224,3
171.9151,8536,13649726,190,1953826,13066,233,3
171.9344,8537,13649746,190,1953863,13137,206,3
171.9555,8538,13649766,190,1953901,13137,274,3
171.9747,8539,13649786,190,1953939,13137,160,3
171.9936,8540,13649806,190,1953977,13137,226,3
172.0149,8541,13649826,190,1954016,13137,184,3
172.0340,8542,13649846,190,1954052,13566,460,3
172.0536,8543,13649866,190,1954083,13566,366,3
172.0749,8544,13649886,190,1954115,13566,440,3
172.0940,8545,13649906,190,1954147,13566,363,3
172.1152,8546,13649926,190,1954179,13566,417,3
172.1348,8547,13649946,190,1954213,11495,264,3
172.1541,8548,13649966,190,1954249,11495,198,3
172.1753,8549,13649986,190,1954285,11495,317,3
172.1944,8550,13650006,190,1954323,11495,201,3
172.2137,8551,13650026,190,1954360,11495,257,3
172.2350,8552,13650046,190,1954398,13137,232,3
172.2543,8553,13650066,190,1954433,13137,263,3
172.2756,8554,13650086,190,1954468,13137,259,3
172.2950,8555,13650106,190,1954504,13137,205,3
172.3145,8556,13650126,190,1954541,13137,320,3
172.3341,8557,13650146,190,1954579,12923,178,3
172.3555,8558,13650166,190,1954617,12923,229,3
172.3746,8559,13650186,190,1954655,12923,155,3
172.3937,8560,13650206,190,1954694,12923,232,3
172.4159,8561,13650226,190,1954731,12923,243,3
172.4355,8562,13650246,190,1954765,13423,375,3
172.4555,8563,13650266,190,1954797,13423,428,3
172.4752,8564,13650286,190,1954829,13423,361,3
172.4944,8565,13650306,190,1954863,13423,418,3
172.5140,8566,13650326,190,1954896,13423,237,3
172.5358,8567,13650346,190,1954932,11781,226,3
172.5553,8568,13650366,190,1954968,11781,368,3
172.5750,8569,13650386,190,1955005,11781,204,3
172.5941,8570,13650406,190,1955043,11781,257,3
172.6158,8571,13650426,190,1955080,11781,172,3
172.6352,8572,13650446,190,1955118,13280,350,3
172.6547,8573,13650466,190,1955154,13280,209,3
172.6740,8574,13650486,190,1955191,13280,249,3
172.6952,8575,13650506,190,1955229,13280,189,3
172.7146,8576,13650526,190,1955267,13280,295,3
172.7338,8577,13650546,190,1955305,13280,183,3
172.7553,8578,13650566,190,1955344,13280,185,3
172.7749,8579,13650586,190,1955383,13280,215,3
172.7943,8580,13650606,190,1955421,13280,221,3
172.8156,8581,13650626,190,1955454,13280,301,3
172.8352,8582,13650646,190,1955484,12995,357,3
172.8543,8583,13650666,190,1955516,12995,357,3
172.8735,8584,13650686,190,1955548,12995,343,3
172.8946,8585,13650706,190,1955580,12995,323,3
172.9139,8586,13650726,190,1955615,12995,252,3
172.9353,8587,13650746,190,1955650,11709,332,3
172.9545,8588,13650766,190,1955687,11709,220,3
172.9738,8589,13650786,190,1955724,11709,203,3
172.9949,8590,13650806,190,1955761,11709,190,3
173.0142,8591,13650826,190,1955798,11709,281,3
173.0338,8592,13650846,190,1955834,13137,227,3
173.0552,8593,13650866,190,1955870,13137,222,3
173.0747,8594,13650886,190,1955907,13137,341,3
173.0937,8595,13650906,190,1955944,13137,179,3
173.1149,8596,13650926,190,1955982,13137,227,3
173.1345,8597,13650946,190,1956021,13280,178,3
173.1541,8598,13650966,190,1956060,13280,157,3
173.1752,8599,13650986,190,1956100,13280,310,3
173.1941,8600,13651006,190,1956134,13280,338,3
173.2152,8601,13651026,190,1956164,13280,494,3
173.2347,8602,13651046,190,1956193,12495,352,3
173.2538,8603,13651066,190,1956224,12495,280,3
173.2754,8604,13651086,190,1956256,12495,279,3
173.2949,8605,13651106,190,1956289,12495,296,3
173.3166,8606,13651126,190,1956324,12495,249,3
173.3339,8607,13651146,190,1956360,11781,201,3
173.3556,8608,13651166,190,1956397,11781,316,3
173.3754,8609,13651186,190,1956435,11781,190,3
173.3946,8610,13651206,190,1956472,11781,248,3
173.4140,8611,13651226,190,1956510,11781,210,3
173.4355,8612,13651246,190,1956546,13280,317,3
173.4551,8613,13651266,190,1956582,13280,233,3
173.4743,8614,13651286,190,1956619,13280,211,3
173.4954,8615,13651306,190,1956656,13280,200,3
173.5149,8616,13651326,190,1956695,13280,288,3
173.5349,8617,13651346,190,1956734,13423,171,3
173.5547,8618,13651366,190,1956773,13423,182,3
173.5741,8619,13651386,190,1956811,13423,200,3
173.5954,8620,13651406,190,1956845,13423,424,3
173.6147,8621,13651426,190,1956876,13423,345,3
173.6338,8622,13651446,190,1956905,12352,338,3
173.6555,8623,13651466,190,1956936,12352,270,3
173.6747,8624,13651486,190,1956969,12352,270,3
173.6936,8625,13651506,190,1957003,12352,257,3
173.7146,8626,13651526,190,1957038,12352,360,3
173.7339,8627,13651546,190,1957075,11995,214,3
173.7553,8628,13651566,190,1957111,11995,254,3
173.7746,8629,13651586,190,1957148,11995,245,3
173.7935,8630,13651606,190,1957184,11995,216,3
173.8170,8631,13651626,190,1957220,11995,225,3
173.8344,8632,13651646,190,1957257,12995,178,3
173.8536,8633,13651666,190,1957295,12995,309,3
173.8748,8634,13651686,190,1957332,12995,201,3
173.8935,8635,13651706,190,1957371,12995,237,3
173.9145,8636,13651726,190,1957409,12995,184,3
173.9337,8637,13651746,190,1957449,13637,124,3
173.9551,8638,13651766,190,1957489,13637,174,3
173.9742,8639,13651786,190,1957526,13637,299,3
173.9952,8640,13651806,190,1957558,13637,338,3
174.0145,8641,13651826,190,1957589,13637,333,3
174.0339,8642,13651846,190,1957621,12495,296,3
174.0552,8643,13651866,190,1957653,12495,338,3
174.0744,8644,13651886,190,1957685,12495,289,3
174.0955,8645,13651906,190,1957719,12495,384,3
174.1148,8646,13651926,190,1957755,12495,257,3
174.1345,8647,13651946,190,1957791,11995,200,3
174.1540,8648,13651966,190,1957828,11995,342,3
174.1752,8649,13651986,190,1957863,11995,265,3
174.1942,8650,13652006,190,1957897,11995,206,3
174.2135,8651,13652026,190,1957933,11995,333,3
174.2350,8652,13652046,190,1957970,12780,209,3
174.2542,8653,13652066,190,1958006,12780,235,3
174.2755,8654,13652086,190,1958043,12780,245,3
174.2945,8655,13652106,190,1958080,12780,193,3
174.3139,8656,13652126,190,1958117,12780,209,3
174.3336,8657,13652146,190,1958155,13209,169,3
174.3547,8658,13652166,190,1958193,13209,184,3
174.3743,8659,13652186,190,1958229,13209,331,3
174.3953,8660,13652206,190,1958260,13209,380,3
174.4147,8661,13652226,190,1958289,13209,323,3
174.4340,8662,13652246,190,1958320,11924,321,3
174.4556,8663,13652266,190,1958352,11924,258,3
174.4748,8664,13652286,190,1958385,11924,263,3
174.4937,8665,13652306,190,1958420,11924,254,3
174.5147,8666,13652326,190,1958456,11924,268,3
174.5338,8667,13652346,190,1958492,12138,230,3
174.5552,8668,13652366,190,1958529,12138,265,3
174.5742,8669,13652386,190,1958566,12138,226,3
174.5952,8670,13652406,190,1958603,12138,211,3
174.6143,8671,13652426,190,1958640,12138,233,3
174.6338,8672,13652446,190,1958676,13137,225,3
174.6555,8673,13652466,190,1958713,13137,277,3
174.6748,8674,13652486,190,1958750,13137,171,3
174.6936,8675,13652506,190,1958788,13137,257,3
174.7151,8676,13652526,190,1958826,13137,194,3
174.7343,8677,13652546,190,1958865,13423,168,3
174.7556,8678,13652566,190,1958904,13423,235,3
174.7748,8679,13652586,190,1958940,13423,295,3
174.7937,8680,13652606,190,1958972,13423,359,3
174.8148,8681,13652626,190,1959004,13423,317,3
174.8346,8682,13652646,190,1959037,12423,305,3
174.8538,8683,13652666,190,1959070,12423,277,3
174.8748,8684,13652686,190,1959104,12423,251,3
174.8938,8685,13652706,190,1959139,12423,274,3
174.9148,8686,13652726,190,1959175,12423,220,3
174.9342,8687,13652746,190,1959212,12423,259,3
174.9535,8688,13652766,190,1959250,12423,189,3
174.9752,8689,13652786,190,1959287,12423,262,3
174.9942,8690,13652806,190,1959322,12423,294,3
175.0155,8691,13652826,190,1959357,12423,240,3
175.0349,8692,13652846,190,1959392,12852,237,3
175.0544,8693,13652866,190,1959428,12852,339,3
175.0755,8694,13652886,190,1959464,12852,204,3
175.0945,8695,13652906,190,1959501,12852,253,3
175.1137,8696,13652926,190,1959539,12852,189,3
175.1350,8697,13652946,190,1959577,13137,306,3
175.1539,8698,13652966,190,1959614,13137,203,3
175.1757,8699,13652986,190,1959649,13137,295,3
175.1946,8700,13653006,190,1959680,13137,333,3
175.2137,8701,13653026,190,1959711,13137,325,3
175.2347,8702,13653046,190,1959743,11995,274,3
175.2540,8703,13653066,190,1959776,11995,272,3
175.2755,8704,13653086,190,1959810,11995,341,3
175.2952,8705,13653106,190,1959845,11995,246,3
175.3147,8706,13653126,190,1959882,11995,176,3
175.3347,8707,13653146,190,1959919,12495,270,3
175.3542,8708,13653166,190,1959955,12495,248,3
175.3755,8709,13653186,190,1959990,12495,259,3
175.3945,8710,13653206,190,1960025,12495,371,3
175.4141,8711,13653226,190,1960060,12495,249,3
175.4337,8712,13653246,190,1960096,12638,225,3
175.4554,8713,13653266,190,1960132,12638,332,3
175.4746,8714,13653286,190,1960168,12638,198,3
175.4936,8715,13653306,190,1960205,12638,253,3
175.5150,8716,13653326,190,1960243,12638,200,3
175.5342,8717,13653346,190,1960280,13137,373,3
175.5556,8718,13653366,190,1960316,13137,269,3
175.5747,8719,13653386,190,1960352,13137,264,3
175.5936,8720,13653406,190,1960384,13137,310,3
175.6147,8721,13653426,190,1960416,13137,305,3
175.6340,8722,13653446,190,1960449,12138,325,3
175.6554,8723,13653466,190,1960483,12138,326,3
175.6747,8724,13653486,190,1960517,12138,309,3
175.6944,8725,13653506,190,1960552,12138,209,3
175.7141,8726,13653526,190,1960589,12138,246,3
175.7336,8727,13653546,190,1960627,12566,209,3
175.7553,8728,13653566,190,1960664,12566,328,3
175.7746,8729,13653586,190,1960703,12566,195,3
175.7938,8730,13653606,190,1960740,12566,256,3
175.8151,8731,13653626,190,1960776,12566,246,3
175.8351,8732,13653646,190,1960811,13209,256,3
175.8544,8733,13653666,190,1960845,13209,301,3
175.8739,8734,13653686,190,1960881,13209,229,3
175.8953,8735,13653706,190,1960918,13209,264,3
175.9144,8736,13653726,190,1960956,13209,237,3
175.9339,8737,13653746,190,1960993,12995,194,3
175.9556,8738,13653766,190,1961029,12995,281,3
175.9747,8739,13653786,190,1961063,12995,327,3
175.9935,8740,13653806,190,1961094,12995,381,3
176.0148,8741,13653826,190,1961124,12995,329,3
176.0340,8742,13653846,190,1961156,11709,425,3
176.0538,8743,13653866,190,1961189,11709,267,3
176.0749,8744,13653886,190,1961224,11709,222,3
176.0938,8745,13653906,190,1961260,11709,262,3
176.1149,8746,13653926,190,1961296,11709,206,3
176.1342,8747,13653946,190,1961334,12638,216,3
176.1536,8748,13653966,190,1961372,12638,243,3
176.1749,8749,13653986,190,1961408,12638,236,3
176.1939,8750,13654006,190,1961442,12638,275,3
176.2154,8751,13654026,190,1961478,12638,261,3
176.2352,8752,13654046,190,1961514,12852,212,3
176.2546,8753,13654066,190,1961552,12852,208,3
176.2739,8754,13654086,190,1961589,12852,189,3
176.2952,8755,13654106,190,1961627,12852,208,3
176.3147,8756,13654126,190,1961665,12852,246,3
176.3364,8757,13654146,190,1961704,13494,180,3
176.3539,8758,13654166,190,1961741,13494,322,3
176.3751,8759,13654186,190,1961774,13494,466,3
176.3941,8760,13654206,190,1961806,13494,380,3
176.4156,8761,13654226,190,1961839,13494,443,3
176.4351,8762,13654246,190,1961871,12066,288,3
176.4548,8763,13654266,190,1961905,12066,263,3
176.4740,8764,13654286,190,1961940,12066,227,3
176.4949,8765,13654306,190,1961976,12066,265,3
176.5139,8766,13654326,190,1962013,12066,212,3
176.5351,8767,13654346,190,1962052,12780,309,3
176.5548,8768,13654366,190,1962089,12780,195,3
176.5745,8769,13654386,190,1962126,12780,302,3
176.5941,8770,13654406,190,1962162,12780,257,3
176.6135,8771,13654426,190,1962198,12780,268,3
176.6351,8772,13654446,190,1962235,13137,243,3
176.6543,8773,13654466,190,1962273,13137,180,3
176.6736,8774,13654486,190,1962311,13137,176,3
176.6949,8775,13654506,190,1962350,13137,290,3
176.7141,8776,13654526,190,1962388,13137,185,3
176.7355,8777,13654546,190,1962427,13709,241,3
176.7547,8778,13654566,190,1962462,13709,316,3
176.7738,8779,13654586,190,1962493,13709,316,3
176.7949,8780,13654606,190,1962526,13709,262,3
176.8142,8781,13654626,190,1962560,13709,284,3
176.8379,8782,13654646,190,1962593,11924,257,3
176.8550,8783,13654666,190,1962628,11924,349,3
176.8742,8784,13654686,190,1962664,11924,217,3
176.8951,8785,13654706,190,1962700,11924,236,3
176.9142,8786,13654726,190,1962738,11924,201,3
176.9358,8787,13654746,190,1962776,12995,325,3
176.9551,8788,13654766,190,1962814,12995,225,3
176.9742,8789,13654786,190,1962850,12995,262,3
176.9951,8790,13654806,190,1962886,12995,254,3
177.0141,8791,13654826,190,1962923,12995,225,3
177.0355,8792,13654846,190,1962960,13137,216,3
177.0549,8793,13654866,190,1962997,13137,187,3
177.0738,8794,13654886,190,1963035,13137,192,3
177.0947,8795,13654906,190,1963073,13137,247,3
177.1137,8796,13654926,190,1963112,13137,188,3
177.1349,8797,13654946,190,1963148,13423,294,3
177.1543,8798,13654966,190,1963180,13423,343,3
177.1736,8799,13654986,190,1963212,13423,315,3
177.1951,8800,13655006,190,1963244,13423,352,3
177.2150,8801,13655026,190,1963277,13423,325,3
177.2348,8802,13655046,190,1963312,11709,259,3
177.2542,8803,13655066,190,1963348,11709,231,3
177.2736,8804,13655086,190,1963385,11709,265,3
177.2950,8805,13655106,190,1963422,11709,211,3
177.3139,8806,13655126,190,1963460,11709,249,3
177.3399,8807,13655146,190,1963498,13280,229,3
177.3550,8808,13655166,190,1963534,13280,291,3
177.3740,8809,13655186,190,1963571,13280,236,3
177.3949,8810,13655206,190,1963608,13280,345,3
177.4141,8811,13655226,190,1963645,13280,192,3
177.4338,8812,13655246,190,1963684,13209,203,3
177.4539,8813,13655266,190,1963723,13209,145,3
177.4741,8814,13655286,190,1963761,13209,189,3
177.4954,8815,13655306,190,1963800,13209,339,3
177.5151,8816,13655326,190,1963836,13209,309,3
177.5346,8817,13655346,190,1963868,13352,368,3
177.5538,8818,13655366,190,1963898,13352,333,3
177.5753,8819,13655386,190,1963929,13352,486,3
177.5942,8820,13655406,190,1963961,13352,334,3
177.6135,8821,13655426,190,1963996,13352,290,3
177.6348,8822,13655446,190,1964031,11495,208,3
177.6544,8823,13655466,190,1964068,11495,253,3
177.6742,8824,13655486,190,1964105,11495,173,3
177.6938,8825,13655506,190,1964143,11495,251,3
177.7156,8826,13655526,190,1964181,11495,229,3
177.7352,8827,13655546,190,1964217,13352,241,3
177.7548,8828,13655566,190,1964253,13352,217,3
177.7746,8829,13655586,190,1964291,13352,325,3
177.7940,8830,13655606,190,1964328,13352,179,3
177.8154,8831,13655626,190,1964367,13352,192,3
177.8413,8832,13655646,190,1964406,13352,187,3
177.8542,8833,13655666,190,1964445,13352,153,3
177.8757,8834,13655686,190,1964485,13352,235,3
177.8949,8835,13655706,190,1964522,13352,247,3
177.9146,8836,13655726,190,1964555,13352,265,3
177.9344,8837,13655746,190,1964583,12852,411,3
177.9542,8838,13655766,190,1964612,12852,470,3
177.9736,8839,13655786,190,1964644,12852,315,3
177.9952,8840,13655806,190,1964677,12852,313,3
178.0141,8841,13655826,190,1964712,12852,256,3
178.0335,8842,13655846,190,1964748,11638,224,3
178.0550,8843,13655866,190,1964784,11638,210,3
178.0741,8844,13655886,190,1964822,11638,253,3
178.0952,8845,13655906,190,1964860,11638,189,3
178.1144,8846,13655926,190,1964899,11638,256,3
178.1335,8847,13655946,190,1964936,13423,215,3
178.1551,8848,13655966,190,1964971,13423,261,3
178.1741,8849,13655986,190,1965007,13423,224,3
178.1950,8850,13656006,190,1965044,13423,184,3
178.2142,8851,13656026,190,1965082,13423,217,3
178.2358,8852,13656046,190,1965121,13137,193,3
178.2556,8853,13656066,190,1965160,13137,171,3
178.2754,8854,13656086,190,1965198,13137,284,3
178.2947,8855,13656106,190,1965233,13137,285,3
178.3140,8856,13656126,190,1965264,13137,349,3
178.3426,8857,13656146,190,1965293,12566,503,3
178.3557,8858,13656166,190,1965324,12566,320,3
178.3756,8859,13656186,190,1965357,12566,366,3
178.3951,8860,13656206,190,1965391,12566,288,3
178.4145,8861,13656226,190,1965426,12566,253,3
178.4341,8862,13656246,190,1965463,11924,323,3
178.4537,8863,13656266,190,1965500,11924,233,3
178.4752,8864,13656286,190,1965537,11924,221,3
178.4947,8865,13656306,190,1965574,11924,241,3
178.5139,8866,13656326,190,1965611,11924,233,3
178.5353,8867,13656346,190,1965648,13209,211,3
178.5549,8868,13656366,190,1965685,13209,236,3
178.5748,8869,13656386,190,1965724,13209,211,3
178.5946,8870,13656406,190,1965762,13209,251,3
178.6136,8871,13656426,190,1965801,13209,135,3
178.6351,8872,13656446,190,1965841,13709,152,3
178.6542,8873,13656466,190,1965881,13709,221,3
178.6735,8874,13656486,190,1965920,13709,227,3
178.6953,8875,13656506,190,1965954,13709,349,3
178.7149,8876,13656526,190,1965985,13709,326,3
178.7344,8877,13656546,190,1966016,12709,304,3
178.7537,8878,13656566,190,1966049,12709,294,3
178.7750,8879,13656586,190,1966082,12709,354,3
178.7943,8880,13656606,190,1966116,12709,268,3
178.8152,8881,13656626,190,1966152,12709,211,3
178.8348,8882,13656646,190,1966189,12138,313,3
178.8549,8883,13656666,190,1966226,12138,200,3
178.8748,8884,13656686,190,1966264,12138,277,3
178.8942,8885,13656706,190,1966300,12138,242,3
178.9153,8886,13656726,190,1966337,12138,238,3
178.9346,8887,13656746,190,1966374,13280,241,3
178.9539,8888,13656766,190,1966412,13280,217,3
178.9735,8889,13656786,190,1966448,13280,209,3
178.9953,8890,13656806,190,1966486,13280,252,3
179.0147,8891,13656826,190,1966524,13280,221,3
179.0337,8892,13656846,190,1966563,13423,217,3
179.0553,8893,13656866,190,1966601,13423,163,3
179.0745,8894,13656886,190,1966637,13423,408,3
179.0937,8895,13656906,190,1966666,13423,321,3
179.1148,8896,13656926,190,1966696,13423,313,3
179.1337,8897,13656946,190,1966728,11924,290,3
179.1550,8898,13656966,190,1966760,11924,284,3
179.1744,8899,13656986,190,1966794,11924,222,3
179.1935,8900,13657006,190,1966829,11924,328,3
179.2147,8901,13657026,190,1966865,11924,212,3
179.2337,8902,13657046,190,1966902,12352,215,3
179.2553,8903,13657066,190,1966939,12352,245,3
179.2752,8904,13657086,190,1966976,12352,233,3
179.2951,8905,13657106,190,1967012,12352,253,3
179.3144,8906,13657126,190,1967048,12352,209,3
179.3339,8907,13657146,190,1967084,12995,296,3
179.3536,8908,13657166,190,1967121,12995,206,3
179.3749,8909,13657186,190,1967159,12995,249,3
179.3943,8910,13657206,190,1967197,12995,164,3
179.4154,8911,13657226,190,1967236,12995,268,3
179.4341,8912,13657246,190,1967274,13566,180,3
179.4539,8913,13657266,190,1967313,13566,189,3
179.4752,8914,13657286,190,1967348,13566,337,3
179.4942,8915,13657306,190,1967379,13566,321,3
179.5151,8916,13657326,190,1967411,13566,323,3
179.5343,8917,13657346,190,1967443,12138,273,3
179.5557,8918,13657366,190,1967476,12138,289,3
179.5751,8919,13657386,190,1967511,12138,320,3
179.5945,8920,13657406,190,1967547,12138,268,3
179.6141,8921,13657426,190,1967583,12138,210,3
179.6337,8922,13657446,190,1967621,12566,243,3
179.6556,8923,13657466,190,1967659,12566,204,3
179.6752,8924,13657486,190,1967697,12566,204,3
179.6945,8925,13657506,190,1967733,12566,243,3
179.7136,8926,13657526,190,1967769,12566,353,3
179.7350,8927,13657546,190,1967805,13209,226,3
179.7543,8928,13657566,190,1967842,13209,236,3
179.7736,8929,13657586,190,1967880,13209,177,3
179.7948,8930,13657606,190,1967918,13209,294,3
179.8140,8931,13657626,190,1967956,13209,192,3
179.8359,8932,13657646,190,1967995,13494,240,3
179.8552,8933,13657666,190,1968032,13494,238,3
179.8745,8934,13657686,190,1968065,13494,361,3
179.8937,8935,13657706,190,1968096,13494,325,3
179.9148,8936,13657726,190,1968128,13494,304,3
179.9341,8937,13657746,190,1968161,12066,305,3
179.9540,8938,13657766,190,1968196,12066,387,3
179.9740,8939,13657786,190,1968231,12066,257,3
179.9941,8940,13657806,190,1968267,12066,196,3
180.0154,8941,13657826,190,1968305,12066,220,3
180.0351,8942,13657846,190,1968343,12780,262,3
180.0550,8943,13657866,190,1968378,12780,272,3
180.0743,8944,13657886,190,1968413,12780,265,3
180.0935,8945,13657906,190,1968448,12780,240,3
180.1148,8946,13657926,190,1968485,12780,241,3
180.1341,8947,13657946,190,1968520,12780,216,3
180.1540,8948,13657966,190,1968556,12780,258,3
180.1753,8949,13657986,190,1968592,12780,242,3
180.1943,8950,13658006,190,1968629,12780,209,3
180.2153,8951,13658026,190,1968666,12780,270,3
180.2345,8952,13658046,190,1968703,12995,229,3
180.2538,8953,13658066,190,1968738,12995,277,3
180.2750,8954,13658086,190,1968772,12995,455,3
180.2940,8955,13658106,190,1968803,12995,371,3
180.3154,8956,13658126,190,1968835,12995,440,3
180.3354,8957,13658146,190,1968868,11852,336,3
180.3558,8958,13658166,190,1968901,11852,316,3
180.3756,8959,13658186,190,1968936,11852,238,3
180.3949,8960,13658206,190,1968973,11852,245,3
180.4141,8961,13658226,190,1969010,11852,225,3
180.4337,8962,13658246,190,1969048,12709,328,3
180.4552,8963,13658266,190,1969086,12709,184,3
180.4745,8964,13658286,190,1969125,12709,206,3
180.4939,8965,13658306,190,1969161,12709,198,3
180.5151,8966,13658326,190,1969197,12709,358,3
180.5345,8967,13658346,190,1969232,13209,238,3
180.5538,8968,13658366,190,1969268,13209,205,3
180.5751,8969,13658386,190,1969305,13209,336,3
180.5943,8970,13658406,190,1969342,13209,217,3
180.6154,8971,13658426,190,1969380,13209,219,3
180.6347,8972,13658446,190,1969418,13280,182,3
180.6541,8973,13658466,190,1969453,13280,385,3
180.6752,8974,13658486,190,1969484,13280,352,3
180.6945,8975,13658506,190,1969515,13280,361,3
180.7138,8976,13658526,190,1969546,13280,264,3
180.7352,8977,13658546,190,1969579,11495,286,3
180.7548,8978,13658566,190,1969613,11495,272,3
180.7741,8979,13658586,190,1969649,11495,254,3
180.7955,8980,13658606,190,1969685,11495,235,3
180.8145,8981,13658626,190,1969723,11495,235,3
180.8361,8982,13658646,190,1969761,12995,216,3
180.8557,8983,13658666,190,1969799,12995,233,3
180.8749,8984,13658686,190,1969835,12995,246,3
180.8942,8985,13658706,190,1969871,12995,241,3
180.9152,8986,13658726,190,1969908,12995,224,3
180.9344,8987,13658746,190,1969945,13137,270,3
180.9537,8988,13658766,190,1969984,13137,192,3
180.9753,8989,13658786,190,1970022,13137,188,3
180.9945,8990,13658806,190,1970060,13137,211,3
181.0134,8991,13658826,190,1970099,13137,183,3
181.0347,8992,13658846,190,1970137,13709,370,3
181.0539,8993,13658866,190,1970171,13709,317,3
181.0750,8994,13658886,190,1970203,13709,361,3
181.0942,8995,13658906,190,1970236,13709,316,3
181.1152,8996,13658926,190,1970270,13709,291,3
181.1342,8997,13658946,190,1970305,12066,279,3
181.1536,8998,13658966,190,1970341,12066,248,3
181.1750,8999,13658986,190,1970378,12066,179,3
181.1940,9000,13659006,190,1970416,12066,215,3
181.2150,9001,13659026,190,1970454,12066,240,3
181.2343,9002,13659046,190,1970492,13280,237,3
181.2538,9003,13659066,190,1970528,13280,230,3
181.2752,9004,13659086,190,1970565,13280,275,3
181.2946,9005,13659106,190,1970601,13280,231,3
181.3140,9006,13659126,190,1970639,13280,248,3
181.3334,9007,13659146,190,1970676,13137,180,3
181.3551,9008,13659166,190,1970714,13137,220,3
181.3745,9009,13659186,190,1970752,13137,192,3
181.3937,9010,13659206,190,1970791,13137,180,3
181.4150,9011,13659226,190,1970829,13137,275,3
181.4335,9012,13659246,190,1970863,13423,385,3
181.4550,9013,13659266,190,1970895,13423,315,3
181.4743,9014,13659286,190,1970928,13423,365,3
181.4943,9015,13659306,190,1970960,13423,256,3
181.5139,9016,13659326,190,1970994,13423,278,3
181.5353,9017,13659346,190,1971029,11852,248,3
181.5550,9018,13659366,190,1971065,11852,272,3
181.5745,9019,13659386,190,1971102,11852,209,3
181.5940,9020,13659406,190,1971140,11852,265,3
181.6155,9021,13659426,190,1971179,11852,198,3
181.6349,9022,13659446,190,1971216,13280,208,3
181.6548,9023,13659466,190,1971253,13280,219,3
181.6747,9024,13659486,190,1971289,13280,285,3
181.6939,9025,13659506,190,1971327,13280,212,3
181.7152,9026,13659526,190,1971365,13280,187,3
181.7348,9027,13659546,190,1971404,13352,183,3
181.7541,9028,13659566,190,1971442,13352,192,3
181.7739,9029,13659586,190,1971481,13352,267,3
181.7953,9030,13659606,190,1971520,13352,200,3
181.8146,9031,13659626,190,1971556,13352,331,3
181.8338,9032,13659646,190,1971587,13280,462,3
181.8553,9033,13659666,190,1971620,13280,293,3
181.8744,9034,13659686,190,1971653,13280,326,3
181.8938,9035,13659706,190,1971687,13280,268,3
181.9147,9036,13659726,190,1971722,13280,205,3
181.9339,9037,13659746,190,1971758,12066,338,3
181.9536,9038,13659766,190,1971795,12066,194,3
181.9756,9039,13659786,190,1971833,12066,251,3
181.9947,9040,13659806,190,1971871,12066,188,3
182.0136,9041,13659826,190,1971910,12066,236,3
182.0348,9042,13659846,190,1971947,13494,240,3
182.0540,9043,13659866,190,1971983,13494,230,3
182.0734,9044,13659886,190,1972020,13494,215,3
182.0945,9045,13659906,190,1972057,13494,301,3
182.1156,9046,13659926,190,1972095,13494,208,3
182.1345,9047,13659946,190,1972133,13209,200,3
182.1539,9048,13659966,190,1972172,13209,155,3
182.1749,9049,13659986,190,1972210,13209,226,3
182.1942,9050,13660006,190,1972244,13209,338,3
182.2152,9051,13660026,190,1972274,13209,359,3
182.2345,9052,13660046,190,1972305,12495,290,3
182.2536,9053,13660066,190,1972337,12495,306,3
182.2750,9054,13660086,190,1972369,12495,263,3
182.2941,9055,13660106,190,1972403,12495,269,3
182.3150,9056,13660126,190,1972438,12495,293,3
182.3340,9057,13660146,190,1972475,11995,257,3
182.3538,9058,13660166,190,1972512,11995,196,3
182.3752,9059,13660186,190,1972549,11995,262,3
182.3946,9060,13660206,190,1972586,11995,242,3
182.4136,9061,13660226,190,1972622,11995,290,3
182.4353,9062,13660246,190,1972658,13066,230,3
182.4548,9063,13660266,190,1972695,13066,311,3
182.4740,9064,13660286,190,1972733,13066,226,3
182.4954,9065,13660306,190,1972771,13066,225,3
182.5143,9066,13660326,190,1972809,13066,113,3
182.5336,9067,13660346,190,1972849,13566,173,3
182.5549,9068,13660366,190,1972889,13566,280,3
182.5740,9069,13660386,190,1972926,13566,290,3
182.5952,9070,13660406,190,1972957,13566,381,3
182.6144,9071,13660426,190,1972985,13566,369,3
182.6343,9072,13660446,190,1973015,11995,380,3
182.6543,9073,13660466,190,1973046,11995,329,3
182.6737,9074,13660486,190,1973080,11995,413,3
182.6949,9075,13660506,190,1973115,11995,267,3
182.7140,9076,13660526,190,1973150,11995,227,3
182.7355,9077,13660546,190,1973187,12209,329,3
182.7552,9078,13660566,190,1973224,12209,210,3
182.7744,9079,13660586,190,1973263,12209,238,3
182.7937,9080,13660606,190,1973301,12209,193,3
182.8145,9081,13660626,190,1973339,12209,254,3
182.8337,9082,13660646,190,1973374,13423,206,3
182.8535,9083,13660666,190,1973411,13423,253,3
182.8749,9084,13660686,190,1973448,13423,192,3
182.8943,9085,13660706,190,1973486,13423,269,3
182.9153,9086,13660726,190,1973525,13423,195,3
182.9344,9087,13660746,190,1973565,13494,209,3
182.9540,9088,13660766,190,1973602,13494,253,3
182.9754,9089,13660786,190,1973637,13494,323,3
182.9948,9090,13660806,190,1973668,13494,360,3
183.0138,9091,13660826,190,1973698,13494,391,3
183.0350,9092,13660846,190,1973729,11852,285,3
183.0544,9093,13660866,190,1973762,11852,344,3
183.0737,9094,13660886,190,1973796,11852,269,3
183.0949,9095,13660906,190,1973831,11852,231,3
183.1139,9096,13660926,190,1973868,11852,240,3
183.1352,9097,13660946,190,1973904,12423,208,3
183.1546,9098,13660966,190,1973941,12423,231,3
183.1738,9099,13660986,190,1973978,12423,281,3
183.1952,9100,13661006,190,1974014,12423,199,3
183.2149,9101,13661026,190,1974051,12423,262,3
183.2352,9102,13661046,190,1974088,13137,194,3
183.2547,9103,13661066,190,1974125,13137,317,3
183.2739,9104,13661086,190,1974164,13137,168,3
183.2954,9105,13661106,190,1974202,13137,225,3
183.3142,9106,13661126,190,1974242,13137,187,3
183.3337,9107,13661146,190,1974281,13709,105,3
183.3566,9108,13661166,190,1974319,13709,365,3
183.3741,9109,13661186,190,1974352,13709,296,3
183.3955,9110,13661206,190,1974383,13709,401,3
183.4152,9111,13661226,190,1974415,13709,329,3
183.4351,9112,13661246,190,1974447,11995,430,3
183.4547,9113,13661266,190,1974480,11995,273,3
183.4741,9114,13661286,190,1974513,11995,262,3
183.4953,9115,13661306,190,1974548,11995,247,3
183.5143,9116,13661326,190,1974584,11995,262,3
183.5356,9117,13661346,190,1974621,12352,215,3
183.5552,9118,13661366,190,1974658,12352,309,3
183.5745,9119,13661386,190,1974693,12352,237,3
183.5937,9120,13661406,190,1974730,12352,167,3
183.6150,9121,13661426,190,1974767,12352,289,3
183.6345,9122,13661446,190,1974804,13066,201,3
183.6541,9123,13661466,190,1974842,13066,247,3
183.6751,9124,13661486,190,1974880,13066,155,3
183.6943,9125,13661506,190,1974919,13066,188,3
183.7152,9126,13661526,190,1974957,13066,288,3
183.7344,9127,13661546,190,1974996,13709,178,3
183.7538,9128,13661566,190,1975033,13709,320,3
183.7752,9129,13661586,190,1975063,13709,432,3
183.7944,9130,13661606,190,1975093,13709,318,3
183.8134,9131,13661626,190,1975124,13709,286,3
183.8353,9132,13661646,190,1975157,11567,301,3
183.8568,9133,13661666,190,1975191,11567,334,3
183.8742,9134,13661686,190,1975225,11567,312,3
183.8941,9135,13661706,190,1975261,11567,226,3
183.9154,9136,13661726,190,1975298,11567,289,3
183.9346,9137,13661746,190,1975335,12638,192,3
183.9540,9138,13661766,190,1975373,12638,261,3
183.9753,9139,13661786,190,1975409,12638,231,3
183.9944,9140,13661806,190,1975444,12638,261,3
184.0153,9141,13661826,190,1975480,12638,291,3
184.0344,9142,13661846,190,1975517,12995,190,3
184.0536,9143,13661866,190,1975555,12995,307,3
184.0751,9144,13661886,190,1975592,12995,174,3
184.0943,9145,13661906,190,1975631,12995,232,3
184.1134,9146,13661926,190,1975669,12995,169,3
184.1346,9147,13661946,190,1975708,13566,194,3
184.1539,9148,13661966,190,1975744,13566,278,3
184.1753,9149,13661986,190,1975774,13566,327,3
184.1947,9150,13662006,190,1975806,13566,294,3
184.2141,9151,13662026,190,1975837,13566,309,3
184.2334,9152,13662046,190,1975869,11709,323,3
184.2550,9153,13662066,190,1975901,11709,281,3
184.2746,9154,13662086,190,1975936,11709,249,3
184.2937,9155,13662106,190,1975971,11709,267,3
184.3150,9156,13662126,190,1976008,11709,201,3
184.3350,9157,13662146,190,1976045,12423,309,3
184.3580,9158,13662166,190,1976080,12423,215,3
184.3752,9159,13662186,190,1976115,12423,269,3
184.3946,9160,13662206,190,1976149,12423,277,3
184.4138,9161,13662226,190,1976184,12423,329,3
184.4334,9162,13662246,190,1976219,12495,257,3
184.4550,9163,13662266,190,1976255,12495,219,3
184.4747,9164,13662286,190,1976292,12495,235,3
184.4947,9165,13662306,190,1976329,12495,173,3
184.5140,9166,13662326,190,1976366,12495,281,3
184.5353,9167,13662346,190,1976404,13137,195,3
184.5550,9168,13662366,190,1976440,13137,339,3
184.5744,9169,13662386,190,1976470,13137,386,3
184.5936,9170,13662406,190,1976501,13137,326,3
184.6150,9171,13662426,190,1976533,13137,317,3
184.6347,9172,13662446,190,1976566,11638,304,3
184.6541,9173,13662466,190,1976599,11638,377,3
184.6755,9174,13662486,190,1976634,11638,290,3
184.6951,9175,13662506,190,1976670,11638,211,3
184.7141,9176,13662526,190,1976707,11638,318,3
184.7355,9177,13662546,190,1976744,12638,220,3
184.7547,9178,13662566,190,1976780,12638,259,3
184.7744,9179,13662586,190,1976814,12638,384,3
184.7935,9180,13662606,190,1976849,12638,216,3
184.8153,9181,13662626,190,1976884,12638,232,3
184.8347,9182,13662646,190,1976920,12566,385,3
184.8589,9183,13662666,190,1976956,12566,269,3
184.8740,9184,13662686,190,1976992,12566,187,3
184.8954,9185,13662706,190,1977029,12566,254,3
184.9145,9186,13662726,190,1977067,12566,212,3
184.9342,9187,13662746,190,1977104,13137,227,3
184.9541,9188,13662766,190,1977140,13137,249,3
184.9737,9189,13662786,190,1977173,13137,313,3
184.9950,9190,13662806,190,1977205,13137,322,3
185.0139,9191,13662826,190,1977238,13137,318,3
185.0353,9192,13662846,190,1977271,11995,307,3
185.0548,9193,13662866,190,1977304,11995,419,3
185.0743,9194,13662886,190,1977340,11995,289,3
185.0935,9195,13662906,190,1977376,11995,205,3
185.1144,9196,13662926,190,1977413,11995,252,3
185.1336,9197,13662946,190,1977451,12709,203,3
185.1548,9198,13662966,190,1977489,12709,179,3
185.1741,9199,13662986,190,1977527,12709,246,3
185.1952,9200,13663006,190,1977564,12709,257,3
185.2141,9201,13663026,190,1977599,12709,245,3
185.2352,9202,13663046,190,1977633,13137,237,3
185.2544,9203,13663066,190,1977669,13137,291,3
185.2739,9204,13663086,190,1977705,13137,215,3
185.2954,9205,13663106,190,1977742,13137,249,3
185.3142,9206,13663126,190,1977780,13137,184,3
185.3335,9207,13663146,190,1977818,13137,268,3
185.3599,9208,13663166,190,1977852,13137,343,3
185.3750,9209,13663186,190,1977882,13137,414,3
185.3940,9210,13663206,190,1977913,13137,385,3
185.4149,9211,13663226,190,1977944,13137,449,3
185.4349,9212,13663246,190,1977976,11281,336,3
185.4542,9213,13663266,190,1978009,11281,360,3
185.4736,9214,13663286,190,1978045,11281,257,3
185.4951,9215,13663306,190,1978081,11281,240,3
185.5142,9216,13663326,190,1978119,11281,216,3
185.5353,9217,13663346,190,1978156,12852,265,3
185.5549,9218,13663366,190,1978194,12852,196,3
185.5742,9219,13663386,190,1978229,12852,240,3
185.5934,9220,13663406,190,1978264,12852,369,3
185.6145,9221,13663426,190,1978300,12852,240,3
185.6336,9222,13663446,190,1978337,12923,222,3
185.6549,9223,13663466,190,1978375,12923,215,3
185.6743,9224,13663486,190,1978413,12923,283,3
185.6934,9225,13663506,190,1978451,12923,177,3
185.7145,9226,13663526,190,1978490,12923,237,3
185.7336,9227,13663546,190,1978528,13637,193,3
185.7553,9228,13663566,190,1978563,13637,461,3
185.7747,9229,13663586,190,1978595,13637,361,3
185.7933,9230,13663606,170,1978627,13637,318,3
185.8144,9231,13663626,170,1978659,13637,259,3
185.8335,9232,13663646,170,1978691,11709,329,3
185.8549,9233,13663666,170,1978724,11709,245,3
185.8740,9234,13663686,170,1978757,11709,259,3
185.8934,9235,13663706,170,1978790,11709,216,3
185.9143,9236,13663726,170,1978824,11709,163,3
185.9355,9237,13663746,170,1978859,11924,190,3
185.9548,9238,13663766,170,1978893,11924,227,3
185.9739,9239,13663786,170,1978925,11924,307,3
185.9952,9240,13663806,170,1978956,11924,227,3
186.0140,9241,13663826,170,1978989,11924,294,3
186.0352,9242,13663846,170,1979022,11709,246,3
186.0546,9243,13663866,170,1979055,11709,265,3
186.0738,9244,13663886,170,1979089,11709,221,3
186.0952,9245,13663906,170,1979123,11709,192,3
186.1141,9246,13663926,170,1979157,11709,185,3
186.1353,9247,13663946,170,1979191,12066,227,3
186.1548,9248,13663966,170,1979225,12066,329,3
186.1738,9249,13663986,170,1979255,12066,347,3
186.1954,9250,13664006,170,1979282,12066,290,3
186.2143,9251,13664026,170,1979309,12066,414,3
186.2335,9252,13664046,170,1979337,10496,270,3
186.2550,9253,13664066,170,1979365,10496,269,3
186.2743,9254,13664086,170,1979394,10496,326,3
186.2940,9255,13664106,170,1979425,10496,221,3
186.3133,9256,13664126,170,1979456,10496,221,3
186.3347,9257,13664146,170,1979489,10781,200,3
186.3540,9258,13664166,170,1979522,10781,259,3
186.3736,9259,13664186,170,1979555,10781,241,3
186.3949,9260,13664206,170,1979588,10781,336,3
186.4143,9261,13664226,170,1979619,10781,280,3
186.4335,9262,13664246,170,1979651,11567,337,3
186.4550,9263,13664266,170,1979683,11567,254,3
186.4744,9264,13664286,170,1979716,11567,320,3
186.4938,9265,13664306,170,1979749,11567,212,3
186.5147,9266,13664326,170,1979782,11567,237,3
186.5341,9267,13664346,170,1979816,11709,190,3
186.5556,9268,13664366,170,1979850,11709,169,3
186.5750,9269,13664386,170,1979884,11709,227,3
186.5944,9270,13664406,170,1979919,11709,267,3
186.6135,9271,13664426,170,1979949,11709,371,3
186.6347,9272,13664446,170,1979976,11638,289,3
186.6543,9273,13664466,170,1980004,11638,313,3
186.6742,9274,13664486,170,1980031,11638,315,3
186.6943,9275,13664506,170,1980058,11638,366,3
186.7139,9276,13664526,170,1980087,11638,281,3
186.7353,9277,13664546,170,1980117,9996,256,3
186.7546,9278,13664566,170,1980149,9996,230,3
186.7742,9279,13664586,170,1980181,9996,233,3
186.7943,9280,13664606,170,1980215,9996,216,3
186.8142,9281,13664626,170,1980248,9996,323,3
186.8339,9282,13664646,170,1980281,11638,268,3
186.8537,9283,13664666,170,1980313,11638,311,3
186.8755,9284,13664686,170,1980346,11638,236,3
186.8947,9285,13664706,170,1980378,11638,243,3
186.9136,9286,13664726,170,1980412,11638,238,3
186.9345,9287,13664746,170,1980445,11709,171,3
186.9536,9288,13664766,170,1980479,11709,188,3
186.9750,9289,13664786,170,1980513,11709,169,3
186.9942,9290,13664806,170,1980548,11709,279,3
187.0152,9291,13664826,170,1980582,11709,180,3
187.0344,9292,13664846,170,1980616,12209,205,3
187.0535,9293,13664866,170,1980645,12209,323,3
187.0752,9294,13664886,170,1980671,12209,301,3
187.0943,9295,13664906,170,1980696,12209,515,3
187.1134,9296,13664926,170,1980722,12209,339,3
187.1342,9297,13664946,170,1980749,9567,299,3
187.1537,9298,13664966,170,1980777,9567,264,3
187.1753,9299,13664986,170,1980807,9567,241,3
187.1947,9300,13665006,170,1980838,9567,237,3
187.2136,9301,13665026,170,1980871,9567,219,3
187.2347,9302,13665046,170,1980904,10924,200,3
187.2538,9303,13665066,170,1980937,10924,194,3
187.2752,9304,13665086,170,1980969,10924,226,3
187.2952,9305,13665106,170,1981000,10924,217,3
187.3152,9306,13665126,170,1981032,10924,241,3
187.3346,9307,13665146,170,1981063,11424,251,3
187.3538,9308,13665166,170,1981095,11424,233,3
187.3753,9309,13665186,170,1981128,11424,204,3
187.3947,9310,13665206,170,1981160,11424,178,3
187.4138,9311,13665226,170,1981195,11424,157,3
187.4349,9312,13665246,170,1981229,11852,262,3
187.4541,9313,13665266,170,1981264,11852,179,3
187.4755,9314,13665286,170,1981298,11852,221,3
187.4946,9315,13665306,170,1981329,11852,265,3
187.5134,9316,13665326,170,1981355,11852,366,3
187.5344,9317,13665346,170,1981377,10853,381,3
187.5534,9318,13665366,170,1981400,10853,534,3
187.5748,9319,13665386,170,1981426,10853,334,3
187.5939,9320,13665406,170,1981453,10853,365,3
187.6149,9321,13665426,170,1981482,10853,279,3
187.6337,9322,13665446,170,1981512,9424,225,3
187.6553,9323,13665466,170,1981543,9424,229,3
187.6748,9324,13665486,170,1981575,9424,225,3
187.6942,9325,13665506,170,1981608,9424,214,3
187.7132,9326,13665526,170,1981641,9424,176,3
187.7344,9327,13665546,170,1981674,11495,206,3
187.7537,9328,13665566,170,1981707,11495,211,3
187.7753,9329,13665586,170,1981738,11495,230,3
187.7968,9330,13665606,170,1981770,11495,188,3
187.8142,9331,13665626,170,1981802,11495,209,3
187.8350,9332,13665646,170,1981835,11495,195,3
187.8544,9333,13665666,170,1981869,11495,267,3
187.8738,9334,13665686,170,1981904,11495,182,3
187.8951,9335,13665706,170,1981940,11495,151,3
187.9144,9336,13665726,170,1981974,11495,232,3
187.9334,9337,13665746,170,1982006,12281,225,3
187.9551,9338,13665766,170,1982037,12281,290,3
187.9745,9339,13665786,170,1982063,12281,512,3
187.9936,9340,13665806,170,1982087,12281,396,3
188.0151,9341,13665826,170,1982112,12281,323,3
188.0340,9342,13665846,170,1982139,9567,326,3
188.0554,9343,13665866,170,1982167,9567,344,3
188.0746,9344,13665886,170,1982196,9567,256,3
188.0939,9345,13665906,170,1982227,9567,217,3
188.1150,9346,13665926,170,1982259,9567,233,3
188.1340,9347,13665946,170,1982291,10710,200,3
188.1552,9348,13665966,170,1982323,10710,240,3
188.1748,9349,13665986,170,1982356,10710,206,3
188.1947,9350,13666006,170,1982388,10710,230,3
188.2142,9351,13666026,170,1982420,10710,217,3
188.2354,9352,13666046,170,1982453,11567,217,3
188.2552,9353,13666066,170,1982485,11567,224,3
188.2750,9354,13666086,170,1982518,11567,216,3
188.2943,9355,13666106,170,1982552,11567,312,3
188.3136,9356,13666126,170,1982586,11567,225,3
188.3349,9357,13666146,170,1982621,11995,112,3
188.3540,9358,13666166,170,1982657,11995,174,3
188.3736,9359,13666186,170,1982692,11995,219,3
188.3949,9360,13666206,170,1982724,11995,389,3
188.4142,9361,13666226,170,1982752,11995,316,3
188.4336,9362,13666246,170,1982778,11352,358,3
188.4551,9363,13666266,170,1982803,11352,321,3
188.4742,9364,13666286,170,1982830,11352,460,3
188.4955,9365,13666306,170,1982857,11352,256,3
188.5147,9366,13666326,170,1982885,11352,280,3
188.5341,9367,13666346,170,1982916,9710,370,3
188.5533,9368,13666366,170,1982946,9710,246,3
188.5750,9369,13666386,170,1982978,9710,301,3
188.5946,9370,13666406,170,1983011,9710,247,3
188.6140,9371,13666426,170,1983042,9710,299,3
188.6351,9372,13666446,170,1983072,11210,236,3
188.6542,9373,13666466,170,1983103,11210,211,3
188.6735,9374,13666486,170,1983135,11210,230,3
188.6949,9375,13666506,170,1983165,11210,229,3
188.7146,9376,13666526,170,1983196,11210,269,3
188.7341,9377,13666546,170,1983228,11067,268,3
188.7536,9378,13666566,170,1983260,11067,188,3
188.7754,9379,13666586,170,1983293,11067,229,3
188.7951,9380,13666606,170,1983327,11067,163,3
188.8157,9381,13666626,170,1983360,11067,179,3
188.8347,9382,13666646,170,1983394,11852,224,3
188.8537,9383,13666666,170,1983425,11852,331,3
188.8751,9384,13666686,170,1983452,11852,355,3
188.8943,9385,13666706,170,1983477,11852,374,3
188.9154,9386,13666726,170,1983502,11852,444,3
188.9343,9387,13666746,170,1983528,9710,333,3
188.9534,9388,13666766,170,1983556,9710,418,3
188.9748,9389,13666786,170,1983585,9710,256,3
188.9939,9390,13666806,170,1983616,9710,232,3
189.0152,9391,13666826,170,1983647,9710,210,3
189.0341,9392,13666846,170,1983680,10638,195,3
189.0534,9393,13666866,170,1983712,10638,188,3
189.0749,9394,13666886,170,1983745,10638,243,3
189.0945,9395,13666906,170,1983778,10638,221,3
189.1136,9396,13666926,170,1983810,10638,311,3
189.1354,9397,13666946,170,1983842,11638,246,3
189.1551,9398,13666966,170,1983873,11638,272,3
189.1749,9399,13666986,170,1983905,11638,222,3
189.1944,9400,13667006,170,1983938,11638,285,3
189.2135,9401,13667026,170,1983972,11638,211,3
189.2346,9402,13667046,170,1984006,11709,208,3
189.2537,9403,13667066,170,1984041,11709,150,3
189.2750,9404,13667086,170,1984076,11709,172,3
189.2945,9405,13667106,170,1984110,11709,300,3
189.3142,9406,13667126,170,1984143,11709,350,3
189.3353,9407,13667146,170,1984170,11852,369,3
189.3545,9408,13667166,170,1984196,11852,507,3
189.3740,9409,13667186,170,1984221,11852,342,3
189.3953,9410,13667206,170,1984248,11852,371,3
189.4145,9411,13667226,170,1984275,11852,280,3
189.4337,9412,13667246,170,1984305,9567,269,3
189.4549,9413,13667266,170,1984336,9567,238,3
189.4742,9414,13667286,170,1984368,9567,264,3
189.4933,9415,13667306,170,1984400,9567,180,3
189.5146,9416,13667326,170,1984433,9567,217,3
189.5338,9417,13667346,170,1984465,11424,211,3
189.5551,9418,13667366,170,1984496,11424,256,3
189.5746,9419,13667386,170,1984527,11424,311,3
189.5940,9420,13667406,170,1984556,11424,317,3
189.6133,9421,13667426,170,1984587,11424,232,3
189.6342,9422,13667446,170,1984617,10853,243,3
189.6536,9423,13667466,170,1984648,10853,235,3
189.6751,9424,13667486,170,1984680,10853,185,3
189.6945,9425,13667506,170,1984713,10853,187,3
189.7135,9426,13667526,170,1984747,10853,195,3
189.7345,9427,13667546,170,1984780,11638,215,3
189.7534,9428,13667566,170,1984814,11638,344,3
189.7749,9429,13667586,170,1984843,11638,327,3
189.7939,9430,13667606,170,1984869,11638,332,3
189.8155,9431,13667626,170,1984894,11638,325,3
189.8345,9432,13667646,170,1984920,10067,507,3
189.8536,9433,13667666,170,1984947,10067,333,3
189.8750,9434,13667686,170,1984975,10067,317,3
189.8940,9435,13667706,170,1985004,10067,300,3
189.9152,9436,13667726,170,1985035,10067,212,3
189.9340,9437,13667746,170,1985067,10353,230,3
189.9552,9438,13667766,170,1985100,10353,209,3
189.9746,9439,13667786,170,1985131,10353,253,3
189.9936,9440,13667806,170,1985162,10353,206,3
190.0147,9441,13667826,170,1985193,10353,254,3
190.0337,9442,13667846,170,1985223,11210,279,3
190.0548,9443,13667866,170,1985253,11210,236,3
190.0740,9444,13667886,170,1985284,11210,354,3
190.0954,9445,13667906,170,1985315,11210,285,3
190.1144,9446,13667926,170,1985346,11210,285,3
190.1333,9447,13667946,170,1985377,10995,212,3
190.1550,9448,13667966,170,1985410,10995,284,3
190.1743,9449,13667986,170,1985443,10995,240,3
190.1935,9450,13668006,170,1985476,10995,325,3
190.2147,9451,13668026,170,1985507,10995,256,3
190.2336,9452,13668046,170,1985539,11495,347,3
190.2549,9453,13668066,170,1985567,11495,307,3
190.2742,9454,13668086,170,1985594,11495,366,3
190.2954,9455,13668106,170,1985621,11495,313,3
190.3172,9456,13668126,170,1985648,11495,326,3
190.3340,9457,13668146,170,1985676,9924,265,3
190.3533,9458,13668166,170,1985706,9924,267,3
190.3748,9459,13668186,170,1985736,9924,205,3
190.3939,9460,13668206,170,1985768,9924,199,3
190.4152,9461,13668226,170,1985801,9924,178,3
190.4345,9462,13668246,170,1985834,11138,199,3
190.4538,9463,13668266,170,1985868,11138,182,3
190.4749,9464,13668286,170,1985902,11138,301,3
190.4944,9465,13668306,170,1985936,11138,221,3
190.5137,9466,13668326,170,1985967,11138,336,3
190.5347,9467,13668346,170,1985998,11781,316,3
190.5538,9468,13668366,170,1986029,11781,306,3
190.5754,9469,13668386,170,1986061,11781,252,3
190.5947,9470,13668406,170,1986093,11781,310,3
190.6139,9471,13668426,170,1986126,11781,262,3
190.6350,9472,13668446,170,1986160,11495,222,3
190.6542,9473,13668466,170,1986193,11495,193,3
190.6735,9474,13668486,170,1986227,11495,233,3
190.6950,9475,13668506,170,1986256,11495,333,3
190.7141,9476,13668526,170,1986281,11495,376,3
190.7353,9477,13668546,170,1986307,10638,470,3
190.7549,9478,13668566,170,1986332,10638,348,3
190.7748,9479,13668586,170,1986360,10638,347,3
190.7946,9480,13668606,170,1986389,10638,259,3
190.8185,9481,13668626,170,1986419,10638,254,3
190.8353,9482,13668646,170,1986451,10138,208,3
190.8543,9483,13668666,170,1986484,10138,214,3
190.8737,9484,13668686,170,1986517,10138,209,3
190.8950,9485,13668706,170,1986550,10138,203,3
190.9141,9486,13668726,170,1986584,10138,333,3
190.9350,9487,13668746,170,1986615,11781,273,3
190.9540,9488,13668766,170,1986645,11781,259,3
190.9753,9489,13668786,170,1986676,11781,231,3
190.9943,9490,13668806,170,1986708,11781,225,3
191.0154,9491,13668826,170,1986740,11781,209,3
191.0345,9492,13668846,170,1986773,11281,221,3
191.0537,9493,13668866,170,1986807,11281,220,3
191.0748,9494,13668886,170,1986840,11281,332,3
191.0942,9495,13668906,170,1986874,11281,238,3
191.1153,9496,13668926,170,1986908,11281,182,3
191.1341,9497,13668946,170,1986940,11924,317,3
191.1553,9498,13668966,170,1986968,11924,476,3
191.1748,9499,13668986,170,1986996,11924,325,3
191.1940,9500,13669006,170,1987024,11924,274,3
191.2152,9501,13669026,170,1987052,11924,334,3
191.2341,9502,13669046,170,1987081,10067,232,3
191.2553,9503,13669066,170,1987111,10067,270,3
191.2745,9504,13669086,170,1987142,10067,257,3
191.2939,9505,13669106,170,1987175,10067,240,3
191.3197,9506,13669126,170,1987208,10067,195,3
191.3344,9507,13669146,170,1987241,11352,214,3
191.3534,9508,13669166,170,1987274,11352,174,3
191.3749,9509,13669186,170,1987306,11352,233,3
191.3939,9510,13669206,170,1987338,11352,184,3
191.4153,9511,13669226,170,1987370,11352,215,3
191.4345,9512,13669246,170,1987403,11567,209,3
191.4538,9513,13669266,170,1987435,11567,222,3
191.4752,9514,13669286,170,1987468,11567,221,3
191.4943,9515,13669306,170,1987501,11567,291,3
191.5156,9516,13669326,170,1987535,11567,242,3
191.5346,9517,13669346,170,1987569,11852,209,3
191.5539,9518,13669366,170,1987603,11852,164,3
191.5735,9519,13669386,170,1987636,11852,281,3
191.5950,9520,13669406,170,1987663,11852,361,3
191.6143,9521,13669426,170,1987690,11852,327,3
191.6353,9522,13669446,170,1987717,10710,397,3
191.6544,9523,13669466,170,1987744,10710,284,3
191.6737,9524,13669486,170,1987772,10710,331,3
191.6953,9525,13669506,170,1987802,10710,321,3
191.7145,9526,13669526,170,1987833,10710,286,3
191.7335,9527,13669546,170,1987865,10424,332,3
191.7548,9528,13669566,170,1987898,10424,258,3
191.7742,9529,13669586,170,1987931,10424,227,3
191.7955,9530,13669606,170,1987965,10424,196,3
191.8212,9531,13669626,170,1987999,10424,199,3
191.8341,9532,13669646,170,1988031,11852,212,3
191.8552,9533,13669666,170,1988062,11852,219,3
191.8747,9534,13669686,170,1988094,11852,196,3
191.8940,9535,13669706,170,1988127,11852,204,3
191.9152,9536,13669726,170,1988160,11852,204,3
191.9343,9537,13669746,170,1988193,11567,167,3
191.9536,9538,13669766,170,1988227,11567,286,3
191.9750,9539,13669786,170,1988261,11567,208,3
191.9940,9540,13669806,170,1988296,11567,189,3
192.0153,9541,13669826,170,1988329,11567,243,3
192.0342,9542,13669846,170,1988358,11924,375,3
192.0539,9543,13669866,170,1988385,11924,313,3
192.0734,9544,13669886,170,1988412,11924,358,3
192.0949,9545,13669906,170,1988439,11924,412,3
192.1142,9546,13669926,170,1988467,11924,302,3
192.1350,9547,13669946,170,1988497,9853,252,3
192.1540,9548,13669966,170,1988528,9853,257,3
192.1755,9549,13669986,170,1988560,9853,206,3
192.1945,9550,13670006,170,1988593,9853,217,3
192.2134,9551,13670026,170,1988626,9853,200,3
192.2343,9552,13670046,170,1988660,11495,190,3
192.2534,9553,13670066,170,1988692,11495,224,3
192.2747,9554,13670086,170,1988724,11495,247,3
192.2939,9555,13670106,170,1988756,11495,216,3
192.3218,9556,13670126,170,1988788,11495,220,3
192.3344,9557,13670146,170,1988821,11567,212,3
192.3537,9558,13670166,170,1988854,11567,206,3
192.3751,9559,13670186,170,1988888,11567,304,3
192.3944,9560,13670206,170,1988921,11567,243,3
192.4136,9561,13670226,170,1988956,11567,184,3
192.4349,9562,13670246,170,1988990,12066,200,3
192.4538,9563,13670266,170,1989023,12066,238,3
192.4751,9564,13670286,170,1989051,12066,328,3
192.4945,9565,13670306,170,1989076,12066,354,3
192.5137,9566,13670326,170,1989101,12066,446,3
192.5347,9567,13670346,170,1989127,9924,384,3
192.5539,9568,13670366,170,1989153,9924,301,3
192.5754,9569,13670386,170,1989182,9924,273,3
192.5948,9570,13670406,170,1989212,9924,274,3
192.6137,9571,13670426,170,1989243,9924,246,3
192.6346,9572,13670446,170,1989276,10424,246,3
192.6536,9573,13670466,170,1989308,10424,217,3
192.6749,9574,13670486,170,1989342,10424,217,3
192.6943,9575,13670506,170,1989374,10424,204,3
192.7134,9576,13670526,170,1989406,10424,237,3
192.7343,9577,13670546,170,1989438,11638,199,3
192.7533,9578,13670566,170,1989470,11638,219,3
192.7748,9579,13670586,170,1989503,11638,188,3
192.7940,9580,13670606,170,1989536,11638,172,3
192.8217,9581,13670626,170,1989570,11638,237,3
192.8343,9582,13670646,170,1989605,11924,184,3
192.8553,9583,13670666,170,1989640,11924,168,3
192.8746,9584,13670686,170,1989675,11924,193,3
192.8939,9585,13670706,170,1989709,11924,232,3
192.9150,9586,13670726,170,1989739,11924,323,3
192.9339,9587,13670746,170,1989764,11567,538,3
192.9553,9588,13670766,170,1989787,11567,400,3
192.9749,9589,13670786,170,1989812,11567,345,3
192.9939,9590,13670806,170,1989840,11567,274,3
193.0153,9591,13670826,170,1989869,11567,350,3
193.0340,9592,13670846,170,1989899,9496,253,3
193.0553,9593,13670866,170,1989930,9496,243,3
193.0747,9594,13670886,170,1989962,9496,179,3
193.0945,9595,13670906,170,1989995,9496,219,3
193.1139,9596,13670926,170,1990028,9496,208,3
193.1351,9597,13670946,170,1990062,11567,297,3
193.1544,9598,13670966,170,1990096,11567,190,3
193.1739,9599,13670986,170,1990129,11567,225,3
193.1951,9600,13671006,170,1990160,11567,212,3
193.2143,9601,13671026,170,1990193,11567,216,3
193.2352,9602,13671046,170,1990225,11709,205,3
193.2545,9603,13671066,170,1990260,11709,132,3
193.2741,9604,13671086,170,1990295,11709,259,3
193.2936,9605,13671106,170,1990330,11709,226,3
193.3131,9606,13671126,170,1990363,11709,249,3
193.3342,9607,13671146,170,1990395,12066,278,3
193.3534,9608,13671166,170,1990427,12066,305,3
193.3751,9609,13671186,170,1990453,12066,359,3
193.3946,9610,13671206,170,1990477,12066,389,3
193.4139,9611,13671226,170,1990503,12066,370,3
193.4333,9612,13671246,170,1990530,9710,363,3
193.4546,9613,13671266,170,1990557,9710,310,3
193.4747,9614,13671286,170,1990586,9710,263,3
193.4944,9615,13671306,170,1990616,9710,401,3
193.5137,9616,13671326,170,1990648,9710,259,3
193.5347,9617,13671346,170,1990680,10638,357,3
193.5537,9618,13671366,170,1990712,10638,278,3
193.5750,9619,13671386,170,1990744,10638,365,3
193.5942,9620,13671406,170,1990777,10638,236,3
193.6154,9621,13671426,170,1990810,10638,290,3
193.6342,9622,13671446,170,1990842,11567,216,3
193.6532,9623,13671466,170,1990875,11567,241,3
193.6748,9624,13671486,170,1990908,11567,221,3
193.6941,9625,13671506,170,1990942,11567,148,3
193.7153,9626,13671526,170,1990976,11567,152,3
193.7343,9627,13671546,170,1991012,12066,200,3
193.7534,9628,13671566,170,1991047,12066,164,3
193.7748,9629,13671586,170,1991082,12066,163,3
193.7942,9630,13671606,170,1991116,12066,221,3
193.8136,9631,13671626,170,1991145,12066,321,3
193.8346,9632,13671646,170,1991172,11638,493,3
193.8536,9633,13671666,170,1991197,11638,352,3
193.8750,9634,13671686,170,1991224,11638,349,3
193.8944,9635,13671706,170,1991251,11638,289,3
193.9137,9636,13671726,170,1991279,11638,417,3
193.9350,9637,13671746,170,1991308,9639,269,3
193.9546,9638,13671766,170,1991339,9639,235,3
193.9740,9639,13671786,170,1991370,9639,192,3
193.9932,9640,13671806,170,1991403,9639,215,3
194.0147,9641,13671826,170,1991436,9639,240,3
194.0338,9642,13671846,170,1991467,11281,261,3
194.0551,9643,13671866,170,1991497,11281,188,3
194.0744,9644,13671886,170,1991529,11281,222,3
194.0938,9645,13671906,170,1991563,11281,180,3
194.1149,9646,13671926,170,1991596,11281,219,3
194.1339,9647,13671946,170,1991628,11567,214,3
194.1550,9648,13671966,170,1991662,11567,296,3
194.1741,9649,13671986,170,1991695,11567,220,3
194.1954,9650,13672006,170,1991729,11567,198,3
194.2146,9651,13672026,170,1991764,11567,174,3
194.2338,9652,13672046,170,1991798,12066,198,3
194.2532,9653,13672066,170,1991829,12066,329,3
194.2747,9654,13672086,170,1991855,12066,496,3
194.2944,9655,13672106,170,1991880,12066,348,3
194.3139,9656,13672126,170,1991905,12066,377,3
194.3350,9657,13672146,170,1991932,9710,328,3
194.3542,9658,13672166,170,1991961,9710,444,3
194.3736,9659,13672186,170,1991991,9710,290,3
194.3953,9660,13672206,170,1992021,9710,252,3
194.4145,9661,13672226,170,1992053,9710,225,3
194.4337,9662,13672246,170,1992085,10853,225,3
194.4549,9663,13672266,170,1992118,10853,226,3
194.4746,9664,13672286,170,1992151,10853,284,3
194.4941,9665,13672306,170,1992183,10853,268,3
194.5134,9666,13672326,170,1992215,10853,300,3
194.5344,9667,13672346,170,1992246,11495,274,3
194.5537,9668,13672366,170,1992277,11495,251,3
194.5751,9669,13672386,170,1992310,11495,238,3
194.5947,9670,13672406,170,1992343,11495,294,3
194.6138,9671,13672426,170,1992377,11495,231,3
194.6351,9672,13672446,170,1992411,11638,188,3
194.6542,9673,13672466,170,1992445,11638,185,3
194.6733,9674,13672486,170,1992480,11638,153,3
194.6946,9675,13672506,170,1992515,11638,306,3
194.7139,9676,13672526,170,1992545,11638,311,3
194.7349,9677,13672546,170,1992573,11781,321,3
194.7540,9678,13672566,170,1992599,11781,390,3
194.7751,9679,13672586,170,1992625,11781,325,3
194.7945,9680,13672606,170,1992652,11781,326,3
194.8140,9681,13672626,170,1992680,11781,307,3
194.8349,9682,13672646,170,1992709,9710,294,3
194.8539,9683,13672666,170,1992741,9710,241,3
194.8752,9684,13672686,170,1992773,9710,275,3
194.8943,9685,13672706,170,1992806,9710,236,3
194.9137,9686,13672726,170,1992839,9710,212,3
194.9347,9687,13672746,170,1992872,11495,251,3
194.9537,9688,13672766,170,1992904,11495,216,3
194.9751,9689,13672786,170,1992936,11495,253,3
194.9943,9690,13672806,170,1992967,11495,259,3
195.0137,9691,13672826,170,1992998,11495,259,3
195.0346,9692,13672846,170,1993029,11281,275,3
195.0537,9693,13672866,170,1993062,11281,220,3
195.0752,9694,13672886,170,1993095,11281,206,3
195.0943,9695,13672906,170,1993128,11281,183,3
195.1135,9696,13672926,170,1993162,11281,173,3
195.1351,9697,13672946,170,1993196,11852,233,3
195.1550,9698,13672966,170,1993229,11852,302,3
195.1747,9699,13672986,170,1993256,11852,343,3
195.1941,9700,13673006,170,1993283,11852,442,3
195.2134,9701,13673026,170,1993309,11852,345,3
195.2351,9702,13673046,170,1993336,10138,385,3
195.2547,9703,13673066,170,1993364,10138,281,3
195.2745,9704,13673086,170,1993393,10138,280,3
195.2939,9705,13673106,170,1993424,10138,232,3
195.3136,9706,13673126,170,1993456,10138,247,3
195.3349,9707,13673146,170,1993488,10781,201,3
195.3546,9708,13673166,170,1993522,10781,220,3
195.3743,9709,13673186,170,1993553,10781,240,3
195.3938,9710,13673206,170,1993585,10781,235,3
195.4152,9711,13673226,170,1993616,10781,230,3
195.4343,9712,13673246,170,1993646,11281,369,3
195.4534,9713,13673266,170,1993677,11281,293,3
195.4748,9714,13673286,170,1993708,11281,283,3
195.4939,9715,13673306,170,1993739,11281,222,3
195.5152,9716,13673326,170,1993771,11281,220,3
195.5341,9717,13673346,170,1993804,11138,198,3
195.5533,9718,13673366,170,1993836,11138,257,3
195.5748,9719,13673386,170,1993869,11138,247,3
195.5941,9720,13673406,170,1993900,11138,280,3
195.6154,9721,13673426,170,1993932,11138,252,3
195.6344,9722,13673446,170,1993960,11352,320,3
195.6537,9723,13673466,170,1993987,11352,467,3
195.6751,9724,13673486,170,1994013,11352,374,3
195.6945,9725,13673506,170,1994040,11352,370,3
195.7138,9726,13673526,170,1994068,11352,297,3
195.7349,9727,13673546,170,1994097,9710,283,3
195.7542,9728,13673566,170,1994128,9710,245,3
195.7736,9729,13673586,170,1994159,9710,285,3
195.7953,9730,13673606,170,1994192,9710,219,3
195.8167,9731,13673626,170,1994225,9710,215,3
195.8338,9732,13673646,170,1994259,11495,182,3
195.8549,9733,13673666,170,1994293,11495,180,3
195.8742,9734,13673686,170,1994327,11495,259,3
195.8936,9735,13673706,170,1994358,11495,262,3
195.9150,9736,13673726,170,1994389,11495,259,3
195.9338,9737,13673746,170,1994421,11638,240,3
195.9551,9738,13673766,170,1994453,11638,216,3
195.9745,9739,13673786,170,1994485,11638,219,3
195.9939,9740,13673806,170,1994519,11638,242,3
196.0133,9741,13673826,170,1994552,11638,258,3
196.0346,9742,13673846,170,1994585,11709,253,3
196.0535,9743,13673866,170,1994619,11709,257,3
196.0749,9744,13673886,170,1994649,11709,481,3
196.0941,9745,13673906,170,1994675,11709,390,3
196.1152,9746,13673926,170,1994700,11709,395,3
196.1340,9747,13673946,170,1994725,10067,349,3
196.1551,9748,13673966,170,1994752,10067,302,3
196.1745,9749,13673986,170,1994780,10067,320,3
196.1937,9750,13674006,170,1994810,10067,318,3
196.2151,9751,13674026,170,1994841,10067,350,3
196.2343,9752,13674046,170,1994873,10496,274,3
196.2551,9753,13674066,170,1994906,10496,246,3
196.2749,9754,13674086,170,1994940,10496,224,3
196.2941,9755,13674106,170,1994973,10496,226,3
196.3132,9756,13674126,170,1995005,10496,242,3
196.3347,9757,13674146,170,1995036,11638,256,3
196.3539,9758,13674166,170,1995068,11638,235,3
196.3753,9759,13674186,170,1995101,11638,226,3
196.3949,9760,13674206,170,1995134,11638,205,3
196.4141,9761,13674226,170,1995167,11638,162,3
196.4335,9762,13674246,170,1995200,11709,196,3
196.4545,9763,13674266,170,1995234,11709,212,3
196.4737,9764,13674286,170,1995268,11709,247,3
196.4950,9765,13674306,170,1995303,11709,182,3
196.5143,9766,13674326,170,1995336,11709,245,3
196.5353,9767,13674346,170,1995364,11781,328,3
196.5544,9768,13674366,170,1995391,11781,310,3
196.5737,9769,13674386,170,1995418,11781,427,3
196.5950,9770,13674406,170,1995445,11781,317,3
196.6143,9771,13674426,170,1995473,11781,270,3
196.6333,9772,13674446,170,1995503,9853,355,3
196.6542,9773,13674466,170,1995534,9853,289,3
196.6731,9774,13674486,170,1995566,9853,348,3
196.6945,9775,13674506,170,1995599,9853,235,3
196.7134,9776,13674526,170,1995632,9853,210,3
196.7347,9777,13674546,170,1995666,11567,200,3
196.7534,9778,13674566,170,1995699,11567,242,3
196.7748,9779,13674586,170,1995730,11567,232,3
196.7940,9780,13674606,170,1995761,11567,215,3
196.8133,9781,13674626,170,1995793,11567,206,3
196.8348,9782,13674646,170,1995826,11424,206,3
196.8540,9783,13674666,170,1995859,11424,194,3
196.8752,9784,13674686,170,1995892,11424,177,3
196.8944,9785,13674706,170,1995925,11424,206,3
196.9136,9786,13674726,170,1995960,11424,238,3
196.9347,9787,13674746,170,1995993,11924,243,3
196.9536,9788,13674766,170,1996027,11924,284,3
196.9747,9789,13674786,170,1996056,11924,482,3
196.9940,9790,13674806,170,1996083,11924,333,3
197.0153,9791,13674826,170,1996110,11924,376,3
197.0342,9792,13674846,170,1996137,10424,294,3
197.0534,9793,13674866,170,1996165,10424,364,3
197.0753,9794,13674886,170,1996194,10424,278,3
197.0952,9795,13674906,170,1996225,10424,256,3
197.1147,9796,13674926,170,1996256,10424,229,3
197.1339,9797,13674946,170,1996289,10710,230,3
197.1535,9798,13674966,170,1996322,10710,247,3
197.1753,9799,13674986,170,1996356,10710,301,3
197.1951,9800,13675006,170,1996389,10710,221,3
197.2145,9801,13675026,170,1996421,10710,274,3
197.2336,9802,13675046,170,1996453,11781,242,3
197.2548,9803,13675066,170,1996486,11781,241,3
197.2746,9804,13675086,170,1996519,11781,220,3
197.2943,9805,13675106,170,1996552,11781,185,3
197.3138,9806,13675126,170,1996586,11781,178,3
197.3335,9807,13675146,170,1996620,11852,183,3
197.3545,9808,13675166,170,1996654,11852,268,3
197.3736,9809,13675186,170,1996689,11852,182,3
197.3951,9810,13675206,170,1996723,11852,209,3
197.4143,9811,13675226,170,1996752,11852,281,3
197.4351,9812,13675246,170,1996780,11567,337,3
197.4545,9813,13675266,170,1996808,11567,288,3
197.4739,9814,13675286,170,1996835,11567,357,3
197.4936,9815,13675306,170,1996862,11567,284,3
197.5153,9816,13675326,170,1996892,11567,296,3
197.5343,9817,13675346,170,1996922,10067,294,3
197.5536,9818,13675366,170,1996954,10067,296,3
197.5734,9819,13675386,170,1996987,10067,238,3
197.5952,9820,13675406,170,1997020,10067,224,3
197.6145,9821,13675426,170,1997053,10067,188,3
197.6338,9822,13675446,170,1997088,11709,187,3
197.6553,9823,13675466,170,1997121,11709,227,3
197.6750,9824,13675486,170,1997152,11709,227,3
197.6947,9825,13675506,170,1997184,11709,225,3
197.7139,9826,13675526,170,1997216,11709,209,3
197.7353,9827,13675546,170,1997249,11567,226,3
197.7543,9828,13675566,170,1997282,11567,222,3
197.7735,9829,13675586,170,1997316,11567,280,3
197.7948,9830,13675606,170,1997350,11567,201,3
197.8140,9831,13675626,170,1997384,11567,174,3
197.8336,9832,13675646,170,1997417,12066,249,3
197.8546,9833,13675666,170,1997444,12066,475,3
197.8737,9834,13675686,170,1997469,12066,377,3
197.8947,9835,13675706,170,1997494,12066,412,3
197.9139,9836,13675726,170,1997519,12066,448,3
197.9351,9837,13675746,170,1997544,9139,332,3
197.9539,9838,13675766,170,1997572,9139,380,3
197.9732,9839,13675786,170,1997602,9139,273,3
197.9946,9840,13675806,170,1997633,9139,251,3
198.0139,9841,13675826,170,1997665,9139,216,3
198.0351,9842,13675846,170,1997698,10853,277,3
198.0540,9843,13675866,170,1997729,10853,240,3
198.0733,9844,13675886,170,1997761,10853,248,3
198.0948,9845,13675906,170,1997792,10853,219,3
198.1141,9846,13675926,170,1997824,10853,224,3
198.1334,9847,13675946,170,1997855,11210,236,3
198.1546,9848,13675966,170,1997886,11210,195,3
198.1738,9849,13675986,170,1997919,11210,193,3
198.1936,9850,13676006,170,1997952,11210,178,3
198.2140,9851,13676026,170,1997987,11210,204,3
198.2354,9852,13676046,170,1998021,11852,219,3
198.2548,9853,13676066,170,1998056,11852,164,3
198.2746,9854,13676086,170,1998089,11852,188,3
198.2941,9855,13676106,170,1998121,11852,256,3
198.3140,9856,13676126,170,1998148,11852,526,3
198.3337,9857,13676146,170,1998171,10924,417,3
198.3551,9858,13676166,170,1998195,10924,382,3
198.3748,9859,13676186,170,1998220,10924,318,3
198.3940,9860,13676206,170,1998248,10924,331,3
198.4153,9861,13676226,170,1998276,10924,392,3
198.4340,9862,13676246,170,1998306,9496,261,3
198.4536,9863,13676266,170,1998337,9496,248,3
198.4751,9864,13676286,170,1998368,9496,217,3
198.4946,9865,13676306,170,1998401,9496,243,3
198.5145,9866,13676326,170,1998434,9496,226,3
198.5340,9867,13676346,170,1998468,11495,301,3
198.5552,9868,13676366,170,1998501,11495,206,3
198.5745,9869,13676386,170,1998534,11495,253,3
198.5939,9870,13676406,170,1998566,11495,240,3
198.6135,9871,13676426,170,1998599,11495,212,3
198.6349,9872,13676446,170,1998632,11638,166,3
198.6539,9873,13676466,170,1998666,11638,109,3
198.6751,9874,13676486,170,1998701,11638,257,3
198.6944,9875,13676506,170,1998736,11638,177,3
198.7133,9876,13676526,170,1998771,11638,203,3
198.7345,9877,13676546,170,1998803,12281,198,3
198.7534,9878,13676566,170,1998834,12281,247,3
198.7747,9879,13676586,170,1998860,12281,364,3
198.7941,9880,13676606,170,1998884,12281,368,3
198.8134,9881,13676626,170,1998909,12281,336,3
198.8347,9882,13676646,170,1998936,9639,440,3
198.8537,9883,13676666,170,1998964,9639,306,3
198.8748,9884,13676686,170,1998992,9639,229,3
198.8940,9885,13676706,170,1999023,9639,357,3
198.9132,9886,13676726,170,1999054,9639,297,3
198.9346,9887,13676746,170,1999086,10638,347,3
198.9536,9888,13676766,170,1999118,10638,301,3
198.9747,9889,13676786,170,1999150,10638,345,3
198.9939,9890,13676806,170,1999183,10638,247,3
199.0132,9891,13676826,170,1999216,10638,267,3
199.0345,9892,13676846,170,1999247,11495,237,3
199.0541,9893,13676866,170,1999279,11495,316,3
199.0738,9894,13676886,170,1999312,11495,215,3
199.0952,9895,13676906,170,1999344,11495,200,3
199.1145,9896,13676926,170,1999379,11495,141,3
199.1336,9897,13676946,170,1999414,11781,182,3
199.1547,9898,13676966,170,1999448,11781,301,3
199.1736,9899,13676986,170,1999483,11781,261,3
199.1948,9900,13677006,170,1999515,11781,258,3
199.2145,9901,13677026,170,1999545,11781,389,3
199.2342,9902,13677046,170,1999570,11424,350,3
199.2550,9903,13677066,170,1999596,11424,371,3
199.2743,9904,13677086,170,1999622,11424,371,3
199.2938,9905,13677106,170,1999649,11424,320,3
199.3133,9906,13677126,170,1999677,11424,273,3
199.3346,9907,13677146,170,1999707,9639,296,3
199.3537,9908,13677166,170,1999737,9639,265,3
199.3748,9909,13677186,170,1999769,9639,349,3
199.3939,9910,13677206,170,1999801,9639,245,3
199.4133,9911,13677226,170,1999834,9639,286,3
199.4347,9912,13677246,170,1999865,11281,227,3
199.4536,9913,13677266,170,1999897,11281,318,3
199.4748,9914,13677286,170,1999930,11281,205,3
199.4942,9915,13677306,170,1999963,11281,245,3
199.5136,9916,13677326,170,1999996,11281,236,3
199.5348,9917,13677346,170,2000029,11638,203,3
199.5538,9918,13677366,170,2000062,11638,199,3
199.5753,9919,13677386,170,2000096,11638,173,3
199.5948,9920,13677406,170,2000130,11638,254,3
199.6140,9921,13677426,170,2000164,11638,192,3
199.6352,9922,13677446,170,2000199,12138,199,3
199.6541,9923,13677466,170,2000229,12138,328,3
199.6753,9924,13677486,170,2000256,12138,309,3
199.6946,9925,13677506,170,2000281,12138,525,3
199.7137,9926,13677526,170,2000307,12138,363,3
199.7348,9927,13677546,170,2000333,9710,336,3
199.7537,9928,13677566,170,2000360,9710,299,3
199.7748,9929,13677586,170,2000389,9710,312,3
199.7939,9930,13677606,170,2000420,9710,259,3
199.8133,9931,13677626,170,2000451,9710,333,3
199.8347,9932,13677646,170,2000483,10567,258,3
199.8538,9933,13677666,170,2000516,10567,295,3
199.8749,9934,13677686,170,2000549,10567,219,3
199.8941,9935,13677706,170,2000581,10567,284,3
199.9134,9936,13677726,170,2000613,10567,219,3
199.9348,9937,13677746,170,2000644,11567,318,3
199.9539,9938,13677766,170,2000676,11567,241,3
199.9752,9939,13677786,170,2000708,11567,293,3
199.9947,9940,13677806,170,2000741,11567,208,3
200.0139,9941,13677826,170,2000774,11567,224,3
200.0353,9942,13677846,170,2000808,11638,167,3
200.0547,9943,13677866,170,2000843,11638,113,3
200.0747,9944,13677886,170,2000877,11638,270,3
200.0947,9945,13677906,170,2000912,11638,194,3
200.1140,9946,13677926,170,2000943,11638,395,3
200.1332,9947,13677946,170,2000969,11709,293,3
200.1546,9948,13677966,170,2000995,11709,366,3
200.1744,9949,13677986,170,2001020,11709,374,3
200.1941,9950,13678006,170,2001045,11709,343,3
200.2137,9951,13678026,170,2001072,11709,304,3
200.2351,9952,13678046,170,2001101,9282,312,3
200.2541,9953,13678066,170,2001132,9282,265,3
200.2731,9954,13678086,170,2001163,9282,211,3
200.2951,9955,13678106,170,2001195,9282,233,3
200.3147,9956,13678126,170,2001227,9282,204,3
200.3368,9957,13678146,170,2001258,11138,233,3
200.3542,9958,13678166,170,2001289,11138,209,3
200.3742,9959,13678186,170,2001320,11138,264,3
200.3937,9960,13678206,170,2001349,11138,304,3
200.4150,9961,13678226,170,2001380,11138,286,3
200.4348,9962,13678246,170,2001410,10924,310,3
200.4539,9963,13678266,170,2001441,10924,221,3
200.4751,9964,13678286,170,2001473,10924,224,3
200.4941,9965,13678306,170,2001505,10924,193,3
200.5134,9966,13678326,170,2001539,10924,289,3
200.5349,9967,13678346,170,2001572,11495,217,3
200.5539,9968,13678366,170,2001606,11495,247,3
200.5752,9969,13678386,170,2001636,11495,341,3
200.5942,9970,13678406,170,2001662,11495,321,3
200.6153,9971,13678426,170,2001688,11495,483,3
200.6342,9972,13678446,170,2001714,10281,341,3
200.6553,9973,13678466,170,2001740,10281,306,3
200.6745,9974,13678486,170,2001768,10281,291,3
200.6938,9975,13678506,170,2001797,10281,316,3
200.7152,9976,13678526,170,2001828,10281,254,3
200.7342,9977,13678546,170,2001860,10281,332,3
200.7551,9978,13678566,170,2001892,10281,221,3
200.7742,9979,13678586,170,2001924,10281,323,3
200.7934,9980,13678606,170,2001956,10281,277,3
200.8149,9981,13678626,170,2001987,10281,369,3
200.8384,9982,13678646,170,2002017,11281,283,3
200.8552,9983,13678666,170,2002047,11281,232,3
200.8745,9984,13678686,170,2002078,11281,257,3
200.8938,9985,13678706,170,2002109,11281,254,3
200.9150,9986,13678726,170,2002140,11281,232,3
200.9343,9987,13678746,170,2002172,11067,261,3
200.9532,9988,13678766,170,2002204,11067,192,3
200.9745,9989,13678786,170,2002237,11067,205,3
200.9939,9990,13678806,170,2002271,11067,199,3
201.0153,9991,13678826,170,2002303,11067,230,3
201.0344,9992,13678846,170,2002334,11567,267,3
201.0533,9993,13678866,170,2002364,11567,338,3
201.0746,9994,13678886,170,2002391,11567,409,3
201.0940,9995,13678906,170,2002418,11567,334,3
201.1134,9996,13678926,170,2002446,11567,380,3
201.1348,9997,13678946,170,2002474,9996,307,3
201.1538,9998,13678966,170,2002503,9996,267,3
201.1750,9999,13678986,170,2002533,9996,238,3
201.1943,10000,13679006,170,2002565,9996,267,3
201.2135,10001,13679026,170,2002598,9996,225,3
201.2348,10002,13679046,170,2002631,11138,194,3
201.2538,10003,13679066,170,2002665,11138,183,3
201.2748,10004,13679086,170,2002699,11138,157,3
201.2940,10005,13679106,170,2002732,11138,262,3
201.3137,10006,13679126,170,2002763,11138,237,3
201.3397,10007,13679146,170,2002794,11638,263,3
201.3543,10008,13679166,170,2002824,11638,215,3
201.3735,10009,13679186,170,2002856,11638,205,3
201.3949,10010,13679206,170,2002888,11638,198,3
201.4143,10011,13679226,170,2002921,11638,195,3
201.4335,10012,13679246,170,2002954,11424,155,3
201.4548,10013,13679266,170,2002988,11424,226,3
201.4741,10014,13679286,170,2003021,11424,247,3
201.4936,10015,13679306,170,2003050,11424,355,3
201.5152,10016,13679326,170,2003076,11424,506,3
201.5343,10017,13679346,170,2003101,10638,380,3
201.5535,10018,13679366,170,2003127,10638,379,3
201.5746,10019,13679386,170,2003154,10638,294,3
201.5940,10020,13679406,170,2003183,10638,393,3
201.6153,10021,13679426,170,2003213,10638,286,3
201.6345,10022,13679446,170,2003245,10210,317,3
201.6535,10023,13679466,170,2003277,10210,256,3
201.6747,10024,13679486,170,2003311,10210,296,3
201.6939,10025,13679506,170,2003344,10210,183,3
201.7150,10026,13679526,170,2003377,10210,224,3
201.7347,10027,13679546,170,2003409,11638,206,3
201.7539,10028,13679566,170,2003440,11638,226,3
201.7753,10029,13679586,170,2003472,11638,190,3
201.7950,10030,13679606,170,2003505,11638,211,3
201.8143,10031,13679626,170,2003537,11638,205,3
201.8400,10032,13679646,170,2003571,11567,203,3
201.8548,10033,13679666,170,2003604,11567,189,3
201.8740,10034,13679686,170,2003638,11567,204,3
201.8955,10035,13679706,170,2003672,11567,306,3
201.9147,10036,13679726,170,2003706,11567,226,3
201.9340,10037,13679746,170,2003738,11995,342,3
201.9533,10038,13679766,170,2003766,11995,325,3
201.9746,10039,13679786,170,2003793,11995,297,3
201.9942,10040,13679806,170,2003821,11995,392,3
202.0136,10041,13679826,170,2003848,11995,261,3
202.0350,10042,13679846,170,2003877,9924,263,3
202.0538,10043,13679866,170,2003907,9924,363,3
202.0748,10044,13679886,170,2003939,9924,290,3
202.0939,10045,13679906,170,2003971,9924,322,3
202.1131,10046,13679926,170,2004004,9924,227,3
202.1342,10047,13679946,170,2004037,11424,241,3
202.1551,10048,13679966,170,2004071,11424,210,3
202.1742,10049,13679986,170,2004104,11424,209,3
202.1939,10050,13680006,170,2004136,11424,245,3
202.2151,10051,13680026,170,2004168,11424,189,3
202.2344,10052,13680046,170,2004200,11638,212,3
202.2534,10053,13680066,170,2004233,11638,183,3
202.2747,10054,13680086,170,2004266,11638,199,3
202.2942,10055,13680106,170,2004300,11638,196,3
202.3134,10056,13680126,170,2004333,11638,294,3
202.3417,10057,13680146,170,2004368,11852,204,3
202.3546,10058,13680166,170,2004401,11852,193,3
202.3745,10059,13680186,170,2004434,11852,248,3
202.3938,10060,13680206,170,2004461,11852,464,3
202.4153,10061,13680226,170,2004488,11852,284,3
202.4346,10062,13680246,170,2004515,10710,384,3
202.4542,10063,13680266,170,2004541,10710,341,3
202.4733,10064,13680286,170,2004569,10710,384,3
202.4952,10065,13680306,170,2004599,10710,288,3
202.5149,10066,13680326,170,2004630,10710,269,3
202.5340,10067,13680346,170,2004662,10353,236,3
202.5533,10068,13680366,170,2004695,10353,295,3
202.5749,10069,13680386,170,2004728,10353,259,3
202.5947,10070,13680406,170,2004762,10353,253,3
202.6147,10071,13680426,170,2004794,10353,281,3
202.6340,10072,13680446,170,2004824,11709,403,3
202.6551,10073,13680466,170,2004856,11709,285,3
202.6745,10074,13680486,170,2004888,11709,357,3
202.6939,10075,13680506,170,2004921,11709,273,3
202.7154,10076,13680526,170,2004954,11709,227,3
202.7352,10077,13680546,170,2004988,11495,242,3
202.7546,10078,13680566,170,2005021,11495,155,3
202.7738,10079,13680586,170,2005056,11495,193,3
202.7953,10080,13680606,170,2005090,11495,195,3
202.8152,10081,13680626,170,2005124,11495,337,3
202.8328,10082,13680646,170,2005153,11995,323,3
202.8543,10083,13680666,170,2005180,11995,361,3
202.8739,10084,13680686,170,2005208,11995,478,3
202.8934,10085,13680706,170,2005236,11995,342,3
202.9150,10086,13680726,170,2005264,11995,253,3
202.9343,10087,13680746,170,2005294,9924,385,3
202.9554,10088,13680766,170,2005325,9924,256,3
202.9751,10089,13680786,170,2005357,9924,317,3
202.9948,10090,13680806,170,2005390,9924,263,3
203.0145,10091,13680826,170,2005424,9924,232,3
203.0337,10092,13680846,170,2005457,11709,183,3
203.0549,10093,13680866,170,2005491,11709,219,3
203.0742,10094,13680886,170,2005523,11709,201,3
203.0936,10095,13680906,170,2005556,11709,222,3
203.1151,10096,13680926,170,2005589,11709,212,3
203.1343,10097,13680946,170,2005623,11781,225,3
203.1536,10098,13680966,170,2005657,11781,288,3
203.1734,10099,13680986,170,2005691,11781,241,3
203.1951,10100,13681006,170,2005725,11781,141,3
203.2146,10101,13681026,170,2005760,11781,176,3
203.2337,10102,13681046,170,2005795,12209,208,3
203.2550,10103,13681066,170,2005828,12209,374,3
203.2740,10104,13681086,170,2005856,12209,352,3
203.2934,10105,13681106,170,2005881,12209,345,3
203.3156,10106,13681126,170,2005908,12209,317,3
203.3333,10107,13681146,170,2005935,10210,475,3
203.3546,10108,13681166,170,2005962,10210,237,3
203.3738,10109,13681186,170,2005991,10210,284,3
203.3953,10110,13681206,170,2006022,10210,274,3
203.4149,10111,13681226,170,2006054,10210,238,3
203.4342,10112,13681246,170,2006087,10710,215,3
203.4533,10113,13681266,170,2006120,10710,201,3
203.4747,10114,13681286,170,2006154,10710,183,3
203.4938,10115,13681306,170,2006186,10710,251,3
203.5152,10116,13681326,170,2006217,10710,195,3
203.5344,10117,13681346,170,2006249,11567,247,3
203.5533,10118,13681366,170,2006280,11567,200,3
203.5745,10119,13681386,170,2006313,11567,217,3
203.5935,10120,13681406,170,2006345,11567,176,3
203.6147,10121,13681426,170,2006379,11567,184,3
203.6339,10122,13681446,170,2006414,11781,221,3
203.6549,10123,13681466,170,2006449,11781,182,3
203.6742,10124,13681486,170,2006483,11781,174,3
203.6934,10125,13681506,170,2006516,11781,245,3
203.7148,10126,13681526,170,2006544,11781,339,3
203.7340,10127,13681546,170,2006567,11138,446,3
203.7549,10128,13681566,170,2006590,11138,336,3
203.7737,10129,13681586,170,2006615,11138,380,3
203.7953,10130,13681606,170,2006641,11138,285,3
203.8145,10131,13681626,170,2006670,11138,360,3
203.8342,10132,13681646,170,2006699,9353,278,3
203.8533,10133,13681666,170,2006730,9353,195,3
203.8746,10134,13681686,170,2006761,9353,232,3
203.8940,10135,13681706,170,2006794,9353,172,3
203.9135,10136,13681726,170,2006827,9353,209,3
203.9349,10137,13681746,170,2006860,11352,215,3
203.9539,10138,13681766,170,2006892,11352,270,3
203.9751,10139,13681786,170,2006924,11352,237,3
203.9947,10140,13681806,170,2006956,11352,279,3
204.0141,10141,13681826,170,2006988,11352,227,3
204.0335,10142,13681846,170,2007021,11495,278,3
204.0546,10143,13681866,170,2007054,11495,224,3
204.0737,10144,13681886,170,2007089,11495,174,3
204.0950,10145,13681906,170,2007124,11495,148,3
204.1145,10146,13681926,170,2007159,11495,206,3
204.1336,10147,13681946,170,2007192,12281,341,3
204.1547,10148,13681966,170,2007224,12281,296,3
204.1737,10149,13681986,170,2007252,12281,333,3
204.1954,10150,13682006,170,2007276,12281,401,3
204.2151,10151,13682026,170,2007301,12281,405,3
204.2342,10152,13682046,170,2007327,9710,313,3
204.2551,10153,13682066,170,2007355,9710,277,3
204.2743,10154,13682086,170,2007383,9710,313,3
204.2933,10155,13682106,170,2007412,9710,251,3
204.3149,10156,13682126,170,2007444,9710,206,3
204.3344,10157,13682146,170,2007476,10496,222,3
204.3535,10158,13682166,170,2007508,10496,209,3
204.3747,10159,13682186,170,2007540,10496,236,3
204.3938,10160,13682206,170,2007572,10496,200,3
204.4153,10161,13682226,170,2007604,10496,212,3
204.4353,10162,13682246,170,2007637,11495,222,3
204.4534,10163,13682266,170,2007669,11495,226,3
204.4748,10164,13682286,170,2007703,11495,242,3
204.4941,10165,13682306,170,2007736,11495,254,3
204.5135,10166,13682326,170,2007770,11495,212,3
204.5345,10167,13682346,170,2007805,11995,176,3
204.5536,10168,13682366,170,2007841,11995,113,3
204.5745,10169,13682386,170,2007876,11995,279,3
204.5942,10170,13682406,170,2007909,11995,210,3
204.6140,10171,13682426,170,2007940,11995,444,3
204.6338,10172,13682446,170,2007966,11709,343,3
204.6551,10173,13682466,170,2007992,11709,376,3
204.6746,10174,13682486,170,2008018,11709,286,3
204.6939,10175,13682506,170,2008045,11709,421,3
204.7137,10176,13682526,170,2008074,11709,232,3
204.7334,10177,13682546,170,2008104,9710,267,3
204.7545,10178,13682566,170,2008135,9710,265,3
204.7737,10179,13682586,170,2008166,9710,243,3
204.7932,10180,13682606,170,2008199,9710,233,3
204.8150,10181,13682626,170,2008232,9710,225,3
204.8346,10182,13682646,170,2008263,11281,265,3
204.8538,10183,13682666,170,2008293,11281,263,3
204.8748,10184,13682686,170,2008324,11281,347,3
204.8940,10185,13682706,170,2008355,11281,270,3
204.9136,10186,13682726,170,2008387,11281,347,3
204.9348,10187,13682746,170,2008418,11138,251,3
204.9537,10188,13682766,170,2008450,11138,274,3
204.9750,10189,13682786,170,2008482,11138,210,3
204.9951,10190,13682806,170,2008515,11138,289,3
205.0153,10191,13682826,170,2008549,11138,198,3
205.0351,10192,13682846,170,2008583,11638,206,3
205.0545,10193,13682866,170,2008615,11638,293,3
205.0741,10194,13682886,170,2008643,11638,444,3
205.0937,10195,13682906,170,2008668,11638,374,3
205.1152,10196,13682926,170,2008692,11638,418,3
205.1345,10197,13682946,170,2008716,9781,385,3
205.1537,10198,13682966,170,2008743,9781,329,3
205.1748,10199,13682986,170,2008771,9781,409,3
205.1944,10200,13683006,170,2008801,9781,267,3
205.2141,10201,13683026,170,2008831,9781,246,3
205.2336,10202,13683046,170,2008863,10281,232,3
205.2550,10203,13683066,170,2008895,10281,208,3
205.2740,10204,13683086,170,2008928,10281,203,3
205.2956,10205,13683106,170,2008961,10281,237,3
205.3150,10206,13683126,170,2008993,10281,235,3
205.3345,10207,13683146,170,2009025,11638,270,3
205.3539,10208,13683166,170,2009057,11638,237,3
205.3750,10209,13683186,170,2009089,11638,274,3
205.3946,10210,13683206,170,2009122,11638,232,3
205.4140,10211,13683226,170,2009156,11638,283,3
205.4352,10212,13683246,170,2009189,11638,215,3
205.4545,10213,13683266,170,2009224,11638,167,3
205.4736,10214,13683286,170,2009258,11638,167,3
205.4951,10215,13683306,170,2009293,11638,196,3
205.5142,10216,13683326,170,2009327,11638,333,3
205.5352,10217,13683346,170,2009356,12066,326,3
205.5545,10218,13683366,170,2009383,12066,354,3
205.5734,10219,13683386,170,2009409,12066,358,3
205.5948,10220,13683406,170,2009436,12066,350,3
205.6142,10221,13683426,170,2009462,12066,334,3
205.6344,10222,13683446,170,2009491,9567,254,3
205.6542,10223,13683466,170,2009521,9567,251,3
205.6732,10224,13683486,170,2009552,9567,208,3
205.6947,10225,13683506,170,2009585,9567,220,3
205.7141,10226,13683526,170,2009618,9567,187,3
205.7354,10227,13683546,170,2009651,11352,230,3
205.7545,10228,13683566,170,2009682,11352,215,3
205.7735,10229,13683586,170,2009713,11352,243,3
205.7949,10230,13683606,170,2009744,11352,225,3
205.8144,10231,13683626,170,2009774,11352,396,3
205.8336,10232,13683646,170,2009805,11067,252,3
205.8553,10233,13683666,170,2009836,11067,243,3
205.8744,10234,13683686,170,2009868,11067,227,3
205.8934,10235,13683706,170,2009900,11067,230,3
205.9149,10236,13683726,170,2009932,11067,195,3
205.9342,10237,13683746,170,2009965,11352,293,3
205.9533,10238,13683766,170,2009998,11352,196,3
205.9743,10239,13683786,170,2010029,11352,387,3
205.9934,10240,13683806,170,2010055,11352,392,3
206.0149,10241,13683826,170,2010078,11352,334,3
206.0343,10242,13683846,170,2010101,9996,369,3
206.0538,10243,13683866,170,2010125,9996,412,3
206.0748,10244,13683886,170,2010149,9996,294,3
206.0939,10245,13683906,170,2010175,9996,267,3
206.1134,10246,13683926,170,2010203,9996,299,3
206.1348,10247,13683946,170,2010231,9139,258,3
206.1538,10248,13683966,170,2010261,9139,246,3
206.1747,10249,13683986,170,2010292,9139,227,3
206.1937,10250,13684006,170,2010321,9139,200,3
206.2151,10251,13684026,170,2010351,9139,328,3
206.2344,10252,13684046,170,2010380,10638,305,3
206.2536,10253,13684066,170,2010408,10638,229,3
206.2748,10254,13684086,170,2010436,10638,384,3
206.2941,10255,13684106,170,2010465,10638,217,3
206.3133,10256,13684126,170,2010494,10638,240,3
206.3352,10257,13684146,170,2010523,10138,269,3
206.3544,10258,13684166,170,2010552,10138,273,3
206.3733,10259,13684186,170,2010583,10138,299,3
206.3946,10260,13684206,170,2010614,10138,215,3
206.4139,10261,13684226,170,2010645,10138,237,3
206.4354,10262,13684246,170,2010677,10995,236,3
206.4547,10263,13684266,170,2010707,10995,214,3
206.4736,10264,13684286,170,2010737,10995,254,3
206.4950,10265,13684306,170,2010765,10995,359,3
206.5143,10266,13684326,170,2010790,10995,321,3
206.5335,10267,13684346,170,2010815,9996,300,3
206.5547,10268,13684366,170,2010841,9996,510,3
206.5736,10269,13684386,170,2010868,9996,293,3
206.5951,10270,13684406,170,2010896,9996,232,3
206.6143,10271,13684426,170,2010925,9996,344,3
206.6333,10272,13684446,170,2010956,9853,226,3
206.6546,10273,13684466,170,2010987,9853,221,3
206.6736,10274,13684486,170,2011019,9853,190,3
206.6948,10275,13684506,170,2011052,9853,233,3
206.7142,10276,13684526,170,2011084,9853,203,3
206.7333,10277,13684546,170,2011117,11567,332,3
206.7548,10278,13684566,170,2011148,11567,245,3
206.7739,10279,13684586,170,2011178,11567,221,3
206.7953,10280,13684606,170,2011208,11567,231,3
206.8147,10281,13684626,170,2011239,11567,226,3
206.8341,10282,13684646,170,2011270,10924,272,3
206.8546,10283,13684666,170,2011302,10924,200,3
206.8739,10284,13684686,170,2011335,10924,241,3
206.8932,10285,13684706,170,2011367,10924,190,3
206.9146,10286,13684726,170,2011400,10924,189,3
206.9339,10287,13684746,170,2011432,11567,205,3
206.9537,10288,13684766,170,2011460,11567,475,3
206.9752,10289,13684786,170,2011485,11567,390,3
206.9944,10290,13684806,170,2011509,11567,390,3
207.0138,10291,13684826,170,2011535,11567,317,3
207.0352,10292,13684846,170,2011561,9282,237,3
207.0545,10293,13684866,170,2011589,9282,334,3
207.0736,10294,13684886,170,2011619,9282,265,3
207.0948,10295,13684906,170,2011650,9282,329,3
207.1141,10296,13684926,170,2011682,9282,216,3
207.1338,10297,13684946,170,2011714,10781,305,3
207.1536,10298,13684966,170,2011747,10781,214,3
207.1752,10299,13684986,170,2011780,10781,352,3
207.1948,10300,13685006,170,2011811,10781,230,3
207.2141,10301,13685026,170,2011841,10781,274,3
207.2333,10302,13685046,170,2011872,11352,206,3
207.2544,10303,13685066,170,2011903,11352,229,3
207.2733,10304,13685086,170,2011934,11352,225,3
207.2947,10305,13685106,170,2011965,11352,215,3
207.3142,10306,13685126,170,2011997,11352,192,3
207.3335,10307,13685146,170,2012030,11210,196,3
207.3555,10308,13685166,170,2012063,11210,164,3
207.3746,10309,13685186,170,2012097,11210,193,3
207.3938,10310,13685206,170,2012129,11210,233,3
207.4152,10311,13685226,170,2012157,11210,354,3
207.4343,10312,13685246,170,2012183,11067,379,3
207.4539,10313,13685266,170,2012209,11067,343,3
207.4749,10314,13685286,170,2012234,11067,277,3
207.4940,10315,13685306,170,2012261,11067,283,3
207.5134,10316,13685326,170,2012289,11067,313,3
207.5348,10317,13685346,170,2012319,9567,269,3
207.5539,10318,13685366,170,2012349,9567,224,3
207.5747,10319,13685386,170,2012381,9567,233,3
207.5939,10320,13685406,170,2012414,9567,200,3
207.6152,10321,13685426,170,2012447,9567,222,3
207.6342,10322,13685446,170,2012479,11424,210,3
207.6555,10323,13685466,170,2012510,11424,254,3
207.6752,10324,13685486,170,2012541,11424,222,3
207.6950,10325,13685506,170,2012572,11424,242,3
207.7147,10326,13685526,170,2012604,11424,258,3
207.7344,10327,13685546,170,2012636,11210,229,3
207.7545,10328,13685566,170,2012668,11210,256,3
207.7739,10329,13685586,170,2012700,11210,184,3
207.7935,10330,13685606,170,2012733,11210,198,3
207.8151,10331,13685626,170,2012767,11210,164,3
207.8342,10332,13685646,170,2012800,11709,183,3
207.8537,10333,13685666,170,2012833,11709,238,3
207.8747,10334,13685686,170,2012860,11709,369,3
207.8937,10335,13685706,170,2012885,11709,327,3
207.9150,10336,13685726,170,2012912,11709,390,3
207.9341,10337,13685746,170,2012938,9996,285,3
207.9552,10338,13685766,170,2012965,9996,274,3
207.9744,10339,13685786,170,2012995,9996,368,3
207.9934,10340,13685806,170,2013025,9996,208,3
208.0148,10341,13685826,170,2013056,9996,225,3
208.0340,10342,13685846,170,2013088,10638,193,3
208.0548,10343,13685866,170,2013121,10638,253,3
208.0737,10344,13685886,170,2013155,10638,220,3
208.0947,10345,13685906,170,2013188,10638,310,3
208.1138,10346,13685926,170,2013220,10638,235,3
208.1350,10347,13685946,170,2013251,11567,328,3
208.1539,10348,13685966,170,2013283,11567,208,3
208.1748,10349,13685986,170,2013315,11567,315,3
208.1938,10350,13686006,170,2013347,11567,231,3
208.2152,10351,13686026,170,2013380,11567,270,3
208.2343,10352,13686046,170,2013413,11567,196,3
208.2535,10353,13686066,170,2013447,11567,208,3
208.2744,10354,13686086,170,2013480,11567,166,3
208.2937,10355,13686106,170,2013514,11567,179,3
208.3154,10356,13686126,170,2013545,11567,278,3
208.3346,10357,13686146,170,2013572,11495,475,3
208.3539,10358,13686166,170,2013599,11495,352,3
208.3753,10359,13686186,170,2013625,11495,365,3
208.3946,10360,13686206,170,2013652,11495,278,3
208.4139,10361,13686226,170,2013680,11495,328,3
208.4353,10362,13686246,170,2013709,9710,300,3
208.4546,10363,13686266,170,2013740,9710,288,3
208.4736,10364,13686286,170,2013772,9710,215,3
208.4949,10365,13686306,170,2013805,9710,279,3
208.5145,10366,13686326,170,2013837,9710,247,3
208.5337,10367,13686346,170,2013870,11495,343,3
208.5552,10368,13686366,170,2013902,11495,286,3
208.5748,10369,13686386,170,2013933,11495,331,3
208.5943,10370,13686406,170,2013965,11495,267,3
208.6139,10371,13686426,170,2013997,11495,334,3
208.6353,10372,13686446,170,2014030,11352,254,3
208.6546,10373,13686466,170,2014063,11352,261,3
208.6738,10374,13686486,170,2014096,11352,182,3
208.6949,10375,13686506,170,2014130,11352,201,3
208.7139,10376,13686526,170,2014164,11352,177,3
208.7353,10377,13686546,170,2014198,11995,204,3
208.7544,10378,13686566,170,2014230,11995,290,3
208.7733,10379,13686586,170,2014256,11995,365,3
208.7946,10380,13686606,170,2014281,11995,309,3
208.8140,10381,13686626,170,2014307,11995,322,3
208.8332,10382,13686646,170,2014332,9710,382,3
208.8552,10383,13686666,170,2014359,9710,359,3
208.8740,10384,13686686,170,2014388,9710,263,3
208.8934,10385,13686706,170,2014418,9710,209,3
208.9150,10386,13686726,170,2014449,9710,238,3
208.9345,10387,13686746,170,2014481,10567,183,3
208.9538,10388,13686766,170,2014514,10567,211,3
208.9749,10389,13686786,170,2014546,10567,196,3
208.9939,10390,13686806,170,2014577,10567,233,3
209.0152,10391,13686826,170,2014609,10567,184,3
209.0341,10392,13686846,170,2014640,11352,272,3
209.0533,10393,13686866,170,2014671,11352,241,3
209.0743,10394,13686886,170,2014703,11352,333,3
209.0935,10395,13686906,170,2014736,11352,200,3
209.1150,10396,13686926,170,2014769,11352,189,3
209.1343,10397,13686946,170,2014804,11567,157,3
209.1534,10398,13686966,170,2014838,11567,203,3
209.1745,10399,13686986,170,2014872,11567,344,3
209.1937,10400,13687006,170,2014904,11567,267,3
209.2152,10401,13687026,170,2014934,11567,310,3
209.2343,10402,13687046,170,2014959,11352,538,3
209.2534,10403,13687066,170,2014981,11352,437,3
209.2746,10404,13687086,170,2015006,11352,347,3
209.2937,10405,13687106,170,2015032,11352,300,3
209.3149,10406,13687126,170,2015060,11352,249,3
209.3341,10407,13687146,170,2015089,9139,258,3
209.3566,10408,13687166,170,2015119,9139,252,3
209.3733,10409,13687186,170,2015150,9139,353,3
209.3946,10410,13687206,170,2015182,9139,288,3
209.4139,10411,13687226,170,2015214,9139,325,3
209.4353,10412,13687246,170,2015247,11210,212,3
209.4548,10413,13687266,170,2015280,11210,205,3
209.4736,10414,13687286,170,2015313,11210,180,3
209.4947,10415,13687306,170,2015344,11210,258,3
209.5142,10416,13687326,170,2015375,11210,248,3
209.5338,10417,13687346,170,2015407,11424,331,3
209.5552,10418,13687366,170,2015439,11424,224,3
209.5749,10419,13687386,170,2015473,11424,203,3
209.5945,10420,13687406,170,2015507,11424,134,3
209.6139,10421,13687426,170,2015541,11424,180,3
209.6335,10422,13687446,170,2015575,11995,290,3
209.6548,10423,13687466,170,2015606,11995,251,3
209.6739,10424,13687486,170,2015636,11995,274,3
209.6952,10425,13687506,170,2015661,11995,442,3
209.7145,10426,13687526,170,2015684,11995,528,3
209.7340,10427,13687546,170,2015708,9639,370,3
209.7533,10428,13687566,170,2015734,9639,338,3
209.7745,10429,13687586,170,2015760,9639,254,3
209.7938,10430,13687606,170,2015788,9639,329,3
209.8152,10431,13687626,170,2015818,9639,205,3
209.8345,10432,13687646,170,2015849,9924,214,3
209.8561,10433,13687666,170,2015880,9924,214,3
209.8751,10434,13687686,170,2015911,9924,226,3
209.8945,10435,13687706,170,2015943,9924,258,3
209.9139,10436,13687726,170,2015974,9924,220,3
209.9333,10437,13687746,170,2016006,11281,261,3
209.9547,10438,13687766,170,2016038,11281,246,3
209.9737,10439,13687786,170,2016069,11281,288,3
209.9950,10440,13687806,170,2016101,11281,210,3
210.0142,10441,13687826,170,2016134,11281,242,3
210.0336,10442,13687846,170,2016168,11424,156,3
210.0547,10443,13687866,170,2016203,11424,147,3
210.0736,10444,13687886,170,2016237,11424,268,3
210.0947,10445,13687906,170,2016271,11424,215,3
210.1142,10446,13687926,170,2016304,11424,254,3
210.1337,10447,13687946,170,2016335,12066,321,3
210.1551,10448,13687966,170,2016361,12066,343,3
210.1741,10449,13687986,170,2016386,12066,440,3
210.1953,10450,13688006,170,2016412,12066,358,3
210.2147,10451,13688026,170,2016439,12066,338,3
210.2342,10452,13688046,170,2016467,9424,243,3
210.2537,10453,13688066,170,2016495,9424,353,3
210.2749,10454,13688086,170,2016525,9424,305,3
210.2944,10455,13688106,170,2016556,9424,304,3
210.3140,10456,13688126,170,2016588,9424,217,3
210.3332,10457,13688146,170,2016621,10924,296,3
210.3569,10458,13688166,170,2016652,10924,237,3
210.3739,10459,13688186,170,2016682,10924,235,3
210.3952,10460,13688206,170,2016713,10924,190,3
210.4147,10461,13688226,170,2016744,10924,189,3
210.4337,10462,13688246,170,2016777,11138,176,3
210.4554,10463,13688266,170,2016809,11138,189,3
210.4743,10464,13688286,170,2016842,11138,179,3
210.4933,10465,13688306,170,2016875,11138,206,3
210.5146,10466,13688326,170,2016908,11138,193,3
210.5340,10467,13688346,170,2016942,11781,300,3
210.5553,10468,13688366,170,2016976,11781,188,3
210.5743,10469,13688386,170,2017009,11781,214,3
210.5934,10470,13688406,170,2017037,11781,393,3
210.6148,10471,13688426,170,2017063,11781,381,3
210.6340,10472,13688446,170,2017088,10567,316,3
210.6552,10473,13688466,170,2017112,10567,526,3
210.6740,10474,13688486,170,2017138,10567,332,3
210.6932,10475,13688506,170,2017166,10567,352,3
210.7147,10476,13688526,170,2017195,10567,261,3
210.7342,10477,13688546,170,2017225,9710,204,3
210.7537,10478,13688566,170,2017256,9710,196,3
210.7748,10479,13688586,170,2017288,9710,204,3
210.7939,10480,13688606,170,2017320,9710,194,3
210.8152,10481,13688626,170,2017352,9710,204,3
210.8342,10482,13688646,170,2017384,11352,210,3
210.8579,10483,13688666,170,2017415,11352,272,3
210.8746,10484,13688686,170,2017445,11352,254,3
210.8939,10485,13688706,170,2017476,11352,365,3
210.9154,10486,13688726,170,2017507,11352,257,3
210.9347,10487,13688746,170,2017539,10995,331,3
210.9536,10488,13688766,170,2017572,10995,222,3
210.9747,10489,13688786,170,2017605,10995,242,3
210.9938,10490,13688806,170,2017639,10995,196,3
211.0151,10491,13688826,170,2017672,10995,173,3
211.0344,10492,13688846,170,2017706,11924,195,3
211.0535,10493,13688866,170,2017737,11924,246,3
211.0744,10494,13688886,170,2017764,11924,327,3
211.0935,10495,13688906,170,2017789,11924,354,3
211.1150,10496,13688926,170,2017815,11924,379,3
211.1344,10497,13688946,170,2017841,9781,293,3
211.1538,10498,13688966,170,2017868,9781,296,3
211.1747,10499,13688986,170,2017897,9781,253,3
211.1937,10500,13689006,170,2017927,9781,281,3
211.2153,10501,13689026,170,2017958,9781,236,3
211.2346,10502,13689046,170,2017991,10567,252,3
211.2541,10503,13689066,170,2018023,10567,206,3
211.2753,10504,13689086,170,2018055,10567,259,3
211.2947,10505,13689106,170,2018086,10567,236,3
211.3142,10506,13689126,170,2018117,10567,322,3
211.3335,10507,13689146,170,2018147,11210,268,3
211.3593,10508,13689166,170,2018177,11210,311,3
211.3740,10509,13689186,170,2018208,11210,215,3
211.3933,10510,13689206,170,2018240,11210,227,3
211.4146,10511,13689226,170,2018272,11210,179,3
211.4338,10512,13689246,170,2018304,11138,195,3
211.4533,10513,13689266,170,2018337,11138,173,3
211.4743,10514,13689286,170,2018371,11138,285,3
211.4934,10515,13689306,170,2018404,11138,195,3
211.5150,10516,13689326,170,2018436,11138,472,3
211.5343,10517,13689346,170,2018461,11352,377,3
211.5534,10518,13689366,170,2018487,11352,353,3
211.5744,10519,13689386,170,2018513,11352,267,3
211.5935,10520,13689406,170,2018539,11352,331,3
211.6148,10521,13689426,170,2018566,11352,350,3
211.6338,10522,13689446,170,2018595,9496,301,3
211.6553,10523,13689466,170,2018625,9496,270,3
211.6741,10524,13689486,170,2018656,9496,203,3
211.6931,10525,13689506,170,2018688,9496,225,3
211.7144,10526,13689526,170,2018721,9496,201,3
211.7341,10527,13689546,170,2018753,11281,293,3
211.7533,10528,13689566,170,2018783,11281,257,3
211.7746,10529,13689586,170,2018813,11281,258,3
211.7938,10530,13689606,170,2018844,11281,285,3
211.8154,10531,13689626,170,2018874,11281,264,3
211.8347,10532,13689646,170,2018904,10853,406,3
211.8606,10533,13689666,170,2018935,10853,273,3
211.8731,10534,13689686,170,2018966,10853,247,3
211.8943,10535,13689706,170,2018998,10853,220,3
211.9137,10536,13689726,170,2019031,10853,258,3
211.9352,10537,13689746,170,2019063,11210,251,3
211.9545,10538,13689766,170,2019094,11210,285,3
211.9733,10539,13689786,170,2019125,11210,248,3
211.9945,10540,13689806,170,2019155,11210,259,3
212.0137,10541,13689826,170,2019181,11210,438,3
212.0333,10542,13689846,170,2019207,10424,393,3
212.0545,10543,13689866,170,2019233,10424,305,3
212.0734,10544,13689886,170,2019260,10424,376,3
212.0948,10545,13689906,170,2019288,10424,401,3
212.1141,10546,13689926,170,2019317,10424,253,3
212.1333,10547,13689946,170,2019348,9996,199,3
212.1546,10548,13689966,170,2019380,9996,201,3
212.1733,10549,13689986,170,2019412,9996,182,3
212.1947,10550,13690006,170,2019445,9996,199,3
212.2138,10551,13690026,170,2019479,9996,247,3
212.2352,10552,13690046,170,2019512,11638,272,3
212.2545,10553,13690066,170,2019543,11638,283,3
212.2734,10554,13690086,170,2019573,11638,247,3
212.2946,10555,13690106,170,2019604,11638,215,3
212.3139,10556,13690126,170,2019635,11638,249,3
212.3354,10557,13690146,170,2019667,11067,204,3
212.3611,10558,13690166,170,2019699,11067,215,3
212.3737,10559,13690186,170,2019732,11067,179,3
212.3948,10560,13690206,170,2019765,11067,195,3
212.4142,10561,13690226,170,2019798,11067,254,3
212.4336,10562,13690246,170,2019830,11709,253,3
212.4550,10563,13690266,170,2019859,11709,285,3
212.4738,10564,13690286,170,2019884,11709,393,3
212.4948,10565,13690306,170,2019909,11709,454,3
212.5140,10566,13690326,170,2019935,11709,353,3
212.5338,10567,13690346,170,2019961,9424,333,3
212.5551,10568,13690366,170,2019990,9424,286,3
212.5741,10569,13690386,170,2020020,9424,236,3
212.5932,10570,13690406,170,2020052,9424,204,3
212.6147,10571,13690426,170,2020084,9424,206,3
212.6342,10572,13690446,170,2020117,10995,211,3
212.6533,10573,13690466,170,2020151,10995,209,3
212.6746,10574,13690486,170,2020183,10995,309,3
212.6937,10575,13690506,170,2020215,10995,247,3
212.7152,10576,13690526,170,2020246,10995,254,3
212.7349,10577,13690546,170,2020279,11567,221,3
212.7542,10578,13690566,170,2020311,11567,301,3
212.7732,10579,13690586,170,2020344,11567,251,3
212.7947,10580,13690606,170,2020377,11567,264,3
212.8139,10581,13690626,170,2020411,11567,246,3
212.8354,10582,13690646,170,2020445,11852,158,3
212.8615,10583,13690666,170,2020479,11852,190,3
212.8742,10584,13690686,170,2020513,11852,192,3
212.8936,10585,13690706,170,2020544,11852,306,3
212.9151,10586,13690726,170,2020572,11852,365,3
212.9341,10587,13690746,170,2020599,11138,321,3
212.9553,10588,13690766,170,2020626,11138,291,3
212.9744,10589,13690786,170,2020654,11138,445,3
212.9935,10590,13690806,170,2020683,11138,231,3
213.0151,10591,13690826,170,2020713,11138,251,3
213.0343,10592,13690846,170,2020744,10281,188,3
213.0536,10593,13690866,170,2020776,10281,212,3
213.0753,10594,13690886,170,2020809,10281,163,3
213.0951,10595,13690906,170,2020843,10281,209,3
213.1144,10596,13690926,170,2020877,10281,230,3
213.1341,10597,13690946,170,2020909,11781,348,3
213.1539,10598,13690966,170,2020940,11781,224,3
213.1733,10599,13690986,170,2020971,11781,232,3
213.1947,10600,13691006,170,2021003,11781,194,3
213.2140,10601,13691026,170,2021035,11781,225,3
213.2352,10602,13691046,170,2021068,11281,224,3
213.2549,10603,13691066,170,2021102,11281,296,3
213.2744,10604,13691086,170,2021136,11281,187,3
213.2938,10605,13691106,170,2021169,11281,203,3
213.3131,10606,13691126,170,2021204,11281,168,3
213.3345,10607,13691146,170,2021236,12066,252,3
213.3539,10608,13691166,170,2021264,12066,316,3
213.3750,10609,13691186,170,2021289,12066,338,3
213.3943,10610,13691206,170,2021316,12066,482,3
213.4134,10611,13691226,170,2021343,12066,322,3
213.4349,10612,13691246,170,2021371,9639,363,3
213.4549,10613,13691266,170,2021400,9639,407,3
213.4740,10614,13691286,170,2021431,9639,253,3
213.4932,10615,13691306,170,2021462,9639,267,3
213.5146,10616,13691326,170,2021495,9639,227,3
213.5341,10617,13691346,170,2021528,11138,338,3
213.5553,10618,13691366,170,2021562,11138,237,3
213.5746,10619,13691386,170,2021595,11138,268,3
213.5937,10620,13691406,170,2021626,11138,236,3
213.6152,10621,13691426,170,2021657,11138,350,3
213.6344,10622,13691446,170,2021689,11567,249,3
213.6535,10623,13691466,170,2021722,11567,267,3
213.6746,10624,13691486,170,2021755,11567,253,3
213.6936,10625,13691506,170,2021789,11567,158,3
213.7151,10626,13691526,170,2021823,11567,198,3
213.7346,10627,13691546,170,2021857,11924,160,3
213.7535,10628,13691566,170,2021891,11924,288,3
213.7746,10629,13691586,170,2021925,11924,219,3
213.7939,10630,13691606,170,2021955,11924,442,3
213.8132,10631,13691626,170,2021982,11924,328,3
213.8344,10632,13691646,170,2022010,10995,342,3
213.8537,10633,13691666,170,2022037,10995,315,3
213.8746,10634,13691686,170,2022065,10995,300,3
213.8936,10635,13691706,170,2022095,10995,263,3
213.9150,10636,13691726,170,2022126,10995,365,3
213.9343,10637,13691746,170,2022158,10496,273,3
213.9534,10638,13691766,170,2022190,10496,325,3
213.9744,10639,13691786,170,2022224,10496,178,3
213.9936,10640,13691806,170,2022257,10496,200,3
214.0152,10641,13691826,170,2022291,10496,171,3
214.0343,10642,13691846,170,2022324,11924,196,3
214.0537,10643,13691866,170,2022356,11924,219,3
214.0750,10644,13691886,170,2022389,11924,205,3
214.0942,10645,13691906,170,2022421,11924,219,3
214.1133,10646,13691926,170,2022454,11924,209,3
214.1345,10647,13691946,170,2022488,11567,297,3
214.1536,10648,13691966,170,2022521,11567,237,3
214.1745,10649,13691986,170,2022555,11567,196,3
214.1938,10650,13692006,170,2022590,11567,209,3
214.2150,10651,13692026,170,2022622,11567,285,3
214.2341,10652,13692046,170,2022649,11709,337,3
214.2532,10653,13692066,170,2022675,11709,296,3
214.2743,10654,13692086,170,2022700,11709,397,3
214.2953,10655,13692106,170,2022724,11709,531,3
214.3144,10656,13692126,170,2022749,11709,353,3
214.3336,10657,13692146,170,2022777,9139,310,3
214.3550,10658,13692166,170,2022807,9139,333,3
214.3740,10659,13692186,170,2022838,9139,247,3
214.3931,10660,13692206,170,2022870,9139,246,3
214.4143,10661,13692226,170,2022903,9139,236,3
214.4338,10662,13692246,170,2022935,11138,322,3
214.4532,10663,13692266,170,2022967,11138,227,3
214.4743,10664,13692286,170,2022998,11138,256,3
214.4952,10665,13692306,170,2023029,11138,236,3
214.5148,10666,13692326,170,2023060,11138,222,3
214.5340,10667,13692346,170,2023091,11138,229,3
214.5552,10668,13692366,170,2023123,11138,193,3
214.5741,10669,13692386,170,2023156,11138,185,3
214.5932,10670,13692406,170,2023190,11138,208,3
214.6148,10671,13692426,170,2023225,11138,229,3
214.6339,10672,13692446,170,2023259,11995,206,3
214.6550,10673,13692466,170,2023292,11995,265,3
214.6743,10674,13692486,170,2023324,11995,301,3
214.6934,10675,13692506,170,2023350,11995,333,3
214.7151,10676,13692526,170,2023373,11995,382,3
214.7341,10677,13692546,170,2023397,10067,327,3
214.7533,10678,13692566,170,2023423,10067,274,3
214.7744,10679,13692586,170,2023449,10067,428,3
214.7934,10680,13692606,170,2023478,10067,269,3
214.8147,10681,13692626,170,2023507,10067,229,3
214.8339,10682,13692646,170,2023537,9853,240,3
214.8533,10683,13692666,170,2023569,9853,172,3
214.8745,10684,13692686,170,2023601,9853,210,3
214.8934,10685,13692706,170,2023633,9853,169,3
214.9146,10686,13692726,170,2023667,9853,209,3
214.9340,10687,13692746,170,2023700,11567,192,3
214.9551,10688,13692766,170,2023732,11567,205,3
214.9739,10689,13692786,170,2023764,11567,199,3
214.9951,10690,13692806,170,2023796,11567,189,3
215.0144,10691,13692826,170,2023829,11567,195,3
215.0340,10692,13692846,170,2023864,11638,221,3
215.0532,10693,13692866,170,2023899,11638,195,3
215.0744,10694,13692886,170,2023934,11638,182,3
215.0934,10695,13692906,170,2023968,11638,201,3
215.1150,10696,13692926,170,2024000,11638,226,3
215.1343,10697,13692946,170,2024031,11995,285,3
215.1533,10698,13692966,170,2024057,11995,354,3
215.1744,10699,13692986,170,2024081,11995,311,3
215.1934,10700,13693006,170,2024107,11995,334,3
215.2151,10701,13693026,170,2024134,11995,379,3
215.2345,10702,13693046,170,2024161,9424,284,3
215.2538,10703,13693066,170,2024190,9424,241,3
215.2744,10704,13693086,170,2024220,9424,278,3
215.2932,10705,13693106,170,2024251,9424,237,3
215.3147,10706,13693126,170,2024283,9424,251,3
215.3339,10707,13693146,170,2024315,10853,254,3
215.3535,10708,13693166,170,2024347,10853,256,3
215.3747,10709,13693186,170,2024379,10853,220,3
215.3939,10710,13693206,170,2024411,10853,246,3
215.4132,10711,13693226,170,2024443,10853,232,3
215.4345,10712,13693246,170,2024476,11495,233,3
215.4545,10713,13693266,170,2024508,11495,230,3
215.4737,10714,13693286,170,2024542,11495,171,3
215.4945,10715,13693306,170,2024576,11495,167,3
215.5136,10716,13693326,170,2024611,11495,222,3
215.5351,10717,13693346,170,2024646,12138,199,3
215.5541,10718,13693366,170,2024681,12138,182,3
215.5732,10719,13693386,170,2024714,12138,185,3
215.5943,10720,13693406,170,2024744,12138,286,3
215.6136,10721,13693426,170,2024769,12138,390,3
215.6351,10722,13693446,170,2024794,10781,421,3
215.6543,10723,13693466,170,2024820,10781,323,3
215.6735,10724,13693486,170,2024846,10781,421,3
215.6946,10725,13693506,170,2024873,10781,307,3
215.7138,10726,13693526,170,2024902,10781,313,3
215.7352,10727,13693546,170,2024932,9710,235,3
215.7544,10728,13693566,170,2024964,9710,342,3
215.7738,10729,13693586,170,2024996,9710,236,3
215.7961,10730,13693606,170,2025028,9710,344,3
215.8138,10731,13693626,150,2025059,9710,252,3
215.8350,10732,13693646,150,2025089,11210,248,3
215.8545,10733,13693666,150,2025119,11210,229,3
215.8747,10734,13693686,150,2025149,11210,215,3
215.8942,10735,13693706,150,2025179,11210,269,3
215.9135,10736,13693726,150,2025208,11210,270,3
215.9353,10737,13693746,150,2025238,10638,251,3
215.9552,10738,13693766,150,2025268,10638,210,3
215.9751,10739,13693786,150,2025298,10638,180,3
215.9941,10740,13693806,150,2025328,10638,240,3
216.0131,10741,13693826,150,2025359,10638,263,3
216.0348,10742,13693846,150,2025389,10781,294,3
216.0539,10743,13693866,150,2025417,10781,285,3
216.0753,10744,13693886,150,2025441,10781,366,3
216.0943,10745,13693906,150,2025461,10781,409,3
216.1133,10746,13693926,150,2025479,10781,515,3
216.1345,10747,13693946,150,2025497,7996,615,3
216.1535,10748,13693966,150,2025518,7996,523,3
216.1747,10749,13693986,150,2025540,7996,510,3
216.1938,10750,13694006,150,2025563,7996,361,3
216.2151,10751,13694026,150,2025587,7996,332,3
216.2348,10752,13694046,150,2025612,8068,305,3
216.2542,10753,13694066,150,2025639,8068,280,3
216.2733,10754,13694086,150,2025666,8068,350,3
216.2945,10755,13694106,150,2025694,8068,267,3
216.3183,10756,13694126,150,2025723,8068,267,3
216.3333,10757,13694146,150,2025751,9853,323,3
216.3545,10758,13694166,150,2025779,9853,270,3
216.3738,10759,13694186,150,2025807,9853,312,3
216.3948,10760,13694206,150,2025834,9853,279,3
216.4140,10761,13694226,150,2025861,9853,345,3
216.4351,10762,13694246,150,2025888,9781,249,3
216.4548,10763,13694266,150,2025916,9781,280,3
216.4741,10764,13694286,150,2025945,9781,334,3
216.4952,10765,13694306,150,2025974,9781,251,3
216.5147,10766,13694326,150,2026004,9781,173,3
216.5343,10767,13694346,150,2026034,10353,246,3
216.5538,10768,13694366,150,2026064,10353,226,3
216.5750,10769,13694386,150,2026094,10353,334,3
216.5939,10770,13694406,150,2026123,10353,263,3
216.6134,10771,13694426,150,2026148,10353,353,3
216.6347,10772,13694446,150,2026169,9853,377,3
216.6542,10773,13694466,150,2026189,9853,422,3
216.6733,10774,13694486,150,2026209,9853,417,3
216.6943,10775,13694506,150,2026229,9853,368,3
216.7134,10776,13694526,150,2026251,9853,328,3
216.7349,10777,13694546,150,2026274,7425,325,3
216.7539,10778,13694566,150,2026298,7425,355,3
216.7731,10779,13694586,150,2026323,7425,259,3
216.7940,10780,13694606,150,2026349,7425,384,3
216.8203,10781,13694626,150,2026376,7425,253,3
216.8351,10782,13694646,150,2026404,9210,279,3
216.8541,10783,13694666,150,2026432,9210,281,3
216.8731,10784,13694686,150,2026459,9210,326,3
216.8939,10785,13694706,150,2026485,9210,293,3
216.9152,10786,13694726,150,2026511,9210,359,3
216.9347,10787,13694746,150,2026536,9424,297,3
216.9538,10788,13694766,150,2026561,9424,354,3
216.9750,10789,13694786,150,2026587,9424,336,3
216.9939,10790,13694806,150,2026613,9424,284,3
217.0151,10791,13694826,150,2026640,9424,279,3
217.0345,10792,13694846,150,2026667,9353,268,3
217.0537,10793,13694866,150,2026696,9353,246,3
217.0750,10794,13694886,150,2026724,9353,270,3
217.0938,10795,13694906,150,2026753,9353,253,3
217.1150,10796,13694926,150,2026783,9353,215,3
217.1340,10797,13694946,150,2026812,10281,318,3
217.1533,10798,13694966,150,2026837,10281,338,3
217.1749,10799,13694986,150,2026858,10281,412,3
217.1939,10800,13695006,150,2026878,10281,407,3
217.2151,10801,13695026,150,2026897,10281,347,3
217.2343,10802,13695046,150,2026917,7711,391,3
217.2537,10803,13695066,150,2026939,7711,405,3
217.2748,10804,13695086,150,2026962,7711,317,3
217.2936,10805,13695106,150,2026986,7711,329,3
217.3214,10806,13695126,150,2027012,7711,422,3
217.3341,10807,13695146,150,2027038,8496,278,3
217.3533,10808,13695166,150,2027065,8496,304,3
217.3751,10809,13695186,150,2027092,8496,241,3
217.3940,10810,13695206,150,2027121,8496,254,3
217.4153,10811,13695226,150,2027148,8496,284,3
217.4347,10812,13695246,150,2027175,9781,293,3
217.4543,10813,13695266,150,2027201,9781,325,3
217.4733,10814,13695286,150,2027227,9781,349,3
217.4943,10815,13695306,150,2027252,9781,280,3
217.5136,10816,13695326,150,2027279,9781,307,3
217.5350,10817,13695346,150,2027305,9353,295,3
217.5545,10818,13695366,150,2027332,9353,353,3
217.5738,10819,13695386,150,2027360,9353,229,3
217.5950,10820,13695406,150,2027388,9353,297,3
217.6142,10821,13695426,150,2027416,9353,375,3
217.6337,10822,13695446,150,2027445,9924,238,3
217.6551,10823,13695466,150,2027474,9924,231,3
217.6743,10824,13695486,150,2027502,9924,382,3
217.6931,10825,13695506,150,2027529,9924,247,3
217.7145,10826,13695526,150,2027555,9924,361,3
217.7337,10827,13695546,150,2027576,9496,417,3
217.7550,10828,13695566,150,2027597,9496,416,3
217.7743,10829,13695586,150,2027619,9496,408,3
217.7935,10830,13695606,150,2027641,9496,396,3
217.8227,10831,13695626,150,2027665,9496,294,3
217.8339,10832,13695646,150,2027689,7996,304,3
217.8533,10833,13695666,150,2027715,7996,407,3
217.8746,10834,13695686,150,2027742,7996,263,3
217.8937,10835,13695706,150,2027770,7996,299,3
217.9134,10836,13695726,150,2027799,7996,285,3
217.9353,10837,13695746,150,2027827,9781,243,3
217.9546,10838,13695766,150,2027856,9781,211,3
217.9738,10839,13695786,150,2027886,9781,343,3
217.9947,10840,13695806,150,2027915,9781,249,3
218.0138,10841,13695826,150,2027941,9781,302,3
218.0350,10842,13695846,150,2027968,10067,278,3
218.0539,10843,13695866,150,2027994,10067,338,3
218.0731,10844,13695886,150,2028021,10067,281,3
218.0941,10845,13695906,150,2028047,10067,300,3
218.1132,10846,13695926,150,2028075,10067,256,3
218.1348,10847,13695946,150,2028103,9567,286,3
218.1541,10848,13695966,150,2028131,9567,295,3
218.1753,10849,13695986,150,2028159,9567,269,3
218.1941,10850,13696006,150,2028187,9567,289,3
218.2131,10851,13696026,150,2028214,9567,288,3
218.2348,10852,13696046,150,2028240,9853,325,3
218.2542,10853,13696066,150,2028261,9853,385,3
218.2733,10854,13696086,150,2028281,9853,407,3
218.2944,10855,13696106,150,2028301,9853,427,3
218.3221,10856,13696126,150,2028321,9853,379,3
218.3348,10857,13696146,150,2028343,7425,390,3
218.3539,10858,13696166,150,2028365,7425,369,3
218.3751,10859,13696186,150,2028390,7425,321,3
218.3939,10860,13696206,150,2028415,7425,280,3
218.4149,10861,13696226,150,2028441,7425,371,3
218.4339,10862,13696246,150,2028469,8925,256,3
218.4534,10863,13696266,150,2028497,8925,231,3
218.4732,10864,13696286,150,2028525,8925,342,3
218.4943,10865,13696306,150,2028554,8925,211,3
218.5132,10866,13696326,150,2028583,8925,285,3
218.5347,10867,13696346,150,2028609,9996,331,3
218.5539,10868,13696366,150,2028636,9996,310,3
218.5752,10869,13696386,150,2028663,9996,284,3
218.5940,10870,13696406,150,2028690,9996,237,3
218.6131,10871,13696426,150,2028718,9996,384,3
218.6345,10872,13696446,150,2028747,9781,220,3
218.6538,10873,13696466,150,2028776,9781,241,3
218.6751,10874,13696486,150,2028805,9781,290,3
218.6939,10875,13696506,150,2028834,9781,247,3
218.7130,10876,13696526,150,2028864,9781,227,3
218.7344,10877,13696546,150,2028893,10424,208,3
218.7534,10878,13696566,150,2028923,10424,320,3
218.7748,10879,13696586,150,2028948,10424,331,3
218.7939,10880,13696606,150,2028971,10424,368,3
218.8132,10881,13696626,150,2028992,10424,385,3
218.8351,10882,13696646,150,2029013,8782,369,3
218.8544,10883,13696666,150,2029035,8782,380,3
218.8736,10884,13696686,150,2029057,8782,392,3
218.8947,10885,13696706,150,2029081,8782,474,3
218.9138,10886,13696726,150,2029107,8782,305,3
218.9330,10887,13696746,150,2029133,8425,274,3
218.9546,10888,13696766,150,2029160,8425,254,3
218.9738,10889,13696786,150,2029188,8425,348,3
218.9947,10890,13696806,150,2029217,8425,233,3
219.0142,10891,13696826,150,2029246,8425,237,3
219.0336,10892,13696846,150,2029275,10067,296,3
219.0547,10893,13696866,150,2029302,10067,280,3
219.0739,10894,13696886,150,2029329,10067,238,3
219.0951,10895,13696906,150,2029356,10067,322,3
219.1143,10896,13696926,150,2029384,10067,238,3
219.1335,10897,13696946,150,2029412,9853,258,3
219.1549,10898,13696966,150,2029441,9853,257,3
219.1739,10899,13696986,150,2029470,9853,230,3
219.1949,10900,13697006,150,2029499,9853,294,3
219.2140,10901,13697026,150,2029528,9853,361,3
219.2352,10902,13697046,150,2029558,10353,238,3
219.2547,10903,13697066,150,2029588,10353,195,3
219.2737,10904,13697086,150,2029617,10353,257,3
219.2947,10905,13697106,150,2029643,10353,306,3
219.3137,10906,13697126,150,2029665,10353,369,3
219.3351,10907,13697146,150,2029687,9353,402,3
219.3544,10908,13697166,150,2029708,9353,387,3
219.3737,10909,13697186,150,2029729,9353,376,3
219.3946,10910,13697206,150,2029752,9353,360,3
219.4136,10911,13697226,150,2029776,9353,309,3
219.4349,10912,13697246,150,2029801,8068,280,3
219.4542,10913,13697266,150,2029828,8068,392,3
219.4738,10914,13697286,150,2029855,8068,256,3
219.4949,10915,13697306,150,2029883,8068,293,3
219.5139,10916,13697326,150,2029912,8068,360,3
219.5333,10917,13697346,150,2029941,9924,235,3
219.5548,10918,13697366,150,2029969,9924,246,3
219.5741,10919,13697386,150,2029997,9924,349,3
219.5951,10920,13697406,150,2030023,9924,325,3
219.6143,10921,13697426,150,2030050,9924,258,3
219.6336,10922,13697446,150,2030077,9781,284,3
219.6551,10923,13697466,150,2030104,9781,413,3
219.6747,10924,13697486,150,2030132,9781,256,3
219.6939,10925,13697506,150,2030160,9781,254,3
219.7131,10926,13697526,150,2030188,9781,278,3
219.7348,10927,13697546,150,2030217,9924,216,3
219.7543,10928,13697566,150,2030246,9924,242,3
219.7738,10929,13697586,150,2030276,9924,339,3
219.7933,10930,13697606,150,2030305,9924,227,3
219.8132,10931,13697626,150,2030332,9924,379,3
219.8350,10932,13697646,150,2030356,10067,305,3
219.8544,10933,13697666,150,2030378,10067,377,3
219.8735,10934,13697686,150,2030399,10067,385,3
219.8947,10935,13697706,150,2030420,10067,338,3
219.9139,10936,13697726,150,2030442,10067,359,3
219.9331,10937,13697746,150,2030465,7782,377,3
219.9548,10938,13697766,150,2030490,7782,391,3
219.9748,10939,13697786,150,2030516,7782,275,3
219.9942,10940,13697806,150,2030543,7782,312,3
220.0133,10941,13697826,150,2030571,7782,252,3
220.0350,10942,13697846,150,2030599,9424,274,3
220.0544,10943,13697866,150,2030627,9424,284,3
220.0735,10944,13697886,150,2030656,9424,257,3
220.0945,10945,13697906,150,2030684,9424,285,3
220.1135,10946,13697926,150,2030712,9424,293,3
220.1347,10947,13697946,150,2030740,10138,237,3
220.1541,10948,13697966,150,2030768,10138,313,3
220.1734,10949,13697986,150,2030796,10138,251,3
220.1946,10950,13698006,150,2030825,10138,229,3
220.2140,10951,13698026,150,2030854,10138,278,3
220.2334,10952,13698046,150,2030884,10210,272,3
220.2553,10953,13698066,150,2030913,10210,231,3
220.2744,10954,13698086,150,2030943,10210,199,3
220.2932,10955,13698106,150,2030973,10210,259,3
220.3147,10956,13698126,150,2031003,10210,267,3
220.3344,10957,13698146,150,2031029,10424,331,3
220.3538,10958,13698166,150,2031051,10424,326,3
220.3751,10959,13698186,150,2031071,10424,454,3
220.3940,10960,13698206,150,2031089,10424,389,3
220.4152,10961,13698226,150,2031109,10424,503,3
220.4346,10962,13698246,150,2031130,7354,450,3
220.4541,10963,13698266,150,2031153,7354,329,3
220.4742,10964,13698286,150,2031178,7354,267,3
220.4932,10965,13698306,150,2031204,7354,293,3
220.5143,10966,13698326,150,2031231,7354,263,3
220.5339,10967,13698346,150,2031259,9067,297,3
220.5533,10968,13698366,150,2031288,9067,285,3
220.5747,10969,13698386,150,2031316,9067,236,3
220.5937,10970,13698406,150,2031344,9067,326,3
220.6148,10971,13698426,150,2031372,9067,263,3
220.6338,10972,13698446,150,2031399,9996,289,3
220.6550,10973,13698466,150,2031425,9996,336,3
220.6741,10974,13698486,150,2031452,9996,294,3
220.6931,10975,13698506,150,2031479,9996,265,3
220.7145,10976,13698526,150,2031507,9996,231,3
220.7340,10977,13698546,150,2031535,9639,339,3
220.7532,10978,13698566,150,2031564,9639,215,3
220.7747,10979,13698586,150,2031595,9639,210,3
220.7936,10980,13698606,150,2031625,9639,174,3
220.8151,10981,13698626,150,2031655,9639,233,3
220.8348,10982,13698646,150,2031684,10638,343,3
220.8543,10983,13698666,150,2031712,10638,288,3
220.8734,10984,13698686,150,2031736,10638,407,3
220.8946,10985,13698706,150,2031754,10638,350,3
220.9137,10986,13698726,150,2031771,10638,494,3
220.9350,10987,13698746,150,2031789,7711,498,3
220.9541,10988,13698766,150,2031808,7711,359,3
220.9751,10989,13698786,150,2031828,7711,349,3
220.9940,10990,13698806,150,2031850,7711,360,3
221.0130,10991,13698826,150,2031873,7711,337,3
221.0345,10992,13698846,150,2031896,7568,460,3
221.0539,10993,13698866,150,2031922,7568,281,3
221.0731,10994,13698886,150,2031948,7568,274,3
221.0941,10995,13698906,150,2031975,7568,264,3
221.1132,10996,13698926,150,2032003,7568,348,3
221.1349,10997,13698946,150,2032031,9496,257,3
221.1541,10998,13698966,150,2032059,9496,278,3
221.1731,10999,13698986,150,2032086,9496,300,3
221.1944,11000,13699006,150,2032113,9496,272,3
221.2138,11001,13699026,150,2032140,9496,283,3
221.2335,11002,13699046,150,2032167,9710,277,3
221.2533,11003,13699066,150,2032194,9710,331,3
221.2754,11004,13699086,150,2032222,9710,242,3
221.2948,11005,13699106,150,2032251,9710,279,3
221.3164,11006,13699126,150,2032281,9710,320,3
221.3338,11007,13699146,150,2032311,10281,256,3
221.3537,11008,13699166,150,2032341,10281,246,3
221.3733,11009,13699186,150,2032369,10281,274,3
221.3946,11010,13699206,150,2032396,10281,267,3
221.4140,11011,13699226,150,2032423,10281,349,3
221.4336,11012,13699246,150,2032444,9781,453,3
221.4533,11013,13699266,150,2032463,9781,488,3
221.4751,11014,13699286,150,2032483,9781,414,3
221.4941,11015,13699306,150,2032502,9781,396,3
221.5134,11016,13699326,150,2032522,9781,327,3
221.5352,11017,13699346,150,2032544,6997,366,3
221.5552,11018,13699366,150,2032567,6997,332,3
221.5741,11019,13699386,150,2032592,6997,316,3
221.5933,11020,13699406,150,2032617,6997,288,3
221.6147,11021,13699426,150,2032644,6997,398,3
221.6339,11022,13699446,150,2032671,8996,270,3
221.6536,11023,13699466,150,2032698,8996,270,3
221.6748,11024,13699486,150,2032725,8996,268,3
221.6937,11025,13699506,150,2032753,8996,254,3
221.7150,11026,13699526,150,2032781,8996,290,3
221.7341,11027,13699546,150,2032808,9781,264,3
221.7537,11028,13699566,150,2032836,9781,395,3
221.7731,11029,13699586,150,2032863,9781,272,3
221.7942,11030,13699606,150,2032891,9781,281,3
221.8134,11031,13699626,150,2032920,9781,350,3
221.8350,11032,13699646,150,2032949,9996,192,3
221.8542,11033,13699666,150,2032980,9996,153,3
221.8732,11034,13699686,150,2033011,9996,222,3
221.8941,11035,13699706,150,2033041,9996,222,3
221.9136,11036,13699726,150,2033070,9996,361,3
221.9334,11037,13699746,150,2033099,10710,217,3
221.9552,11038,13699766,150,2033126,10710,321,3
221.9747,11039,13699786,150,2033149,10710,381,3
221.9940,11040,13699806,150,2033169,10710,336,3
222.0153,11041,13699826,150,2033190,10710,400,3
222.0343,11042,13699846,150,2033211,8211,385,3
222.0539,11043,13699866,150,2033233,8211,343,3
222.0752,11044,13699886,150,2033255,8211,369,3
222.0940,11045,13699906,150,2033279,8211,326,3
222.1131,11046,13699926,150,2033303,8211,358,3
222.1347,11047,13699946,150,2033328,8282,293,3
222.1539,11048,13699966,150,2033355,8282,272,3
222.1751,11049,13699986,150,2033383,8282,265,3
222.1940,11050,13700006,150,2033411,8282,353,3
222.2132,11051,13700026,150,2033439,8282,248,3
222.2347,11052,13700046,150,2033466,9781,270,3
222.2543,11053,13700066,150,2033493,9781,267,3
222.2731,11054,13700086,150,2033520,9781,290,3
222.2940,11055,13700106,150,2033547,9781,253,3
222.3150,11056,13700126,150,2033573,9781,275,3
222.3351,11057,13700146,150,2033600,9567,270,3
222.3549,11058,13700166,150,2033628,9567,278,3
222.3742,11059,13700186,150,2033656,9567,304,3
222.3931,11060,13700206,150,2033685,9567,231,3
222.4147,11061,13700226,150,2033714,9567,243,3
222.4345,11062,13700246,150,2033743,10138,268,3
222.4541,11063,13700266,150,2033772,10138,264,3
222.4738,11064,13700286,150,2033801,10138,235,3
222.4952,11065,13700306,150,2033827,10138,360,3
222.5131,11066,13700326,150,2033848,10138,390,3
222.5346,11067,13700346,150,2033868,9139,461,3
222.5542,11068,13700366,150,2033886,9139,458,3
222.5735,11069,13700386,150,2033906,9139,381,3
222.5945,11070,13700406,150,2033928,9139,325,3
222.6138,11071,13700426,150,2033952,9139,342,3
222.6350,11072,13700446,150,2033976,7639,326,3
222.6541,11073,13700466,150,2034001,7639,261,3
222.6734,11074,13700486,150,2034028,7639,297,3
222.6946,11075,13700506,150,2034054,7639,325,3
222.7138,11076,13700526,150,2034081,7639,249,3
222.7330,11077,13700546,150,2034109,9424,248,3
222.7543,11078,13700566,150,2034138,9424,310,3
222.7733,11079,13700586,150,2034167,9424,249,3
222.7944,11080,13700606,150,2034195,9424,232,3
222.8134,11081,13700626,150,2034222,9424,389,3
222.8333,11082,13700646,150,2034248,9924,268,3
222.8547,11083,13700666,150,2034275,9924,290,3
222.8737,11084,13700686,150,2034302,9924,238,3
222.8947,11085,13700706,150,2034330,9924,291,3
222.9137,11086,13700726,150,2034359,9924,258,3
222.9351,11087,13700746,150,2034388,9996,205,3
222.9546,11088,13700766,150,2034418,9996,232,3
222.9738,11089,13700786,150,2034448,9996,209,3
222.9949,11090,13700806,150,2034478,9996,323,3
223.0140,11091,13700826,150,2034507,9996,225,3
223.0330,11092,13700846,150,2034535,10496,307,3
223.0542,11093,13700866,150,2034558,10496,358,3
223.0734,11094,13700886,150,2034577,10496,365,3
223.0947,11095,13700906,150,2034597,10496,377,3
223.1137,11096,13700926,150,2034617,10496,392,3
223.1352,11097,13700946,150,2034639,7497,450,3
223.1545,11098,13700966,150,2034661,7497,349,3
223.1735,11099,13700986,150,2034685,7497,353,3
223.1944,11100,13701006,150,2034711,7497,325,3
223.2134,11101,13701026,150,2034737,7497,259,3
223.2346,11102,13701046,150,2034764,8853,261,3
223.2539,11103,13701066,150,2034792,8853,241,3
223.2730,11104,13701086,150,2034820,8853,359,3
223.2939,11105,13701106,150,2034848,8853,259,3
223.3133,11106,13701126,150,2034876,8853,318,3
223.3358,11107,13701146,150,2034902,9924,325,3
223.3533,11108,13701166,150,2034928,9924,350,3
223.3747,11109,13701186,150,2034953,9924,267,3
223.3944,11110,13701206,150,2034980,9924,325,3
223.4135,11111,13701226,150,2035005,9924,312,3
223.4350,11112,13701246,150,2035032,9210,409,3
223.4542,11113,13701266,150,2035059,9210,273,3
223.4737,11114,13701286,150,2035087,9210,288,3
223.4947,11115,13701306,150,2035116,9210,262,3
223.5138,11116,13701326,150,2035145,9210,216,3
223.5330,11117,13701346,150,2035174,10067,233,3
223.5545,11118,13701366,150,2035204,10067,349,3
223.5735,11119,13701386,150,2035230,10067,369,3
223.5945,11120,13701406,150,2035252,10067,442,3
223.6136,11121,13701426,150,2035272,10067,493,3
223.6350,11122,13701446,150,2035290,8568,560,3
223.6544,11123,13701466,150,2035310,8568,528,3
223.6737,11124,13701486,150,2035331,8568,498,3
223.6948,11125,13701506,150,2035353,8568,538,3
223.7136,11126,13701526,150,2035376,8568,364,3
223.7349,11127,13701546,150,2035401,7711,283,3
223.7544,11128,13701566,150,2035426,7711,302,3
223.7736,11129,13701586,150,2035453,7711,302,3
223.7946,11130,13701606,150,2035480,7711,413,3
223.8137,11131,13701626,150,2035508,7711,252,3
223.8354,11132,13701646,150,2035536,9639,267,3
223.8549,11133,13701666,150,2035561,9639,294,3
223.8739,11134,13701686,150,2035587,9639,439,3
223.8933,11135,13701706,150,2035612,9639,334,3
223.9143,11136,13701726,150,2035637,9639,302,3
223.9333,11137,13701746,150,2035663,9139,306,3
223.9532,11138,13701766,150,2035689,9139,273,3
223.9731,11139,13701786,150,2035715,9139,407,3
223.9949,11140,13701806,150,2035741,9139,252,3
224.0140,11141,13701826,150,2035769,9139,296,3
224.0333,11142,13701846,150,2035797,9496,262,3
224.0545,11143,13701866,150,2035826,9496,256,3
224.0735,11144,13701886,150,2035854,9496,312,3
224.0947,11145,13701906,150,2035881,9496,253,3
224.1136,11146,13701926,150,2035908,9496,349,3
224.1353,11147,13701946,150,2035935,9924,305,3
224.1547,11148,13701966,150,2035959,9924,382,3
224.1739,11149,13701986,150,2035980,9924,386,3
224.1948,11150,13702006,150,2036002,9924,373,3
224.2138,11151,13702026,150,2036023,9924,386,3
224.2349,11152,13702046,150,2036045,7925,384,3
224.2542,11153,13702066,150,2036069,7925,326,3
224.2733,11154,13702086,150,2036093,7925,323,3
224.2947,11155,13702106,150,2036119,7925,360,3
224.3137,11156,13702126,150,2036146,7925,268,3
224.3363,11157,13702146,150,2036174,9067,305,3
224.3541,11158,13702166,150,2036203,9067,252,3
224.3744,11159,13702186,150,2036232,9067,246,3
224.3943,11160,13702206,150,2036260,9067,246,3
224.4135,11161,13702226,150,2036290,9067,307,3
224.4347,11162,13702246,150,2036319,10353,281,3
224.4540,11163,13702266,150,2036345,10353,301,3
224.4739,11164,13702286,150,2036372,10353,261,3
224.4950,11165,13702306,150,2036398,10353,400,3
224.5142,11166,13702326,150,2036425,10353,261,3
224.5334,11167,13702346,150,2036452,9496,280,3
224.5548,11168,13702366,150,2036480,9496,254,3
224.5741,11169,13702386,150,2036508,9496,252,3
224.5940,11170,13702406,150,2036536,9496,283,3
224.6134,11171,13702426,150,2036565,9496,259,3
224.6347,11172,13702446,150,2036593,9996,273,3
224.6543,11173,13702466,150,2036621,9996,272,3
224.6736,11174,13702486,150,2036646,9996,375,3
224.6948,11175,13702506,150,2036667,9996,422,3
224.7137,11176,13702526,150,2036688,9996,391,3
224.7349,11177,13702546,150,2036708,8425,386,3
224.7542,11178,13702566,150,2036729,8425,390,3
224.7737,11179,13702586,150,2036752,8425,312,3
224.7930,11180,13702606,150,2036776,8425,297,3
224.8142,11181,13702626,150,2036802,8425,357,3
224.8363,11182,13702646,150,2036828,8425,289,3
224.8534,11183,13702666,150,2036856,8425,293,3
224.8747,11184,13702686,150,2036884,8425,237,3
224.8939,11185,13702706,150,2036913,8425,248,3
224.9129,11186,13702726,150,2036943,8425,294,3
224.9344,11187,13702746,150,2036972,10210,277,3
224.9537,11188,13702766,150,2036999,10210,295,3
224.9747,11189,13702786,150,2037026,10210,289,3
224.9938,11190,13702806,150,2037053,10210,279,3
225.0147,11191,13702826,150,2037080,10210,396,3
225.0336,11192,13702846,150,2037108,9781,246,3
225.0549,11193,13702866,150,2037136,9781,256,3
225.0738,11194,13702886,150,2037164,9781,273,3
225.0949,11195,13702906,150,2037193,9781,224,3
225.1138,11196,13702926,150,2037222,9781,238,3
225.1350,11197,13702946,150,2037252,10210,339,3
225.1543,11198,13702966,150,2037281,10210,215,3
225.1735,11199,13702986,150,2037311,10210,241,3
225.1947,11200,13703006,150,2037337,10210,504,3
225.2134,11201,13703026,150,2037360,10210,401,3
225.2347,11202,13703046,150,2037382,9496,456,3
225.2539,11203,13703066,150,2037404,9496,412,3
225.2733,11204,13703086,150,2037425,9496,377,3
225.2948,11205,13703106,150,2037448,9496,361,3
225.3143,11206,13703126,150,2037472,9496,339,3
225.3367,11207,13703146,150,2037496,8068,339,3
225.3542,11208,13703166,150,2037522,8068,267,3
225.3736,11209,13703186,150,2037549,8068,379,3
225.3947,11210,13703206,150,2037577,8068,227,3
225.4139,11211,13703226,150,2037606,8068,257,3
225.4330,11212,13703246,150,2037635,9781,343,3
225.4546,11213,13703266,150,2037664,9781,261,3
225.4741,11214,13703286,150,2037692,9781,310,3
225.4933,11215,13703306,150,2037719,9781,326,3
225.5144,11216,13703326,150,2037747,9781,288,3
225.5337,11217,13703346,150,2037775,9996,313,3
225.5549,11218,13703366,150,2037802,9996,272,3
225.5740,11219,13703386,150,2037829,9996,310,3
225.5951,11220,13703406,150,2037858,9996,237,3
225.6139,11221,13703426,150,2037886,9996,249,3
225.6349,11222,13703446,150,2037915,10067,248,3
225.6544,11223,13703466,150,2037945,10067,269,3
225.6736,11224,13703486,150,2037974,10067,253,3
225.6931,11225,13703506,150,2038004,10067,229,3
225.7146,11226,13703526,150,2038031,10067,343,3
225.7343,11227,13703546,150,2038054,9996,373,3
225.7540,11228,13703566,150,2038076,9996,464,3
225.7737,11229,13703586,150,2038096,9996,349,3
225.7932,11230,13703606,150,2038117,9996,375,3
225.8144,11231,13703626,150,2038140,9996,419,3
225.8362,11232,13703646,150,2038163,7782,302,3
225.8536,11233,13703666,150,2038188,7782,350,3
225.8750,11234,13703686,150,2038214,7782,333,3
225.8944,11235,13703706,150,2038241,7782,268,3
225.9135,11236,13703726,150,2038269,7782,268,3
225.9347,11237,13703746,150,2038298,9496,306,3
225.9539,11238,13703766,150,2038327,9496,254,3
225.9731,11239,13703786,150,2038356,9496,224,3
225.9948,11240,13703806,150,2038385,9496,248,3
226.0142,11241,13703826,150,2038412,9496,283,3
226.0337,11242,13703846,150,2038439,10138,277,3
226.0533,11243,13703866,150,2038467,10138,353,3
226.0747,11244,13703886,150,2038495,10138,262,3
226.0941,11245,13703906,150,2038523,10138,322,3
226.1133,11246,13703926,150,2038551,10138,294,3
226.1346,11247,13703946,150,2038579,9924,262,3
226.1539,11248,13703966,150,2038607,9924,269,3
226.1735,11249,13703986,150,2038636,9924,277,3
226.1932,11250,13704006,150,2038665,9924,217,3
226.2144,11251,13704026,150,2038695,9924,236,3
226.2337,11252,13704046,150,2038724,10424,381,3
226.2551,11253,13704066,150,2038748,10424,395,3
226.2741,11254,13704086,150,2038770,10424,385,3
226.2933,11255,13704106,150,2038792,10424,355,3
226.3147,11256,13704126,150,2038814,10424,400,3
226.3363,11257,13704146,150,2038836,8068,380,3
226.3533,11258,13704166,150,2038860,8068,310,3
226.3732,11259,13704186,150,2038884,8068,297,3
226.3944,11260,13704206,150,2038911,8068,283,3
226.4133,11261,13704226,150,2038937,8068,397,3
226.4331,11262,13704246,150,2038965,9139,252,3
226.4553,11263,13704266,150,2038993,9139,232,3
226.4731,11264,13704286,150,2039022,9139,365,3
226.4945,11265,13704306,150,2039050,9139,231,3
226.5134,11266,13704326,150,2039078,9139,272,3
226.5347,11267,13704346,150,2039105,9996,321,3
226.5540,11268,13704366,150,2039132,9996,302,3
226.5750,11269,13704386,150,2039160,9996,288,3
226.5947,11270,13704406,150,2039188,9996,238,3
226.6140,11271,13704426,150,2039216,9996,288,3
226.6332,11272,13704446,150,2039244,9924,273,3
226.6547,11273,13704466,150,2039273,9924,232,3
226.6742,11274,13704486,150,2039303,9924,248,3
226.6934,11275,13704506,150,2039332,9924,233,3
226.7147,11276,13704526,150,2039362,9924,310,3
226.7345,11277,13704546,150,2039392,10496,209,3
226.7540,11278,13704566,150,2039420,10496,363,3
226.7733,11279,13704586,150,2039443,10496,331,3
226.7948,11280,13704606,150,2039464,10496,412,3
226.8139,11281,13704626,150,2039483,10496,455,3
226.8378,11282,13704646,150,2039503,8068,504,3
226.8550,11283,13704666,150,2039523,8068,397,3
226.8742,11284,13704686,150,2039545,8068,369,3
226.8935,11285,13704706,150,2039569,8068,272,3
226.9146,11286,13704726,150,2039594,8068,295,3
226.9338,11287,13704746,150,2039621,8353,348,3
226.9551,11288,13704766,150,2039648,8353,252,3
226.9742,11289,13704786,150,2039676,8353,291,3
226.9935,11290,13704806,150,2039704,8353,406,3
227.0145,11291,13704826,150,2039732,8353,258,3
227.0337,11292,13704846,150,2039760,9853,257,3
227.0551,11293,13704866,150,2039787,9853,280,3
227.0742,11294,13704886,150,2039814,9853,326,3
227.0934,11295,13704906,150,2039840,9853,281,3
227.1145,11296,13704926,150,2039868,9853,278,3
227.1336,11297,13704946,150,2039895,9710,327,3
227.1550,11298,13704966,150,2039923,9710,248,3
227.1744,11299,13704986,150,2039952,9710,246,3
227.1936,11300,13705006,150,2039983,9710,284,3
227.2146,11301,13705026,150,2040013,9710,263,3
227.2336,11302,13705046,150,2040044,10567,247,3
227.2551,11303,13705066,150,2040073,10567,226,3
227.2744,11304,13705086,150,2040101,10567,245,3
227.2942,11305,13705106,150,2040128,10567,345,3
227.3135,11306,13705126,150,2040149,10567,405,3
227.3399,11307,13705146,150,2040168,9067,433,3
227.3548,11308,13705166,150,2040187,9067,396,3
227.3745,11309,13705186,150,2040207,9067,512,3
227.3946,11310,13705206,150,2040228,9067,350,3
227.4137,11311,13705226,150,2040251,9067,332,3
227.4348,11312,13705246,150,2040275,7568,302,3
227.4541,11313,13705266,150,2040300,7568,315,3
227.4738,11314,13705286,150,2040325,7568,359,3
227.4930,11315,13705306,150,2040352,7568,267,3
227.5142,11316,13705326,150,2040380,7568,277,3
227.5332,11317,13705346,150,2040408,9353,342,3
227.5547,11318,13705366,150,2040436,9353,236,3
227.5740,11319,13705386,150,2040465,9353,209,3
227.5932,11320,13705406,150,2040494,9353,365,3
227.6143,11321,13705426,150,2040521,9353,259,3
227.6335,11322,13705446,150,2040547,9996,302,3
227.6548,11323,13705466,150,2040573,9996,278,3
227.6741,11324,13705486,150,2040600,9996,396,3
227.6933,11325,13705506,150,2040629,9996,225,3
227.7144,11326,13705526,150,2040658,9996,222,3
227.7336,11327,13705546,150,2040688,9996,235,3
227.7533,11328,13705566,150,2040718,9996,288,3
227.7750,11329,13705586,150,2040747,9996,268,3
227.7943,11330,13705606,150,2040773,9996,317,3
227.8133,11331,13705626,150,2040801,9996,254,3
227.8423,11332,13705646,150,2040827,10067,368,3
227.8551,11333,13705666,150,2040847,10067,530,3
227.8744,11334,13705686,150,2040867,10067,395,3
227.8937,11335,13705706,150,2040886,10067,414,3
227.9147,11336,13705726,150,2040906,10067,341,3
227.9338,11337,13705746,150,2040927,7140,395,3
227.9551,11338,13705766,150,2040949,7140,300,3
227.9744,11339,13705786,150,2040973,7140,321,3
227.9937,11340,13705806,150,2040997,7140,299,3
228.0147,11341,13705826,150,2041024,7140,265,3
228.0349,11342,13705846,150,2041050,8710,353,3
228.0533,11343,13705866,150,2041077,8710,274,3
228.0749,11344,13705886,150,2041104,8710,257,3
228.0941,11345,13705906,150,2041131,8710,278,3
228.1130,11346,13705926,150,2041159,8710,300,3
228.1342,11347,13705946,150,2041187,9710,281,3
228.1536,11348,13705966,150,2041214,9710,263,3
228.1749,11349,13705986,150,2041241,9710,412,3
228.1941,11350,13706006,150,2041269,9710,249,3
228.2131,11351,13706026,150,2041297,9710,225,3
228.2342,11352,13706046,150,2041326,9924,326,3
228.2535,11353,13706066,150,2041356,9924,180,3
228.2731,11354,13706086,150,2041386,9924,184,3
228.2944,11355,13706106,150,2041417,9924,178,3
228.3135,11356,13706126,150,2041447,9924,242,3
228.3329,11357,13706146,150,2041476,10781,342,3
228.3547,11358,13706166,150,2041504,10781,256,3
228.3740,11359,13706186,150,2041531,10781,398,3
228.3936,11360,13706206,150,2041553,10781,369,3
228.4147,11361,13706226,150,2041574,10781,407,3
228.4338,11362,13706246,150,2041595,8639,382,3
228.4534,11363,13706266,150,2041616,8639,369,3
228.4743,11364,13706286,150,2041638,8639,395,3
228.4944,11365,13706306,150,2041661,8639,361,3
228.5133,11366,13706326,150,2041684,8639,322,3
228.5347,11367,13706346,150,2041710,8068,421,3
228.5541,11368,13706366,150,2041736,8068,277,3
228.5732,11369,13706386,150,2041763,8068,294,3
228.5943,11370,13706406,150,2041791,8068,241,3
228.6132,11371,13706426,150,2041820,8068,277,3
228.6347,11372,13706446,150,2041847,9781,285,3
228.6543,11373,13706466,150,2041874,9781,265,3
228.6743,11374,13706486,150,2041901,9781,363,3
228.6944,11375,13706506,150,2041929,9781,252,3
228.7134,11376,13706526,150,2041956,9781,304,3
228.7348,11377,13706546,150,2041983,9639,262,3
228.7539,11378,13706566,150,2042010,9639,333,3
228.7731,11379,13706586,150,2042038,9639,246,3
228.7944,11380,13706606,150,2042067,9639,230,3
228.8133,11381,13706626,150,2042095,9639,290,3
228.8346,11382,13706646,150,2042125,10138,233,3
228.8541,11383,13706666,150,2042154,10138,220,3
228.8735,11384,13706686,150,2042184,10138,220,3
228.8949,11385,13706706,150,2042212,10138,309,3
228.9141,11386,13706726,150,2042236,10138,387,3
228.9332,11387,13706746,150,2042256,9567,402,3
228.9547,11388,13706766,150,2042276,9567,472,3
228.9742,11389,13706786,150,2042295,9567,421,3
228.9940,11390,13706806,150,2042315,9567,349,3
229.0134,11391,13706826,150,2042338,9567,344,3
229.0348,11392,13706846,150,2042362,7497,333,3
229.0544,11393,13706866,150,2042388,7497,309,3
229.0738,11394,13706886,150,2042414,7497,401,3
229.0937,11395,13706906,150,2042441,7497,247,3
229.1147,11396,13706926,150,2042469,7497,263,3
229.1344,11397,13706946,150,2042497,9567,286,3
229.1542,11398,13706966,150,2042526,9567,254,3
229.1737,11399,13706986,150,2042555,9567,264,3
229.1948,11400,13707006,150,2042583,9567,331,3
229.2139,11401,13707026,150,2042610,9567,277,3
229.2330,11402,13707046,150,2042636,9924,293,3
229.2548,11403,13707066,150,2042663,9924,302,3
229.2742,11404,13707086,150,2042690,9924,329,3
229.2936,11405,13707106,150,2042717,9924,263,3
229.3146,11406,13707126,150,2042746,9924,295,3
229.3339,11407,13707146,150,2042775,9853,284,3
229.3535,11408,13707166,150,2042804,9853,200,3
229.3748,11409,13707186,150,2042834,9853,214,3
229.3939,11410,13707206,150,2042864,9853,259,3
229.4130,11411,13707226,150,2042893,9853,269,3
229.4342,11412,13707246,150,2042922,10567,284,3
229.4532,11413,13707266,150,2042947,10567,466,3
229.4730,11414,13707286,150,2042968,10567,531,3
229.4946,11415,13707306,150,2042988,10567,435,3
229.5136,11416,13707326,150,2043008,10567,377,3
229.5347,11417,13707346,150,2043029,7782,400,3
229.5542,11418,13707366,150,2043052,7782,363,3
229.5737,11419,13707386,150,2043075,7782,455,3
229.5929,11420,13707406,150,2043100,7782,337,3
229.6142,11421,13707426,150,2043126,7782,288,3
229.6333,11422,13707446,150,2043153,8710,238,3
229.6551,11423,13707466,150,2043181,8710,333,3
229.6749,11424,13707486,150,2043209,8710,233,3
229.6946,11425,13707506,150,2043237,8710,251,3
229.7138,11426,13707526,150,2043265,8710,294,3
229.7339,11427,13707546,150,2043292,9924,306,3
229.7534,11428,13707566,150,2043319,9924,307,3
229.7749,11429,13707586,150,2043345,9924,267,3
229.7942,11430,13707606,150,2043371,9924,297,3
229.8151,11431,13707626,150,2043397,9924,353,3
229.8343,11432,13707646,150,2043424,9424,281,3
229.8538,11433,13707666,150,2043452,9424,302,3
229.8733,11434,13707686,150,2043480,9424,384,3
229.8945,11435,13707706,150,2043509,9424,217,3
229.9135,11436,13707726,150,2043538,9424,227,3
229.9348,11437,13707746,150,2043567,10138,305,3
229.9543,11438,13707766,150,2043596,10138,235,3
229.9737,11439,13707786,150,2043624,10138,312,3
229.9948,11440,13707806,150,2043648,10138,371,3
230.0138,11441,13707826,150,2043669,10138,424,3
230.0349,11442,13707846,150,2043689,8925,396,3
230.0546,11443,13707866,150,2043709,8925,442,3
230.0743,11444,13707886,150,2043730,8925,348,3
230.0939,11445,13707906,150,2043753,8925,326,3
230.1131,11446,13707926,150,2043776,8925,326,3
230.1346,11447,13707946,150,2043801,7925,423,3
230.1541,11448,13707966,150,2043828,7925,256,3
230.1735,11449,13707986,150,2043855,7925,300,3
230.1946,11450,13708006,150,2043883,7925,253,3
230.2136,11451,13708026,150,2043911,7925,264,3
230.2351,11452,13708046,150,2043939,9781,305,3
230.2546,11453,13708066,150,2043965,9781,283,3
230.2737,11454,13708086,150,2043992,9781,424,3
230.2949,11455,13708106,150,2044017,9781,278,3
230.3138,11456,13708126,150,2044043,9781,277,3
230.3349,11457,13708146,150,2044069,9282,294,3
230.3547,11458,13708166,150,2044095,9282,275,3
230.3745,11459,13708186,150,2044121,9282,449,3
230.3943,11460,13708206,150,2044147,9282,278,3
230.4137,11461,13708226,150,2044175,9282,322,3
230.4332,11462,13708246,150,2044203,9496,245,3
230.4548,11463,13708266,150,2044231,9496,261,3
230.4745,11464,13708286,150,2044259,9496,291,3
230.4937,11465,13708306,150,2044287,9496,252,3
230.5131,11466,13708326,150,2044314,9496,338,3
230.5349,11467,13708346,150,2044340,9924,278,3
230.5543,11468,13708366,150,2044362,9924,332,3
230.5738,11469,13708386,150,2044383,9924,434,3
230.5929,11470,13708406,150,2044403,9924,395,3
230.6141,11471,13708426,150,2044424,9924,411,3
230.6335,11472,13708446,150,2044446,7568,377,3
230.6547,11473,13708466,150,2044469,7568,326,3
230.6749,11474,13708486,150,2044493,7568,309,3
230.6947,11475,13708506,150,2044519,7568,301,3
230.7139,11476,13708526,150,2044546,7568,328,3
230.7332,11477,13708546,150,2044573,8996,247,3
230.7548,11478,13708566,150,2044602,8996,278,3
230.7741,11479,13708586,150,2044631,8996,283,3
230.7933,11480,13708606,150,2044660,8996,219,3
230.8146,11481,13708626,150,2044689,8996,219,3
230.8359,11482,13708646,150,2044716,10210,347,3
230.8532,11483,13708666,150,2044742,10210,358,3
230.8750,11484,13708686,150,2044768,10210,295,3
230.8943,11485,13708706,150,2044794,10210,304,3
230.9133,11486,13708726,150,2044821,10210,277,3
230.9347,11487,13708746,150,2044848,9424,281,3
230.9538,11488,13708766,150,2044876,9424,275,3
230.9731,11489,13708786,150,2044904,9424,252,3
230.9946,11490,13708806,150,2044932,9424,348,3
231.0136,11491,13708826,150,2044960,9424,240,3
231.0349,11492,13708846,150,2044988,9996,315,3
231.0542,11493,13708866,150,2045016,9996,358,3
231.0736,11494,13708886,150,2045041,9996,318,3
231.0948,11495,13708906,150,2045062,9996,488,3
231.1138,11496,13708926,150,2045082,9996,530,3
231.1330,11497,13708946,150,2045102,8282,554,3
231.1544,11498,13708966,150,2045123,8282,508,3
231.1739,11499,13708986,150,2045144,8282,539,3
231.1931,11500,13709006,150,2045168,8282,398,3
231.2141,11501,13709026,150,2045193,8282,277,3
231.2332,11502,13709046,150,2045219,8211,317,3
231.2550,11503,13709066,150,2045245,8211,291,3
231.2744,11504,13709086,150,2045273,8211,400,3
231.2937,11505,13709106,150,2045301,8211,249,3
231.3146,11506,13709126,150,2045330,8211,240,3
231.3337,11507,13709146,150,2045359,9924,337,3
231.3537,11508,13709166,150,2045388,9924,256,3
231.3732,11509,13709186,150,2045414,9924,311,3
231.3946,11510,13709206,150,2045441,9924,302,3
231.4136,11511,13709226,150,2045468,9924,295,3
231.4346,11512,13709246,150,2045496,9853,293,3
231.4537,11513,13709266,150,2045525,9853,252,3
231.4734,11514,13709286,150,2045554,9853,235,3
231.4929,11515,13709306,150,2045583,9853,295,3
231.5138,11516,13709326,150,2045613,9853,272,3
231.5351,11517,13709346,150,2045643,10353,188,3
231.5543,11518,13709366,150,2045672,10353,211,3
231.5737,11519,13709386,150,2045703,10353,257,3
231.5949,11520,13709406,150,2045732,10353,323,3
231.6140,11521,13709426,150,2045756,10353,391,3
231.6334,11522,13709446,150,2045779,9924,355,3
231.6548,11523,13709466,150,2045800,9924,405,3
231.6743,11524,13709486,150,2045821,9924,418,3
231.6935,11525,13709506,150,2045844,9924,321,3
231.7147,11526,13709526,150,2045868,9924,358,3
231.7338,11527,13709546,150,2045892,8068,413,3
231.7529,11528,13709566,150,2045919,8068,309,3
231.7744,11529,13709586,150,2045945,8068,317,3
231.7936,11530,13709606,150,2045973,8068,268,3
231.8147,11531,13709626,150,2046002,8068,259,3
231.8339,11532,13709646,150,2046031,9853,254,3
231.8537,11533,13709666,150,2046060,9853,285,3
231.8749,11534,13709686,150,2046090,9853,219,3
231.8943,11535,13709706,150,2046117,9853,279,3
231.9131,11536,13709726,150,2046144,9853,270,3
231.9343,11537,13709746,150,2046171,9996,311,3
231.9535,11538,13709766,150,2046198,9996,263,3
231.9747,11539,13709786,150,2046226,9996,254,3
231.9938,11540,13709806,150,2046255,9996,355,3
232.0147,11541,13709826,150,2046283,9996,242,3
232.0337,11542,13709846,150,2046312,10067,214,3
232.0550,11543,13709866,150,2046342,10067,273,3
232.0742,11544,13709886,150,2046371,10067,270,3
232.0934,11545,13709906,150,2046401,10067,237,3
232.1141,11546,13709926,150,2046429,10067,304,3
232.1333,11547,13709946,150,2046453,10138,355,3
232.1549,11548,13709966,150,2046476,10138,369,3
232.1741,11549,13709986,150,2046497,10138,380,3
232.1931,11550,13710006,150,2046519,10138,364,3
232.2147,11551,13710026,150,2046541,10138,344,3
232.2343,11552,13710046,150,2046565,7925,306,3
232.2539,11553,13710066,150,2046590,7925,295,3
232.2733,11554,13710086,150,2046616,7925,419,3
232.2947,11555,13710106,150,2046643,7925,262,3
232.3143,11556,13710126,150,2046671,7925,279,3
232.3339,11557,13710146,150,2046700,9567,277,3
232.3538,11558,13710166,150,2046729,9567,225,3
232.3737,11559,13710186,150,2046758,9567,252,3
232.3934,11560,13710206,150,2046787,9567,371,3
232.4131,11561,13710226,150,2046813,9567,288,3
232.4347,11562,13710246,150,2046841,10138,275,3
232.4537,11563,13710266,150,2046869,10138,248,3
232.4733,11564,13710286,150,2046897,10138,243,3
232.4948,11565,13710306,150,2046924,10138,274,3
232.5139,11566,13710326,150,2046952,10138,247,3
232.5349,11567,13710346,150,2046981,9924,301,3
232.5541,11568,13710366,150,2047009,9924,216,3
232.5731,11569,13710386,150,2047039,9924,247,3
232.5947,11570,13710406,150,2047068,9924,214,3
232.6135,11571,13710426,150,2047097,9924,259,3
232.6347,11572,13710446,150,2047126,10424,300,3
232.6539,11573,13710466,150,2047150,10424,474,3
232.6732,11574,13710486,150,2047172,10424,470,3
232.6948,11575,13710506,150,2047195,10424,414,3
232.7144,11576,13710526,150,2047216,10424,406,3
232.7337,11577,13710546,150,2047239,8139,413,3
232.7549,11578,13710566,150,2047263,8139,339,3
232.7747,11579,13710586,150,2047288,8139,306,3
232.7936,11580,13710606,150,2047313,8139,270,3
232.8151,11581,13710626,150,2047341,8139,322,3
232.8343,11582,13710646,150,2047369,9139,233,3
232.8544,11583,13710666,150,2047397,9139,256,3
232.8741,11584,13710686,150,2047426,9139,321,3
232.8937,11585,13710706,150,2047456,9139,245,3
232.9130,11586,13710726,150,2047484,9139,279,3
232.9347,11587,13710746,150,2047513,10281,398,3
232.9538,11588,13710766,150,2047541,10281,245,3
232.9749,11589,13710786,150,2047569,10281,225,3
232.9940,11590,13710806,150,2047597,10281,349,3
233.0131,11591,13710826,150,2047626,10281,209,3
233.0342,11592,13710846,150,2047656,10210,225,3
233.0535,11593,13710866,150,2047685,10210,279,3
233.0748,11594,13710886,150,2047715,10210,245,3
233.0939,11595,13710906,150,2047744,10210,224,3
233.1150,11596,13710926,150,2047774,10210,204,3
233.1339,11597,13710946,150,2047804,10567,293,3
233.1530,11598,13710966,150,2047830,10567,358,3
233.1749,11599,13710986,150,2047852,10567,408,3
233.1951,11600,13711006,150,2047871,10567,419,3
233.2148,11601,13711026,150,2047889,10567,413,3
233.2340,11602,13711046,150,2047908,7711,381,3
233.2536,11603,13711066,150,2047929,7711,361,3
233.2751,11604,13711086,150,2047952,7711,333,3
233.2946,11605,13711106,150,2047976,7711,300,3
233.3134,11606,13711126,150,2048002,7711,365,3
233.3347,11607,13711146,150,2048029,8425,286,3
233.3545,11608,13711166,150,2048056,8425,301,3
233.3738,11609,13711186,150,2048084,8425,258,3
233.3932,11610,13711206,150,2048112,8425,278,3
233.4145,11611,13711226,150,2048140,8425,252,3
233.4334,11612,13711246,150,2048168,9924,274,3
233.4546,11613,13711266,150,2048196,9924,398,3
233.4742,11614,13711286,150,2048222,9924,316,3
233.4933,11615,13711306,150,2048249,9924,285,3
233.5145,11616,13711326,150,2048276,9924,277,3
233.5333,11617,13711346,150,2048304,9710,251,3
233.5546,11618,13711366,150,2048333,9710,278,3
233.5741,11619,13711386,150,2048363,9710,209,3
233.5935,11620,13711406,150,2048393,9710,162,3
233.6148,11621,13711426,150,2048424,9710,212,3
233.6337,11622,13711446,150,2048454,10638,277,3
233.6548,11623,13711466,150,2048483,10638,297,3
233.6740,11624,13711486,150,2048511,10638,273,3
233.6932,11625,13711506,150,2048535,10638,419,3
233.7144,11626,13711526,150,2048555,10638,397,3
233.7333,11627,13711546,150,2048573,8782,403,3
233.7545,11628,13711566,150,2048592,8782,425,3
233.7738,11629,13711586,150,2048613,8782,401,3
233.7941,11630,13711606,150,2048634,8782,322,3
233.8138,11631,13711626,150,2048657,8782,339,3
233.8333,11632,13711646,150,2048681,7568,332,3
233.8549,11633,13711666,150,2048707,7568,391,3
233.8741,11634,13711686,150,2048733,7568,313,3
233.8935,11635,13711706,150,2048760,7568,262,3
233.9145,11636,13711726,150,2048788,7568,262,3
233.9334,11637,13711746,150,2048816,9567,249,3
233.9545,11638,13711766,150,2048845,9567,252,3
233.9741,11639,13711786,150,2048874,9567,232,3
233.9932,11640,13711806,150,2048904,9567,249,3
234.0145,11641,13711826,150,2048931,9567,320,3
234.0334,11642,13711846,150,2048958,10138,265,3
234.0546,11643,13711866,150,2048984,10138,417,3
234.0739,11644,13711886,150,2049012,10138,219,3
234.0932,11645,13711906,150,2049042,10138,198,3
234.1144,11646,13711926,150,2049072,10138,220,3
234.1332,11647,13711946,150,2049103,10281,256,3
234.1544,11648,13711966,150,2049132,10281,285,3
234.1737,11649,13711986,150,2049160,10281,270,3
234.1948,11650,13712006,150,2049187,10281,300,3
234.2140,11651,13712026,150,2049214,10281,278,3
234.2329,11652,13712046,150,2049238,9853,406,3
234.2543,11653,13712066,150,2049258,9853,449,3
234.2737,11654,13712086,150,2049278,9853,412,3
234.2933,11655,13712106,150,2049298,9853,406,3
234.3147,11656,13712126,150,2049319,9853,425,3
234.3336,11657,13712146,150,2049340,7211,364,3
234.3532,11658,13712166,150,2049364,7211,321,3
234.3744,11659,13712186,150,2049388,7211,347,3
234.3937,11660,13712206,150,2049415,7211,325,3
234.4128,11661,13712226,150,2049441,7211,279,3
234.4338,11662,13712246,150,2049469,9067,274,3
234.4529,11663,13712266,150,2049496,9067,396,3
234.4750,11664,13712286,150,2049525,9067,256,3
234.4940,11665,13712306,150,2049553,9067,231,3
234.5132,11666,13712326,150,2049581,9067,344,3
234.5343,11667,13712346,150,2049609,10067,246,3
234.5534,11668,13712366,150,2049636,10067,262,3
234.5731,11669,13712386,150,2049664,10067,268,3
234.5947,11670,13712406,150,2049693,10067,263,3
234.6137,11671,13712426,150,2049722,10067,279,3
234.6348,11672,13712446,150,2049752,10138,321,3
234.6542,11673,13712466,150,2049782,10138,227,3
234.6743,11674,13712486,150,2049813,10138,199,3
234.6944,11675,13712506,150,2049843,10138,237,3
234.7140,11676,13712526,150,2049871,10138,289,3
234.7332,11677,13712546,150,2049899,10567,254,3
234.7547,11678,13712566,150,2049926,10567,406,3
234.7740,11679,13712586,150,2049948,10567,425,3
234.7930,11680,13712606,150,2049968,10567,472,3
234.8147,11681,13712626,150,2049988,10567,574,3
234.8339,11682,13712646,150,2050009,7996,576,3
234.8537,11683,13712666,150,2050030,7996,515,3
234.8749,11684,13712686,150,2050052,7996,494,3
234.8940,11685,13712706,150,2050076,7996,374,3
234.9130,11686,13712726,150,2050100,7996,321,3
234.9341,11687,13712746,150,2050125,8139,331,3
234.9533,11688,13712766,150,2050152,8139,264,3
234.9744,11689,13712786,150,2050180,8139,370,3
234.9935,11690,13712806,150,2050208,8139,254,3
235.0146,11691,13712826,150,2050236,8139,272,3
235.0336,11692,13712846,150,2050264,9924,384,3
235.0547,11693,13712866,150,2050291,9924,261,3
235.0740,11694,13712886,150,2050319,9924,317,3
235.0936,11695,13712906,150,2050347,9924,254,3
235.1149,11696,13712926,150,2050374,9924,312,3
235.1339,11697,13712946,150,2050402,9781,248,3
235.1530,11698,13712966,150,2050430,9781,236,3
235.1743,11699,13712986,150,2050459,9781,248,3
235.1936,11700,13713006,150,2050488,9781,278,3
235.2147,11701,13713026,150,2050517,9781,245,3
235.2337,11702,13713046,150,2050547,10424,222,3
235.2548,11703,13713066,150,2050577,10424,222,3
235.2741,11704,13713086,150,2050606,10424,374,3
235.2936,11705,13713106,150,2050632,10424,412,3
235.3131,11706,13713126,150,2050652,10424,433,3
235.3348,11707,13713146,150,2050672,9067,515,3
235.3548,11708,13713166,150,2050691,9067,525,3
235.3742,11709,13713186,150,2050710,9067,418,3
235.3934,11710,13713206,150,2050732,9067,389,3
235.4147,11711,13713226,150,2050756,9067,474,3
235.4337,11712,13713246,150,2050780,7639,349,3
235.4529,11713,13713266,150,2050805,7639,305,3
235.4729,11714,13713286,150,2050832,7639,252,3
235.4938,11715,13713306,150,2050860,7639,274,3
235.5138,11716,13713326,150,2050888,7639,251,3
235.5349,11717,13713346,150,2050916,9639,248,3
235.5547,11718,13713366,150,2050945,9639,283,3
235.5743,11719,13713386,150,2050974,9639,277,3
235.5938,11720,13713406,150,2051001,9639,309,3
235.6131,11721,13713426,150,2051028,9639,280,3
235.6341,11722,13713446,150,2051055,9924,384,3
235.6534,11723,13713466,150,2051082,9924,221,3
235.6749,11724,13713486,150,2051110,9924,264,3
235.6943,11725,13713506,150,2051139,9924,336,3
235.7134,11726,13713526,150,2051168,9924,205,3
235.7347,11727,13713546,150,2051197,10067,232,3
235.7538,11728,13713566,150,2051227,10067,241,3
235.7732,11729,13713586,150,2051257,10067,262,3
235.7952,11730,13713606,150,2051287,10067,302,3
235.8134,11731,13713626,150,2051316,10067,252,3
235.8348,11732,13713646,150,2051341,10496,397,3
235.8567,11733,13713666,150,2051363,10496,397,3
235.8740,11734,13713686,150,2051382,10496,407,3
235.8941,11735,13713706,150,2051401,10496,354,3
235.9138,11736,13713726,150,2051422,10496,402,3
235.9332,11737,13713746,150,2051444,7354,345,3
235.9546,11738,13713766,150,2051468,7354,363,3
235.9742,11739,13713786,150,2051492,7354,318,3
235.9943,11740,13713806,150,2051517,7354,307,3
236.0141,11741,13713826,150,2051544,7354,418,3
236.0331,11742,13713846,150,2051571,8925,283,3
236.0546,11743,13713866,150,2051599,8925,323,3
236.0741,11744,13713886,150,2051627,8925,251,3
236.0936,11745,13713906,150,2051654,8925,323,3
236.1150,11746,13713926,150,2051681,8925,270,3
236.1338,11747,13713946,150,2051707,9781,347,3
236.1533,11748,13713966,150,2051733,9781,289,3
236.1729,11749,13713986,150,2051758,9781,422,3
236.1944,11750,13714006,150,2051784,9781,297,3
236.2137,11751,13714026,150,2051810,9781,306,3
236.2345,11752,13714046,150,2051837,9210,297,3
236.2535,11753,13714066,150,2051865,9210,395,3
236.2752,11754,13714086,150,2051893,9210,227,3
236.2944,11755,13714106,150,2051921,9210,245,3
236.3137,11756,13714126,150,2051951,9210,341,3
236.3347,11757,13714146,150,2051980,10138,217,3
236.3585,11758,13714166,150,2052009,10138,236,3
236.3736,11759,13714186,150,2052035,10138,464,3
236.3950,11760,13714206,150,2052056,10138,558,3
236.4143,11761,13714226,150,2052076,10138,471,3
236.4332,11762,13714246,150,2052096,8496,414,3
236.4546,11763,13714266,150,2052117,8496,379,3
236.4740,11764,13714286,150,2052139,8496,353,3
236.4938,11765,13714306,150,2052162,8496,406,3
236.5133,11766,13714326,150,2052186,8496,396,3
236.5343,11767,13714346,150,2052212,8139,291,3
236.5536,11768,13714366,150,2052238,8139,327,3
236.5729,11769,13714386,150,2052265,8139,252,3
236.5947,11770,13714406,150,2052293,8139,297,3
236.6137,11771,13714426,150,2052322,8139,272,3
236.6330,11772,13714446,150,2052349,9781,296,3
236.6543,11773,13714466,150,2052376,9781,414,3
236.6737,11774,13714486,150,2052402,9781,265,3
236.6929,11775,13714506,150,2052428,9781,297,3
236.7144,11776,13714526,150,2052454,9781,309,3
236.7335,11777,13714546,150,2052481,9424,304,3
236.7547,11778,13714566,150,2052507,9424,305,3
236.7741,11779,13714586,150,2052535,9424,265,3
236.7931,11780,13714606,150,2052562,9424,242,3
236.8148,11781,13714626,150,2052591,9424,349,3
236.8339,11782,13714646,150,2052619,9853,209,3
236.8611,11783,13714666,150,2052648,9853,245,3
236.8740,11784,13714686,150,2052676,9853,368,3
236.8933,11785,13714706,150,2052703,9853,249,3
236.9144,11786,13714726,150,2052731,9853,312,3
236.9337,11787,13714746,150,2052755,9781,361,3
236.9538,11788,13714766,150,2052777,9781,347,3
236.9734,11789,13714786,150,2052798,9781,392,3
236.9949,11790,13714806,150,2052820,9781,360,3
237.0141,11791,13714826,150,2052842,9781,361,3
237.0332,11792,13714846,150,2052865,7854,368,3
237.0546,11793,13714866,150,2052890,7854,386,3
237.0744,11794,13714886,150,2052916,7854,270,3
237.0940,11795,13714906,150,2052943,7854,315,3
237.1135,11796,13714926,150,2052971,7854,259,3
237.1346,11797,13714946,150,2052999,9496,249,3
237.1535,11798,13714966,150,2053028,9496,264,3
237.1750,11799,13714986,150,2053057,9496,272,3
237.1945,11800,13715006,150,2053087,9496,231,3
237.2137,11801,13715026,150,2053116,9496,277,3
237.2347,11802,13715046,150,2053144,10353,386,3
237.2538,11803,13715066,150,2053169,10353,278,3
237.2730,11804,13715086,150,2053196,10353,279,3
237.2946,11805,13715106,150,2053222,10353,296,3
237.3139,11806,13715126,150,2053249,10353,283,3
237.3331,11807,13715146,150,2053277,9424,226,3
237.3621,11808,13715166,150,2053305,9424,280,3
237.3749,11809,13715186,150,2053334,9424,267,3
237.3940,11810,13715206,150,2053363,9424,253,3
237.4132,11811,13715226,150,2053391,9424,302,3
237.4343,11812,13715246,150,2053418,10138,288,3
237.4536,11813,13715266,150,2053443,10138,482,3
237.4733,11814,13715286,150,2053464,10138,518,3
237.4934,11815,13715306,150,2053484,10138,435,3
237.5149,11816,13715326,150,2053504,10138,419,3
237.5340,11817,13715346,150,2053525,7782,386,3
237.5533,11818,13715366,150,2053547,7782,359,3
237.5747,11819,13715386,150,2053571,7782,434,3
237.5939,11820,13715406,150,2053596,7782,328,3
237.6135,11821,13715426,150,2053623,7782,315,3
237.6330,11822,13715446,150,2053650,8710,264,3
237.6547,11823,13715466,150,2053678,8710,359,3
237.6741,11824,13715486,150,2053706,8710,208,3
237.6939,11825,13715506,150,2053736,8710,237,3
237.7134,11826,13715526,150,2053765,8710,312,3
237.7350,11827,13715546,150,2053793,10281,254,3
237.7542,11828,13715566,150,2053820,10281,313,3
237.7737,11829,13715586,150,2053848,10281,371,3
237.7936,11830,13715606,150,2053876,10281,274,3
237.8136,11831,13715626,150,2053904,10281,230,3
237.8347,11832,13715646,150,2053933,9924,311,3
237.8541,11833,13715666,150,2053962,9924,201,3
237.8739,11834,13715686,150,2053992,9924,219,3
237.8936,11835,13715706,150,2054021,9924,272,3
237.9147,11836,13715726,150,2054051,9924,262,3
237.9336,11837,13715746,150,2054081,10567,238,3
237.9548,11838,13715766,150,2054111,10567,230,3
237.9741,11839,13715786,150,2054138,10567,363,3
237.9934,11840,13715806,150,2054161,10567,373,3
238.0146,11841,13715826,150,2054184,10567,371,3
238.0335,11842,13715846,150,2054206,9067,421,3
238.0547,11843,13715866,150,2054228,9067,360,3
238.0745,11844,13715886,150,2054252,9067,375,3
238.0941,11845,13715906,150,2054277,9067,413,3
238.1137,11846,13715926,150,2054302,9067,290,3
238.1331,11847,13715946,150,2054329,8710,322,3
238.1547,11848,13715966,150,2054357,8710,257,3
238.1741,11849,13715986,150,2054385,8710,261,3
238.1935,11850,13716006,150,2054414,8710,305,3
238.2147,11851,13716026,150,2054444,8710,258,3
238.2336,11852,13716046,150,2054473,10210,217,3
238.2548,11853,13716066,150,2054502,10210,280,3
238.2742,11854,13716086,150,2054530,10210,334,3
238.2935,11855,13716106,150,2054557,10210,246,3
238.3148,11856,13716126,150,2054586,10210,291,3
238.3337,11857,13716146,150,2054615,10138,295,3
238.3531,11858,13716166,150,2054644,10138,226,3
238.3752,11859,13716186,150,2054673,10138,247,3
238.3942,11860,13716206,150,2054703,10138,321,3
238.4136,11861,13716226,150,2054732,10138,238,3
238.4348,11862,13716246,150,2054762,10496,216,3
238.4540,11863,13716266,150,2054792,10496,215,3
238.4730,11864,13716286,150,2054821,10496,267,3
238.4952,11865,13716306,150,2054846,10496,389,3
238.5148,11866,13716326,150,2054868,10496,365,3
238.5344,11867,13716346,150,2054890,9353,429,3
238.5541,11868,13716366,150,2054912,9353,416,3
238.5736,11869,13716386,150,2054933,9353,359,3
238.5929,11870,13716406,150,2054957,9353,417,3
238.6143,11871,13716426,150,2054982,9353,354,3
238.6341,11872,13716446,150,2055008,8282,293,3
238.6540,11873,13716466,150,2055036,8282,317,3
238.6737,11874,13716486,150,2055064,8282,382,3
238.6931,11875,13716506,150,2055093,8282,237,3
238.7146,11876,13716526,150,2055122,8282,224,3
238.7336,11877,13716546,150,2055152,10210,286,3
238.7549,11878,13716566,150,2055180,10210,264,3
238.7741,11879,13716586,150,2055208,10210,265,3
238.7933,11880,13716606,150,2055235,10210,361,3
238.8145,11881,13716626,150,2055262,10210,259,3
238.8334,11882,13716646,150,2055290,9924,296,3
238.8547,11883,13716666,150,2055318,9924,284,3
238.8743,11884,13716686,150,2055346,9924,270,3
238.8938,11885,13716706,150,2055375,9924,285,3
238.9130,11886,13716726,150,2055404,9924,256,3
238.9341,11887,13716746,150,2055433,10210,211,3
238.9532,11888,13716766,150,2055463,10210,216,3
238.9745,11889,13716786,150,2055493,10210,284,3
238.9937,11890,13716806,150,2055522,10210,280,3
239.0149,11891,13716826,150,2055547,10210,381,3
239.0339,11892,13716846,150,2055569,9853,343,3
239.0530,11893,13716866,150,2055592,9853,412,3
239.0745,11894,13716886,150,2055613,9853,446,3
239.0939,11895,13716906,150,2055635,9853,338,3
239.1130,11896,13716926,150,2055659,9853,329,3
239.1340,11897,13716946,150,2055684,8068,411,3
239.1530,11898,13716966,150,2055711,8068,279,3
239.1747,11899,13716986,150,2055738,8068,315,3
239.1938,11900,13717006,150,2055766,8068,278,3
239.2133,11901,13717026,150,2055795,8068,257,3
239.2330,11902,13717046,150,2055824,9924,233,3
239.2549,11903,13717066,150,2055853,9924,318,3
239.2745,11904,13717086,150,2055881,9924,226,3
239.2945,11905,13717106,150,2055910,9924,270,3
239.3140,11906,13717126,150,2055938,9924,334,3
239.3333,11907,13717146,150,2055967,10210,245,3
239.3537,11908,13717166,150,2055996,10210,295,3
239.3734,11909,13717186,150,2056024,10210,365,3
239.3949,11910,13717206,150,2056054,10210,238,3
239.4143,11911,13717226,150,2056084,10210,231,3
239.4331,11912,13717246,150,2056113,10424,224,3
239.4544,11913,13717266,150,2056144,10424,251,3
239.4736,11914,13717286,150,2056174,10424,312,3
239.4937,11915,13717306,150,2056204,10424,222,3
239.5135,11916,13717326,150,2056230,10424,345,3
239.5330,11917,13717346,150,2056252,10138,423,3
239.5547,11918,13717366,150,2056273,10138,393,3
239.5744,11919,13717386,150,2056292,10138,422,3
239.5941,11920,13717406,150,2056312,10138,446,3
239.6131,11921,13717426,150,2056334,10138,427,3
239.6344,11922,13717446,150,2056357,7425,322,3
239.6544,11923,13717466,150,2056381,7425,323,3
239.6739,11924,13717486,150,2056408,7425,403,3
239.6932,11925,13717506,150,2056435,7425,277,3
239.7147,11926,13717526,150,2056463,7425,268,3
239.7336,11927,13717546,150,2056492,9496,275,3
239.7528,11928,13717566,150,2056520,9496,253,3
239.7746,11929,13717586,150,2056548,9496,259,3
239.7939,11930,13717606,150,2056576,9496,293,3
239.8129,11931,13717626,150,2056604,9496,290,3
239.8344,11932,13717646,150,2056631,9996,295,3
239.8545,11933,13717666,150,2056658,9996,263,3
239.8744,11934,13717686,150,2056685,9996,354,3
239.8942,11935,13717706,150,2056713,9996,238,3
239.9133,11936,13717726,150,2056742,9996,236,3
239.9343,11937,13717746,150,2056772,9996,297,3
239.9534,11938,13717766,150,2056802,9996,224,3
239.9750,11939,13717786,150,2056832,9996,222,3
239.9942,11940,13717806,150,2056862,9996,235,3
240.0133,11941,13717826,150,2056890,9996,302,3
240.0341,11942,13717846,150,2056917,10424,300,3
240.0531,11943,13717866,150,2056939,10424,423,3
240.0729,11944,13717886,150,2056957,10424,488,3
240.0947,11945,13717906,150,2056975,10424,560,3
240.1140,11946,13717926,150,2056993,10424,429,3
240.1328,11947,13717946,150,2057013,6997,332,3
240.1538,11948,13717966,150,2057035,6997,294,3
240.1728,11949,13717986,150,2057057,6997,349,3
240.1941,11950,13718006,150,2057081,6997,316,3
240.2135,11951,13718026,150,2057106,6997,252,3
240.2345,11952,13718046,150,2057132,8353,299,3
240.2536,11953,13718066,150,2057157,8353,320,3
240.2729,11954,13718086,150,2057184,8353,242,3
240.2943,11955,13718106,150,2057212,8353,270,3
240.3134,11956,13718126,150,2057239,8353,305,3
240.3345,11957,13718146,150,2057267,9567,272,3
240.3562,11958,13718166,150,2057293,9567,309,3
240.3746,11959,13718186,150,2057319,9567,309,3
240.3947,11960,13718206,150,2057344,9567,288,3
240.4147,11961,13718226,150,2057370,9567,353,3
240.4339,11962,13718246,150,2057396,9282,144,3
240.4529,11963,13718266,150,2057424,9282,230,3
240.4745,11964,13718286,150,2057452,9282,269,3
240.4944,11965,13718306,150,2057482,9282,160,3
240.5135,11966,13718326,150,2057511,9282,176,3
240.5346,11967,13718346,150,2057540,10210,334,3
240.5537,11968,13718366,150,2057567,10210,237,3
240.5750,11969,13718386,150,2057593,10210,309,3
240.5944,11970,13718406,150,2057619,10210,270,3
240.6134,11971,13718426,150,2057640,10210,393,3
240.6347,11972,13718446,150,2057659,8710,421,3
240.6537,11973,13718466,150,2057677,8710,470,3
240.6750,11974,13718486,150,2057696,8710,401,3
240.6945,11975,13718506,150,2057715,8710,411,3
240.7138,11976,13718526,150,2057735,8710,428,3
240.7348,11977,13718546,150,2057757,6925,341,3
240.7543,11978,13718566,150,2057780,6925,325,3
240.7734,11979,13718586,150,2057804,6925,333,3
240.7949,11980,13718606,150,2057829,6925,284,3
240.8144,11981,13718626,150,2057856,6925,290,3
240.8337,11982,13718646,150,2057882,8853,307,3
240.8533,11983,13718666,150,2057909,8853,249,3
240.8737,11984,13718686,150,2057937,8853,226,3
240.8929,11985,13718706,150,2057964,8853,317,3
240.9142,11986,13718726,150,2057992,8853,241,3
240.9330,11987,13718746,150,2058019,9781,294,3
240.9544,11988,13718766,150,2058047,9781,252,3
240.9737,11989,13718786,150,2058075,9781,278,3
240.9948,11990,13718806,150,2058103,9781,259,3
241.0139,11991,13718826,150,2058132,9781,158,3
241.0350,11992,13718846,150,2058162,10138,204,3
241.0544,11993,13718866,150,2058192,10138,173,3
241.0735,11994,13718886,150,2058223,10138,284,3
241.0929,11995,13718906,150,2058252,10138,240,3
241.1142,11996,13718926,150,2058280,10138,227,3
241.1331,11997,13718946,150,2058308,10496,374,3
241.1541,11998,13718966,150,2058333,10496,361,3
241.1734,11999,13718986,150,2058354,10496,409,3
241.1945,12000,13719006,150,2058375,10496,440,3
241.2137,12001,13719026,150,2058396,10496,396,3
241.2347,12002,13719046,150,2058416,7854,416,3
241.2538,12003,13719066,150,2058438,7854,439,3
241.2734,12004,13719086,150,2058460,7854,354,3
241.2949,12005,13719106,150,2058484,7854,345,3
241.3141,12006,13719126,150,2058508,7854,320,3
241.3332,12007,13719146,150,2058533,8282,294,3
241.3543,12008,13719166,150,2058560,8282,285,3
241.3737,12009,13719186,150,2058588,8282,258,3
241.3948,12010,13719206,150,2058616,8282,274,3
241.4141,12011,13719226,150,2058644,8282,243,3
241.4332,12012,13719246,150,2058671,9781,377,3
241.4546,12013,13719266,150,2058698,9781,225,3
241.4737,12014,13719286,150,2058726,9781,289,3
241.4940,12015,13719306,150,2058752,9781,299,3
241.5133,12016,13719326,150,2058779,9781,280,3
241.5345,12017,13719346,150,2058807,9639,285,3
241.5533,12018,13719366,150,2058835,9639,231,3
241.5750,12019,13719386,150,2058863,9639,312,3
241.5943,12020,13719406,150,2058892,9639,227,3
241.6133,12021,13719426,150,2058921,9639,219,3
241.6346,12022,13719446,150,2058950,10210,269,3
241.6537,12023,13719466,150,2058980,10210,241,3
241.6729,12024,13719486,150,2059008,10210,281,3
241.6944,12025,13719506,150,2059033,10210,523,3
241.7134,12026,13719526,150,2059053,10210,518,3
241.7328,12027,13719546,150,2059071,8925,456,3
241.7537,12028,13719566,150,2059089,8925,350,3
241.7748,12029,13719586,150,2059109,8925,374,3
241.7946,12030,13719606,150,2059131,8925,348,3
241.8137,12031,13719626,150,2059153,8925,279,3
241.8346,12032,13719646,150,2059178,7497,339,3
241.8535,12033,13719666,150,2059203,7497,428,3
241.8729,12034,13719686,150,2059229,7497,293,3
241.8945,12035,13719706,150,2059256,7497,318,3
241.9138,12036,13719726,150,2059283,7497,238,3
241.9329,12037,13719746,150,2059311,9353,358,3
241.9539,12038,13719766,150,2059339,9353,258,3
241.9733,12039,13719786,150,2059368,9353,229,3
241.9927,12040,13719806,150,2059396,9353,398,3
242.0143,12041,13719826,150,2059422,9353,278,3
242.0336,12042,13719846,150,2059449,9924,280,3
242.0547,12043,13719866,150,2059476,9924,248,3
242.0740,12044,13719886,150,2059503,9924,353,3
242.0934,12045,13719906,150,2059532,9924,241,3
242.1149,12046,13719926,150,2059560,9924,216,3
242.1342,12047,13719946,150,2059590,9996,261,3
242.1538,12048,13719966,150,2059620,9996,233,3
242.1735,12049,13719986,150,2059650,9996,280,3
242.1931,12050,13720006,150,2059680,9996,189,3
242.2148,12051,13720026,150,2059708,9996,304,3
242.2345,12052,13720046,150,2059736,10496,398,3
242.2536,12053,13720066,150,2059759,10496,504,3
242.2750,12054,13720086,150,2059778,10496,509,3
242.2944,12055,13720106,150,2059798,10496,413,3
242.3137,12056,13720126,150,2059819,10496,392,3
242.3329,12057,13720146,150,2059841,7639,409,3
242.3544,12058,13720166,150,2059864,7639,467,3
242.3744,12059,13720186,150,2059888,7639,405,3
242.3940,12060,13720206,150,2059913,7639,273,3
242.4132,12061,13720226,150,2059939,7639,317,3
242.4342,12062,13720246,150,2059967,8782,267,3
242.4535,12063,13720266,150,2059995,8782,288,3
242.4747,12064,13720286,150,2060023,8782,290,3
242.4945,12065,13720306,150,2060051,8782,233,3
242.5140,12066,13720326,150,2060078,8782,391,3
242.5339,12067,13720346,150,2060105,9924,254,3
242.5532,12068,13720366,150,2060131,9924,334,3
242.5746,12069,13720386,150,2060157,9924,313,3
242.5940,12070,13720406,150,2060184,9924,389,3
242.6135,12071,13720426,150,2060210,9924,299,3
242.6337,12072,13720446,150,2060237,9353,293,3
242.6530,12073,13720466,150,2060264,9353,232,3
242.6745,12074,13720486,150,2060292,9353,313,3
242.6940,12075,13720506,150,2060321,9353,227,3
242.7132,12076,13720526,150,2060350,9353,253,3
242.7348,12077,13720546,150,2060379,10138,253,3
242.7537,12078,13720566,150,2060407,10138,306,3
242.7750,12079,13720586,150,2060434,10138,280,3
242.7943,12080,13720606,150,2060456,10138,423,3
242.8137,12081,13720626,150,2060475,10138,424,3
242.8348,12082,13720646,150,2060495,8425,531,3
242.8537,12083,13720666,150,2060515,8425,422,3
242.8760,12084,13720686,150,2060536,8425,458,3
242.8933,12085,13720706,150,2060558,8425,424,3
242.9148,12086,13720726,150,2060581,8425,331,3
242.9342,12087,13720746,150,2060606,7854,323,3
242.9533,12088,13720766,150,2060632,7854,411,3
242.9746,12089,13720786,150,2060659,7854,291,3
242.9939,12090,13720806,150,2060686,7854,331,3
243.0134,12091,13720826,150,2060713,7854,267,3
243.0333,12092,13720846,150,2060740,9567,402,3
243.0547,12093,13720866,150,2060766,9567,299,3
243.0740,12094,13720886,150,2060792,9567,358,3
243.0936,12095,13720906,150,2060816,9567,279,3
243.1130,12096,13720926,150,2060842,9567,321,3
243.1346,12097,13720946,150,2060868,9139,435,3
243.1535,12098,13720966,150,2060894,9139,275,3
243.1748,12099,13720986,150,2060920,9139,347,3
243.1939,12100,13721006,150,2060947,9139,235,3
243.2131,12101,13721026,150,2060975,9139,322,3
243.2344,12102,13721046,150,2061003,9639,224,3
243.2532,12103,13721066,150,2061032,9639,225,3
243.2746,12104,13721086,150,2061060,9639,374,3
243.2944,12105,13721106,150,2061087,9639,233,3
243.3147,12106,13721126,150,2061115,9639,321,3
243.3343,12107,13721146,150,2061141,9853,305,3
243.3532,12108,13721166,150,2061164,9853,379,3
243.3771,12109,13721186,150,2061185,9853,407,3
243.3948,12110,13721206,150,2061206,9853,395,3
243.4143,12111,13721226,150,2061228,9853,417,3
243.4333,12112,13721246,150,2061252,7925,474,3
243.4544,12113,13721266,150,2061276,7925,334,3
243.4737,12114,13721286,150,2061301,7925,291,3
243.4932,12115,13721306,150,2061328,7925,270,3
243.5144,12116,13721326,150,2061356,7925,275,3
243.5337,12117,13721346,150,2061384,9353,227,3
243.5533,12118,13721366,150,2061412,9353,247,3
243.5729,12119,13721386,150,2061441,9353,290,3
243.5946,12120,13721406,150,2061471,9353,220,3
243.6141,12121,13721426,150,2061500,9353,288,3
243.6332,12122,13721446,150,2061528,10353,423,3
243.6540,12123,13721466,150,2061556,10353,290,3
243.6732,12124,13721486,150,2061582,10353,353,3
243.6947,12125,13721506,150,2061609,10353,268,3
243.7140,12126,13721526,150,2061636,10353,364,3
243.7333,12127,13721546,150,2061664,9710,227,3
243.7543,12128,13721566,150,2061692,9710,305,3
243.7735,12129,13721586,150,2061720,9710,384,3
243.7948,12130,13721606,150,2061749,9710,231,3
243.8140,12131,13721626,150,2061779,9710,200,3
243.8333,12132,13721646,150,2061807,10210,336,3
243.8544,12133,13721666,150,2061834,10210,243,3
243.8783,12134,13721686,150,2061858,10210,386,3
243.8932,12135,13721706,150,2061878,10210,438,3
243.9146,12136,13721726,150,2061899,10210,341,3
243.9337,12137,13721746,150,2061919,8139,403,3
243.9547,12138,13721766,150,2061941,8139,352,3
243.9742,12139,13721786,150,2061964,8139,315,3
243.9937,12140,13721806,150,2061989,8139,297,3
244.0129,12141,13721826,150,2062015,8139,290,3
244.0339,12142,13721846,150,2062042,8639,315,3
244.0529,12143,13721866,150,2062070,8639,269,3
244.0745,12144,13721886,150,2062098,8639,230,3
244.0937,12145,13721906,150,2062127,8639,328,3
244.1132,12146,13721926,150,2062156,8639,240,3
244.1348,12147,13721946,150,2062185,10210,268,3
244.1539,12148,13721966,150,2062212,10210,402,3
244.1731,12149,13721986,150,2062239,10210,268,3
244.1947,12150,13722006,150,2062266,10210,265,3
244.2143,12151,13722026,150,2062293,10210,263,3
244.2335,12152,13722046,150,2062321,9710,258,3
244.2545,12153,13722066,150,2062349,9710,297,3
244.2736,12154,13722086,150,2062378,9710,231,3
244.2947,12155,13722106,150,2062407,9710,264,3
244.3140,12156,13722126,150,2062436,9710,246,3
244.3330,12157,13722146,150,2062466,10281,269,3
244.3538,12158,13722166,150,2062496,10281,189,3
244.3799,12159,13722186,150,2062524,10281,341,3
244.3931,12160,13722206,150,2062549,10281,326,3
244.4146,12161,13722226,150,2062572,10281,382,3
244.4338,12162,13722246,150,2062593,9282,422,3
244.4547,12163,13722266,150,2062613,9282,379,3
244.4739,12164,13722286,150,2062635,9282,360,3
244.4937,12165,13722306,150,2062659,9282,445,3
244.5131,12166,13722326,150,2062683,9282,371,3
244.5346,12167,13722346,150,2062708,8068,304,3
244.5537,12168,13722366,150,2062734,8068,333,3
244.5727,12169,13722386,150,2062761,8068,270,3
244.5941,12170,13722406,150,2062790,8068,305,3
244.6134,12171,13722426,150,2062819,8068,285,3
244.6349,12172,13722446,150,2062848,9924,246,3
244.6538,12173,13722466,150,2062875,9924,281,3
244.6732,12174,13722486,150,2062903,9924,270,3
244.6947,12175,13722506,150,2062931,9924,230,3
244.7140,12176,13722526,150,2062959,9924,389,3
244.7333,12177,13722546,150,2062987,9924,221,3
244.7543,12178,13722566,150,2063015,9924,270,3
244.7736,12179,13722586,150,2063043,9924,332,3
244.7929,12180,13722606,150,2063072,9924,205,3
244.8144,12181,13722626,150,2063101,9924,265,3
244.8336,12182,13722646,150,2063131,10281,246,3
244.8548,12183,13722666,150,2063161,10281,279,3
244.8810,12184,13722686,150,2063191,10281,256,3
244.8939,12185,13722706,150,2063220,10281,242,3
244.9133,12186,13722726,150,2063245,10281,397,3
244.9346,12187,13722746,150,2063268,9924,413,3
244.9534,12188,13722766,150,2063289,9924,428,3
244.9747,12189,13722786,150,2063311,9924,428,3
244.9939,12190,13722806,150,2063332,9924,348,3
245.0131,12191,13722826,150,2063356,9924,397,3
245.0342,12192,13722846,150,2063381,7996,289,3
245.0532,12193,13722866,150,2063407,7996,398,3
245.0744,12194,13722886,150,2063434,7996,232,3
245.0939,12195,13722906,150,2063462,7996,269,3
245.1130,12196,13722926,150,2063490,7996,336,3
245.1343,12197,13722946,150,2063519,9853,235,3
245.1531,12198,13722966,150,2063548,9853,273,3
245.1745,12199,13722986,150,2063578,9853,301,3
245.1939,12200,13723006,150,2063605,9853,264,3
245.2134,12201,13723026,150,2063632,9853,237,3
245.2332,12202,13723046,150,2063660,10067,285,3
245.2542,12203,13723066,150,2063688,10067,253,3
245.2735,12204,13723086,150,2063716,10067,263,3
245.2931,12205,13723106,150,2063745,10067,258,3
245.3134,12206,13723126,150,2063773,10067,201,3
245.3333,12207,13723146,150,2063802,10067,294,3
245.3542,12208,13723166,150,2063832,10067,326,3
245.3733,12209,13723186,150,2063861,10067,203,3
245.3931,12210,13723206,150,2063891,10067,206,3
245.4147,12211,13723226,150,2063920,10067,312,3
245.4340,12212,13723246,150,2063944,10281,342,3
245.4528,12213,13723266,150,2063967,10281,348,3
245.4740,12214,13723286,150,2063989,10281,390,3
245.4937,12215,13723306,150,2064011,10281,368,3
245.5131,12216,13723326,150,2064033,10281,354,3
245.5347,12217,13723346,150,2064057,7996,387,3
245.5536,12218,13723366,150,2064082,7996,293,3
245.5728,12219,13723386,150,2064108,7996,325,3
245.5943,12220,13723406,150,2064136,7996,274,3
245.6134,12221,13723426,150,2064164,7996,288,3
245.6345,12222,13723446,150,2064192,9639,257,3
245.6534,12223,13723466,150,2064221,9639,247,3
245.6747,12224,13723486,150,2064249,9639,302,3
245.6940,12225,13723506,150,2064278,9639,285,3
245.7131,12226,13723526,150,2064306,9639,286,3
245.7343,12227,13723546,150,2064333,10067,316,3
245.7532,12228,13723566,150,2064361,10067,283,3
245.7745,12229,13723586,150,2064390,10067,306,3
245.7936,12230,13723606,150,2064419,10067,273,3
245.8143,12231,13723626,130,2064448,10067,192,2
245.8335,12232,13723646,130,2064476,10210,48,2
245.8544,12233,13723666,130,2064505,10210,249,2
245.8734,12234,13723686,130,2064532,10210,221,2
245.8926,12235,13723706,130,2064560,10210,93,2
245.9141,12236,13723726,130,2064587,10210,208,2
245.9334,12237,13723746,130,2064612,9710,141,2
245.9545,12238,13723766,130,2064632,9710,389,2
245.9735,12239,13723786,130,2064650,9710,220,2
245.9926,12240,13723806,130,2064664,9710,539,2
246.0139,12241,13723826,130,2064678,9710,291,2
246.0332,12242,13723846,130,2064693,6069,427,2
246.0542,12243,13723866,130,2064710,6069,341,2
246.0735,12244,13723886,130,2064727,6069,405,2
246.0926,12245,13723906,130,2064746,6069,215,2
246.1138,12246,13723926,130,2064766,6069,328,2
246.1328,12247,13723946,130,2064788,6568,99,2
246.1537,12248,13723966,130,2064810,6568,332,2
246.1747,12249,13723986,130,2064833,6568,121,2
246.1941,12250,13724006,130,2064856,6568,391,2
246.2134,12251,13724026,130,2064881,6568,94,2
246.2347,12252,13724046,130,2064905,8353,269,2
246.2538,12253,13724066,130,2064929,8353,132,2
246.2729,12254,13724086,130,2064953,8353,320,2
246.2946,12255,13724106,130,2064976,8353,183,2
246.3143,12256,13724126,130,2064999,8353,294,2
246.3337,12257,13724146,130,2065021,8353,243,2
246.3528,12258,13724166,130,2065044,8353,215,2
246.3740,12259,13724186,130,2065066,8353,313,2
246.3931,12260,13724206,130,2065090,8353,206,2
246.4142,12261,13724226,130,2065113,8353,352,2
246.4337,12262,13724246,130,2065139,8282,68,2
246.4527,12263,13724266,130,2065165,8282,263,2
246.4738,12264,13724286,130,2065191,8282,93,2
246.4933,12265,13724306,130,2065216,8282,290,2
246.5130,12266,13724326,130,2065237,8282,204,2
246.5343,12267,13724346,130,2065260,8710,323,2
246.5533,12268,13724366,130,2065284,8710,233,2
246.5728,12269,13724386,130,2065307,8710,352,2
246.5942,12270,13724406,130,2065325,8710,336,2
246.6135,12271,13724426,130,2065342,8710,235,2
246.6326,12272,13724446,130,2065356,7068,470,2
246.6539,12273,13724466,130,2065368,7068,425,2
246.6732,12274,13724486,130,2065382,7068,437,2
246.6945,12275,13724506,130,2065397,7068,240,2
246.7143,12276,13724526,130,2065414,7068,423,2
246.7337,12277,13724546,130,2065432,5355,245,2
246.7527,12278,13724566,130,2065451,5355,344,2
246.7741,12279,13724586,130,2065471,5355,151,2
246.7935,12280,13724606,130,2065492,5355,259,2
246.8153,12281,13724626,130,2065513,5355,162,2
246.8327,12282,13724646,130,2065536,7282,110,2
246.8538,12283,13724666,130,2065559,7282,325,2
246.8728,12284,13724686,130,2065583,7282,347,2
246.8946,12285,13724706,130,2065607,7282,203,2
246.9142,12286,13724726,130,2065632,7282,225,2
246.9334,12287,13724746,130,2065657,8568,130,2
246.9545,12288,13724766,130,2065681,8568,274,2
246.9736,12289,13724786,130,2065703,8568,229,2
246.9927,12290,13724806,130,2065725,8568,295,2
247.0140,12291,13724826,130,2065748,8568,131,2
247.0331,12292,13724846,130,2065771,8211,310,2
247.0540,12293,13724866,130,2065794,8211,151,2
247.0734,12294,13724886,130,2065817,8211,193,2
247.0926,12295,13724906,130,2065842,8211,112,2
247.1139,12296,13724926,130,2065867,8211,80,2
247.1333,12297,13724946,130,2065892,8639,102,2
247.1542,12298,13724966,130,2065918,8639,144,2
247.1734,12299,13724986,130,2065943,8639,306,2
247.1927,12300,13725006,130,2065967,8639,231,2
247.2142,12301,13725026,130,2065991,8639,245,2
247.2336,12302,13725046,130,2066014,8782,151,2
247.2527,12303,13725066,130,2066032,8782,480,2
247.2741,12304,13725086,130,2066047,8782,320,2
247.2934,12305,13725106,130,2066060,8782,435,2
247.3131,12306,13725126,130,2066073,8782,488,2
247.3326,12307,13725146,130,2066088,5426,449,2
247.3535,12308,13725166,130,2066104,5426,294,2
247.3727,12309,13725186,130,2066120,5426,315,2
247.3941,12310,13725206,130,2066137,5426,474,2
247.4135,12311,13725226,130,2066156,5426,272,2
247.4325,12312,13725246,130,2066176,6069,311,2
247.4536,12313,13725266,130,2066196,6069,188,2
247.4727,12314,13725286,130,2066219,6069,155,2
247.4946,12315,13725306,130,2066242,6069,156,2
247.5139,12316,13725326,130,2066265,6069,406,2
247.5331,12317,13725346,130,2066288,7996,144,2
247.5541,12318,13725366,130,2066311,7996,325,2
247.5734,12319,13725386,130,2066334,7996,215,2
247.5949,12320,13725406,130,2066358,7996,236,2
247.6142,12321,13725426,130,2066381,7996,211,2
247.6336,12322,13725446,130,2066404,8282,245,2
247.6525,12323,13725466,130,2066428,8282,214,2
247.6737,12324,13725486,130,2066450,8282,229,2
247.6927,12325,13725506,130,2066474,8282,217,2
247.7141,12326,13725526,130,2066498,8282,293,2
247.7334,12327,13725546,130,2066523,8425,94,2
247.7545,12328,13725566,130,2066548,8425,243,2
247.7736,12329,13725586,130,2066575,8425,162,2
247.7927,12330,13725606,130,2066601,8425,263,2
247.8140,12331,13725626,130,2066625,8425,189,2
247.8334,12332,13725646,130,2066648,8996,371,2
247.8545,12333,13725666,130,2066671,8996,277,2
247.8736,12334,13725686,130,2066695,8996,208,2
247.8928,12335,13725706,130,2066716,8996,194,2
247.9141,12336,13725726,130,2066734,8996,363,2
247.9336,12337,13725746,130,2066751,7497,407,2
247.9525,12338,13725766,130,2066765,7497,328,2
247.9739,12339,13725786,130,2066780,7497,418,2
247.9943,12340,13725806,130,2066796,7497,309,2
248.0132,12341,13725826,130,2066812,7497,391,2
248.0327,12342,13725846,130,2066829,5569,214,2
248.0537,12343,13725866,130,2066848,5569,359,2
248.0727,12344,13725886,130,2066867,5569,188,2
248.0939,12345,13725906,130,2066887,5569,370,2
248.1134,12346,13725926,130,2066908,5569,243,2
248.1328,12347,13725946,130,2066930,7068,317,2
248.1538,12348,13725966,130,2066953,7068,123,2
248.1729,12349,13725986,130,2066977,7068,286,2
248.1945,12350,13726006,130,2067001,7068,169,2
248.2139,12351,13726026,130,2067025,7068,270,2
248.2329,12352,13726046,130,2067047,8425,156,2
248.2538,12353,13726066,130,2067069,8425,289,2
248.2730,12354,13726086,130,2067092,8425,160,2
248.2943,12355,13726106,130,2067116,8425,306,2
248.3136,12356,13726126,130,2067139,8425,196,2
248.3330,12357,13726146,130,2067161,8068,254,2
248.3539,12358,13726166,130,2067184,8068,184,2
248.3731,12359,13726186,130,2067208,8068,134,2
248.3949,12360,13726206,130,2067232,8068,99,2
248.4140,12361,13726226,130,2067256,8068,131,2
248.4330,12362,13726246,130,2067281,8496,107,2
248.4540,12363,13726266,130,2067307,8496,98,2
248.4729,12364,13726286,130,2067332,8496,331,2
248.4925,12365,13726306,130,2067357,8496,168,2
248.5141,12366,13726326,130,2067383,8496,277,2
248.5332,12367,13726346,130,2067407,9067,164,2
248.5542,12368,13726366,130,2067427,9067,398,2
248.5736,12369,13726386,130,2067443,9067,348,2
248.5927,12370,13726406,130,2067456,9067,440,2
248.6140,12371,13726426,130,2067469,9067,345,2
248.6331,12372,13726446,130,2067484,5640,446,2
248.6542,12373,13726466,130,2067500,5640,309,2
248.6734,12374,13726486,130,2067517,5640,375,2
248.6928,12375,13726506,130,2067536,5640,221,2
248.7142,12376,13726526,130,2067556,5640,275,2
248.7332,12377,13726546,130,2067577,6568,161,2
248.7541,12378,13726566,130,2067599,6568,350,2
248.7732,12379,13726586,130,2067621,6568,210,2
248.7945,12380,13726606,130,2067645,6568,300,2
248.8139,12381,13726626,130,2067669,6568,94,2
248.8341,12382,13726646,130,2067693,8211,196,2
248.8528,12383,13726666,130,2067718,8211,115,2
248.8764,12384,13726686,130,2067744,8211,92,2
248.8932,12385,13726706,130,2067768,8211,341,2
248.9147,12386,13726726,130,2067791,8211,212,2
248.9337,12387,13726746,130,2067813,8568,331,2
248.9528,12388,13726766,130,2067835,8568,248,2
248.9741,12389,13726786,130,2067856,8568,262,2
248.9934,12390,13726806,130,2067879,8568,221,2
249.0128,12391,13726826,130,2067901,8568,294,2
249.0343,12392,13726846,130,2067925,7996,113,2
249.0532,12393,13726866,130,2067949,7996,321,2
249.0746,12394,13726886,130,2067975,7996,178,2
249.0937,12395,13726906,130,2068000,7996,160,2
249.1130,12396,13726926,130,2068026,7996,222,2
249.1345,12397,13726946,130,2068049,8853,302,2
249.1533,12398,13726966,130,2068072,8853,188,2
249.1726,12399,13726986,130,2068096,8853,269,2
249.1937,12400,13727006,130,2068120,8853,262,2
249.2127,12401,13727026,130,2068139,8853,401,2
249.2340,12402,13727046,130,2068155,7782,238,2
249.2529,12403,13727066,130,2068171,7782,359,2
249.2747,12404,13727086,130,2068185,7782,469,2
249.2938,12405,13727106,130,2068201,7782,359,2
249.3130,12406,13727126,130,2068219,7782,293,2
249.3347,12407,13727146,130,2068236,5712,222,2
249.3535,12408,13727166,130,2068255,5712,290,2
249.3726,12409,13727186,130,2068273,5712,256,2
249.3939,12410,13727206,130,2068294,5712,295,2
249.4132,12411,13727226,130,2068316,5712,203,2
249.4346,12412,13727246,130,2068338,7211,280,2
249.4535,12413,13727266,130,2068362,7211,82,2
249.4725,12414,13727286,130,2068386,7211,286,2
249.4942,12415,13727306,130,2068410,7211,173,2
249.5138,12416,13727326,130,2068435,7211,269,2
249.5334,12417,13727346,130,2068459,8568,107,2
249.5547,12418,13727366,130,2068481,8568,293,2
249.5737,12419,13727386,130,2068504,8568,210,2
249.5931,12420,13727406,130,2068526,8568,396,2
249.6127,12421,13727426,130,2068547,8568,286,2
249.6340,12422,13727446,130,2068567,7782,349,2
249.6530,12423,13727466,130,2068589,7782,235,2
249.6745,12424,13727486,130,2068611,7782,353,2
249.6937,12425,13727506,130,2068634,7782,264,2
249.7131,12426,13727526,130,2068657,7782,245,2
249.7347,12427,13727546,130,2068681,8068,86,2
249.7535,12428,13727566,130,2068705,8068,258,2
249.7726,12429,13727586,130,2068729,8068,112,2
249.7941,12430,13727606,130,2068754,8068,300,2
249.8135,12431,13727626,130,2068779,8068,176,2
249.8355,12432,13727646,130,2068804,8710,208,2
249.8544,12433,13727666,130,2068826,8710,411,2
249.8738,12434,13727686,130,2068844,8710,425,2
249.8932,12435,13727706,130,2068860,8710,327,2
249.9127,12436,13727726,130,2068875,8710,348,2
249.9342,12437,13727746,130,2068889,6354,406,2
249.9532,12438,13727766,130,2068906,6354,417,2
249.9745,12439,13727786,130,2068924,6354,241,2
249.9937,12440,13727806,130,2068942,6354,379,2
250.0130,12441,13727826,130,2068961,6354,196,2
250.0327,12442,13727846,130,2068980,6426,322,2
250.0537,12443,13727866,130,2069001,6426,206,2
250.0730,12444,13727886,130,2069023,6426,274,2
250.0947,12445,13727906,130,2069046,6426,205,2
250.1141,12446,13727926,130,2069069,6426,227,2
250.1335,12447,13727946,130,2069093,7925,105,2
250.1525,12448,13727966,130,2069118,7925,232,2
250.1737,12449,13727986,130,2069141,7925,141,2
250.1928,12450,13728006,130,2069162,7925,353,2
250.2146,12451,13728026,130,2069184,7925,135,2
250.2336,12452,13728046,130,2069206,8068,161,2
250.2527,12453,13728066,130,2069227,8068,316,2
250.2738,12454,13728086,130,2069248,8068,216,2
250.2932,12455,13728106,130,2069269,8068,320,2
250.3146,12456,13728126,130,2069292,8068,220,2
250.3361,12457,13728146,130,2069313,7711,161,2
250.3527,12458,13728166,130,2069335,7711,194,2
250.3737,12459,13728186,130,2069358,7711,198,2
250.3931,12460,13728206,130,2069381,7711,326,2
250.4143,12461,13728226,130,2069405,7711,145,2
250.4334,12462,13728246,130,2069430,8282,279,2
250.4525,12463,13728266,130,2069454,8282,118,2
250.4735,12464,13728286,130,2069479,8282,274,2
250.4931,12465,13728306,130,2069502,8282,128,2
250.5145,12466,13728326,130,2069524,8282,289,2
250.5337,12467,13728346,130,2069544,8282,222,2
250.5528,12468,13728366,130,2069560,8282,477,2
250.5742,12469,13728386,130,2069575,8282,364,2
250.5934,12470,13728406,130,2069591,8282,345,2
250.6127,12471,13728426,130,2069608,8282,295,2
250.6342,12472,13728446,130,2069625,5783,361,2
250.6533,12473,13728466,130,2069643,5783,178,2
250.6746,12474,13728486,130,2069661,5783,284,2
250.6937,12475,13728506,130,2069681,5783,320,2
250.7131,12476,13728526,130,2069701,5783,232,2
250.7343,12477,13728546,130,2069723,6854,278,2
250.7537,12478,13728566,130,2069746,6854,209,2
250.7726,12479,13728586,130,2069770,6854,204,2
250.7941,12480,13728606,130,2069794,6854,193,2
250.8136,12481,13728626,130,2069819,6854,242,2
250.8375,12482,13728646,130,2069844,8568,264,2
250.8546,12483,13728666,130,2069869,8568,129,2
250.8737,12484,13728686,130,2069893,8568,184,2
250.8928,12485,13728706,130,2069915,8568,347,2
250.9142,12486,13728726,130,2069936,8568,238,2
250.9337,12487,13728746,130,2069958,8282,369,2
250.9527,12488,13728766,130,2069980,8282,144,2
250.9737,12489,13728786,130,2070002,8282,315,2
250.9928,12490,13728806,130,2070024,8282,212,2
251.0143,12491,13728826,130,2070045,8282,264,2
251.0336,12492,13728846,130,2070068,7782,109,2
251.0528,12493,13728866,130,2070091,7782,264,2
251.0745,12494,13728886,130,2070115,7782,108,2
251.0937,12495,13728906,130,2070139,7782,142,2
251.1129,12496,13728926,130,2070164,7782,110,2
251.1338,12497,13728946,130,2070188,8568,216,2
251.1532,12498,13728966,130,2070212,8568,336,2
251.1742,12499,13728986,130,2070233,8568,384,2
251.1937,12500,13729006,130,2070250,8568,417,2
251.2128,12501,13729026,130,2070266,8568,331,2
251.2339,12502,13729046,130,2070281,6783,385,2
251.2531,12503,13729066,130,2070297,6783,427,2
251.2739,12504,13729086,130,2070314,6783,412,2
251.2929,12505,13729106,130,2070331,6783,283,2
251.3145,12506,13729126,130,2070349,6783,369,2
251.3386,12507,13729146,130,2070368,6140,265,2
251.3535,12508,13729166,130,2070388,6140,318,2
251.3743,12509,13729186,130,2070410,6140,294,2
251.3934,12510,13729206,130,2070433,6140,128,2
251.4129,12511,13729226,130,2070456,6140,331,2
251.4343,12512,13729246,130,2070480,7925,91,2
251.4534,12513,13729266,130,2070505,7925,277,2
251.4745,12514,13729286,130,2070529,7925,141,2
251.4938,12515,13729306,130,2070555,7925,304,2
251.5130,12516,13729326,130,2070578,7925,128,2
251.5344,12517,13729346,130,2070600,8639,203,2
251.5534,12518,13729366,130,2070623,8639,254,2
251.5744,12519,13729386,130,2070645,8639,209,2
251.5936,12520,13729406,130,2070669,8639,297,2
251.6129,12521,13729426,130,2070693,8639,128,2
251.6342,12522,13729446,130,2070717,8211,296,2
251.6532,12523,13729466,130,2070740,8211,112,2
251.6742,12524,13729486,130,2070764,8211,296,2
251.6937,12525,13729506,130,2070788,8211,225,2
251.7131,12526,13729526,130,2070813,8211,231,2
251.7345,12527,13729546,130,2070838,8639,128,2
251.7535,12528,13729566,130,2070863,8639,293,2
251.7746,12529,13729586,130,2070888,8639,151,2
251.7937,12530,13729606,130,2070913,8639,288,2
251.8131,12531,13729626,130,2070936,8639,274,2
251.8387,12532,13729646,130,2070954,8496,268,2
251.8538,12533,13729666,130,2070972,8496,256,2
251.8728,12534,13729686,130,2070989,8496,235,2
251.8940,12535,13729706,130,2071005,8496,373,2
251.9136,12536,13729726,130,2071024,8496,258,2
251.9329,12537,13729746,130,2071044,6283,423,2
251.9544,12538,13729766,130,2071063,6283,245,2
251.9734,12539,13729786,130,2071083,6283,198,2
251.9928,12540,13729806,130,2071105,6283,147,2
252.0142,12541,13729826,130,2071127,6283,157,2
252.0337,12542,13729846,130,2071150,7568,288,2
252.0530,12543,13729866,130,2071174,7568,224,2
252.0741,12544,13729886,130,2071199,7568,180,2
252.0932,12545,13729906,130,2071224,7568,203,2
252.1129,12546,13729926,130,2071248,7568,180,2
252.1342,12547,13729946,130,2071274,8782,103,2
252.1534,12548,13729966,130,2071299,8782,348,2
252.1727,12549,13729986,130,2071320,8782,294,2
252.1941,12550,13730006,130,2071343,8782,382,2
252.2134,12551,13730026,130,2071365,8782,225,2
252.2328,12552,13730046,130,2071388,8211,310,2
252.2540,12553,13730066,130,2071411,8211,146,2
252.2731,12554,13730086,130,2071434,8211,288,2
252.2942,12555,13730106,130,2071457,8211,158,2
252.3138,12556,13730126,130,2071481,8211,289,2
252.3399,12557,13730146,130,2071505,8353,252,2
252.3526,12558,13730166,130,2071530,8353,281,2
252.3737,12559,13730186,130,2071555,8353,326,2
252.3928,12560,13730206,130,2071580,8353,114,2
252.4141,12561,13730226,130,2071604,8353,102,2
252.4333,12562,13730246,130,2071627,8782,304,2
252.4530,12563,13730266,130,2071645,8782,342,2
252.4743,12564,13730286,130,2071661,8782,446,2
252.4938,12565,13730306,130,2071677,8782,360,2
252.5133,12566,13730326,130,2071693,8782,387,2
252.5328,12567,13730346,130,2071710,5926,217,2
252.5541,12568,13730366,130,2071728,5926,475,2
252.5730,12569,13730386,130,2071746,5926,327,2
252.5945,12570,13730406,130,2071765,5926,338,2
252.6140,12571,13730426,130,2071786,5926,221,2
252.6331,12572,13730446,130,2071808,6925,289,2
252.6543,12573,13730466,130,2071830,6925,144,2
252.6733,12574,13730486,130,2071853,6925,333,2
252.6926,12575,13730506,130,2071877,6925,236,2
252.7141,12576,13730526,130,2071902,6925,196,2
252.7334,12577,13730546,130,2071927,8425,134,2
252.7528,12578,13730566,130,2071952,8425,270,2
252.7741,12579,13730586,130,2071976,8425,155,2
252.7937,12580,13730606,130,2071998,8425,296,2
252.8131,12581,13730626,130,2072020,8425,183,2
252.8413,12582,13730646,130,2072043,8353,299,2
252.8542,12583,13730666,130,2072066,8353,242,2
252.8732,12584,13730686,130,2072088,8353,295,2
252.8925,12585,13730706,130,2072112,8353,343,2
252.9139,12586,13730726,130,2072135,8353,194,2
252.9331,12587,13730746,130,2072159,8211,272,2
252.9543,12588,13730766,130,2072183,8211,146,2
252.9732,12589,13730786,130,2072207,8211,283,2
252.9945,12590,13730806,130,2072232,8211,105,2
253.0140,12591,13730826,130,2072257,8211,272,2
253.0332,12592,13730846,130,2072283,8853,108,2
253.0545,12593,13730866,130,2072308,8853,294,2
253.0736,12594,13730886,130,2072330,8853,151,2
253.0927,12595,13730906,130,2072349,8853,364,2
253.1142,12596,13730926,130,2072366,8853,323,2
253.1335,12597,13730946,130,2072383,7354,400,2
253.1526,12598,13730966,130,2072400,7354,254,2
253.1737,12599,13730986,130,2072418,7354,359,2
253.1929,12600,13731006,130,2072436,7354,188,2
253.2141,12601,13731026,130,2072456,7354,305,2
253.2336,12602,13731046,130,2072477,6640,167,2
253.2529,12603,13731066,130,2072499,6640,341,2
253.2740,12604,13731086,130,2072521,6640,177,2
253.2934,12605,13731106,130,2072544,6640,299,2
253.3129,12606,13731126,130,2072568,6640,227,2
253.3324,12607,13731146,130,2072592,8139,257,2
253.3536,12608,13731166,130,2072617,8139,193,2
253.3747,12609,13731186,130,2072643,8139,220,2
253.3940,12610,13731206,130,2072668,8139,192,2
253.4134,12611,13731226,130,2072693,8139,120,2
253.4328,12612,13731246,130,2072716,8853,294,2
253.4541,12613,13731266,130,2072740,8853,166,2
253.4730,12614,13731286,130,2072763,8853,327,2
253.4925,12615,13731306,130,2072787,8853,172,2
253.5146,12616,13731326,130,2072811,8853,293,2
253.5342,12617,13731346,130,2072836,8496,136,2
253.5536,12618,13731366,130,2072860,8496,270,2
253.5727,12619,13731386,130,2072885,8496,194,2
253.5939,12620,13731406,130,2072911,8496,227,2
253.6134,12621,13731426,130,2072936,8496,182,2
253.6328,12622,13731446,130,2072961,8996,302,2
253.6541,12623,13731466,130,2072986,8996,225,2
253.6730,12624,13731486,130,2073010,8996,281,2
253.6945,12625,13731506,130,2073031,8996,307,2
253.7140,12626,13731526,130,2073048,8996,418,2
253.7333,12627,13731546,130,2073063,7497,297,2
253.7526,12628,13731566,130,2073077,7497,418,2
253.7737,12629,13731586,130,2073092,7497,349,2
253.7930,12630,13731606,130,2073108,7497,193,2
253.8145,12631,13731626,130,2073124,7497,278,2
253.8341,12632,13731646,130,2073141,5497,293,2
253.8537,12633,13731666,130,2073161,5497,332,2
253.8727,12634,13731686,130,2073181,5497,353,2
253.8939,12635,13731706,130,2073204,5497,225,2
253.9135,12636,13731726,130,2073227,5497,193,2
253.9328,12637,13731746,130,2073250,7639,134,2
253.9538,12638,13731766,130,2073274,7639,307,2
253.9728,12639,13731786,130,2073298,7639,131,2
253.9940,12640,13731806,130,2073322,7639,315,2
254.0134,12641,13731826,130,2073345,7639,189,2
254.0346,12642,13731846,130,2073369,8425,358,2
254.0541,12643,13731866,130,2073392,8425,173,2
254.0729,12644,13731886,130,2073414,8425,357,2
254.0943,12645,13731906,130,2073436,8425,203,2
254.1139,12646,13731926,130,2073459,8425,311,2
254.1335,12647,13731946,130,2073481,8139,88,2
254.1527,12648,13731966,130,2073505,8139,220,2
254.1739,12649,13731986,130,2073529,8139,215,2
254.1930,12650,13732006,130,2073555,8139,211,2
254.2127,12651,13732026,130,2073581,8139,177,2
254.2339,12652,13732046,130,2073607,8925,163,2
254.2531,12653,13732066,130,2073630,8925,136,2
254.2741,12654,13732086,130,2073652,8925,157,2
254.2934,12655,13732106,130,2073675,8925,88,2
254.3127,12656,13732126,130,2073698,8925,307,2
254.3345,12657,13732146,130,2073717,7996,203,2
254.3539,12658,13732166,130,2073735,7996,316,2
254.3727,12659,13732186,130,2073749,7996,310,2
254.3939,12660,13732206,130,2073761,7996,329,2
254.4137,12661,13732226,130,2073774,7996,354,2
254.4330,12662,13732246,130,2073788,5140,357,2
254.4545,12663,13732266,130,2073804,5140,310,2
254.4737,12664,13732286,130,2073820,5140,300,2
254.4928,12665,13732306,130,2073838,5140,347,2
254.5145,12666,13732326,130,2073857,5140,301,2
254.5340,12667,13732346,130,2073877,6211,162,2
254.5529,12668,13732366,130,2073897,6211,300,2
254.5741,12669,13732386,130,2073920,6211,137,2
254.5932,12670,13732406,130,2073942,6211,293,2
254.6147,12671,13732426,130,2073965,6211,166,2
254.6341,12672,13732446,130,2073989,7854,353,2
254.6535,12673,13732466,130,2074013,7854,204,2
254.6745,12674,13732486,130,2074037,7854,273,2
254.6938,12675,13732506,130,2074063,7854,217,2
254.7134,12676,13732526,130,2074087,7854,278,2
254.7329,12677,13732546,130,2074109,8710,120,2
254.7544,12678,13732566,130,2074132,8710,291,2
254.7734,12679,13732586,130,2074154,8710,142,2
254.7926,12680,13732606,130,2074177,8710,315,2
254.8141,12681,13732626,130,2074201,8710,211,2
254.8338,12682,13732646,130,2074225,8211,253,2
254.8531,12683,13732666,130,2074251,8211,227,2
254.8741,12684,13732686,130,2074277,8211,270,2
254.8937,12685,13732706,130,2074303,8211,179,2
254.9127,12686,13732726,130,2074327,8211,336,2
254.9345,12687,13732746,130,2074350,8925,188,2
254.9537,12688,13732766,130,2074374,8925,281,2
254.9726,12689,13732786,130,2074398,8925,84,2
254.9939,12690,13732806,130,2074420,8925,386,2
255.0129,12691,13732826,130,2074437,8925,344,2
255.0342,12692,13732846,130,2074452,7497,391,2
255.0536,12693,13732866,130,2074466,7497,392,2
255.0729,12694,13732886,130,2074480,7497,434,2
255.0930,12695,13732906,130,2074495,7497,295,2
255.1147,12696,13732926,130,2074512,7497,433,2
255.1341,12697,13732946,130,2074529,5426,210,2
255.1536,12698,13732966,130,2074547,5426,368,2
255.1727,12699,13732986,130,2074567,5426,262,2
255.1941,12700,13733006,130,2074587,5426,360,2
255.2132,12701,13733026,130,2074608,5426,214,2
255.2346,12702,13733046,130,2074631,7140,300,2
255.2538,12703,13733066,130,2074654,7140,130,2
255.2727,12704,13733086,130,2074678,7140,291,2
255.2938,12705,13733106,130,2074702,7140,215,2
255.3132,12706,13733126,130,2074725,7140,310,2
255.3329,12707,13733146,130,2074749,8425,130,2
255.3543,12708,13733166,130,2074773,8425,120,2
255.3732,12709,13733186,130,2074796,8425,151,2
255.3945,12710,13733206,130,2074820,8425,360,2
255.4138,12711,13733226,130,2074843,8425,148,2
255.4332,12712,13733246,130,2074866,8353,293,2
255.4524,12713,13733266,130,2074891,8353,77,2
255.4736,12714,13733286,130,2074915,8353,277,2
255.4930,12715,13733306,130,2074940,8353,199,2
255.5124,12716,13733326,130,2074967,8353,261,2
255.5340,12717,13733346,130,2074993,8996,81,2
255.5529,12718,13733366,130,2075019,8996,97,2
255.5738,12719,13733386,130,2075042,8996,107,2
255.5932,12720,13733406,130,2075065,8996,329,2
255.6146,12721,13733426,130,2075089,8996,168,2
255.6338,12722,13733446,130,2075112,8568,326,2
255.6529,12723,13733466,130,2075131,8568,222,2
255.6741,12724,13733486,130,2075147,8568,317,2
255.6934,12725,13733506,130,2075162,8568,385,2
255.7127,12726,13733526,130,2075177,8568,408,2
255.7341,12727,13733546,130,2075193,5926,195,2
255.7534,12728,13733566,130,2075209,5926,355,2
255.7725,12729,13733586,130,2075226,5926,316,2
255.7937,12730,13733606,130,2075244,5926,386,2
255.8128,12731,13733626,130,2075262,5926,179,2
255.8357,12732,13733646,130,2075282,6283,297,2
255.8531,12733,13733666,130,2075302,6283,337,2
255.8741,12734,13733686,130,2075324,6283,329,2
255.8935,12735,13733706,130,2075346,6283,187,2
255.9126,12736,13733726,130,2075369,6283,305,2
255.9341,12737,13733746,130,2075393,7854,131,2
255.9531,12738,13733766,130,2075417,7854,349,2
255.9742,12739,13733786,130,2075440,7854,129,2
255.9933,12740,13733806,130,2075463,7854,195,2
256.0125,12741,13733826,130,2075485,7854,142,2
256.0339,12742,13733846,130,2075509,8282,189,2
256.0531,12743,13733866,130,2075532,8282,299,2
256.0739,12744,13733886,130,2075554,8282,200,2
256.0932,12745,13733906,130,2075576,8282,256,2
256.1126,12746,13733926,130,2075600,8282,199,2
256.1341,12747,13733946,130,2075624,8139,293,2
256.1531,12748,13733966,130,2075648,8139,103,2
256.1740,12749,13733986,130,2075674,8139,301,2
256.1933,12750,13734006,130,2075700,8139,157,2
256.2125,12751,13734026,130,2075724,8139,295,2
256.2337,12752,13734046,130,2075747,8853,120,2
256.2530,12753,13734066,130,2075769,8853,296,2
256.2738,12754,13734086,130,2075793,8853,105,2
256.2929,12755,13734106,130,2075815,8853,325,2
256.3142,12756,13734126,130,2075833,8853,226,2
256.3336,12757,13734146,130,2075848,7425,493,2
256.3528,12758,13734166,130,2075861,7425,466,2
256.3738,12759,13734186,130,2075873,7425,438,2
256.3930,12760,13734206,130,2075888,7425,430,2
256.4124,12761,13734226,130,2075904,7425,382,2
256.4338,12762,13734246,130,2075920,5140,179,2
256.4534,12763,13734266,130,2075939,5140,284,2
256.4742,12764,13734286,130,2075958,5140,320,2
256.4936,12765,13734306,130,2075979,5140,216,2
256.5131,12766,13734326,130,2076000,5140,224,2
256.5342,12767,13734346,130,2076021,7068,121,2
256.5534,12768,13734366,130,2076044,7068,290,2
256.5743,12769,13734386,130,2076068,7068,155,2
256.5936,12770,13734406,130,2076092,7068,294,2
256.6127,12771,13734426,130,2076116,7068,108,2
256.6340,12772,13734446,130,2076141,8496,299,2
256.6532,12773,13734466,130,2076166,8496,142,2
256.6741,12774,13734486,130,2076189,8496,313,2
256.6935,12775,13734506,130,2076211,8496,232,2
256.7126,12776,13734526,130,2076233,8496,246,2
256.7340,12777,13734546,130,2076255,8139,153,2
256.7532,12778,13734566,130,2076277,8139,307,2
256.7743,12779,13734586,130,2076300,8139,166,2
256.7937,12780,13734606,130,2076324,8139,313,2
256.8134,12781,13734626,130,2076348,8139,224,2
256.8334,12782,13734646,130,2076373,8425,251,2
256.8535,12783,13734666,130,2076399,8425,348,2
256.8725,12784,13734686,130,2076424,8425,173,2
256.8939,12785,13734706,130,2076449,8425,220,2
256.9130,12786,13734726,130,2076473,8425,221,2
256.9329,12787,13734746,130,2076497,8853,284,2
256.9545,12788,13734766,130,2076521,8853,158,2
256.9734,12789,13734786,130,2076541,8853,348,2
256.9927,12790,13734806,130,2076558,8853,224,2
257.0141,12791,13734826,130,2076573,8853,450,2
257.0334,12792,13734846,130,2076589,6711,277,2
257.0525,12793,13734866,130,2076606,6711,368,2
257.0737,12794,13734886,130,2076623,6711,309,2
257.0928,12795,13734906,130,2076641,6711,396,2
257.1142,12796,13734926,130,2076660,6711,265,2
257.1337,12797,13734946,130,2076679,6354,374,2
257.1530,12798,13734966,130,2076700,6354,164,2
257.1741,12799,13734986,130,2076722,6354,307,2
257.1934,12800,13735006,130,2076745,6354,116,2
257.2128,12801,13735026,130,2076768,6354,254,2
257.2343,12802,13735046,130,2076792,7996,112,2
257.2536,12803,13735066,130,2076816,7996,270,2
257.2725,12804,13735086,130,2076839,7996,208,2
257.2937,12805,13735106,130,2076862,7996,285,2
257.3129,12806,13735126,130,2076884,7996,212,2
257.3341,12807,13735146,130,2076905,8139,318,2
257.3536,12808,13735166,130,2076925,8139,323,2
257.3724,12809,13735186,130,2076945,8139,312,2
257.3937,12810,13735206,130,2076966,8139,257,2
257.4129,12811,13735226,130,2076987,8139,354,2
257.4343,12812,13735246,130,2077008,7354,96,2
257.4535,12813,13735266,130,2077030,7354,248,2
257.4725,12814,13735286,130,2077053,7354,209,2
257.4937,12815,13735306,130,2077076,7354,261,2
257.5130,12816,13735326,130,2077100,7354,193,2
257.5344,12817,13735346,130,2077124,8211,342,2
257.5534,12818,13735366,130,2077149,8211,147,2
257.5744,12819,13735386,130,2077174,8211,280,2
257.5933,12820,13735406,130,2077199,8211,124,2
257.6126,12821,13735426,130,2077221,8211,328,2
257.6340,12822,13735446,130,2077239,8353,248,2
257.6533,12823,13735466,130,2077255,8353,501,2
257.6743,12824,13735486,130,2077269,8353,272,2
257.6935,12825,13735506,130,2077284,8353,453,2
257.7128,12826,13735526,130,2077300,8353,302,2
257.7342,12827,13735546,130,2077317,5569,472,2
257.7533,12828,13735566,130,2077335,5569,243,2
257.7742,12829,13735586,130,2077353,5569,329,2
257.7935,12830,13735606,130,2077373,5569,194,2
257.8148,12831,13735626,130,2077393,5569,119,2
257.8341,12832,13735646,130,2077415,6854,286,2
257.8537,12833,13735666,130,2077437,6854,199,2
257.8726,12834,13735686,130,2077461,6854,281,2
257.8938,12835,13735706,130,2077484,6854,221,2
257.9128,12836,13735726,130,2077509,6854,252,2
257.9342,12837,13735746,130,2077532,8353,139,2
257.9535,12838,13735766,130,2077554,8353,275,2
257.9744,12839,13735786,130,2077576,8353,151,2
257.9934,12840,13735806,130,2077597,8353,331,2
258.0128,12841,13735826,130,2077619,8353,217,2
258.0340,12842,13735846,130,2077640,7782,305,2
258.0531,12843,13735866,130,2077662,7782,210,2
258.0740,12844,13735886,130,2077685,7782,270,2
258.0931,12845,13735906,130,2077707,7782,192,2
258.1145,12846,13735926,130,2077730,7782,299,2
258.1343,12847,13735946,130,2077753,7996,119,2
258.1538,12848,13735966,130,2077777,7996,281,2
258.1728,12849,13735986,130,2077802,7996,174,2
258.1940,12850,13736006,130,2077827,7996,304,2
258.2133,12851,13736026,130,2077851,7996,195,2
258.2345,12852,13736046,130,2077876,8710,284,2
258.2536,12853,13736066,130,2077900,8710,108,2
258.2725,12854,13736086,130,2077922,8710,156,2
258.2937,12855,13736106,130,2077944,8710,229,2
258.3132,12856,13736126,130,2077960,8710,291,2
258.3346,12857,13736146,130,2077976,7354,448,2
258.3540,12858,13736166,130,2077992,7354,252,2
258.3731,12859,13736186,130,2078009,7354,414,2
258.3943,12860,13736206,130,2078027,7354,166,2
258.4136,12861,13736226,130,2078045,7354,375,2
258.4329,12862,13736246,130,2078064,6211,204,2
258.4542,12863,13736266,130,2078084,6211,400,2
258.4731,12864,13736286,130,2078105,6211,277,2
258.4942,12865,13736306,130,2078128,6211,311,2
258.5138,12866,13736326,130,2078151,6211,152,2
258.5327,12867,13736346,130,2078175,7854,258,2
258.5544,12868,13736366,130,2078200,7854,177,2
258.5734,12869,13736386,130,2078225,7854,246,2
258.5925,12870,13736406,130,2078250,7854,183,2
258.6138,12871,13736426,130,2078275,7854,332,2
258.6329,12872,13736446,130,2078299,8853,192,2
258.6544,12873,13736466,130,2078321,8853,310,2
258.6733,12874,13736486,130,2078344,8853,222,2
258.6944,12875,13736506,130,2078365,8853,334,2
258.7137,12876,13736526,130,2078388,8853,156,2
258.7330,12877,13736546,130,2078409,7925,304,2
258.7543,12878,13736566,130,2078430,7925,124,2
258.7731,12879,13736586,130,2078452,7925,285,2
258.7945,12880,13736606,130,2078475,7925,124,2
258.8138,12881,13736626,130,2078498,7925,258,2
258.8330,12882,13736646,130,2078522,7996,125,2
258.8548,12883,13736666,130,2078546,7996,93,2
258.8737,12884,13736686,130,2078571,7996,281,2
258.8928,12885,13736706,130,2078596,7996,230,2
258.9141,12886,13736726,130,2078619,7996,256,2
258.9334,12887,13736746,130,2078637,8353,290,2
258.9547,12888,13736766,130,2078654,8353,434,2
258.9741,12889,13736786,130,2078668,8353,310,2
258.9931,12890,13736806,130,2078683,8353,442,2
259.0144,12891,13736826,130,2078699,8353,290,2
259.0336,12892,13736846,130,2078715,5569,429,2
259.0529,12893,13736866,130,2078732,5569,306,2
259.0738,12894,13736886,130,2078749,5569,332,2
259.0929,12895,13736906,130,2078768,5569,245,2
259.1140,12896,13736926,130,2078789,5569,252,2
259.1333,12897,13736946,130,2078810,6711,215,2
259.1526,12898,13736966,130,2078832,6711,176,2
259.1737,12899,13736986,130,2078856,6711,115,2
259.1927,12900,13737006,130,2078880,6711,126,2
259.2138,12901,13737026,130,2078905,6711,146,2
259.2330,12902,13737046,130,2078930,8496,185,2
259.2542,12903,13737066,130,2078954,8496,310,2
259.2732,12904,13737086,130,2078977,8496,229,2
259.2925,12905,13737106,130,2079000,8496,286,2
259.3138,12906,13737126,130,2079023,8496,279,2
259.3330,12907,13737146,130,2079046,8282,344,2
259.3549,12908,13737166,130,2079069,8282,182,2
259.3742,12909,13737186,130,2079093,8282,299,2
259.3932,12910,13737206,130,2079117,8282,107,2
259.4145,12911,13737226,130,2079140,8282,309,2
259.4338,12912,13737246,130,2079165,8425,114,2
259.4531,12913,13737266,130,2079190,8425,274,2
259.4741,12914,13737286,130,2079215,8425,226,2
259.4934,12915,13737306,130,2079240,8425,283,2
259.5131,12916,13737326,130,2079265,8425,110,2
259.5344,12917,13737346,130,2079291,8996,283,2
259.5536,12918,13737366,130,2079315,8996,169,2
259.5727,12919,13737386,130,2079337,8996,373,2
259.5937,12920,13737406,130,2079356,8996,284,2
259.6127,12921,13737426,130,2079372,8996,432,2
259.6340,12922,13737446,130,2079388,7140,269,2
259.6532,12923,13737466,130,2079404,7140,371,2
259.6742,12924,13737486,130,2079422,7140,229,2
259.6933,12925,13737506,130,2079441,7140,295,2
259.7126,12926,13737526,130,2079460,7140,307,2
259.7339,12927,13737546,130,2079480,6497,360,2
259.7530,12928,13737566,130,2079501,6497,121,2
259.7746,12929,13737586,130,2079523,6497,339,2
259.7939,12930,13737606,130,2079545,6497,205,2
259.8128,12931,13737626,130,2079569,6497,210,2
259.8341,12932,13737646,130,2079594,8068,129,2
259.8558,12933,13737666,130,2079619,8068,199,2
259.8728,12934,13737686,130,2079644,8068,110,2
259.8941,12935,13737706,130,2079669,8068,284,2
259.9138,12936,13737726,130,2079694,8068,168,2
259.9330,12937,13737746,130,2079717,8782,318,2
259.9543,12938,13737766,130,2079740,8782,160,2
259.9737,12939,13737786,130,2079763,8782,252,2
259.9928,12940,13737806,130,2079787,8782,121,2
260.0141,12941,13737826,130,2079811,8782,161,2
260.0331,12942,13737846,130,2079836,8425,280,2
260.0543,12943,13737866,130,2079860,8425,189,2
260.0735,12944,13737886,130,2079885,8425,306,2
260.0945,12945,13737906,130,2079910,8425,132,2
260.1137,12946,13737926,130,2079936,8425,290,2
260.1329,12947,13737946,130,2079961,8925,162,2
260.1542,12948,13737966,130,2079986,8925,272,2
260.1734,12949,13737986,130,2080011,8925,145,2
260.1944,12950,13738006,130,2080033,8925,366,2
260.2136,12951,13738026,130,2080051,8925,268,2
260.2327,12952,13738046,130,2080068,7854,491,2
260.2542,12953,13738066,130,2080084,7854,182,2
260.2734,12954,13738086,130,2080100,7854,411,2
260.2943,12955,13738106,130,2080117,7854,225,2
260.3134,12956,13738126,130,2080136,7854,369,2
260.3331,12957,13738146,130,2080155,6140,184,2
260.3568,12958,13738166,130,2080175,6140,231,2
260.3737,12959,13738186,130,2080196,6140,238,2
260.3925,12960,13738206,130,2080219,6140,155,2
260.4137,12961,13738226,130,2080241,6140,135,2
260.4329,12962,13738246,130,2080265,7782,188,2
260.4542,12963,13738266,130,2080290,7782,301,2
260.4733,12964,13738286,130,2080315,7782,205,2
260.4942,12965,13738306,130,2080340,7782,221,2
260.5137,12966,13738326,130,2080365,7782,247,2
260.5331,12967,13738346,130,2080388,8782,386,2
260.5544,12968,13738366,130,2080409,8782,283,2
260.5735,12969,13738386,130,2080432,8782,328,2
260.5947,12970,13738406,130,2080455,8782,249,2
260.6141,12971,13738426,130,2080477,8782,261,2
260.6333,12972,13738446,130,2080500,7996,112,2
260.6528,12973,13738466,130,2080523,7996,246,2
260.6743,12974,13738486,130,2080547,7996,155,2
260.6932,12975,13738506,130,2080571,7996,326,2
260.7146,12976,13738526,130,2080595,7996,164,2
260.7340,12977,13738546,130,2080620,8496,245,2
260.7532,12978,13738566,130,2080645,8496,132,2
260.7745,12979,13738586,130,2080670,8496,257,2
260.7933,12980,13738606,130,2080695,8496,182,2
260.8126,12981,13738626,130,2080719,8496,339,2
260.8340,12982,13738646,130,2080739,8639,201,2
260.8580,12983,13738666,130,2080757,8639,366,2
260.8728,12984,13738686,130,2080773,8639,299,2
260.8940,12985,13738706,130,2080789,8639,222,2
260.9132,12986,13738726,130,2080806,8639,395,2
260.9348,12987,13738746,130,2080823,6069,230,2
260.9539,12988,13738766,130,2080842,6069,339,2
260.9731,12989,13738786,130,2080861,6069,245,2
260.9940,12990,13738806,130,2080882,6069,344,2
261.0131,12991,13738826,130,2080903,6069,226,2
261.0345,12992,13738846,130,2080925,7211,311,2
261.0538,12993,13738866,130,2080948,7211,147,2
261.0728,12994,13738886,130,2080972,7211,286,2
261.0937,12995,13738906,130,2080996,7211,208,2
261.1128,12996,13738926,130,2081021,7211,294,2
261.1341,12997,13738946,130,2081046,8568,129,2
261.1532,12998,13738966,130,2081071,8568,345,2
261.1744,12999,13738986,130,2081095,8568,188,2
261.1933,13000,13739006,130,2081119,8568,316,2
261.2145,13001,13739026,130,2081141,8568,221,2
261.2337,13002,13739046,130,2081165,8496,261,2
261.2529,13003,13739066,130,2081189,8496,211,2
261.2742,13004,13739086,130,2081214,8496,129,2
261.2930,13005,13739106,130,2081239,8496,168,2
261.3145,13006,13739126,130,2081264,8496,128,2
261.3338,13007,13739146,130,2081289,8782,144,2
261.3597,13008,13739166,130,2081314,8782,103,2
261.3726,13009,13739186,130,2081340,8782,273,2
261.3936,13010,13739206,130,2081365,8782,142,2
261.4126,13011,13739226,130,2081390,8782,297,2
261.4339,13012,13739246,130,2081413,8996,176,2
261.4531,13013,13739266,130,2081434,8996,450,2
261.4726,13014,13739286,130,2081450,8996,363,2
261.4936,13015,13739306,130,2081464,8996,418,2
261.5138,13016,13739326,130,2081479,8996,414,2
261.5332,13017,13739346,130,2081493,5854,402,2
261.5526,13018,13739366,130,2081510,5854,272,2
261.5741,13019,13739386,130,2081527,5854,401,2
261.5932,13020,13739406,130,2081546,5854,171,2
261.6126,13021,13739426,130,2081566,5854,349,2
261.6341,13022,13739446,130,2081587,6568,146,2
261.6534,13023,13739466,130,2081610,6568,274,2
261.6727,13024,13739486,130,2081633,6568,212,2
261.6936,13025,13739506,130,2081657,6568,268,2
261.7127,13026,13739526,130,2081682,6568,171,2
261.7340,13027,13739546,130,2081707,8496,294,2
261.7531,13028,13739566,130,2081732,8496,168,2
261.7743,13029,13739586,130,2081756,8496,278,2
261.7932,13030,13739606,130,2081780,8496,135,2
261.8125,13031,13739626,130,2081803,8496,249,2
261.8341,13032,13739646,130,2081826,8496,304,2
261.8601,13033,13739666,130,2081849,8496,203,2
261.8732,13034,13739686,130,2081872,8496,277,2
261.8942,13035,13739706,130,2081896,8496,129,2
261.9134,13036,13739726,130,2081920,8496,230,2
261.9326,13037,13739746,130,2081945,8425,145,2
261.9541,13038,13739766,130,2081972,8425,256,2
261.9737,13039,13739786,130,2081998,8425,119,2
261.9926,13040,13739806,130,2082023,8425,310,2
262.0137,13041,13739826,130,2082046,8425,199,2
262.0331,13042,13739846,130,2082069,8925,283,2
262.0526,13043,13739866,130,2082093,8925,141,2
262.0737,13044,13739886,130,2082114,8925,390,2
262.0928,13045,13739906,130,2082132,8925,194,2
262.1140,13046,13739926,130,2082147,8925,478,2
262.1332,13047,13739946,130,2082159,6711,382,2
262.1525,13048,13739966,130,2082171,6711,422,2
262.1738,13049,13739986,130,2082184,6711,331,2
262.1927,13050,13740006,130,2082199,6711,427,2
262.2138,13051,13740026,130,2082215,6711,299,2
262.2330,13052,13740046,130,2082232,4998,354,2
262.2541,13053,13740066,130,2082249,4998,235,2
262.2736,13054,13740086,130,2082269,4998,347,2
262.2925,13055,13740106,130,2082289,4998,231,2
262.3138,13056,13740126,130,2082311,4998,293,2
262.3328,13057,13740146,130,2082333,7140,148,2
262.3607,13058,13740166,130,2082356,7140,289,2
262.3736,13059,13740186,130,2082380,7140,110,2
262.3925,13060,13740206,130,2082404,7140,316,2
262.4135,13061,13740226,130,2082428,7140,174,2
262.4329,13062,13740246,130,2082452,8496,274,2
262.4543,13063,13740266,130,2082476,8496,219,2
262.4737,13064,13740286,130,2082498,8496,273,2
262.4926,13065,13740306,130,2082520,8496,258,2
262.5144,13066,13740326,130,2082542,8496,336,2
262.5336,13067,13740346,130,2082564,7996,225,2
262.5530,13068,13740366,130,2082587,7996,326,2
262.5742,13069,13740386,130,2082610,7996,180,2
262.5935,13070,13740406,130,2082635,7996,237,2
262.6127,13071,13740426,130,2082660,7996,174,2
262.6344,13072,13740446,130,2082686,8639,248,2
262.6537,13073,13740466,130,2082712,8639,140,2
262.6732,13074,13740486,130,2082736,8639,328,2
262.6941,13075,13740506,130,2082759,8639,199,2
262.7134,13076,13740526,130,2082783,8639,107,2
262.7325,13077,13740546,130,2082806,8639,281,2
262.7541,13078,13740566,130,2082826,8639,235,2
262.7732,13079,13740586,130,2082841,8639,545,2
262.7941,13080,13740606,130,2082856,8639,403,2
262.8134,13081,13740626,130,2082869,8639,440,2
262.8324,13082,13740646,130,2082883,5712,317,2
262.8520,13083,13740666,130,2082897,5712,306,2
262.8737,13084,13740686,130,2082913,5712,322,2
262.8928,13085,13740706,130,2082930,5712,294,2
262.9142,13086,13740726,130,2082948,5712,374,2
262.9337,13087,13740746,130,2082967,5854,196,2
262.9530,13088,13740766,130,2082987,5854,311,2
262.9742,13089,13740786,130,2083008,5854,135,2
262.9931,13090,13740806,130,2083031,5854,327,2
263.0143,13091,13740826,130,2083054,5854,265,2
263.0336,13092,13740846,130,2083078,7854,341,2
263.0528,13093,13740866,130,2083101,7854,136,2
263.0741,13094,13740886,130,2083125,7854,279,2
263.0930,13095,13740906,130,2083149,7854,84,2
263.1142,13096,13740926,130,2083173,7854,291,2
263.1337,13097,13740946,130,2083197,8496,151,2
263.1531,13098,13740966,130,2083220,8496,121,2
263.1742,13099,13740986,130,2083244,8496,140,2
263.1931,13100,13741006,130,2083268,8496,210,2
263.2142,13101,13741026,130,2083292,8496,124,2
263.2332,13102,13741046,130,2083317,8496,87,2
263.2525,13103,13741066,130,2083343,8496,82,2
263.2737,13104,13741086,130,2083369,8496,258,2
263.2926,13105,13741106,130,2083396,8496,190,2
263.3138,13106,13741126,130,2083421,8496,270,2
263.3329,13107,13741146,130,2083445,9210,114,2
263.3523,13108,13741166,130,2083468,9210,300,2
263.3742,13109,13741186,130,2083492,9210,192,2
263.3931,13110,13741206,130,2083515,9210,323,2
263.4143,13111,13741226,130,2083533,9210,245,2
263.4336,13112,13741246,130,2083549,7639,432,2
263.4530,13113,13741266,130,2083565,7639,414,2
263.4741,13114,13741286,130,2083580,7639,325,2
263.4930,13115,13741306,130,2083595,7639,240,2
263.5127,13116,13741326,130,2083612,7639,427,2
263.5344,13117,13741346,130,2083628,5569,232,2
263.5537,13118,13741366,130,2083647,5569,294,2
263.5728,13119,13741386,130,2083665,5569,123,2
263.5942,13120,13741406,130,2083685,5569,339,2
263.6134,13121,13741426,130,2083705,5569,229,2
263.6327,13122,13741446,130,2083727,6925,339,2
263.6541,13123,13741466,130,2083750,6925,227,2
263.6735,13124,13741486,130,2083773,6925,236,2
263.6926,13125,13741506,130,2083797,6925,183,2
263.7140,13126,13741526,130,2083822,6925,349,2
263.7331,13127,13741546,130,2083847,8568,144,2
263.7526,13128,13741566,130,2083869,8568,310,2
263.7739,13129,13741586,130,2083892,8568,132,2
263.7929,13130,13741606,130,2083916,8568,286,2
263.8145,13131,13741626,130,2083940,8568,225,2
263.8342,13132,13741646,130,2083963,8282,270,2
263.8538,13133,13741666,130,2083986,8282,116,2
263.8732,13134,13741686,130,2084009,8282,130,2
263.8942,13135,13741706,130,2084033,8282,100,2
263.9134,13136,13741726,130,2084058,8282,150,2
263.9326,13137,13741746,130,2084083,8568,180,2
263.9539,13138,13741766,130,2084108,8568,184,2
263.9732,13139,13741786,130,2084133,8568,185,2
263.9943,13140,13741806,130,2084159,8568,243,2
264.0137,13141,13741826,130,2084183,8568,224,2
264.0328,13142,13741846,130,2084206,8853,403,2
264.0540,13143,13741866,130,2084226,8853,316,2
264.0732,13144,13741886,130,2084241,8853,389,2
264.0942,13145,13741906,130,2084253,8853,409,2
264.1133,13146,13741926,130,2084267,8853,465,2
264.1326,13147,13741946,130,2084281,5426,277,2
264.1540,13148,13741966,130,2084296,5426,408,2
264.1730,13149,13741986,130,2084313,5426,392,2
264.1942,13150,13742006,130,2084331,5426,395,2
264.2138,13151,13742026,130,2084351,5426,211,2
264.2329,13152,13742046,130,2084371,6283,328,2
264.2543,13153,13742066,130,2084391,6283,237,2
264.2735,13154,13742086,130,2084413,6283,285,2
264.2924,13155,13742106,130,2084436,6283,193,2
264.3137,13156,13742126,130,2084460,6283,320,2
264.3327,13157,13742146,130,2084484,8068,162,2
264.3540,13158,13742166,130,2084509,8068,304,2
264.3734,13159,13742186,130,2084534,8068,167,2
264.3943,13160,13742206,130,2084560,8068,102,2
264.4133,13161,13742226,130,2084584,8068,144,2
264.4325,13162,13742246,130,2084608,8782,192,2
264.4538,13163,13742266,130,2084630,8782,194,2
264.4728,13164,13742286,130,2084653,8782,352,2
264.4938,13165,13742306,130,2084676,8782,185,2
264.5135,13166,13742326,130,2084700,8782,328,2
264.5328,13167,13742346,130,2084724,8282,93,2
264.5540,13168,13742366,130,2084749,8282,291,2
264.5733,13169,13742386,130,2084775,8282,120,2
264.5942,13170,13742406,130,2084801,8282,252,2
264.6131,13171,13742426,130,2084826,8282,182,2
264.6325,13172,13742446,130,2084851,9139,283,2
264.6538,13173,13742466,130,2084875,9139,103,2
264.6730,13174,13742486,130,2084899,9139,281,2
264.6938,13175,13742506,130,2084923,9139,158,2
264.7130,13176,13742526,130,2084942,9139,438,2
264.7345,13177,13742546,130,2084959,7854,233,2
264.7538,13178,13742566,130,2084975,7854,538,2
264.7730,13179,13742586,130,2084990,7854,215,2
264.7940,13180,13742606,130,2085006,7854,438,2
264.8130,13181,13742626,130,2085023,7854,304,2
264.8344,13182,13742646,130,2085040,5783,402,2
264.8540,13183,13742666,130,2085059,5783,246,2
264.8732,13184,13742686,130,2085078,5783,198,2
264.8940,13185,13742706,130,2085098,5783,325,2
264.9134,13186,13742726,130,2085120,5783,97,2
264.9327,13187,13742746,130,2085143,7211,185,2
264.9541,13188,13742766,130,2085167,7211,206,2
264.9735,13189,13742786,130,2085191,7211,102,2
264.9925,13190,13742806,130,2085216,7211,126,2
265.0137,13191,13742826,130,2085240,7211,152,2
265.0331,13192,13742846,130,2085263,8568,274,2
265.0543,13193,13742866,130,2085286,8568,230,2
265.0737,13194,13742886,130,2085309,8568,323,2
265.0924,13195,13742906,130,2085331,8568,200,2
265.1138,13196,13742926,130,2085352,8568,328,2
265.1330,13197,13742946,130,2085374,7996,150,2
265.1544,13198,13742966,130,2085397,7996,252,2
265.1737,13199,13742986,130,2085420,7996,128,2
265.1927,13200,13743006,130,2085443,7996,342,2
265.2140,13201,13743026,130,2085467,7996,209,2
265.2333,13202,13743046,130,2085491,8282,293,2
265.2527,13203,13743066,130,2085515,8282,187,2
265.2742,13204,13743086,130,2085540,8282,224,2
265.2933,13205,13743106,130,2085564,8282,198,2
265.3127,13206,13743126,130,2085588,8282,274,2
265.3338,13207,13743146,130,2085612,8639,148,2
265.3550,13208,13743166,130,2085633,8639,364,2
265.3725,13209,13743186,130,2085649,8639,376,2
265.3934,13210,13743206,130,2085663,8639,369,2
265.4124,13211,13743226,130,2085678,8639,493,2
265.4338,13212,13743246,130,2085693,5926,252,2
265.4531,13213,13743266,130,2085710,5926,391,2
265.4743,13214,13743286,130,2085727,5926,241,2
265.4932,13215,13743306,130,2085744,5926,408,2
265.5128,13216,13743326,130,2085763,5926,302,2
265.5338,13217,13743346,130,2085783,6283,336,2
265.5534,13218,13743366,130,2085803,6283,184,2
265.5725,13219,13743386,130,2085825,6283,262,2
265.5938,13220,13743406,130,2085848,6283,199,2
265.6130,13221,13743426,130,2085872,6283,305,2
265.6323,13222,13743446,130,2085896,8068,82,2
265.6540,13223,13743466,130,2085920,8068,317,2
265.6732,13224,13743486,130,2085941,8068,233,2
265.6944,13225,13743506,130,2085964,8068,245,2
265.7134,13226,13743526,130,2085985,8068,261,2
265.7327,13227,13743546,130,2086007,7925,350,2
265.7540,13228,13743566,130,2086028,7925,208,2
265.7734,13229,13743586,130,2086049,7925,354,2
265.7944,13230,13743606,130,2086071,7925,222,2
265.8136,13231,13743626,130,2086093,7925,304,2
265.8328,13232,13743646,130,2086116,7782,169,2
265.8525,13233,13743666,130,2086138,7782,337,2
265.8740,13234,13743686,130,2086162,7782,109,2
265.8929,13235,13743706,130,2086186,7782,121,2
265.9142,13236,13743726,130,2086211,7782,132,2
265.9334,13237,13743746,130,2086235,8496,187,2
265.9529,13238,13743766,130,2086260,8496,236,2
265.9742,13239,13743786,130,2086284,8496,187,2
265.9930,13240,13743806,130,2086307,8496,325,2
266.0142,13241,13743826,130,2086330,8496,265,2
266.0333,13242,13743846,130,2086349,8282,370,2
266.0527,13243,13743866,130,2086365,8282,268,2
266.0740,13244,13743886,130,2086382,8282,466,2
266.0931,13245,13743906,130,2086399,8282,290,2
266.1124,13246,13743926,130,2086416,8282,320,2
266.1340,13247,13743946,130,2086433,5997,227,2
266.1537,13248,13743966,130,2086452,5997,376,2
266.1730,13249,13743986,130,2086471,5997,219,2
266.1941,13250,13744006,130,2086491,5997,353,2
266.2132,13251,13744026,130,2086512,5997,224,2
266.2344,13252,13744046,130,2086535,7140,321,2
266.2538,13253,13744066,130,2086558,7140,137,2
266.2729,13254,13744086,130,2086582,7140,291,2
266.2939,13255,13744106,130,2086607,7140,169,2
266.3129,13256,13744126,130,2086632,7140,128,2
266.3343,13257,13744146,130,2086657,8639,193,2
266.3535,13258,13744166,130,2086682,8639,177,2
266.3733,13259,13744186,130,2086707,8639,153,2
266.3942,13260,13744206,130,2086729,8639,116,2
266.4131,13261,13744226,130,2086751,8639,178,2
266.4343,13262,13744246,130,2086773,8425,210,2
266.4538,13263,13744266,130,2086796,8425,277,2
266.4731,13264,13744286,130,2086819,8425,209,2
266.4943,13265,13744306,130,2086842,8425,332,2
266.5139,13266,13744326,130,2086865,8425,196,2
266.5331,13267,13744346,130,2086889,8211,267,2
266.5545,13268,13744366,130,2086913,8211,169,2
266.5738,13269,13744386,130,2086938,8211,322,2
266.5929,13270,13744406,130,2086962,8211,214,2
266.6142,13271,13744426,130,2086986,8211,212,2
266.6336,13272,13744446,130,2087010,8639,102,2
266.6529,13273,13744466,130,2087032,8639,387,2
266.6743,13274,13744486,130,2087049,8639,230,2
266.6932,13275,13744506,130,2087065,8639,560,2
266.7143,13276,13744526,130,2087081,8639,279,2
266.7338,13277,13744546,130,2087097,6354,430,2
266.7530,13278,13744566,130,2087113,6354,349,2
266.7742,13279,13744586,130,2087131,6354,304,2
266.7934,13280,13744606,130,2087149,6354,408,2
266.8127,13281,13744626,130,2087169,6354,209,2
266.8341,13282,13744646,130,2087189,6497,316,2
266.8534,13283,13744666,130,2087211,6497,211,2
266.8733,13284,13744686,130,2087233,6497,119,2
266.8925,13285,13744706,130,2087256,6497,389,2
266.9137,13286,13744726,130,2087280,6497,208,2
266.9332,13287,13744746,130,2087305,8139,270,2
266.9529,13288,13744766,130,2087329,8139,136,2
266.9744,13289,13744786,130,2087354,8139,316,2
266.9933,13290,13744806,130,2087377,8139,121,2
267.0125,13291,13744826,130,2087400,8139,344,2
267.0339,13292,13744846,130,2087422,8496,93,2
267.0533,13293,13744866,130,2087445,8496,304,2
267.0735,13294,13744886,130,2087468,8496,142,2
267.0928,13295,13744906,130,2087492,8496,339,2
267.1143,13296,13744926,130,2087514,8496,164,2
267.1339,13297,13744946,130,2087537,8211,307,2
267.1531,13298,13744966,130,2087561,8211,91,2
267.1725,13299,13744986,130,2087585,8211,256,2
267.1936,13300,13745006,130,2087610,8211,130,2
267.2126,13301,13745026,130,2087635,8211,273,2
267.2338,13302,13745046,130,2087660,8639,91,2
267.2529,13303,13745066,130,2087685,8639,269,2
267.2742,13304,13745086,130,2087709,8639,179,2
267.2930,13305,13745106,130,2087732,8639,342,2
267.3142,13306,13745126,130,2087751,8639,341,2
267.3334,13307,13745146,130,2087767,7925,432,2
267.3531,13308,13745166,130,2087783,7925,268,2
267.3751,13309,13745186,130,2087800,7925,278,2
267.3940,13310,13745206,130,2087818,7925,161,2
267.4133,13311,13745226,130,2087836,7925,375,2
267.4325,13312,13745246,130,2087856,6211,264,2
267.4542,13313,13745266,130,2087876,6211,425,2
267.4734,13314,13745286,130,2087896,6211,307,2
267.4943,13315,13745306,130,2087917,6211,348,2
267.5136,13316,13745326,130,2087940,6211,247,2
267.5328,13317,13745346,130,2087964,7568,291,2
267.5543,13318,13745366,130,2087988,7568,126,2
267.5734,13319,13745386,130,2088012,7568,269,2
267.5924,13320,13745406,130,2088037,7568,203,2
267.6135,13321,13745426,130,2088063,7568,114,2
267.6328,13322,13745446,130,2088086,8782,125,2
267.6540,13323,13745466,130,2088109,8782,357,2
267.6734,13324,13745486,130,2088132,8782,279,2
267.6924,13325,13745506,130,2088155,8782,258,2
267.7136,13326,13745526,130,2088178,8782,211,2
267.7330,13327,13745546,130,2088202,8282,262,2
267.7545,13328,13745566,130,2088226,8282,199,2
267.7736,13329,13745586,130,2088251,8282,305,2
267.7924,13330,13745606,130,2088276,8282,180,2
267.8136,13331,13745626,130,2088300,8282,269,2
267.8327,13332,13745646,130,2088325,8782,150,2
267.8543,13333,13745666,130,2088351,8782,236,2
267.8759,13334,13745686,130,2088376,8782,113,2
267.8928,13335,13745706,130,2088401,8782,162,2
267.9140,13336,13745726,130,2088425,8782,307,2
267.9332,13337,13745746,130,2088444,8639,235,2
267.9527,13338,13745766,130,2088460,8639,429,2
267.9741,13339,13745786,130,2088475,8639,334,2
267.9929,13340,13745806,130,2088491,8639,445,2
268.0142,13341,13745826,130,2088508,8639,345,2
268.0335,13342,13745846,130,2088525,5783,344,2
268.0528,13343,13745866,130,2088543,5783,200,2
268.0741,13344,13745886,130,2088562,5783,374,2
268.0928,13345,13745906,130,2088583,5783,221,2
268.1142,13346,13745926,130,2088604,5783,345,2
268.1334,13347,13745946,130,2088626,7068,124,2
268.1528,13348,13745966,130,2088649,7068,273,2
268.1745,13349,13745986,130,2088673,7068,139,2
268.1935,13350,13746006,130,2088698,7068,307,2
268.2128,13351,13746026,130,2088723,7068,108,2
268.2342,13352,13746046,130,2088748,8639,291,2
268.2541,13353,13746066,130,2088773,8639,182,2
268.2739,13354,13746086,130,2088796,8639,329,2
268.2936,13355,13746106,130,2088818,8639,129,2
268.3125,13356,13746126,130,2088841,8639,288,2
268.3337,13357,13746146,130,2088864,8353,124,2
268.3529,13358,13746166,130,2088888,8353,281,2
268.3776,13359,13746186,130,2088911,8353,141,2
268.3924,13360,13746206,130,2088935,8353,316,2
268.4124,13361,13746226,130,2088959,8353,124,2
268.4342,13362,13746246,130,2088983,8496,316,2
268.4538,13363,13746266,130,2089008,8496,208,2
268.4727,13364,13746286,130,2089033,8496,268,2
268.4941,13365,13746306,130,2089058,8496,161,2
268.5132,13366,13746326,130,2089083,8496,296,2
268.5323,13367,13746346,130,2089108,8925,81,2
268.5540,13368,13746366,130,2089130,8925,355,2
268.5730,13369,13746386,130,2089149,8925,226,2
268.5940,13370,13746406,130,2089166,8925,376,2
268.6133,13371,13746426,130,2089181,8925,286,2
268.6325,13372,13746446,130,2089197,6497,460,2
268.6537,13373,13746466,130,2089214,6497,253,2
268.6730,13374,13746486,130,2089232,6497,375,2
268.6924,13375,13746506,130,2089251,6497,301,2
268.7134,13376,13746526,130,2089271,6497,277,2
268.7325,13377,13746546,130,2089292,6640,161,2
268.7539,13378,13746566,130,2089313,6640,337,2
268.7731,13379,13746586,130,2089336,6640,229,2
268.7941,13380,13746606,130,2089359,6640,278,2
268.8133,13381,13746626,130,2089383,6640,217,2
268.8324,13382,13746646,130,2089408,8211,294,2
268.8536,13383,13746666,130,2089433,8211,251,2
268.8771,13384,13746686,130,2089458,8211,99,2
268.8942,13385,13746706,130,2089481,8211,108,2
268.9131,13386,13746726,130,2089504,8211,323,2
268.9344,13387,13746746,130,2089527,8568,145,2
268.9524,13388,13746766,130,2089550,8568,147,2
268.9740,13389,13746786,130,2089573,8568,156,2
268.9935,13390,13746806,130,2089597,8568,124,2
269.0128,13391,13746826,130,2089621,8568,115,2
269.0342,13392,13746846,130,2089646,8496,259,2
269.0536,13393,13746866,130,2089671,8496,267,2
269.0728,13394,13746886,130,2089696,8496,174,2
269.0942,13395,13746906,130,2089722,8496,273,2
269.1136,13396,13746926,130,2089747,8496,146,2
269.1328,13397,13746946,130,2089772,8996,257,2
269.1542,13398,13746966,130,2089796,8996,163,2
269.1733,13399,13746986,130,2089820,8996,339,2
269.1927,13400,13747006,130,2089838,8996,405,2
269.2141,13401,13747026,130,2089854,8996,361,2
269.2335,13402,13747046,130,2089868,7068,307,2
269.2527,13403,13747066,130,2089883,7068,485,2
269.2741,13404,13747086,130,2089899,7068,333,2
269.2934,13405,13747106,130,2089915,7068,336,2
269.3126,13406,13747126,130,2089933,7068,288,2
269.3337,13407,13747146,130,2089951,5783,382,2
269.3529,13408,13747166,130,2089972,5783,233,2
269.3788,13409,13747186,130,2089993,5783,192,2
269.3941,13410,13747206,130,2090016,5783,328,2
269.4131,13411,13747226,130,2090040,5783,210,2
269.4324,13412,13747246,130,2090064,7925,277,2
269.4537,13413,13747266,130,2090088,7925,136,2
269.4732,13414,13747286,130,2090112,7925,299,2
269.4925,13415,13747306,130,2090136,7925,220,2
269.5139,13416,13747326,130,2090159,7925,341,2
269.5334,13417,13747346,130,2090183,8568,136,2
269.5527,13418,13747366,130,2090206,8568,273,2
269.5741,13419,13747386,130,2090228,8568,135,2
269.5934,13420,13747406,130,2090251,8568,235,2
269.6125,13421,13747426,130,2090274,8568,155,2
269.6337,13422,13747446,130,2090298,8211,295,2
269.6532,13423,13747466,130,2090323,8211,150,2
269.6725,13424,13747486,130,2090349,8211,274,2
269.6937,13425,13747506,130,2090376,8211,164,2
269.7126,13426,13747526,130,2090402,8211,264,2
269.7342,13427,13747546,130,2090427,9210,150,2
269.7536,13428,13747566,130,2090449,9210,264,2
269.7727,13429,13747586,130,2090473,9210,184,2
269.7941,13430,13747606,130,2090497,9210,279,2
269.8130,13431,13747626,130,2090518,9210,264,2
269.8344,13432,13747646,130,2090536,7925,438,2
269.8538,13433,13747666,130,2090551,7925,280,2
269.8795,13434,13747686,130,2090564,7925,370,2
269.8942,13435,13747706,130,2090576,7925,229,2
269.9131,13436,13747726,130,2090591,7925,288,2
269.9324,13437,13747746,130,2090607,5069,361,2
269.9539,13438,13747766,130,2090624,5069,248,2
269.9731,13439,13747786,130,2090642,5069,264,2
269.9943,13440,13747806,130,2090662,5069,265,2
270.0136,13441,13747826,130,2090683,5069,280,2
270.0327,13442,13747846,130,2090705,6854,99,2
270.0540,13443,13747866,130,2090727,6854,309,2
270.0733,13444,13747886,130,2090751,6854,190,2
270.0925,13445,13747906,130,2090775,6854,237,2
270.1134,13446,13747926,130,2090799,6854,247,2
270.1324,13447,13747946,130,2090824,8496,259,2
270.1538,13448,13747966,130,2090849,8496,178,2
270.1730,13449,13747986,130,2090875,8496,315,2
270.1944,13450,13748006,130,2090899,8496,188,2
270.2134,13451,13748026,130,2090921,8496,296,2
270.2327,13452,13748046,130,2090944,8568,89,2
270.2542,13453,13748066,130,2090967,8568,232,2
270.2734,13454,13748086,130,2090990,8568,258,2
270.2928,13455,13748106,130,2091015,8568,264,2
270.3137,13456,13748126,130,2091039,8568,157,2
270.3329,13457,13748146,130,2091065,8568,114,2
270.3544,13458,13748166,130,2091091,8568,104,2
270.3802,13459,13748186,130,2091116,8568,131,2
270.3932,13460,13748206,130,2091139,8568,343,2
270.4141,13461,13748226,130,2091161,8568,310,2
270.4331,13462,13748246,130,2091184,8568,316,2
270.4543,13463,13748266,130,2091207,8568,258,2
270.4735,13464,13748286,130,2091225,8568,514,2
270.4924,13465,13748306,130,2091240,8568,336,2
270.5135,13466,13748326,130,2091255,8568,392,2
270.5326,13467,13748346,130,2091267,6140,369,2
270.5540,13468,13748366,130,2091280,6140,459,2
270.5730,13469,13748386,130,2091295,6140,286,2
270.5940,13470,13748406,130,2091311,6140,496,2
270.6128,13471,13748426,130,2091328,6140,251,2
270.6338,13472,13748446,130,2091346,5497,307,2
270.6530,13473,13748466,130,2091365,5497,184,2
270.6725,13474,13748486,130,2091385,5497,283,2
270.6937,13475,13748506,130,2091407,5497,188,2
270.7126,13476,13748526,130,2091429,5497,300,2
270.7338,13477,13748546,130,2091452,7497,104,2
270.7531,13478,13748566,130,2091476,7497,265,2
270.7724,13479,13748586,130,2091499,7497,128,2
270.7938,13480,13748606,130,2091523,7497,203,2
270.8129,13481,13748626,130,2091545,7497,224,2
270.8345,13482,13748646,130,2091569,8353,189,2
270.8537,13483,13748666,130,2091592,8353,273,2
270.8732,13484,13748686,130,2091616,8353,386,2
270.8926,13485,13748706,130,2091639,8353,124,2
270.9135,13486,13748726,130,2091663,8353,344,2
270.9327,13487,13748746,130,2091687,8425,120,2
270.9541,13488,13748766,130,2091712,8425,268,2
270.9733,13489,13748786,130,2091737,8425,132,2
270.9926,13490,13748806,130,2091764,8425,245,2
271.0136,13491,13748826,130,2091791,8425,86,2
271.0329,13492,13748846,130,2091816,9210,252,2
271.0544,13493,13748866,130,2091841,9210,86,2
271.0736,13494,13748886,130,2091865,9210,382,2
271.0931,13495,13748906,130,2091889,9210,116,2
271.1142,13496,13748926,130,2091913,9210,301,2
271.1333,13497,13748946,130,2091932,8425,216,2
271.1524,13498,13748966,130,2091949,8425,445,2
271.1740,13499,13748986,130,2091964,8425,349,2
271.1932,13500,13749006,130,2091979,8425,345,2
271.2142,13501,13749026,130,2091995,8425,257,2
271.2333,13502,13749046,130,2092012,5712,307,2
271.2524,13503,13749066,130,2092029,5712,354,2
271.2738,13504,13749086,130,2092047,5712,349,2
271.2929,13505,13749106,130,2092065,5712,361,2
271.3140,13506,13749126,130,2092085,5712,188,2
271.3332,13507,13749146,130,2092105,6568,285,2
271.3524,13508,13749166,130,2092128,6568,160,2
271.3738,13509,13749186,130,2092151,6568,209,2
271.3933,13510,13749206,130,2092174,6568,332,2
271.4142,13511,13749226,130,2092198,6568,204,2
271.4332,13512,13749246,130,2092223,8282,263,2
271.4545,13513,13749266,130,2092245,8282,139,2
271.4737,13514,13749286,130,2092267,8282,334,2
271.4928,13515,13749306,130,2092289,8282,109,2
271.5142,13516,13749326,130,2092313,8282,363,2
271.5335,13517,13749346,130,2092337,8139,96,2
271.5526,13518,13749366,130,2092360,8139,325,2
271.5741,13519,13749386,130,2092383,8139,201,2
271.5933,13520,13749406,130,2092406,8139,284,2
271.6123,13521,13749426,130,2092430,8139,164,2
271.6337,13522,13749446,130,2092455,8425,257,2
271.6530,13523,13749466,130,2092480,8425,97,2
271.6725,13524,13749486,130,2092505,8425,339,2
271.6937,13525,13749506,130,2092531,8425,123,2
271.7127,13526,13749526,130,2092556,8425,284,2
271.7342,13527,13749546,130,2092581,9067,99,2
271.7534,13528,13749566,130,2092605,9067,278,2
271.7729,13529,13749586,130,2092626,9067,243,2
271.7941,13530,13749606,130,2092641,9067,469,2
271.8131,13531,13749626,130,2092655,9067,453,2
271.8324,13532,13749646,130,2092668,6426,474,2
271.8540,13533,13749666,130,2092683,6426,274,2
271.8736,13534,13749686,130,2092699,6426,361,2
271.8930,13535,13749706,130,2092716,6426,406,2
271.9141,13536,13749726,130,2092734,6426,236,2
271.9332,13537,13749746,130,2092753,5997,307,2
271.9528,13538,13749766,130,2092773,5997,262,2
271.9742,13539,13749786,130,2092795,5997,297,2
271.9935,13540,13749806,130,2092817,5997,177,2
272.0124,13541,13749826,130,2092840,5997,229,2
272.0337,13542,13749846,130,2092864,7782,120,2
272.0528,13543,13749866,130,2092888,7782,361,2
272.0741,13544,13749886,130,2092913,7782,120,2
272.0934,13545,13749906,130,2092938,7782,229,2
272.1127,13546,13749926,130,2092962,7782,169,2
272.1337,13547,13749946,130,2092984,8568,332,2
272.1530,13548,13749966,130,2093006,8568,241,2
272.1742,13549,13749986,130,2093028,8568,364,2
272.1933,13550,13750006,130,2093049,8568,230,2
272.2142,13551,13750026,130,2093071,8568,345,2
272.2333,13552,13750046,130,2093093,7782,151,2
272.2525,13553,13750066,130,2093116,7782,329,2
272.2738,13554,13750086,130,2093140,7782,103,2
272.2935,13555,13750106,130,2093165,7782,322,2
272.3123,13556,13750126,130,2093191,7782,195,2
272.3337,13557,13750146,130,2093217,8782,254,2
272.3529,13558,13750166,130,2093242,8782,210,2
272.3743,13559,13750186,130,2093266,8782,201,2
272.3937,13560,13750206,130,2093290,8782,109,2
272.4128,13561,13750226,130,2093314,8782,137,2
272.4339,13562,13750246,130,2093335,8568,295,2
272.4529,13563,13750266,130,2093352,8568,397,2
272.4742,13564,13750286,130,2093369,8568,348,2
272.4937,13565,13750306,130,2093385,8568,327,2
272.5130,13566,13750326,130,2093401,8568,450,2
272.5344,13567,13750346,130,2093419,5997,222,2
272.5535,13568,13750366,130,2093437,5997,231,2
272.5729,13569,13750386,130,2093455,5997,434,2
272.5942,13570,13750406,130,2093475,5997,227,2
272.6129,13571,13750426,130,2093496,5997,360,2
272.6341,13572,13750446,130,2093517,6997,126,2
272.6532,13573,13750466,130,2093540,6997,312,2
272.6724,13574,13750486,130,2093564,6997,192,2
272.6938,13575,13750506,130,2093588,6997,107,2
272.7130,13576,13750526,130,2093613,6997,201,2
272.7341,13577,13750546,130,2093638,8568,248,2
272.7533,13578,13750566,130,2093662,8568,225,2
272.7725,13579,13750586,130,2093685,8568,251,2
272.7938,13580,13750606,130,2093709,8568,188,2
272.8130,13581,13750626,130,2093731,8568,347,2
272.8323,13582,13750646,130,2093752,8139,182,2
272.8542,13583,13750666,130,2093773,8139,278,2
272.8741,13584,13750686,130,2093795,8139,357,2
272.8937,13585,13750706,130,2093818,8139,158,2
272.9130,13586,13750726,130,2093841,8139,262,2
272.9328,13587,13750746,130,2093864,7996,97,2
272.9544,13588,13750766,130,2093888,7996,289,2
272.9738,13589,13750786,130,2093912,7996,196,2
272.9929,13590,13750806,130,2093937,7996,300,2
273.0138,13591,13750826,130,2093962,7996,182,2
273.0329,13592,13750846,130,2093987,8710,273,2
273.0543,13593,13750866,130,2094011,8710,216,2
273.0737,13594,13750886,130,2094032,8710,407,2
273.0930,13595,13750906,130,2094049,8710,315,2
273.1139,13596,13750926,130,2094064,8710,498,2
273.1332,13597,13750946,130,2094078,6783,242,2
273.1526,13598,13750966,130,2094093,6783,408,2
273.1740,13599,13750986,130,2094110,6783,295,2
273.1931,13600,13751006,130,2094127,6783,470,2
273.2140,13601,13751026,130,2094145,6783,232,2
273.2334,13602,13751046,130,2094164,6069,327,2
273.2534,13603,13751066,130,2094184,6069,192,2
273.2730,13604,13751086,130,2094205,6069,321,2
273.2924,13605,13751106,130,2094227,6069,124,2
273.3138,13606,13751126,130,2094250,6069,274,2
273.3331,13607,13751146,130,2094274,7711,120,2
273.3524,13608,13751166,130,2094298,7711,326,2
273.3729,13609,13751186,130,2094323,7711,134,2
273.3934,13610,13751206,130,2094345,7711,297,2
273.4129,13611,13751226,130,2094367,7711,182,2
273.4324,13612,13751246,130,2094388,8211,210,2
273.4540,13613,13751266,130,2094411,8211,205,2
273.4737,13614,13751286,130,2094431,8211,254,2
273.4929,13615,13751306,130,2094453,8211,296,2
273.5143,13616,13751326,130,2094475,8211,195,2
273.5337,13617,13751346,130,2094497,7782,297,2
273.5529,13618,13751366,130,2094519,7782,141,2
273.5741,13619,13751386,130,2094542,7782,334,2
273.5933,13620,13751406,130,2094565,7782,169,2
273.6144,13621,13751426,130,2094589,7782,312,2
273.6337,13622,13751446,130,2094613,8211,87,2
273.6528,13623,13751466,130,2094638,8211,326,2
273.6740,13624,13751486,130,2094663,8211,192,2
273.6934,13625,13751506,130,2094687,8211,193,2
273.7144,13626,13751526,130,2094710,8211,219,2
273.7334,13627,13751546,130,2094732,8568,332,2
273.7527,13628,13751566,130,2094750,8568,316,2
273.7741,13629,13751586,130,2094765,8568,451,2
273.7932,13630,13751606,130,2094781,8568,345,2
273.8140,13631,13751626,130,2094797,8568,380,2
273.8331,13632,13751646,130,2094814,5926,209,2
273.8524,13633,13751666,130,2094832,5926,482,2
273.8740,13634,13751686,130,2094849,5926,230,2
273.8934,13635,13751706,130,2094868,5926,336,2
273.9125,13636,13751726,130,2094888,5926,243,2
273.9337,13637,13751746,130,2094909,6711,321,2
273.9530,13638,13751766,130,2094931,6711,194,2
273.9744,13639,13751786,130,2094954,6711,211,2
273.9937,13640,13751806,130,2094978,6711,208,2
274.0126,13641,13751826,130,2095002,6711,299,2
274.0340,13642,13751846,130,2095027,8282,99,2
274.0533,13643,13751866,130,2095052,8282,263,2
274.0726,13644,13751886,130,2095077,8282,192,2
274.0937,13645,13751906,130,2095100,8282,349,2
274.1131,13646,13751926,130,2095122,8282,125,2
274.1344,13647,13751946,130,2095144,8425,332,2
274.1537,13648,13751966,130,2095166,8425,221,2
274.1728,13649,13751986,130,2095188,8425,279,2
274.1942,13650,13752006,130,2095210,8425,242,2
274.2132,13651,13752026,130,2095232,8425,317,2
274.2346,13652,13752046,130,2095254,7854,135,2
274.2546,13653,13752066,130,2095277,7854,293,2
274.2724,13654,13752086,130,2095300,7854,147,2
274.2940,13655,13752106,130,2095324,7854,289,2
274.3135,13656,13752126,130,2095348,7854,162,2
274.3332,13657,13752146,130,2095372,8425,261,2
274.3526,13658,13752166,130,2095397,8425,188,2
274.3763,13659,13752186,130,2095420,8425,273,2
274.3938,13660,13752206,130,2095439,8425,454,2
274.4127,13661,13752226,130,2095455,8425,265,2
274.4339,13662,13752246,130,2095469,7140,481,2
274.4529,13663,13752266,130,2095485,7140,341,2
274.4742,13664,13752286,130,2095501,7140,401,2
274.4933,13665,13752306,130,2095518,7140,307,2
274.5146,13666,13752326,130,2095536,7140,458,2
274.5337,13667,13752346,130,2095554,5926,205,2
274.5530,13668,13752366,130,2095574,5926,332,2
274.5726,13669,13752386,130,2095595,5926,247,2
274.5943,13670,13752406,130,2095617,5926,265,2
274.6132,13671,13752426,130,2095640,5926,267,2
274.6323,13672,13752446,130,2095664,7711,332,2
274.6536,13673,13752466,130,2095688,7711,156,2
274.6729,13674,13752486,130,2095713,7711,288,2
274.6928,13675,13752506,130,2095738,7711,211,2
274.7124,13676,13752526,130,2095762,7711,259,2
274.7336,13677,13752546,130,2095784,8710,134,2
274.7531,13678,13752566,130,2095807,8710,269,2
274.7730,13679,13752586,130,2095829,8710,148,2
274.7927,13680,13752606,130,2095853,8710,152,2
274.8139,13681,13752626,130,2095876,8710,210,2
274.8333,13682,13752646,130,2095900,8211,201,2
274.8531,13683,13752666,130,2095924,8211,270,2
274.8729,13684,13752686,130,2095948,8211,204,2
274.8929,13685,13752706,130,2095973,8211,269,2
274.9141,13686,13752726,130,2095997,8211,128,2
274.9332,13687,13752746,130,2096022,8710,281,2
274.9524,13688,13752766,130,2096047,8710,115,2
274.9740,13689,13752786,130,2096072,8710,259,2
274.9931,13690,13752806,130,2096098,8710,179,2
275.0140,13691,13752826,130,2096122,8710,315,2
275.0330,13692,13752846,130,2096143,8710,225,2
275.0525,13693,13752866,130,2096161,8710,357,2
275.0736,13694,13752886,130,2096177,8710,226,2
275.0929,13695,13752906,130,2096193,8710,408,2
275.1139,13696,13752926,130,2096210,8710,229,2
275.1331,13697,13752946,130,2096228,6140,405,2
275.1543,13698,13752966,130,2096247,6140,215,2
275.1736,13699,13752986,130,2096267,6140,306,2
275.1927,13700,13753006,130,2096286,6140,198,2
275.2135,13701,13753026,130,2096307,6140,322,2
275.2328,13702,13753046,130,2096330,7140,238,2
275.2540,13703,13753066,130,2096353,7140,215,2
275.2730,13704,13753086,130,2096377,7140,311,2
275.2924,13705,13753106,130,2096401,7140,171,2
275.3135,13706,13753126,130,2096426,7140,253,2
275.3327,13707,13753146,130,2096452,8639,140,2
275.3523,13708,13753166,130,2096477,8639,289,2
275.3739,13709,13753186,130,2096500,8639,169,2
275.3936,13710,13753206,130,2096523,8639,265,2
275.4126,13711,13753226,130,2096545,8639,147,2
275.4339,13712,13753246,130,2096568,8353,331,2
275.4532,13713,13753266,130,2096591,8353,258,2
275.4743,13714,13753286,130,2096614,8353,306,2
275.4936,13715,13753306,130,2096637,8353,238,2
275.5126,13716,13753326,130,2096661,8353,221,2
275.5323,13717,13753346,130,2096685,8282,145,2
275.5537,13718,13753366,130,2096709,8282,280,2
275.5727,13719,13753386,130,2096734,8282,61,2
275.5942,13720,13753406,130,2096759,8282,286,2
275.6131,13721,13753426,130,2096784,8282,104,2
275.6343,13722,13753446,130,2096808,8853,288,2
275.6535,13723,13753466,130,2096831,8853,151,2
275.6726,13724,13753486,130,2096848,8853,349,2
275.6941,13725,13753506,130,2096864,8853,306,2
275.7129,13726,13753526,130,2096879,8853,523,2
275.7341,13727,13753546,130,2096895,6354,222,2
275.7533,13728,13753566,130,2096912,6354,361,2
275.7725,13729,13753586,130,2096929,6354,280,2
275.7940,13730,13753606,130,2096947,6354,371,2
275.8140,13731,13753626,130,2096967,6354,263,2
275.8333,13732,13753646,110,2096986,6426,144,2
275.8526,13733,13753666,110,2097006,6426,167,2
275.8741,13734,13753686,110,2097027,6426,166,2
275.8934,13735,13753706,110,2097047,6426,216,2
275.9122,13736,13753726,110,2097068,6426,78,2
275.9335,13737,13753746,110,2097089,7354,68,2
275.9526,13738,13753766,110,2097111,7354,70,2
275.9741,13739,13753786,110,2097132,7354,77,2
275.9931,13740,13753806,110,2097152,7354,214,2
276.0122,13741,13753826,110,2097172,7354,71,2
276.0334,13742,13753846,110,2097190,7211,263,2
276.0526,13743,13753866,110,2097208,7211,130,2
276.0740,13744,13753886,110,2097227,7211,214,2
276.0932,13745,13753906,110,2097245,7211,105,2
276.1144,13746,13753926,110,2097264,7211,343,2
276.1336,13747,13753946,110,2097283,6640,114,2
276.1528,13748,13753966,110,2097301,6640,89,2
276.1742,13749,13753986,110,2097320,6640,113,2
276.1933,13750,13754006,110,2097340,6640,108,2
276.2123,13751,13754026,110,2097360,6640,73,2
276.2335,13752,13754046,110,2097380,6925,70,2
276.2528,13753,13754066,110,2097401,6925,70,2
276.2742,13754,13754086,110,2097423,6925,231,2
276.2933,13755,13754106,110,2097444,6925,62,2
276.3142,13756,13754126,110,2097465,6925,299,2
276.3337,13757,13754146,110,2097486,7568,83,2
276.3528,13758,13754166,110,2097506,7568,235,2
276.3742,13759,13754186,110,2097524,7568,146,2
276.3934,13760,13754206,110,2097539,7568,196,2
276.4144,13761,13754226,110,2097552,7568,171,2
276.4334,13762,13754246,110,2097564,5712,248,2
276.4524,13763,13754266,110,2097577,5712,160,2
276.4736,13764,13754286,110,2097590,5712,236,2
276.4929,13765,13754306,110,2097603,5712,322,2
276.5138,13766,13754326,110,2097616,5712,148,2
276.5334,13767,13754346,110,2097629,4641,299,2
276.5523,13768,13754366,110,2097644,4641,193,2
276.5735,13769,13754386,110,2097659,4641,147,2
276.5928,13770,13754406,110,2097675,4641,110,2
276.6138,13771,13754426,110,2097692,4641,205,2
276.6331,13772,13754446,110,2097711,5712,376,2
276.6544,13773,13754466,110,2097730,5712,91,2
276.6738,13774,13754486,110,2097749,5712,75,2
276.6928,13775,13754506,110,2097769,5712,270,2
276.7138,13776,13754526,110,2097789,5712,75,2
276.7329,13777,13754546,110,2097810,7068,241,2
276.7541,13778,13754566,110,2097831,7068,80,2
276.7733,13779,13754586,110,2097852,7068,309,2
276.7925,13780,13754606,110,2097871,7068,103,2
276.8138,13781,13754626,110,2097890,7068,277,2
276.8350,13782,13754646,110,2097909,7140,113,2
276.8543,13783,13754666,110,2097928,7140,134,2
276.8735,13784,13754686,110,2097947,7140,128,2
276.8928,13785,13754706,110,2097965,7140,155,2
276.9140,13786,13754726,110,2097985,7140,83,2
276.9332,13787,13754746,110,2098004,6783,86,2
276.9524,13788,13754766,110,2098024,6783,227,2
276.9738,13789,13754786,110,2098045,6783,88,2
276.9932,13790,13754806,110,2098065,6783,66,2
277.0126,13791,13754826,110,2098086,6783,270,2
277.0338,13792,13754846,110,2098107,7211,89,2
277.0536,13793,13754866,110,2098128,7211,182,2
277.0737,13794,13754886,110,2098148,7211,83,2
277.0929,13795,13754906,110,2098169,7211,288,2
277.1142,13796,13754926,110,2098190,7211,82,2
277.1331,13797,13754946,110,2098209,7425,283,2
277.1523,13798,13754966,110,2098224,7425,167,2
277.1738,13799,13754986,110,2098237,7425,206,2
277.1932,13800,13755006,110,2098247,7425,293,2
277.2123,13801,13755026,110,2098256,7425,229,2
277.2336,13802,13755046,110,2098266,4212,382,2
277.2527,13803,13755066,110,2098276,4212,334,2
277.2742,13804,13755086,110,2098286,4212,325,2
277.2936,13805,13755106,110,2098297,4212,196,2
277.3128,13806,13755126,110,2098308,4212,291,2
277.3361,13807,13755146,110,2098319,3784,273,2
277.3533,13808,13755166,110,2098332,3784,285,2
277.3745,13809,13755186,110,2098346,3784,166,2
277.3936,13810,13755206,110,2098363,3784,115,2
277.4127,13811,13755226,110,2098380,3784,100,2
277.4341,13812,13755246,110,2098399,5497,131,2
277.4535,13813,13755266,110,2098418,5497,92,2
277.4731,13814,13755286,110,2098438,5497,119,2
277.4925,13815,13755306,110,2098457,5497,158,2
277.5140,13816,13755326,110,2098477,5497,161,2
277.5333,13817,13755346,110,2098496,6997,129,2
277.5530,13818,13755366,110,2098516,6997,87,2
277.5726,13819,13755386,110,2098534,6997,264,2
277.5942,13820,13755406,110,2098553,6997,100,2
277.6132,13821,13755426,110,2098572,6997,573,2
277.6344,13822,13755446,110,2098590,6640,113,2
277.6537,13823,13755466,110,2098607,6640,288,2
277.6730,13824,13755486,110,2098625,6640,100,2
277.6943,13825,13755506,110,2098641,6640,252,2
277.7137,13826,13755526,110,2098659,6640,114,2
277.7328,13827,13755546,110,2098678,6283,82,2
277.7542,13828,13755566,110,2098697,6283,64,2
277.7736,13829,13755586,110,2098717,6283,48,2
277.7929,13830,13755606,110,2098739,6283,237,2
277.8140,13831,13755626,110,2098761,6283,41,2
277.8377,13832,13755646,110,2098782,7425,46,2
277.8527,13833,13755666,110,2098802,7425,116,2
277.8742,13834,13755686,110,2098821,7425,108,2
277.8933,13835,13755706,110,2098840,7425,150,2
277.9124,13836,13755726,110,2098860,7425,89,2
277.9336,13837,13755746,110,2098880,6997,86,2
277.9526,13838,13755766,110,2098899,6997,107,2
277.9738,13839,13755786,110,2098915,6997,157,2
277.9929,13840,13755806,110,2098928,6997,317,2
278.0123,13841,13755826,110,2098937,6997,274,2
278.0337,13842,13755846,110,2098944,4783,313,2
278.0536,13843,13755866,110,2098950,4783,281,2
278.0734,13844,13755886,110,2098957,4783,405,2
278.0930,13845,13755906,110,2098963,4783,286,2
278.1141,13846,13755926,110,2098971,4783,338,2
278.1334,13847,13755946,110,2098979,2570,376,2
278.1529,13848,13755966,110,2098988,2570,221,2
278.1741,13849,13755986,110,2098999,2570,171,2
278.1933,13850,13756006,110,2099011,2570,201,2
278.2126,13851,13756026,110,2099023,2570,194,2
278.2335,13852,13756046,110,2099036,3927,211,2
278.2524,13853,13756066,110,2099051,3927,126,2
278.2741,13854,13756086,110,2099066,3927,160,2
278.2934,13855,13756106,110,2099081,3927,145,2
278.3123,13856,13756126,110,2099097,3927,231,2
278.3382,13857,13756146,110,2099115,5569,139,2
278.3531,13858,13756166,110,2099133,5569,105,2
278.3743,13859,13756186,110,2099152,5569,113,2
278.3935,13860,13756206,110,2099171,5569,198,2
278.4128,13861,13756226,110,2099190,5569,80,2
278.4337,13862,13756246,110,2099209,6640,75,2
278.4528,13863,13756266,110,2099229,6640,67,2
278.4721,13864,13756286,110,2099248,6640,86,2
278.4935,13865,13756306,110,2099268,6640,210,2
278.5128,13866,13756326,110,2099286,6640,105,2
278.5340,13867,13756346,110,2099304,6783,128,2
278.5530,13868,13756366,110,2099321,6783,88,2
278.5744,13869,13756386,110,2099339,6783,264,2
278.5935,13870,13756406,110,2099357,6783,87,2
278.6127,13871,13756426,110,2099375,6783,150,2
278.6337,13872,13756446,110,2099394,6426,142,2
278.6528,13873,13756466,110,2099413,6426,99,2
278.6744,13874,13756486,110,2099435,6426,238,2
278.6932,13875,13756506,110,2099456,6426,56,2
278.7124,13876,13756526,110,2099478,6426,64,2
278.7333,13877,13756546,110,2099499,7497,80,2
278.7524,13878,13756566,110,2099518,7497,102,2
278.7739,13879,13756586,110,2099536,7497,224,2
278.7930,13880,13756606,110,2099556,7497,75,2
278.8121,13881,13756626,110,2099575,7497,84,2
278.8396,13882,13756646,110,2099595,6854,158,2
278.8526,13883,13756666,110,2099612,6854,130,2
278.8738,13884,13756686,110,2099626,6854,353,2
278.8932,13885,13756706,110,2099636,6854,486,2
278.9128,13886,13756726,110,2099645,6854,272,2
278.9340,13887,13756746,110,2099652,4355,312,2
278.9532,13888,13756766,110,2099660,4355,310,2
278.9746,13889,13756786,110,2099668,4355,219,2
278.9940,13890,13756806,110,2099678,4355,209,2
279.0135,13891,13756826,110,2099688,4355,249,2
279.0327,13892,13756846,110,2099698,3213,253,2
279.0539,13893,13756866,110,2099709,3213,193,2
279.0730,13894,13756886,110,2099722,3213,230,2
279.0943,13895,13756906,110,2099735,3213,252,2
279.1137,13896,13756926,110,2099750,3213,148,2
279.1330,13897,13756946,110,2099766,4712,118,2
279.1524,13898,13756966,110,2099783,4712,194,2
279.1739,13899,13756986,110,2099801,4712,162,2
279.1931,13900,13757006,110,2099819,4712,87,2
279.2124,13901,13757026,110,2099839,4712,290,2
279.2333,13902,13757046,110,2099858,6497,59,2
279.2525,13903,13757066,110,2099878,6497,248,2
279.2739,13904,13757086,110,2099897,6497,82,2
279.2932,13905,13757106,110,2099917,6497,82,2
279.3143,13906,13757126,110,2099936,6497,235,2
279.3399,13907,13757146,110,2099956,6997,108,2
279.3527,13908,13757166,110,2099976,6997,118,2
279.3742,13909,13757186,110,2099994,6997,141,2
279.3936,13910,13757206,110,2100012,6997,107,2
279.4129,13911,13757226,110,2100031,6997,104,2
279.4340,13912,13757246,110,2100050,6711,75,2
279.4532,13913,13757266,110,2100069,6711,76,2
279.4722,13914,13757286,110,2100089,6711,131,2
279.4935,13915,13757306,110,2100109,6711,94,2
279.5127,13916,13757326,110,2100131,6711,45,2
279.5341,13917,13757346,110,2100153,7282,82,2
279.5536,13918,13757366,110,2100175,7282,187,2
279.5733,13919,13757386,110,2100196,7282,77,2
279.5931,13920,13757406,110,2100215,7282,99,2
279.6124,13921,13757426,110,2100234,7282,257,2
279.6336,13922,13757446,110,2100253,7282,55,2
279.6528,13923,13757466,110,2100273,7282,279,2
279.6742,13924,13757486,110,2100293,7282,129,2
279.6934,13925,13757506,110,2100309,7282,323,2
279.7127,13926,13757526,110,2100324,7282,188,2
279.7338,13927,13757546,110,2100335,5997,304,2
279.7529,13928,13757566,110,2100343,5997,231,2
279.7724,13929,13757586,110,2100352,5997,385,2
279.7923,13930,13757606,110,2100362,5997,198,2
279.8144,13931,13757626,110,2100372,5997,174,2
279.8407,13932,13757646,110,2100383,3355,185,2
279.8535,13933,13757666,110,2100393,3355,241,2
279.8727,13934,13757686,110,2100404,3355,270,2
279.8923,13935,13757706,110,2100415,3355,277,2
279.9125,13936,13757726,110,2100427,3355,158,2
279.9334,13937,13757746,110,2100440,4069,297,2
279.9525,13938,13757766,110,2100453,4069,131,2
279.9741,13939,13757786,110,2100468,4069,157,2
279.9932,13940,13757806,110,2100483,4069,167,2
280.0143,13941,13757826,110,2100499,4069,102,2
280.0331,13942,13757846,110,2100516,5355,140,2
280.0521,13943,13757866,110,2100533,5355,92,2
280.0744,13944,13757886,110,2100552,5355,88,2
280.0941,13945,13757906,110,2100571,5355,258,2
280.1137,13946,13757926,110,2100591,5355,150,2
280.1326,13947,13757946,110,2100610,6640,102,2
280.1537,13948,13757966,110,2100628,6640,93,2
280.1730,13949,13757986,110,2100646,6640,279,2
280.1942,13950,13758006,110,2100664,6640,110,2
280.2135,13951,13758026,110,2100683,6640,187,2
280.2325,13952,13758046,110,2100701,6568,112,2
280.2536,13953,13758066,110,2100718,6568,176,2
280.2728,13954,13758086,110,2100735,6568,93,2
280.2944,13955,13758106,110,2100753,6568,245,2
280.3138,13956,13758126,110,2100771,6568,86,2
280.3331,13957,13758146,110,2100790,6283,104,2
280.3523,13958,13758166,110,2100809,6283,130,2
280.3738,13959,13758186,110,2100829,6283,51,2
280.3930,13960,13758206,110,2100851,6283,62,2
280.4142,13961,13758226,110,2100872,6283,56,2
280.4330,13962,13758246,110,2100893,7354,245,2
280.4522,13963,13758266,110,2100913,7354,81,2
280.4736,13964,13758286,110,2100932,7354,305,2
280.4932,13965,13758306,110,2100951,7354,94,2
280.5142,13966,13758326,110,2100970,7354,77,2
280.5335,13967,13758346,110,2100990,6925,99,2
280.5527,13968,13758366,110,2101008,6925,121,2
280.5739,13969,13758386,110,2101023,6925,370,2
280.5929,13970,13758406,110,2101035,6925,252,2
280.6123,13971,13758426,110,2101043,6925,376,2
280.6337,13972,13758446,110,2101051,4641,278,2
280.6533,13973,13758466,110,2101059,4641,325,2
280.6725,13974,13758486,110,2101067,4641,370,2
280.6939,13975,13758506,110,2101076,4641,200,2
280.7132,13976,13758526,110,2101086,4641,342,2
280.7341,13977,13758546,110,2101096,3141,285,2
280.7531,13978,13758566,110,2101108,3141,199,2
280.7723,13979,13758586,110,2101121,3141,169,2
280.7937,13980,13758606,110,2101135,3141,171,2
280.8128,13981,13758626,110,2101149,3141,121,2
280.8338,13982,13758646,110,2101165,4783,262,2
280.8533,13983,13758666,110,2101181,4783,172,2
280.8725,13984,13758686,110,2101198,4783,125,2
280.8938,13985,13758706,110,2101216,4783,83,2
280.9131,13986,13758726,110,2101235,4783,96,2
280.9322,13987,13758746,110,2101254,6283,115,2
280.9536,13988,13758766,110,2101273,6283,145,2
280.9726,13989,13758786,110,2101293,6283,112,2
280.9940,13990,13758806,110,2101313,6283,75,2
281.0131,13991,13758826,110,2101333,6283,72,2
281.0322,13992,13758846,110,2101353,7068,82,2
281.0536,13993,13758866,110,2101371,7068,96,2
281.0728,13994,13758886,110,2101389,7068,93,2
281.0941,13995,13758906,110,2101407,7068,200,2
281.1132,13996,13758926,110,2101424,7068,169,2
281.1341,13997,13758946,110,2101440,6354,169,2
281.1532,13998,13758966,110,2101457,6354,82,2
281.1724,13999,13758986,110,2101476,6354,164,2
281.1936,14000,13759006,110,2101494,6354,87,2
281.2127,14001,13759026,110,2101513,6354,201,2
281.2338,14002,13759046,110,2101534,6568,38,2
281.2531,14003,13759066,110,2101555,6568,247,2
281.2730,14004,13759086,110,2101577,6568,50,2
281.2931,14005,13759106,110,2101598,6568,56,2
281.3125,14006,13759126,110,2101617,6568,224,2
281.3339,14007,13759146,110,2101636,7282,114,2
281.3536,14008,13759166,110,2101655,7282,156,2
281.3735,14009,13759186,110,2101674,7282,70,2
281.3931,14010,13759206,110,2101694,7282,87,2
281.4126,14011,13759226,110,2101713,7282,119,2
281.4339,14012,13759246,110,2101728,6711,231,2
281.4532,14013,13759266,110,2101741,6711,332,2
281.4727,14014,13759286,110,2101751,6711,215,2
281.4939,14015,13759306,110,2101760,6711,210,2
281.5133,14016,13759326,110,2101769,6711,168,2
281.5326,14017,13759346,110,2101779,3712,261,2
281.5536,14018,13759366,110,2101790,3712,176,2
281.5727,14019,13759386,110,2101801,3712,235,2
281.5943,14020,13759406,110,2101812,3712,216,2
281.6134,14021,13759426,110,2101824,3712,155,2
281.6322,14022,13759446,110,2101836,3998,240,2
281.6535,14023,13759466,110,2101849,3998,235,2
281.6725,14024,13759486,110,2101864,3998,180,2
281.6938,14025,13759506,110,2101880,3998,155,2
281.7129,14026,13759526,110,2101897,3998,96,2
281.7340,14027,13759546,110,2101915,5497,109,2
281.7530,14028,13759566,110,2101933,5497,126,2
281.7744,14029,13759586,110,2101952,5497,97,2
281.7936,14030,13759606,110,2101972,5497,62,2
281.8126,14031,13759626,110,2101991,5497,100,2
281.8337,14032,13759646,110,2102011,6854,99,2
281.8531,14033,13759666,110,2102030,6854,141,2
281.8723,14034,13759686,110,2102048,6854,107,2
281.8937,14035,13759706,110,2102066,6854,109,2
281.9126,14036,13759726,110,2102084,6854,168,2
281.9337,14037,13759746,110,2102100,6426,132,2
281.9527,14038,13759766,110,2102116,6426,183,2
281.9741,14039,13759786,110,2102131,6426,152,2
281.9935,14040,13759806,110,2102146,6426,302,2
282.0126,14041,13759826,110,2102162,6426,99,2
282.0334,14042,13759846,110,2102179,5569,109,2
282.0526,14043,13759866,110,2102194,5569,124,2
282.0738,14044,13759886,110,2102212,5569,156,2
282.0932,14045,13759906,110,2102229,5569,107,2
282.1124,14046,13759926,110,2102248,5569,155,2
282.1338,14047,13759946,110,2102267,6283,116,2
282.1528,14048,13759966,110,2102287,6283,92,2
282.1744,14049,13759986,110,2102307,6283,66,2
282.1936,14050,13760006,110,2102327,6283,97,2
282.2127,14051,13760026,110,2102348,6283,253,2
282.2335,14052,13760046,110,2102368,7211,50,2
282.2526,14053,13760066,110,2102389,7211,232,2
282.2737,14054,13760086,110,2102408,7211,116,2
282.2931,14055,13760106,110,2102424,7211,393,2
282.3127,14056,13760126,110,2102436,7211,211,2
282.3339,14057,13760146,110,2102446,5783,285,2
282.3536,14058,13760166,110,2102456,5783,310,2
282.3732,14059,13760186,110,2102466,5783,258,2
282.3930,14060,13760206,110,2102477,5783,278,2
282.4127,14061,13760226,110,2102488,5783,277,2
282.4342,14062,13760246,110,2102499,3784,214,2
282.4532,14063,13760266,110,2102510,3784,252,2
282.4726,14064,13760286,110,2102523,3784,190,2
282.4940,14065,13760306,110,2102536,3784,173,2
282.5128,14066,13760326,110,2102550,3784,142,2
282.5340,14067,13760346,110,2102565,4641,192,2
282.5533,14068,13760366,110,2102581,4641,125,2
282.5725,14069,13760386,110,2102598,4641,136,2
282.5936,14070,13760406,110,2102616,4641,131,2
282.6129,14071,13760426,110,2102634,4641,92,2
282.6338,14072,13760446,110,2102653,6140,105,2
282.6529,14073,13760466,110,2102672,6140,67,2
282.6722,14074,13760486,110,2102692,6140,76,2
282.6938,14075,13760506,110,2102712,6140,109,2
282.7129,14076,13760526,110,2102730,6140,87,2
282.7339,14077,13760546,110,2102747,6783,147,2
282.7530,14078,13760566,110,2102765,6783,132,2
282.7723,14079,13760586,110,2102782,6783,148,2
282.7936,14080,13760606,110,2102799,6783,151,2
282.8127,14081,13760626,110,2102815,6783,116,2
282.8361,14082,13760646,110,2102831,5997,294,2
282.8534,14083,13760666,110,2102848,5997,211,2
282.8727,14084,13760686,110,2102864,5997,160,2
282.8942,14085,13760706,110,2102882,5997,236,2
282.9133,14086,13760726,110,2102900,5997,124,2
282.9322,14087,13760746,110,2102917,6140,126,2
282.9537,14088,13760766,110,2102936,6140,134,2
282.9728,14089,13760786,110,2102955,6140,80,2
282.9941,14090,13760806,110,2102975,6140,91,2
283.0136,14091,13760826,110,2102995,6140,225,2
283.0325,14092,13760846,110,2103015,6925,66,2
283.0538,14093,13760866,110,2103035,6925,313,2
283.0731,14094,13760886,110,2103056,6925,99,2
283.0924,14095,13760906,110,2103076,6925,86,2
283.1135,14096,13760926,110,2103094,6925,281,2
283.1323,14097,13760946,110,2103113,6997,87,2
283.1538,14098,13760966,110,2103130,6997,206,2
283.1730,14099,13760986,110,2103144,6997,171,2
283.1924,14100,13761006,110,2103156,6997,208,2
283.2138,14101,13761026,110,2103169,6997,182,2
283.2328,14102,13761046,110,2103181,4998,251,2
283.2541,14103,13761066,110,2103193,4998,288,2
283.2739,14104,13761086,110,2103205,4998,139,2
283.2935,14105,13761106,110,2103217,4998,151,2
283.3129,14106,13761126,110,2103231,4998,185,2
283.3343,14107,13761146,110,2103244,4498,156,2
283.3537,14108,13761166,110,2103259,4498,229,2
283.3729,14109,13761186,110,2103274,4498,151,2
283.3942,14110,13761206,110,2103291,4498,134,2
283.4138,14111,13761226,110,2103308,4498,92,2
283.4329,14112,13761246,110,2103327,5783,75,2
283.4541,14113,13761266,110,2103346,5783,267,2
283.4737,14114,13761286,110,2103366,5783,105,2
283.4932,14115,13761306,110,2103386,5783,300,2
283.5125,14116,13761326,110,2103407,5783,121,2
283.5342,14117,13761346,110,2103428,7140,102,2
283.5534,14118,13761366,110,2103448,7140,129,2
283.5727,14119,13761386,110,2103469,7140,89,2
283.5941,14120,13761406,110,2103489,7140,76,2
283.6132,14121,13761426,110,2103507,7140,100,2
283.6322,14122,13761446,110,2103524,6997,204,2
283.6534,14123,13761466,110,2103540,6997,158,2
283.6727,14124,13761486,110,2103557,6997,140,2
283.6941,14125,13761506,110,2103575,6997,116,2
283.7132,14126,13761526,110,2103591,6997,129,2
283.7343,14127,13761546,110,2103607,5926,182,2
283.7535,14128,13761566,110,2103624,5926,103,2
283.7727,14129,13761586,110,2103641,5926,208,2
283.7942,14130,13761606,110,2103660,5926,94,2
283.8132,14131,13761626,110,2103679,5926,92,2
283.8323,14132,13761646,110,2103699,6497,103,2
283.8537,14133,13761666,110,2103719,6497,96,2
283.8731,14134,13761686,110,2103739,6497,297,2
283.8925,14135,13761706,110,2103759,6497,263,2
283.9137,14136,13761726,110,2103779,6497,67,2
283.9325,14137,13761746,110,2103799,7140,277,2
283.9537,14138,13761766,110,2103817,7140,113,2
283.9731,14139,13761786,110,2103831,7140,391,2
283.9926,14140,13761806,110,2103843,7140,219,2
284.0137,14141,13761826,110,2103852,7140,384,2
284.0327,14142,13761846,110,2103862,4712,230,2
284.0538,14143,13761866,110,2103872,4712,192,2
284.0728,14144,13761886,110,2103883,4712,184,2
284.0942,14145,13761906,110,2103893,4712,172,2
284.1134,14146,13761926,110,2103904,4712,229,2
284.1324,14147,13761946,110,2103914,3712,313,2
284.1539,14148,13761966,110,2103926,3712,256,2
284.1734,14149,13761986,110,2103939,3712,304,2
284.1930,14150,13762006,110,2103954,3712,116,2
284.2122,14151,13762026,110,2103969,3712,102,2
284.2336,14152,13762046,110,2103985,4998,132,2
284.2527,14153,13762066,110,2104003,4998,134,2
284.2738,14154,13762086,110,2104021,4998,110,2
284.2932,14155,13762106,110,2104040,4998,92,2
284.3126,14156,13762126,110,2104059,4998,97,2
284.3340,14157,13762146,110,2104079,6568,277,2
284.3535,14158,13762166,110,2104099,6568,86,2
284.3726,14159,13762186,110,2104119,6568,71,2
284.3941,14160,13762206,110,2104139,6568,62,2
284.4133,14161,13762226,110,2104157,6568,116,2
284.4322,14162,13762246,110,2104175,6925,264,2
284.4533,14163,13762266,110,2104193,6925,105,2
284.4727,14164,13762286,110,2104211,6925,97,2
284.4945,14165,13762306,110,2104228,6925,115,2
284.5136,14166,13762326,110,2104246,6925,246,2
284.5328,14167,13762346,110,2104264,6354,107,2
284.5540,14168,13762366,110,2104282,6354,135,2
284.5736,14169,13762386,110,2104300,6354,110,2
284.5928,14170,13762406,110,2104319,6354,94,2
284.6141,14171,13762426,110,2104337,6354,83,2
284.6329,14172,13762446,110,2104357,6568,73,2
284.6522,14173,13762466,110,2104377,6568,92,2
284.6735,14174,13762486,110,2104397,6568,492,2
284.6928,14175,13762506,110,2104418,6568,52,2
284.7139,14176,13762526,110,2104439,6568,152,2
284.7328,14177,13762546,110,2104460,7354,78,2
284.7541,14178,13762566,110,2104481,7354,66,2
284.7735,14179,13762586,110,2104501,7354,86,2
284.7926,14180,13762606,110,2104520,7354,148,2
284.8141,14181,13762626,110,2104535,7354,173,2
284.8330,14182,13762646,110,2104548,6426,235,2
284.8524,14183,13762666,110,2104559,6426,294,2
284.8735,14184,13762686,110,2104571,6426,339,2
284.8927,14185,13762706,110,2104583,6426,387,2
284.9140,14186,13762726,110,2104595,6426,211,2
284.9329,14187,13762746,110,2104608,4284,172,2
284.9541,14188,13762766,110,2104620,4284,225,2
284.9732,14189,13762786,110,2104633,4284,184,2
284.9924,14190,13762806,110,2104648,4284,232,2
285.0137,14191,13762826,110,2104662,4284,128,2
285.0324,14192,13762846,110,2104677,4926,136,2
285.0537,14193,13762866,110,2104693,4926,102,2
285.0727,14194,13762886,110,2104711,4926,166,2
285.0941,14195,13762906,110,2104729,4926,180,2
285.1133,14196,13762926,110,2104748,4926,135,2
285.1325,14197,13762946,110,2104768,6354,167,2
285.1538,14198,13762966,110,2104788,6354,67,2
285.1731,14199,13762986,110,2104808,6354,76,2
285.1923,14200,13763006,110,2104829,6354,102,2
285.2139,14201,13763026,110,2104848,6354,67,2
285.2331,14202,13763046,110,2104867,7068,103,2
285.2522,14203,13763066,110,2104886,7068,89,2
285.2738,14204,13763086,110,2104905,7068,84,2
285.2930,14205,13763106,110,2104923,7068,128,2
285.3123,14206,13763126,110,2104941,7068,108,2
285.3333,14207,13763146,110,2104960,6640,92,2
285.3527,14208,13763166,110,2104978,6640,183,2
285.3738,14209,13763186,110,2104997,6640,78,2
285.3929,14210,13763206,110,2105016,6640,300,2
285.4141,14211,13763226,110,2105036,6640,66,2
285.4329,14212,13763246,110,2105056,6783,248,2
285.4541,14213,13763266,110,2105076,6783,66,2
285.4734,14214,13763286,110,2105096,6783,72,2
285.4928,14215,13763306,110,2105116,6783,96,2
285.5121,14216,13763326,110,2105137,6783,83,2
285.5338,14217,13763346,110,2105158,7354,289,2
285.5529,14218,13763366,110,2105179,7354,72,2
285.5723,14219,13763386,110,2105200,7354,286,2
285.5939,14220,13763406,110,2105219,7354,132,2
285.6134,14221,13763426,110,2105233,7354,592,2
285.6325,14222,13763446,110,2105245,6426,201,2
285.6537,14223,13763466,110,2105256,6426,363,2
285.6732,14224,13763486,110,2105267,6426,205,2
285.6927,14225,13763506,110,2105279,6426,168,2
285.7143,14226,13763526,110,2105291,6426,150,2
285.7322,14227,13763546,110,2105303,4069,297,2
285.7534,14228,13763566,110,2105315,4069,258,2
285.7727,14229,13763586,110,2105327,4069,371,2
285.7940,14230,13763606,110,2105340,4069,233,2
285.8132,14231,13763626,110,2105356,4069,108,2
285.8322,14232,13763646,110,2105371,4783,172,2
285.8537,14233,13763666,110,2105387,4783,131,2
285.8727,14234,13763686,110,2105405,4783,121,2
285.8942,14235,13763706,110,2105424,4783,91,2
285.9135,14236,13763726,110,2105443,4783,94,2
285.9324,14237,13763746,110,2105462,6426,235,2
285.9539,14238,13763766,110,2105483,6426,56,2
285.9730,14239,13763786,110,2105503,6426,65,2
285.9926,14240,13763806,110,2105524,6426,232,2
286.0141,14241,13763826,110,2105544,6426,61,2
286.0332,14242,13763846,110,2105563,7282,100,2
286.0532,14243,13763866,110,2105581,7282,145,2
286.0730,14244,13763886,110,2105600,7282,87,2
286.0926,14245,13763906,110,2105617,7282,72,2
286.1124,14246,13763926,110,2105634,7282,285,2
286.1339,14247,13763946,110,2105651,6283,104,2
286.1533,14248,13763966,110,2105668,6283,256,2
286.1732,14249,13763986,110,2105686,6283,109,2
286.1930,14250,13764006,110,2105704,6283,128,2
286.2124,14251,13764026,110,2105721,6283,121,2
286.2339,14252,13764046,110,2105740,6283,80,2
286.2530,14253,13764066,110,2105759,6283,64,2
286.2728,14254,13764086,110,2105779,6283,294,2
286.2921,14255,13764106,110,2105799,6283,66,2
286.3137,14256,13764126,110,2105820,6283,62,2
286.3330,14257,13764146,110,2105840,7140,81,2
286.3557,14258,13764166,110,2105861,7140,333,2
286.3730,14259,13764186,110,2105882,7140,109,2
286.3927,14260,13764206,110,2105902,7140,130,2
286.4125,14261,13764226,110,2105919,7140,132,2
286.4322,14262,13764246,110,2105934,6854,196,2
286.4534,14263,13764266,110,2105946,6854,290,2
286.4727,14264,13764286,110,2105957,6854,155,2
286.4940,14265,13764306,110,2105968,6854,243,2
286.5132,14266,13764326,110,2105981,6854,450,2
286.5334,14267,13764346,110,2105993,4212,155,2
286.5523,14268,13764366,110,2106005,4212,157,2
286.5738,14269,13764386,110,2106018,4212,172,2
286.5931,14270,13764406,110,2106031,4212,230,2
286.6123,14271,13764426,110,2106045,4212,166,2
286.6335,14272,13764446,110,2106061,4783,214,2
286.6527,14273,13764466,110,2106077,4783,137,2
286.6738,14274,13764486,110,2106094,4783,168,2
286.6932,14275,13764506,110,2106112,4783,124,2
286.7124,14276,13764526,110,2106131,4783,72,2
286.7333,14277,13764546,110,2106150,6283,144,2
286.7543,14278,13764566,110,2106170,6283,190,2
286.7736,14279,13764586,110,2106190,6283,116,2
286.7930,14280,13764606,110,2106211,6283,83,2
286.8123,14281,13764626,110,2106231,6283,72,2
286.8337,14282,13764646,110,2106252,7282,75,2
286.8550,14283,13764666,110,2106272,7282,105,2
286.8722,14284,13764686,110,2106291,7282,132,2
286.8936,14285,13764706,110,2106309,7282,199,2
286.9129,14286,13764726,110,2106328,7282,142,2
286.9323,14287,13764746,110,2106345,6711,107,2
286.9535,14288,13764766,110,2106364,6711,103,2
286.9735,14289,13764786,110,2106383,6711,107,2
286.9932,14290,13764806,110,2106403,6711,87,2
287.0129,14291,13764826,110,2106422,6711,82,2
287.0323,14292,13764846,110,2106443,6854,195,2
287.0539,14293,13764866,110,2106463,6854,51,2
287.0735,14294,13764886,110,2106483,6854,64,2
287.0933,14295,13764906,110,2106504,6854,221,2
287.1133,14296,13764926,110,2106525,6854,60,2
287.1328,14297,13764946,110,2106546,7425,249,2
287.1540,14298,13764966,110,2106567,7425,83,2
287.1734,14299,13764986,110,2106588,7425,245,2
287.1927,14300,13765006,110,2106607,7425,172,2
287.2124,14301,13765026,110,2106624,7425,225,2
287.2323,14302,13765046,110,2106637,6640,178,2
287.2534,14303,13765066,110,2106648,6640,210,2
287.2726,14304,13765086,110,2106658,6640,184,2
287.2942,14305,13765106,110,2106668,6640,224,2
287.3135,14306,13765126,110,2106678,6640,211,2
287.3327,14307,13765146,110,2106689,3712,201,2
287.3563,14308,13765166,110,2106700,3712,216,2
287.3735,14309,13765186,110,2106710,3712,182,2
287.3928,14310,13765206,110,2106721,3712,157,2
287.4143,14311,13765226,110,2106734,3712,253,2
287.4335,14312,13765246,110,2106748,4212,263,2
287.4524,14313,13765266,110,2106764,4212,203,2
287.4737,14314,13765286,110,2106781,4212,105,2
287.4933,14315,13765306,110,2106799,4212,192,2
287.5126,14316,13765326,110,2106818,4212,96,2
287.5324,14317,13765346,110,2106837,6211,75,2
287.5533,14318,13765366,110,2106856,6211,214,2
287.5727,14319,13765386,110,2106876,6211,84,2
287.5940,14320,13765406,110,2106897,6211,55,2
287.6131,14321,13765426,110,2106917,6211,220,2
287.6326,14322,13765446,110,2106936,7068,112,2
287.6535,14323,13765466,110,2106955,7068,72,2
287.6726,14324,13765486,110,2106974,7068,86,2
287.6937,14325,13765506,110,2106992,7068,166,2
287.7127,14326,13765526,110,2107009,7068,102,2
287.7337,14327,13765546,110,2107027,6497,130,2
287.7530,14328,13765566,110,2107044,6497,99,2
287.7721,14329,13765586,110,2107062,6497,71,2
287.7933,14330,13765606,110,2107081,6497,80,2
287.8127,14331,13765626,110,2107100,6497,283,2
287.8338,14332,13765646,110,2107119,6568,121,2
287.8573,14333,13765666,110,2107140,6568,118,2
287.8733,14334,13765686,110,2107162,6568,144,2
287.8930,14335,13765706,110,2107183,6568,183,2
287.9126,14336,13765726,110,2107203,6568,134,2
287.9338,14337,13765746,110,2107221,7354,166,2
287.9528,14338,13765766,110,2107240,7354,144,2
287.9742,14339,13765786,110,2107259,7354,105,2
287.9938,14340,13765806,110,2107279,7354,114,2
288.0130,14341,13765826,110,2107297,7354,100,2
288.0342,14342,13765846,110,2107313,6640,164,2
288.0536,14343,13765866,110,2107326,6640,221,2
288.0727,14344,13765886,110,2107335,6640,323,2
288.0940,14345,13765906,110,2107342,6640,258,2
288.1133,14346,13765926,110,2107348,6640,233,2
288.1327,14347,13765946,110,2107355,3070,387,2
288.1538,14348,13765966,110,2107362,3070,327,2
288.1736,14349,13765986,110,2107368,3070,259,2
288.1931,14350,13766006,110,2107376,3070,333,2
288.2126,14351,13766026,110,2107384,3070,194,2
288.2340,14352,13766046,110,2107393,2713,243,2
288.2532,14353,13766066,110,2107403,2713,134,2
288.2725,14354,13766086,110,2107415,2713,160,2
288.2938,14355,13766106,110,2107428,2713,148,2
288.3131,14356,13766126,110,2107441,2713,130,2
288.3323,14357,13766146,110,2107456,4426,108,2
288.3578,14358,13766166,110,2107472,4426,104,2
288.3727,14359,13766186,110,2107489,4426,130,2
288.3941,14360,13766206,110,2107507,4426,102,2
288.4134,14361,13766226,110,2107525,4426,119,2
288.4325,14362,13766246,110,2107544,6140,169,2
288.4535,14363,13766266,110,2107563,6140,81,2
288.4727,14364,13766286,110,2107583,6140,60,2
288.4941,14365,13766306,110,2107602,6140,253,2
288.5137,14366,13766326,110,2107622,6140,78,2
288.5335,14367,13766346,110,2107642,6997,275,2
288.5524,14368,13766366,110,2107661,6997,82,2
288.5736,14369,13766386,110,2107679,6997,107,2
288.5927,14370,13766406,110,2107696,6997,109,2
288.6141,14371,13766426,110,2107714,6997,113,2
288.6337,14372,13766446,110,2107731,6426,98,2
288.6527,14373,13766466,110,2107748,6426,109,2
288.6737,14374,13766486,110,2107765,6426,179,2
288.6929,14375,13766506,110,2107784,6426,108,2
288.7123,14376,13766526,110,2107803,6426,182,2
288.7337,14377,13766546,110,2107823,6426,139,2
288.7525,14378,13766566,110,2107844,6426,76,2
288.7738,14379,13766586,110,2107865,6426,113,2
288.7931,14380,13766606,110,2107887,6426,307,2
288.8124,14381,13766626,110,2107907,6426,107,2
288.8337,14382,13766646,110,2107925,7425,89,2
288.8591,14383,13766666,110,2107944,7425,233,2
288.8740,14384,13766686,110,2107964,7425,107,2
288.8931,14385,13766706,110,2107984,7425,81,2
288.9125,14386,13766726,110,2108003,7425,329,2
288.9340,14387,13766746,110,2108018,6711,174,2
288.9529,14388,13766766,110,2108030,6711,227,2
288.9739,14389,13766786,110,2108039,6711,305,2
288.9929,14390,13766806,110,2108047,6711,304,2
289.0125,14391,13766826,110,2108055,6711,272,2
289.0342,14392,13766846,110,2108064,3355,334,2
289.0529,14393,13766866,110,2108072,3355,261,2
289.0741,14394,13766886,110,2108082,3355,162,2
289.0937,14395,13766906,110,2108092,3355,273,2
289.1128,14396,13766926,110,2108103,3355,222,2
289.1338,14397,13766946,110,2108114,3570,180,2
289.1528,14398,13766966,110,2108127,3570,158,2
289.1738,14399,13766986,110,2108140,3570,193,2
289.1934,14400,13767006,110,2108155,3570,126,2
289.2130,14401,13767026,110,2108171,3570,274,2
289.2342,14402,13767046,110,2108187,5069,130,2
289.2531,14403,13767066,110,2108204,5069,112,2
289.2723,14404,13767086,110,2108223,5069,77,2
289.2935,14405,13767106,110,2108241,5069,198,2
289.3128,14406,13767126,110,2108261,5069,71,2
289.3342,14407,13767146,110,2108280,6568,139,2
289.3600,14408,13767166,110,2108300,6568,132,2
289.3727,14409,13767186,110,2108319,6568,83,2
289.3922,14410,13767206,110,2108338,6568,80,2
289.4143,14411,13767226,110,2108358,6568,125,2
289.4325,14412,13767246,110,2108377,6925,256,2
289.4539,14413,13767266,110,2108395,6925,119,2
289.4735,14414,13767286,110,2108413,6925,92,2
289.4928,14415,13767306,110,2108432,6925,77,2
289.5144,14416,13767326,110,2108451,6925,307,2
289.5340,14417,13767346,110,2108471,6711,72,2
289.5530,14418,13767366,110,2108490,6711,241,2
289.5742,14419,13767386,110,2108511,6711,49,2
289.5934,14420,13767406,110,2108532,6711,66,2
289.6134,14421,13767426,110,2108554,6711,60,2
289.6331,14422,13767446,110,2108576,7425,64,2
289.6541,14423,13767466,110,2108597,7425,205,2
289.6736,14424,13767486,110,2108616,7425,107,2
289.6928,14425,13767506,110,2108635,7425,93,2
289.7140,14426,13767526,110,2108654,7425,130,2
289.7335,14427,13767546,110,2108674,7068,82,2
289.7528,14428,13767566,110,2108693,7068,97,2
289.7725,14429,13767586,110,2108710,7068,331,2
289.7922,14430,13767606,110,2108724,7068,168,2
289.8138,14431,13767626,110,2108736,7068,413,2
289.8330,14432,13767646,110,2108746,5355,222,2
289.8612,14433,13767666,110,2108756,5355,215,2
289.8725,14434,13767686,110,2108767,5355,220,2
289.8943,14435,13767706,110,2108778,5355,215,2
289.9137,14436,13767726,110,2108789,5355,160,2
289.9329,14437,13767746,110,2108801,3927,219,2
289.9539,14438,13767766,110,2108813,3927,262,2
289.9737,14439,13767786,110,2108824,3927,304,2
289.9934,14440,13767806,110,2108837,3927,142,2
290.0128,14441,13767826,110,2108851,3927,220,2
290.0343,14442,13767846,110,2108866,4569,273,2
290.0531,14443,13767866,110,2108882,4569,98,2
290.0722,14444,13767886,110,2108899,4569,277,2
290.0940,14445,13767906,110,2108916,4569,139,2
290.1141,14446,13767926,110,2108934,4569,116,2
290.1334,14447,13767946,110,2108953,6140,189,2
290.1527,14448,13767966,110,2108973,6140,94,2
290.1725,14449,13767986,110,2108993,6140,67,2
290.1941,14450,13768006,110,2109012,6140,72,2
290.2136,14451,13768026,110,2109031,6140,112,2
290.2336,14452,13768046,110,2109048,6783,116,2
290.2529,14453,13768066,110,2109066,6783,76,2
290.2723,14454,13768086,110,2109084,6783,84,2
290.2938,14455,13768106,110,2109103,6783,163,2
290.3131,14456,13768126,110,2109121,6783,107,2
290.3322,14457,13768146,110,2109138,6426,139,2
290.3533,14458,13768166,110,2109155,6426,178,2
290.3725,14459,13768186,110,2109172,6426,89,2
290.3936,14460,13768206,110,2109191,6426,306,2
290.4129,14461,13768226,110,2109210,6426,155,2
290.4342,14462,13768246,110,2109229,6426,92,2
290.4529,14463,13768266,110,2109249,6426,59,2
290.4740,14464,13768286,110,2109270,6426,66,2
290.4931,14465,13768306,110,2109291,6426,243,2
290.5125,14466,13768326,110,2109312,6426,76,2
290.5322,14467,13768346,110,2109331,7282,155,2
290.5531,14468,13768366,110,2109350,7282,107,2
290.5724,14469,13768386,110,2109369,7282,92,2
290.5938,14470,13768406,110,2109389,7282,92,2
290.6130,14471,13768426,110,2109407,7282,318,2
290.6322,14472,13768446,110,2109421,6568,195,2
290.6533,14473,13768466,110,2109433,6568,222,2
290.6725,14474,13768486,110,2109442,6568,280,2
290.6938,14475,13768506,110,2109449,6568,253,2
290.7130,14476,13768526,110,2109456,6568,334,2
290.7323,14477,13768546,110,2109464,3141,286,2
290.7535,14478,13768566,110,2109472,3141,313,2
290.7728,14479,13768586,110,2109481,3141,220,2
290.7927,14480,13768606,110,2109491,3141,187,2
290.8125,14481,13768626,110,2109501,3141,172,2
290.8341,14482,13768646,110,2109513,3427,185,2
290.8533,14483,13768666,110,2109526,3427,155,2
290.8731,14484,13768686,110,2109540,3427,219,2
290.8923,14485,13768706,110,2109556,3427,140,2
290.9138,14486,13768726,110,2109572,3427,187,2
290.9329,14487,13768746,110,2109588,5355,192,2
290.9544,14488,13768766,110,2109606,5355,118,2
290.9743,14489,13768786,110,2109624,5355,155,2
290.9938,14490,13768806,110,2109643,5355,65,2
291.0133,14491,13768826,110,2109663,5355,221,2
291.0325,14492,13768846,110,2109682,6568,76,2
291.0535,14493,13768866,110,2109702,6568,274,2
291.0726,14494,13768886,110,2109722,6568,115,2
291.0937,14495,13768906,110,2109743,6568,337,2
291.1132,14496,13768926,110,2109763,6568,116,2
291.1325,14497,13768946,110,2109781,7140,92,2
291.1536,14498,13768966,110,2109800,7140,116,2
291.1735,14499,13768986,110,2109817,7140,171,2
291.1934,14500,13769006,110,2109835,7140,84,2
291.2130,14501,13769026,110,2109852,7140,323,2
291.2322,14502,13769046,110,2109869,6283,145,2
291.2532,14503,13769066,110,2109888,6283,121,2
291.2724,14504,13769086,110,2109907,6283,60,2
291.2938,14505,13769106,110,2109927,6283,57,2
291.3129,14506,13769126,110,2109948,6283,294,2
291.3323,14507,13769146,110,2109970,7140,61,2
291.3534,14508,13769166,110,2109991,7140,247,2
291.3729,14509,13769186,110,2110011,7140,130,2
291.3925,14510,13769206,110,2110029,7140,97,2
291.4140,14511,13769226,110,2110048,7140,71,2
291.4332,14512,13769246,110,2110067,6925,144,2
291.4540,14513,13769266,110,2110087,6925,112,2
291.4731,14514,13769286,110,2110106,6925,142,2
291.4922,14515,13769306,110,2110123,6925,176,2
291.5137,14516,13769326,110,2110137,6925,155,2
291.5332,14517,13769346,110,2110149,6069,401,2
291.5520,14518,13769366,110,2110159,6069,414,2
291.5734,14519,13769386,110,2110168,6069,300,2
291.5926,14520,13769406,110,2110179,6069,189,2
291.6144,14521,13769426,110,2110190,6069,278,2
291.6335,14522,13769446,110,2110201,3712,232,2
291.6525,14523,13769466,110,2110213,3712,343,2
291.6737,14524,13769486,110,2110224,3712,141,2
291.6928,14525,13769506,110,2110237,3712,166,2
291.7141,14526,13769526,110,2110250,3712,158,2
291.7330,14527,13769546,110,2110265,4426,177,2
291.7539,14528,13769566,110,2110280,4426,135,2
291.7731,14529,13769586,110,2110297,4426,258,2
291.7924,14530,13769606,110,2110314,4426,103,2
291.8139,14531,13769626,110,2110333,4426,107,2
291.8330,14532,13769646,110,2110352,6140,87,2
291.8541,14533,13769666,110,2110371,6140,83,2
291.8733,14534,13769686,110,2110391,6140,80,2
291.8924,14535,13769706,110,2110411,6140,52,2
291.9142,14536,13769726,110,2110431,6140,259,2
291.9334,14537,13769746,110,2110449,6997,83,2
291.9528,14538,13769766,110,2110468,6997,321,2
291.9727,14539,13769786,110,2110486,6997,99,2
291.9925,14540,13769806,110,2110503,6997,140,2
292.0141,14541,13769826,110,2110520,6997,121,2
292.0337,14542,13769846,110,2110536,6211,185,2
292.0529,14543,13769866,110,2110552,6211,161,2
292.0722,14544,13769886,110,2110569,6211,141,2
292.0935,14545,13769906,110,2110586,6211,123,2
292.1127,14546,13769926,110,2110603,6211,82,2
292.1338,14547,13769946,110,2110621,6069,97,2
292.1526,14548,13769966,110,2110640,6069,147,2
292.1737,14549,13769986,110,2110659,6069,185,2
292.1928,14550,13770006,110,2110678,6069,76,2
292.2124,14551,13770026,110,2110698,6069,258,2
292.2339,14552,13770046,110,2110718,6854,83,2
292.2527,14553,13770066,110,2110738,6854,148,2
292.2738,14554,13770086,110,2110759,6854,73,2
292.2930,14555,13770106,110,2110779,6854,561,2
292.3122,14556,13770126,110,2110799,6854,96,2
292.3337,14557,13770146,110,2110817,7140,588,2
292.3528,14558,13770166,110,2110832,7140,310,2
292.3740,14559,13770186,110,2110844,7140,313,2
292.3932,14560,13770206,110,2110853,7140,279,2
292.4123,14561,13770226,110,2110864,7140,214,2
292.4335,14562,13770246,110,2110874,4212,389,2
292.4524,14563,13770266,110,2110884,4212,237,2
292.4736,14564,13770286,110,2110895,4212,375,2
292.4926,14565,13770306,110,2110906,4212,167,2
292.5140,14566,13770326,110,2110917,4212,317,2
292.5337,14567,13770346,110,2110929,3927,212,2
292.5527,14568,13770366,110,2110943,3927,201,2
292.5729,14569,13770386,110,2110956,3927,150,2
292.5926,14570,13770406,110,2110971,3927,212,2
292.6140,14571,13770426,110,2110987,3927,98,2
292.6330,14572,13770446,110,2111004,5212,148,2
292.6539,14573,13770466,110,2111022,5212,137,2
292.6729,14574,13770486,110,2111040,5212,87,2
292.6941,14575,13770506,110,2111060,5212,246,2
292.7132,14576,13770526,110,2111079,5212,87,2
292.7341,14577,13770546,110,2111099,6711,270,2
292.7530,14578,13770566,110,2111117,6711,91,2
292.7722,14579,13770586,110,2111135,6711,113,2
292.7921,14580,13770606,110,2111152,6711,136,2
292.8139,14581,13770626,110,2111169,6711,108,2
292.8333,14582,13770646,110,2111185,6283,192,2
292.8545,14583,13770666,110,2111201,6283,137,2
292.8739,14584,13770686,110,2111217,6283,104,2
292.8932,14585,13770706,110,2111233,6283,152,2
292.9125,14586,13770726,110,2111249,6283,88,2
292.9341,14587,13770746,110,2111266,5712,123,2
292.9532,14588,13770766,110,2111283,5712,158,2
292.9732,14589,13770786,110,2111300,5712,178,2
292.9928,14590,13770806,110,2111318,5712,273,2
293.0126,14591,13770826,110,2111337,5712,82,2
293.0342,14592,13770846,110,2111356,6354,112,2
293.0532,14593,13770866,110,2111376,6354,100,2
293.0724,14594,13770886,110,2111396,6354,87,2
293.0937,14595,13770906,110,2111416,6354,80,2
293.1130,14596,13770926,110,2111436,6354,235,2
293.1325,14597,13770946,110,2111456,7140,60,2
293.1535,14598,13770966,110,2111476,7140,230,2
293.1727,14599,13770986,110,2111494,7140,120,2
293.1939,14600,13771006,110,2111512,7140,366,2
293.2130,14601,13771026,110,2111529,7140,152,2
293.2325,14602,13771046,110,2111542,6354,178,2
293.2544,14603,13771066,110,2111555,6354,451,2
293.2739,14604,13771086,110,2111566,6354,214,2
293.2933,14605,13771106,110,2111577,6354,514,2
293.3129,14606,13771126,110,2111589,6354,161,2
293.3342,14607,13771146,110,2111601,4141,158,2
293.3562,14608,13771166,110,2111613,4141,222,2
293.3735,14609,13771186,110,2111626,4141,208,2
293.3928,14610,13771206,110,2111639,4141,174,2
293.4121,14611,13771226,110,2111653,4141,116,2
293.4336,14612,13771246,110,2111668,4783,192,2
293.4531,14613,13771266,110,2111685,4783,142,2
293.4729,14614,13771286,110,2111702,4783,136,2
293.4922,14615,13771306,110,2111720,4783,93,2
293.5138,14616,13771326,110,2111739,4783,108,2
293.5344,14617,13771346,110,2111759,6283,163,2
293.5521,14618,13771366,110,2111778,6283,89,2
293.5739,14619,13771386,110,2111799,6283,267,2
293.5932,14620,13771406,110,2111819,6283,51,2
293.6127,14621,13771426,110,2111840,6283,477,2
293.6321,14622,13771446,110,2111860,7282,56,2
293.6534,14623,13771466,110,2111881,7282,62,2
293.6727,14624,13771486,110,2111900,7282,199,2
293.6942,14625,13771506,110,2111917,7282,156,2
293.7135,14626,13771526,110,2111934,7282,98,2
293.7332,14627,13771546,110,2111952,6640,112,2
293.7526,14628,13771566,110,2111970,6640,96,2
293.7738,14629,13771586,110,2111988,6640,112,2
293.7929,14630,13771606,110,2112005,6640,361,2
293.8124,14631,13771626,110,2112023,6640,113,2
293.8338,14632,13771646,110,2112041,6283,93,2
293.8527,14633,13771666,110,2112060,6283,115,2
293.8726,14634,13771686,110,2112079,6283,152,2
293.8938,14635,13771706,110,2112099,6283,92,2
293.9129,14636,13771726,110,2112118,6283,157,2
293.9321,14637,13771746,110,2112138,6925,65,2
293.9533,14638,13771766,110,2112159,6925,227,2
293.9727,14639,13771786,110,2112179,6925,67,2
293.9940,14640,13771806,110,2112199,6925,99,2
294.0135,14641,13771826,110,2112218,6925,348,2
294.0326,14642,13771846,110,2112234,6925,147,2
294.0541,14643,13771866,110,2112247,6925,185,2
294.0732,14644,13771886,110,2112258,6925,284,2
294.0922,14645,13771906,110,2112268,6925,265,2
294.1136,14646,13771926,110,2112279,6925,290,2
294.1330,14647,13771946,110,2112291,4141,293,2
294.1521,14648,13771966,110,2112301,4141,284,2
294.1735,14649,13771986,110,2112313,4141,203,2
294.1926,14650,13772006,110,2112324,4141,263,2
294.2140,14651,13772026,110,2112336,4141,116,2
294.2334,14652,13772046,110,2112351,4212,209,2
294.2522,14653,13772066,110,2112366,4212,180,2
294.2732,14654,13772086,110,2112383,4212,183,2
294.2924,14655,13772106,110,2112400,4212,93,2
294.3137,14656,13772126,110,2112419,4212,112,2
294.3331,14657,13772146,110,2112437,6140,148,2
294.3540,14658,13772166,110,2112457,6140,76,2
294.3733,14659,13772186,110,2112477,6140,125,2
294.3926,14660,13772206,110,2112498,6140,93,2
294.4139,14661,13772226,110,2112519,6140,198,2
294.4332,14662,13772246,110,2112539,7211,100,2
294.4521,14663,13772266,110,2112559,7211,148,2
294.4732,14664,13772286,110,2112577,7211,89,2
294.4922,14665,13772306,110,2112595,7211,245,2
294.5138,14666,13772326,110,2112613,7211,94,2
294.5331,14667,13772346,110,2112631,6568,267,2
294.5529,14668,13772366,110,2112649,6568,84,2
294.5740,14669,13772386,110,2112667,6568,110,2
294.5932,14670,13772406,110,2112684,6568,205,2
294.6126,14671,13772426,110,2112702,6568,114,2
294.6340,14672,13772446,110,2112720,6426,155,2
294.6523,14673,13772466,110,2112739,6426,114,2
294.6736,14674,13772486,110,2112758,6426,89,2
294.6927,14675,13772506,110,2112778,6426,55,2
294.7139,14676,13772526,110,2112799,6426,55,2
294.7333,14677,13772546,110,2112819,6997,73,2
294.7532,14678,13772566,110,2112840,6997,62,2
294.7725,14679,13772586,110,2112860,6997,51,2
294.7936,14680,13772606,110,2112881,6997,267,2
294.8131,14681,13772626,110,2112901,6997,113,2
294.8323,14682,13772646,110,2112919,7211,256,2
294.8534,14683,13772666,110,2112935,7211,167,2
294.8730,14684,13772686,110,2112947,7211,268,2
294.8924,14685,13772706,110,2112958,7211,208,2
294.9139,14686,13772726,110,2112969,7211,168,2
294.9331,14687,13772746,110,2112980,4498,203,2
294.9522,14688,13772766,110,2112992,4498,177,2
294.9732,14689,13772786,110,2113004,4498,179,2
294.9926,14690,13772806,110,2113017,4498,177,2
295.0138,14691,13772826,110,2113031,4498,216,2
295.0331,14692,13772846,110,2113044,4498,132,2
295.0522,14693,13772866,110,2113059,4498,315,2
295.0736,14694,13772886,110,2113073,4498,126,2
295.0927,14695,13772906,110,2113090,4498,329,2
295.1141,14696,13772926,110,2113107,4498,83,2
295.1335,14697,13772946,110,2113125,5712,274,2
295.1528,14698,13772966,110,2113144,5712,108,2
295.1727,14699,13772986,110,2113164,5712,205,2
295.1926,14700,13773006,110,2113184,5712,67,2
295.2142,14701,13773026,110,2113205,5712,64,2
295.2336,14702,13773046,110,2113225,7068,68,2
295.2528,14703,13773066,110,2113246,7068,73,2
295.2738,14704,13773086,110,2113265,7068,217,2
295.2931,14705,13773106,110,2113284,7068,148,2
295.3129,14706,13773126,110,2113302,7068,104,2
295.3327,14707,13773146,110,2113320,6854,130,2
295.3540,14708,13773166,110,2113338,6854,312,2
295.3739,14709,13773186,110,2113357,6854,109,2
295.3931,14710,13773206,110,2113376,6854,112,2
295.4122,14711,13773226,110,2113395,6854,84,2
295.4340,14712,13773246,110,2113414,6640,118,2
295.4528,14713,13773266,110,2113433,6640,256,2
295.4722,14714,13773286,110,2113453,6640,118,2
295.4934,14715,13773306,110,2113473,6640,76,2
295.5125,14716,13773326,110,2113494,6640,72,2
295.5338,14717,13773346,110,2113515,7211,216,2
295.5531,14718,13773366,110,2113536,7211,67,2
295.5721,14719,13773386,110,2113557,7211,65,2
295.5934,14720,13773406,110,2113578,7211,241,2
295.6128,14721,13773426,110,2113599,7211,78,2
295.6323,14722,13773446,110,2113618,7425,322,2
295.6537,14723,13773466,110,2113634,7425,153,2
295.6730,14724,13773486,110,2113646,7425,428,2
295.6925,14725,13773506,110,2113657,7425,219,2
295.7138,14726,13773526,110,2113669,7425,476,2
295.7331,14727,13773546,110,2113680,4569,136,2
295.7522,14728,13773566,110,2113692,4569,189,2
295.7732,14729,13773586,110,2113704,4569,209,2
295.7925,14730,13773606,110,2113716,4569,180,2
295.8139,14731,13773626,110,2113729,4569,166,2
295.8333,14732,13773646,110,2113743,4426,288,2
295.8526,14733,13773666,110,2113758,4426,210,2
295.8739,14734,13773686,110,2113773,4426,198,2
295.8931,14735,13773706,110,2113791,4426,136,2
295.9126,14736,13773726,110,2113808,4426,81,2
295.9322,14737,13773746,110,2113827,5854,110,2
295.9536,14738,13773766,110,2113847,5854,89,2
295.9727,14739,13773786,110,2113867,5854,245,2
295.9938,14740,13773806,110,2113887,5854,68,2
296.0133,14741,13773826,110,2113908,5854,65,2
296.0328,14742,13773846,110,2113929,7282,66,2
296.0520,14743,13773866,110,2113950,7282,61,2
296.0731,14744,13773886,110,2113969,7282,80,2
296.0927,14745,13773906,110,2113988,7282,215,2
296.1141,14746,13773926,110,2114006,7282,103,2
296.1335,14747,13773946,110,2114024,6854,108,2
296.1527,14748,13773966,110,2114043,6854,103,2
296.1737,14749,13773986,110,2114061,6854,157,2
296.1928,14750,13774006,110,2114080,6854,93,2
296.2137,14751,13774026,110,2114099,6854,98,2
296.2332,14752,13774046,110,2114117,6640,129,2
296.2522,14753,13774066,110,2114136,6640,132,2
296.2730,14754,13774086,110,2114155,6640,80,2
296.2923,14755,13774106,110,2114175,6640,75,2
296.3139,14756,13774126,110,2114196,6640,39,2
296.3331,14757,13774146,110,2114217,7068,72,2
296.3521,14758,13774166,110,2114238,7068,62,2
296.3757,14759,13774186,110,2114259,7068,88,2
296.3928,14760,13774206,110,2114280,7068,91,2
296.4120,14761,13774226,110,2114300,7068,107,2
296.4330,14762,13774246,110,2114319,7282,155,2
296.4522,14763,13774266,110,2114334,7282,147,2
296.4731,14764,13774286,110,2114347,7282,263,2
296.4923,14765,13774306,110,2114358,7282,193,2
296.5140,14766,13774326,110,2114370,7282,261,2
296.5333,14767,13774346,110,2114382,4712,328,2
296.5527,14768,13774366,110,2114394,4712,342,2
296.5737,14769,13774386,110,2114406,4712,176,2
296.5927,14770,13774406,110,2114418,4712,169,2
296.6139,14771,13774426,110,2114431,4712,160,2
296.6330,14772,13774446,110,2114444,4355,198,2
296.6542,14773,13774466,110,2114459,4355,147,2
296.6730,14774,13774486,110,2114475,4355,187,2
296.6924,14775,13774506,110,2114492,4355,144,2
296.7142,14776,13774526,110,2114510,4355,180,2
296.7338,14777,13774546,110,2114529,5926,153,2
296.7531,14778,13774566,110,2114548,5926,87,2
296.7741,14779,13774586,110,2114568,5926,198,2
296.7934,14780,13774606,110,2114588,5926,88,2
296.8128,14781,13774626,110,2114609,5926,75,2
296.8321,14782,13774646,110,2114629,7140,103,2
296.8533,14783,13774666,110,2114649,7140,152,2
296.8768,14784,13774686,110,2114668,7140,160,2
296.8937,14785,13774706,110,2114687,7140,337,2
296.9126,14786,13774726,110,2114706,7140,76,2
296.9340,14787,13774746,110,2114724,6854,281,2
296.9531,14788,13774766,110,2114742,6854,116,2
296.9741,14789,13774786,110,2114760,6854,275,2
296.9932,14790,13774806,110,2114779,6854,100,2
297.0127,14791,13774826,110,2114798,6854,365,2
297.0339,14792,13774846,110,2114818,6640,81,2
297.0533,14793,13774866,110,2114839,6640,265,2
297.0723,14794,13774886,110,2114859,6640,67,2
297.0934,14795,13774906,110,2114880,6640,107,2
297.1127,14796,13774926,110,2114900,6640,115,2
297.1322,14797,13774946,110,2114921,7354,75,2
297.1520,14798,13774966,110,2114942,7354,259,2
297.1731,14799,13774986,110,2114963,7354,61,2
297.1922,14800,13775006,110,2114983,7354,125,2
297.2139,14801,13775026,110,2115001,7354,114,2
297.2333,14802,13775046,110,2115018,7068,157,2
297.2524,14803,13775066,110,2115031,7068,193,2
297.2735,14804,13775086,110,2115042,7068,285,2
297.2926,14805,13775106,110,2115052,7068,256,2
297.3140,14806,13775126,110,2115061,7068,425,2
297.3331,14807,13775146,110,2115071,3855,259,2
297.3522,14808,13775166,110,2115081,3855,171,2
297.3775,14809,13775186,110,2115092,3855,205,2
297.3926,14810,13775206,110,2115102,3855,370,2
297.4139,14811,13775226,110,2115113,3855,215,2
297.4333,14812,13775246,110,2115125,3784,269,2
297.4526,14813,13775266,110,2115139,3784,220,2
297.4739,14814,13775286,110,2115154,3784,103,2
297.4936,14815,13775306,110,2115171,3784,113,2
297.5134,14816,13775326,110,2115188,3784,157,2
297.5330,14817,13775346,110,2115207,5712,141,2
297.5525,14818,13775366,110,2115226,5712,141,2
297.5736,14819,13775386,110,2115246,5712,126,2
297.5928,14820,13775406,110,2115266,5712,86,2
297.6119,14821,13775426,110,2115286,5712,84,2
297.6334,14822,13775446,110,2115305,7068,264,2
297.6526,14823,13775466,110,2115325,7068,97,2
297.6737,14824,13775486,110,2115344,7068,80,2
297.6929,14825,13775506,110,2115364,7068,194,2
297.7122,14826,13775526,110,2115383,7068,93,2
297.7336,14827,13775546,110,2115400,6783,94,2
297.7528,14828,13775566,110,2115418,6783,212,2
297.7720,14829,13775586,110,2115436,6783,97,2
297.7934,14830,13775606,110,2115454,6783,98,2
297.8129,14831,13775626,110,2115472,6783,94,2
297.8326,14832,13775646,110,2115492,6497,99,2
297.8537,14833,13775666,110,2115512,6497,78,2
297.8803,14834,13775686,110,2115533,6497,105,2
297.8932,14835,13775706,110,2115556,6497,71,2
297.9126,14836,13775726,110,2115577,6497,76,2
297.9340,14837,13775746,110,2115599,7568,558,2
297.9533,14838,13775766,110,2115618,7568,100,2
297.9722,14839,13775786,110,2115637,7568,77,2
297.9938,14840,13775806,110,2115657,7568,217,2
298.0137,14841,13775826,110,2115677,7568,56,2
298.0336,14842,13775846,110,2115697,7140,582,2
298.0532,14843,13775866,110,2115715,7140,160,2
298.0724,14844,13775886,110,2115728,7140,338,2
298.0936,14845,13775906,110,2115737,7140,365,2
298.1127,14846,13775926,110,2115745,7140,506,2
298.1340,14847,13775946,110,2115752,4141,354,2
298.1533,14848,13775966,110,2115760,4141,294,2
298.1722,14849,13775986,110,2115768,4141,229,2
298.1933,14850,13776006,110,2115776,4141,281,2
298.2125,14851,13776026,110,2115785,4141,235,2
298.2337,14852,13776046,110,2115795,2998,272,2
298.2528,14853,13776066,110,2115805,2998,212,2
298.2737,14854,13776086,110,2115817,2998,178,2
298.2929,14855,13776106,110,2115831,2998,144,2
298.3122,14856,13776126,110,2115845,2998,167,2
298.3337,14857,13776146,110,2115861,4569,188,2
298.3528,14858,13776166,110,2115877,4569,110,2
298.3808,14859,13776186,110,2115895,4569,100,2
298.3937,14860,13776206,110,2115913,4569,82,2
298.4129,14861,13776226,110,2115931,4569,103,2
298.4327,14862,13776246,110,2115951,6354,124,2
298.4541,14863,13776266,110,2115971,6354,172,2
298.4730,14864,13776286,110,2115992,6354,103,2
298.4925,14865,13776306,110,2116012,6354,121,2
298.5141,14866,13776326,110,2116033,6354,80,2
298.5335,14867,13776346,110,2116054,7354,91,2
298.5534,14868,13776366,110,2116074,7354,98,2
298.5725,14869,13776386,110,2116092,7354,114,2
298.5936,14870,13776406,110,2116111,7354,204,2
298.6128,14871,13776426,110,2116129,7354,99,2
298.6339,14872,13776446,110,2116147,6640,162,2
298.6532,14873,13776466,110,2116165,6640,140,2
298.6720,14874,13776486,110,2116184,6640,137,2
298.6936,14875,13776506,110,2116204,6640,82,2
298.7128,14876,13776526,110,2116224,6640,155,2
298.7322,14877,13776546,110,2116245,6997,64,2
298.7538,14878,13776566,110,2116268,6997,262,2
298.7728,14879,13776586,110,2116289,6997,55,2
298.7938,14880,13776606,110,2116309,6997,114,2
298.8130,14881,13776626,110,2116328,6997,99,2
298.8322,14882,13776646,110,2116347,7282,158,2
298.8535,14883,13776666,110,2116367,7282,91,2
298.8813,14884,13776686,110,2116387,7282,83,2
298.8940,14885,13776706,110,2116405,7282,119,2
298.9132,14886,13776726,110,2116420,7282,252,2
298.9326,14887,13776746,110,2116431,6211,366,2
298.9538,14888,13776766,110,2116439,6211,304,2
298.9727,14889,13776786,110,2116446,6211,263,2
298.9941,14890,13776806,110,2116453,6211,204,2
299.0131,14891,13776826,110,2116461,6211,268,2
299.0324,14892,13776846,110,2116470,2784,280,2
299.0536,14893,13776866,110,2116478,2784,291,2
299.0724,14894,13776886,110,2116487,2784,326,2
299.0936,14895,13776906,110,2116496,2784,279,2
299.1130,14896,13776926,110,2116506,2784,338,2
299.1324,14897,13776946,110,2116517,3355,246,2
299.1541,14898,13776966,110,2116530,3355,157,2
299.1730,14899,13776986,110,2116544,3355,118,2
299.1925,14900,13777006,110,2116557,3355,148,2
299.2142,14901,13777026,110,2116573,3355,125,2
299.2339,14902,13777046,110,2116590,5069,229,2
299.2539,14903,13777066,110,2116608,5069,124,2
299.2734,14904,13777086,110,2116626,5069,104,2
299.2927,14905,13777106,110,2116645,5069,80,2
299.3138,14906,13777126,110,2116664,5069,97,2
299.3332,14907,13777146,110,2116683,6568,71,2
299.3530,14908,13777166,110,2116702,6568,87,2
299.3726,14909,13777186,110,2116721,6568,92,2
299.3922,14910,13777206,110,2116740,6568,199,2
299.4138,14911,13777226,110,2116759,6568,100,2
299.4330,14912,13777246,110,2116778,6783,98,2
299.4525,14913,13777266,110,2116796,6783,108,2
299.4722,14914,13777286,110,2116815,6783,141,2
299.4922,14915,13777306,110,2116833,6783,141,2
299.5140,14916,13777326,110,2116852,6783,92,2
299.5335,14917,13777346,110,2116871,6640,261,2
299.5533,14918,13777366,110,2116891,6640,96,2
299.5723,14919,13777386,110,2116911,6640,113,2
299.5934,14920,13777406,110,2116932,6640,88,2
299.6126,14921,13777426,110,2116955,6640,59,2
299.6339,14922,13777446,110,2116977,7497,249,2
299.6529,14923,13777466,110,2116998,7497,99,2
299.6740,14924,13777486,110,2117017,7497,208,2
299.6932,14925,13777506,110,2117036,7497,179,2
299.7127,14926,13777526,110,2117055,7497,140,2
299.7322,14927,13777546,110,2117075,7068,173,2
299.7538,14928,13777566,110,2117095,7068,114,2
299.7728,14929,13777586,110,2117111,7068,146,2
299.7940,14930,13777606,110,2117125,7068,286,2
299.8132,14931,13777626,110,2117136,7068,348,2
299.8324,14932,13777646,110,2117145,5283,392,2
299.8537,14933,13777666,110,2117156,5283,240,2
299.8727,14934,13777686,110,2117165,5283,326,2
299.8920,14935,13777706,110,2117176,5283,198,2
299.9138,14936,13777726,110,2117187,5283,290,2
299.9332,14937,13777746,110,2117198,3712,371,2
299.9525,14938,13777766,110,2117209,3712,365,2
299.9736,14939,13777786,110,2117221,3712,201,2
299.9926,14940,13777806,110,2117235,3712,198,2
300.0140,14941,13777826,110,2117249,3712,135,2
300.0334,14942,13777846,110,2117264,4641,196,2
300.0525,14943,13777866,110,2117280,4641,150,2
300.0735,14944,13777886,110,2117296,4641,188,2
300.0925,14945,13777906,110,2117314,4641,209,2
300.1138,14946,13777926,110,2117332,4641,112,2
300.1329,14947,13777946,110,2117352,6140,92,2
300.1524,14948,13777966,110,2117372,6140,86,2
300.1736,14949,13777986,110,2117392,6140,275,2
300.1927,14950,13778006,110,2117413,6140,72,2
300.2138,14951,13778026,110,2117431,6140,107,2
300.2330,14952,13778046,110,2117449,6997,162,2
300.2526,14953,13778066,110,2117468,6997,123,2
300.2736,14954,13778086,110,2117487,6997,128,2
300.2927,14955,13778106,110,2117507,6997,120,2
300.3139,14956,13778126,110,2117525,6997,169,2
300.3331,14957,13778146,110,2117543,6640,114,2
300.3524,14958,13778166,110,2117561,6640,88,2
300.3735,14959,13778186,110,2117580,6640,89,2
300.3927,14960,13778206,110,2117600,6640,103,2
300.4137,14961,13778226,110,2117620,6640,120,2
300.4329,14962,13778246,110,2117641,6925,210,2
300.4520,14963,13778266,110,2117662,6925,40,2
300.4731,14964,13778286,110,2117684,6925,61,2
300.4926,14965,13778306,110,2117704,6925,137,2
300.5138,14966,13778326,110,2117724,6925,91,2
300.5332,14967,13778346,110,2117743,7354,126,2
300.5542,14968,13778366,110,2117763,7354,103,2
300.5738,14969,13778386,110,2117783,7354,88,2
300.5933,14970,13778406,110,2117802,7354,104,2
300.6125,14971,13778426,110,2117818,7354,374,2
300.6340,14972,13778446,110,2117831,6497,236,2
300.6530,14973,13778466,110,2117840,6497,227,2
300.6740,14974,13778486,110,2117848,6497,337,2
300.6932,14975,13778506,110,2117857,6497,265,2
300.7124,14976,13778526,110,2117865,6497,224,2
300.7339,14977,13778546,110,2117875,3141,333,2
300.7532,14978,13778566,110,2117886,3141,252,2
300.7722,14979,13778586,110,2117896,3141,232,2
300.7936,14980,13778606,110,2117908,3141,167,2
300.8128,14981,13778626,110,2117921,3141,174,2
300.8322,14982,13778646,110,2117935,4212,275,2
300.8537,14983,13778666,110,2117951,4212,119,2
300.8726,14984,13778686,110,2117967,4212,245,2
300.8921,14985,13778706,110,2117984,4212,291,2
300.9136,14986,13778726,110,2118001,4212,108,2
300.9328,14987,13778746,110,2118020,5926,233,2
300.9543,14988,13778766,110,2118039,5926,147,2
300.9731,14989,13778786,110,2118058,5926,88,2
300.9922,14990,13778806,110,2118079,5926,64,2
301.0136,14991,13778826,110,2118099,5926,215,2
301.0328,14992,13778846,110,2118119,7068,83,2
301.0522,14993,13778866,110,2118140,7068,279,2
301.0733,14994,13778886,110,2118159,7068,142,2
301.0924,14995,13778906,110,2118176,7068,286,2
301.1137,14996,13778926,110,2118195,7068,87,2
301.1328,14997,13778946,110,2118213,6783,345,2
301.1522,14998,13778966,110,2118230,6783,128,2
301.1733,14999,13778986,110,2118247,6783,363,2
301.1924,15000,13779006,110,2118264,6783,82,2
301.2136,15001,13779026,110,2118283,6783,501,2
301.2328,15002,13779046,110,2118301,6283,92,2
301.2539,15003,13779066,110,2118321,6283,267,2
301.2728,15004,13779086,110,2118341,6283,81,2
301.2921,15005,13779106,110,2118362,6283,84,2
301.3137,15006,13779126,110,2118383,6283,326,2
301.3331,15007,13779146,110,2118404,7282,94,2
301.3525,15008,13779166,110,2118423,7282,229,2
301.3736,15009,13779186,110,2118441,7282,114,2
301.3928,15010,13779206,110,2118461,7282,109,2
301.4137,15011,13779226,110,2118480,7282,277,2
301.4330,15012,13779246,110,2118500,6854,96,2
301.4524,15013,13779266,110,2118517,6854,134,2
301.4736,15014,13779286,110,2118532,6854,220,2
301.4927,15015,13779306,110,2118544,6854,288,2
301.5139,15016,13779326,110,2118553,6854,321,2
301.5331,15017,13779346,110,2118563,4712,309,2
301.5529,15018,13779366,110,2118572,4712,177,2
301.5739,15019,13779386,110,2118583,4712,209,2
301.5931,15020,13779406,110,2118595,4712,210,2
301.6124,15021,13779426,110,2118606,4712,179,2
301.6338,15022,13779446,110,2118618,3855,381,2
301.6529,15023,13779466,110,2118630,3855,247,2
301.6719,15024,13779486,110,2118644,3855,163,2
301.6930,15025,13779506,110,2118659,3855,252,2
301.7125,15026,13779526,110,2118675,3855,171,2
301.7339,15027,13779546,110,2118692,5212,135,2
301.7531,15028,13779566,110,2118710,5212,97,2
301.7722,15029,13779586,110,2118729,5212,70,2
301.7938,15030,13779606,110,2118748,5212,240,2
301.8129,15031,13779626,110,2118768,5212,124,2
301.8323,15032,13779646,110,2118788,6783,196,2
301.8537,15033,13779666,110,2118808,6783,195,2
301.8748,15034,13779686,110,2118829,6783,105,2
301.8920,15035,13779706,110,2118849,6783,131,2
301.9136,15036,13779726,110,2118868,6783,89,2
301.9328,15037,13779746,110,2118888,7140,116,2
301.9540,15038,13779766,110,2118907,7140,109,2
301.9729,15039,13779786,110,2118924,7140,150,2
301.9920,15040,13779806,110,2118940,7140,131,2
302.0134,15041,13779826,110,2118958,7140,155,2
302.0329,15042,13779846,110,2118976,6354,166,2
302.0523,15043,13779866,110,2118993,6354,105,2
302.0735,15044,13779886,110,2119012,6354,105,2
302.0929,15045,13779906,110,2119031,6354,96,2
302.1122,15046,13779926,110,2119051,6354,289,2
302.1337,15047,13779946,110,2119071,6640,54,2
302.1530,15048,13779966,110,2119091,6640,248,2
302.1722,15049,13779986,110,2119111,6640,76,2
302.1936,15050,13780006,110,2119132,6640,71,2
302.2128,15051,13780026,110,2119152,6640,128,2
302.2341,15052,13780046,110,2119173,7354,105,2
302.2535,15053,13780066,110,2119193,7354,205,2
302.2726,15054,13780086,110,2119212,7354,329,2
302.2937,15055,13780106,110,2119228,7354,204,2
302.3128,15056,13780126,110,2119241,7354,423,2
302.3324,15057,13780146,110,2119251,5783,212,2
302.3522,15058,13780166,110,2119261,5783,338,2
302.3739,15059,13780186,110,2119272,5783,272,2
302.3932,15060,13780206,110,2119283,5783,217,2
302.4124,15061,13780226,110,2119294,5783,419,2
302.4337,15062,13780246,110,2119305,3855,152,2
302.4532,15063,13780266,110,2119317,3855,189,2
302.4725,15064,13780286,110,2119330,3855,180,2
302.4937,15065,13780306,110,2119344,3855,212,2
302.5129,15066,13780326,110,2119359,3855,139,2
302.5341,15067,13780346,110,2119374,4783,232,2
302.5536,15068,13780366,110,2119391,4783,150,2
302.5724,15069,13780386,110,2119408,4783,120,2
302.5935,15070,13780406,110,2119427,4783,115,2
302.6126,15071,13780426,110,2119445,4783,89,2
302.6340,15072,13780446,110,2119465,6426,65,2
302.6534,15073,13780466,110,2119485,6426,102,2
302.6724,15074,13780486,110,2119505,6426,65,2
302.6938,15075,13780506,110,2119525,6426,96,2
302.7131,15076,13780526,110,2119543,6426,357,2
302.7329,15077,13780546,110,2119561,6925,82,2
302.7522,15078,13780566,110,2119579,6925,263,2
302.7732,15079,13780586,110,2119596,6925,124,2
302.7922,15080,13780606,110,2119613,6925,301,2
302.8120,15081,13780626,110,2119630,6925,126,2
302.8335,15082,13780646,110,2119647,6140,118,2
302.8530,15083,13780666,110,2119664,6140,112,2
302.8721,15084,13780686,110,2119683,6140,123,2
302.8939,15085,13780706,110,2119700,6140,99,2
302.9135,15086,13780726,110,2119718,6140,309,2
302.9328,15087,13780746,110,2119736,6354,115,2
302.9527,15088,13780766,110,2119756,6354,86,2
302.9718,15089,13780786,110,2119776,6354,66,2
302.9931,15090,13780806,110,2119795,6354,81,2
303.0126,15091,13780826,110,2119815,6354,128,2
303.0337,15092,13780846,110,2119836,6997,102,2
303.0534,15093,13780866,110,2119856,6997,123,2
303.0726,15094,13780886,110,2119874,6997,104,2
303.0938,15095,13780906,110,2119892,6997,80,2
303.1130,15096,13780926,110,2119911,6997,104,2
303.1321,15097,13780946,110,2119927,6711,203,2
303.1537,15098,13780966,110,2119941,6711,300,2
303.1727,15099,13780986,110,2119953,6711,146,2
303.1939,15100,13781006,110,2119964,6711,201,2
303.2130,15101,13781026,110,2119975,6711,220,2
303.2320,15102,13781046,110,2119986,4284,230,2
303.2534,15103,13781066,110,2119997,4284,200,2
303.2725,15104,13781086,110,2120009,4284,166,2
303.2937,15105,13781106,110,2120021,4284,180,2
303.3127,15106,13781126,110,2120034,4284,179,2
303.3339,15107,13781146,110,2120047,4284,350,2
303.3531,15108,13781166,110,2120061,4284,196,2
303.3722,15109,13781186,110,2120076,4284,118,2
303.3936,15110,13781206,110,2120093,4284,137,2
303.4128,15111,13781226,110,2120111,4284,230,2
303.4341,15112,13781246,110,2120129,5783,172,2
303.4534,15113,13781266,110,2120148,5783,94,2
303.4726,15114,13781286,110,2120168,5783,241,2
303.4938,15115,13781306,110,2120188,5783,92,2
303.5129,15116,13781326,110,2120209,5783,243,2
303.5320,15117,13781346,110,2120229,7140,75,2
303.5541,15118,13781366,110,2120250,7140,269,2
303.5732,15119,13781386,110,2120271,7140,107,2
303.5926,15120,13781406,110,2120291,7140,107,2
303.6138,15121,13781426,110,2120308,7140,124,2
303.6331,15122,13781446,110,2120325,6854,242,2
303.6522,15123,13781466,110,2120343,6854,180,2
303.6732,15124,13781486,110,2120360,6854,116,2
303.6922,15125,13781506,110,2120378,6854,190,2
303.7137,15126,13781526,110,2120396,6854,174,2
303.7331,15127,13781546,110,2120413,6283,160,2
303.7527,15128,13781566,110,2120431,6283,256,2
303.7737,15129,13781586,110,2120449,6283,135,2
303.7928,15130,13781606,110,2120468,6283,134,2
303.8122,15131,13781626,110,2120488,6283,97,2
303.8336,15132,13781646,110,2120508,6640,99,2
303.8531,15133,13781666,110,2120528,6640,86,2
303.8729,15134,13781686,110,2120548,6640,93,2
303.8935,15135,13781706,110,2120568,6640,91,2
303.9128,15136,13781726,110,2120588,6640,112,2
303.9342,15137,13781746,110,2120608,7211,199,2
303.9531,15138,13781766,110,2120624,7211,150,2
303.9727,15139,13781786,110,2120638,7211,209,2
303.9936,15140,13781806,110,2120648,7211,304,2
304.0128,15141,13781826,110,2120658,7211,221,2
304.0340,15142,13781846,110,2120668,4498,419,2
304.0530,15143,13781866,110,2120679,4498,262,2
304.0720,15144,13781886,110,2120689,4498,353,2
304.0933,15145,13781906,110,2120701,4498,229,2
304.1125,15146,13781926,110,2120712,4498,442,2
304.1338,15147,13781946,110,2120724,3927,151,2
304.1530,15148,13781966,110,2120736,3927,172,2
304.1725,15149,13781986,110,2120751,3927,230,2
304.1936,15150,13782006,110,2120767,3927,130,2
304.2127,15151,13782026,110,2120783,3927,132,2
304.2339,15152,13782046,110,2120801,5426,103,2
304.2532,15153,13782066,110,2120819,5426,130,2
304.2721,15154,13782086,110,2120839,5426,100,2
304.2932,15155,13782106,110,2120858,5426,128,2
304.3123,15156,13782126,110,2120878,5426,121,2
304.3337,15157,13782146,110,2120899,6925,139,2
304.3527,15158,13782166,110,2120920,6925,91,2
304.3737,15159,13782186,110,2120940,6925,81,2
304.3930,15160,13782206,110,2120960,6925,91,2
304.4120,15161,13782226,110,2120979,6925,84,2
304.4332,15162,13782246,110,2120997,7068,89,2
304.4527,15163,13782266,110,2121015,7068,128,2
304.4737,15164,13782286,110,2121033,7068,81,2
304.4927,15165,13782306,110,2121052,7068,104,2
304.5139,15166,13782326,110,2121072,7068,150,2
304.5333,15167,13782346,110,2121092,6711,137,2
304.5531,15168,13782366,110,2121111,6711,99,2
304.5723,15169,13782386,110,2121131,6711,78,2
304.5936,15170,13782406,110,2121151,6711,92,2
304.6127,15171,13782426,110,2121172,6711,131,2
304.6320,15172,13782446,110,2121192,7140,56,2
304.6534,15173,13782466,110,2121213,7140,73,2
304.6728,15174,13782486,110,2121235,7140,195,2
304.6939,15175,13782506,110,2121256,7140,54,2
304.7129,15176,13782526,110,2121277,7140,114,2
304.7323,15177,13782546,110,2121298,7568,148,2
304.7539,15178,13782566,110,2121317,7568,97,2
304.7734,15179,13782586,110,2121333,7568,296,2
304.7925,15180,13782606,110,2121347,7568,272,2
304.8139,15181,13782626,110,2121359,7568,694,2
304.8328,15182,13782646,110,2121371,5355,216,2
304.8520,15183,13782666,110,2121383,5355,329,2
304.8732,15184,13782686,110,2121396,5355,201,2
304.8921,15185,13782706,110,2121409,5355,364,2
304.9134,15186,13782726,110,2121423,5355,209,2
304.9328,15187,13782746,110,2121436,4641,264,2
304.9523,15188,13782766,110,2121451,4641,208,2
304.9737,15189,13782786,110,2121465,4641,139,2
304.9929,15190,13782806,110,2121481,4641,107,2
305.0121,15191,13782826,110,2121498,4641,163,2
305.0336,15192,13782846,110,2121516,5640,147,2
305.0528,15193,13782866,110,2121535,5640,89,2
305.0739,15194,13782886,110,2121554,5640,77,2
305.0928,15195,13782906,110,2121574,5640,226,2
305.1120,15196,13782926,110,2121595,5640,93,2
305.1335,15197,13782946,110,2121616,6997,194,2
305.1529,15198,13782966,110,2121637,6997,71,2
305.1721,15199,13782986,110,2121656,6997,120,2
305.1933,15200,13783006,110,2121675,6997,75,2
305.2126,15201,13783026,110,2121694,6997,107,2
305.2320,15202,13783046,110,2121713,6997,88,2
305.2535,15203,13783066,110,2121732,6997,140,2
305.2732,15204,13783086,110,2121750,6997,307,2
305.2922,15205,13783106,110,2121769,6997,121,2
305.3133,15206,13783126,110,2121787,6997,295,2
305.3329,15207,13783146,110,2121805,6640,96,2
305.3522,15208,13783166,110,2121824,6640,274,2
305.3737,15209,13783186,110,2121844,6640,83,2
305.3932,15210,13783206,110,2121864,6640,67,2
305.4125,15211,13783226,110,2121884,6640,67,2
305.4319,15212,13783246,110,2121905,7068,64,2
305.4534,15213,13783266,110,2121927,7068,256,2
305.4733,15214,13783286,110,2121948,7068,64,2
305.4926,15215,13783306,110,2121969,7068,75,2
305.5119,15216,13783326,110,2121990,7068,259,2
305.5337,15217,13783346,110,2122009,7497,168,2
305.5533,15218,13783366,110,2122026,7497,147,2
305.5725,15219,13783386,110,2122040,7497,233,2
305.5935,15220,13783406,110,2122052,7497,326,2
305.6125,15221,13783426,110,2122064,7497,217,2
305.6340,15222,13783446,110,2122075,4855,187,2
305.6539,15223,13783466,110,2122087,4855,241,2
305.6736,15224,13783486,110,2122099,4855,193,2
305.6927,15225,13783506,110,2122112,4855,203,2
305.7140,15226,13783526,110,2122124,4855,392,2
305.7332,15227,13783546,110,2122137,4355,270,2
305.7526,15228,13783566,110,2122152,4355,184,2
305.7738,15229,13783586,110,2122167,4355,210,2
305.7927,15230,13783606,110,2122184,4355,125,2
305.8137,15231,13783626,110,2122201,4355,187,2
305.8323,15232,13783646,90,2122219,5783,413,2
305.8518,15233,13783666,90,2122238,5783,107,2
305.8733,15234,13783686,90,2122256,5783,254,2
305.8922,15235,13783706,90,2122274,5783,108,2
305.9136,15236,13783726,90,2122292,5783,115,2
305.9326,15237,13783746,90,2122309,6426,166,2
305.9519,15238,13783766,90,2122327,6426,97,2
305.9735,15239,13783786,90,2122344,6426,84,2
305.9923,15240,13783806,90,2122360,6426,217,2
306.0136,15241,13783826,90,2122375,6426,201,2
306.0327,15242,13783846,90,2122389,5783,237,2
306.0541,15243,13783866,90,2122403,5783,256,2
306.0736,15244,13783886,90,2122416,5783,221,2
306.0925,15245,13783906,90,2122431,5783,124,2
306.1138,15246,13783926,90,2122445,5783,114,2
306.1329,15247,13783946,90,2122460,5069,195,2
306.1525,15248,13783966,90,2122475,5069,114,2
306.1737,15249,13783986,90,2122490,5069,501,2
306.1924,15250,13784006,90,2122505,5069,116,2
306.2137,15251,13784026,90,2122520,5069,297,2
306.2329,15252,13784046,90,2122536,5426,148,2
306.2520,15253,13784066,90,2122552,5426,538,2
306.2732,15254,13784086,90,2122569,5426,108,2
306.2923,15255,13784106,90,2122585,5426,347,2
306.3137,15256,13784126,90,2122603,5426,185,2
306.3328,15257,13784146,90,2122620,5926,502,2
306.3520,15258,13784166,90,2122636,5926,414,2
306.3732,15259,13784186,90,2122653,5926,103,2
306.3920,15260,13784206,90,2122670,5926,171,2
306.4132,15261,13784226,90,2122687,5926,163,2
306.4325,15262,13784246,90,2122703,5997,206,2
306.4535,15263,13784266,90,2122717,5997,222,2
306.4728,15264,13784286,90,2122728,5997,263,2
306.4937,15265,13784306,90,2122737,5997,193,2
306.5128,15266,13784326,90,2122744,5997,459,2
306.5321,15267,13784346,90,2122752,3570,222,2
306.5542,15268,13784366,90,2122758,3570,664,2
306.5736,15269,13784386,90,2122766,3570,309,2
306.5930,15270,13784406,90,2122772,3570,322,2
306.6127,15271,13784426,90,2122780,3570,237,2
306.6324,15272,13784446,90,2122787,2570,338,2
306.6538,15273,13784466,90,2122795,2570,299,2
306.6732,15274,13784486,90,2122803,2570,227,2
306.6922,15275,13784506,90,2122812,2570,583,2
306.7135,15276,13784526,90,2122822,2570,273,2
306.7327,15277,13784546,90,2122832,3141,408,2
306.7522,15278,13784566,90,2122842,3141,238,2
306.7735,15279,13784586,90,2122853,3141,539,2
306.7924,15280,13784606,90,2122866,3141,134,2
306.8136,15281,13784626,90,2122879,3141,552,2
306.8328,15282,13784646,90,2122893,4284,105,2
306.8524,15283,13784666,90,2122907,4284,118,2
306.8738,15284,13784686,90,2122922,4284,469,2
306.8927,15285,13784706,90,2122938,4284,147,2
306.9137,15286,13784726,90,2122954,4284,215,2
306.9327,15287,13784746,90,2122970,5426,146,2
306.9520,15288,13784766,90,2122987,5426,466,2
306.9735,15289,13784786,90,2123004,5426,173,2
306.9922,15290,13784806,90,2123021,5426,110,2
307.0135,15291,13784826,90,2123037,5426,102,2
307.0328,15292,13784846,90,2123052,5926,92,2
307.0539,15293,13784866,90,2123067,5926,235,2
307.0729,15294,13784886,90,2123082,5926,195,2
307.0918,15295,13784906,90,2123096,5926,204,2
307.1133,15296,13784926,90,2123111,5926,187,2
307.1327,15297,13784946,90,2123125,5212,157,2
307.1521,15298,13784966,90,2123140,5212,121,2
307.1734,15299,13784986,90,2123155,5212,81,2
307.1923,15300,13785006,90,2123170,5212,184,2
307.2136,15301,13785026,90,2123185,5212,77,2
307.2326,15302,13785046,90,2123201,5355,68,2
307.2519,15303,13785066,90,2123217,5355,94,2
307.2731,15304,13785086,90,2123234,5355,98,2
307.2920,15305,13785106,90,2123251,5355,125,2
307.3134,15306,13785126,90,2123268,5355,97,2
307.3351,15307,13785146,90,2123284,5926,64,2
307.3524,15308,13785166,90,2123300,5926,135,2
307.3738,15309,13785186,90,2123315,5926,214,2
307.3927,15310,13785206,90,2123330,5926,177,2
307.4137,15311,13785226,90,2123345,5926,92,2
307.4328,15312,13785246,90,2123361,5497,80,2
307.4520,15313,13785266,90,2123377,5497,126,2
307.4733,15314,13785286,90,2123392,5497,89,2
307.4921,15315,13785306,90,2123407,5497,150,2
307.5133,15316,13785326,90,2123418,5497,429,2
307.5326,15317,13785346,90,2123426,4855,232,2
307.5525,15318,13785366,90,2123431,4855,631,2
307.5721,15319,13785386,90,2123436,4855,338,2
307.5933,15320,13785406,90,2123440,4855,467,2
307.6124,15321,13785426,90,2123444,4855,296,2
307.6338,15322,13785446,90,2123448,1642,327,2
307.6527,15323,13785466,90,2123450,1642,725,2
307.6720,15324,13785486,90,2123451,1642,376,2
307.6933,15325,13785506,90,2123456,1642,640,2
307.7125,15326,13785526,90,2123459,1642,343,2
307.7338,15327,13785546,90,2123462,999,477,2
307.7530,15328,13785566,90,2123466,999,359,2
307.7723,15329,13785586,90,2123470,999,289,2
307.7929,15330,13785606,90,2123473,999,240,2
307.8119,15331,13785626,90,2123477,999,264,2
307.8356,15332,13785646,90,2123483,1428,337,2
307.8533,15333,13785666,90,2123489,1428,232,2
307.8723,15334,13785686,90,2123493,1428,408,2
307.8934,15335,13785706,90,2123498,1428,375,2
307.9127,15336,13785726,90,2123504,1428,323,2
307.9318,15337,13785746,90,2123511,1999,246,2
307.9529,15338,13785766,90,2123518,1999,598,2
307.9724,15339,13785786,90,2123526,1999,310,2
307.9935,15340,13785806,90,2123535,1999,231,2
308.0128,15341,13785826,90,2123544,1999,180,2
308.0320,15342,13785846,90,2123555,3070,222,2
308.0532,15343,13785866,90,2123567,3070,192,2
308.0725,15344,13785886,90,2123581,3070,129,2
308.0934,15345,13785906,90,2123595,3070,496,2
308.1126,15346,13785926,90,2123610,3070,247,2
308.1339,15347,13785946,90,2123625,4855,519,2
308.1532,15348,13785966,90,2123641,4855,162,2
308.1723,15349,13785986,90,2123656,4855,189,2
308.1933,15350,13786006,90,2123672,4855,114,2
308.2125,15351,13786026,90,2123687,4855,112,2
308.2340,15352,13786046,90,2123702,5497,177,2
308.2533,15353,13786066,90,2123716,5497,136,2
308.2727,15354,13786086,90,2123731,5497,460,2
308.2919,15355,13786106,90,2123745,5497,147,2
308.3132,15356,13786126,90,2123760,5497,265,2
308.3327,15357,13786146,90,2123774,5212,222,2
308.3523,15358,13786166,90,2123787,5212,128,2
308.3740,15359,13786186,90,2123800,5212,299,2
308.3928,15360,13786206,90,2123813,5212,211,2
308.4119,15361,13786226,90,2123826,5212,240,2
308.4333,15362,13786246,90,2123840,4712,493,2
308.4526,15363,13786266,90,2123853,4712,166,2
308.4720,15364,13786286,90,2123867,4712,474,2
308.4932,15365,13786306,90,2123882,4712,194,2
308.5124,15366,13786326,90,2123897,4712,124,2
308.5335,15367,13786346,90,2123915,5212,134,2
308.5535,15368,13786366,90,2123933,5212,141,2
308.5725,15369,13786386,90,2123951,5212,198,2
308.5936,15370,13786406,90,2123969,5212,109,2
308.6127,15371,13786426,90,2123986,5212,73,2
308.6318,15372,13786446,90,2124002,6283,496,2
308.6533,15373,13786466,90,2124017,6283,176,2
308.6728,15374,13786486,90,2124032,6283,188,2
308.6938,15375,13786506,90,2124048,6283,141,2
308.7130,15376,13786526,90,2124064,6283,87,2
308.7324,15377,13786546,90,2124079,5569,571,2
308.7521,15378,13786566,90,2124095,5569,145,2
308.7736,15379,13786586,90,2124108,5569,267,2
308.7924,15380,13786606,90,2124117,5569,283,2
308.8118,15381,13786626,90,2124123,5569,327,2
308.8335,15382,13786646,90,2124128,3641,391,2
308.8529,15383,13786666,90,2124130,3641,428,2
308.8719,15384,13786686,90,2124130,3641,449,2
308.8928,15385,13786706,90,2124130,3641,403,2
308.9122,15386,13786726,90,2124130,3641,403,2
308.9336,15387,13786746,90,2124130,285,409,2
308.9529,15388,13786766,90,2124130,285,828,2
308.9720,15389,13786786,90,2124130,285,552,2
308.9930,15390,13786806,90,2124130,285,414,2
309.0122,15391,13786826,90,2124130,285,764,2
309.0315,15392,13786846,90,2124130,0,454,2
309.0529,15393,13786866,90,2124130,0,400,2
309.0721,15394,13786886,90,2124130,0,555,2
309.0927,15395,13786906,90,2124130,0,848,2
309.1126,15396,13786926,90,2124130,0,501,2
309.1320,15397,13786946,90,2124130,0,504,2
309.1535,15398,13786966,90,2124130,0,401,2
309.1728,15399,13786986,90,2124130,0,389,2
309.1918,15400,13787006,90,2124130,0,417,2
309.2129,15401,13787026,90,2124130,0,417,2
309.2322,15402,13787046,90,2124130,0,465,2
309.2534,15403,13787066,90,2124130,0,780,2
309.2729,15404,13787086,90,2124130,0,497,2
309.2919,15405,13787106,90,2124130,0,417,2
309.3133,15406,13787126,90,2124130,0,482,2
309.3326,15407,13787146,90,2124130,0,412,2
309.3523,15408,13787166,90,2124130,0,635,2
309.3736,15409,13787186,90,2124130,0,418,2
309.3925,15410,13787206,90,2124130,0,384,2
309.4118,15411,13787226,90,2124130,0,406,2
309.4331,15412,13787246,90,2124130,0,477,2
309.4524,15413,13787266,90,2124130,0,400,2
309.4736,15414,13787286,90,2124130,0,419,2
309.4928,15415,13787306,90,2124130,0,392,2
309.5128,15416,13787326,90,2124130,0,408,2
309.5327,15417,13787346,90,2124130,0,471,2
309.5525,15418,13787366,90,2124130,0,421,2
309.5719,15419,13787386,90,2124130,0,514,2
309.5932,15420,13787406,90,2124130,0,396,2
309.6134,15421,13787426,90,2124130,0,386,2
309.6332,15422,13787446,90,2124130,0,469,2
309.6528,15423,13787466,90,2124130,0,535,2
309.6719,15424,13787486,90,2124130,0,588,2
309.6928,15425,13787506,90,2124130,0,419,2
309.7119,15426,13787526,90,2124130,0,541,2
309.7332,15427,13787546,90,2124130,0,386,2
309.7524,15428,13787566,90,2124130,0,435,2
309.7736,15429,13787586,90,2124130,0,414,2
309.7925,15430,13787606,90,2124130,0,387,2
309.8117,15431,13787626,90,2124130,0,432,2
309.8329,15432,13787646,90,2124130,0,435,2
309.8526,15433,13787666,90,2124130,0,688,2
309.8721,15434,13787686,90,2124130,0,472,2
309.8931,15435,13787706,90,2124130,0,466,2
309.9124,15436,13787726,90,2124130,0,618,2
309.9317,15437,13787746,90,2124130,0,547,2
309.9532,15438,13787766,90,2124130,0,464,2
309.9720,15439,13787786,90,2124130,0,407,2
309.9931,15440,13787806,90,2124130,0,403,2
310.0123,15441,13787826,90,2124130,0,406,2
310.0316,15442,13787846,90,2124130,0,411,2
310.0530,15443,13787866,90,2124130,0,842,2
310.0721,15444,13787886,90,2124130,0,409,2
310.0932,15445,13787906,90,2124130,0,536,2
310.1124,15446,13787926,90,2124130,0,428,2
310.1317,15447,13787946,90,2124130,0,435,2
310.1532,15448,13787966,90,2124130,0,424,2
310.1723,15449,13787986,90,2124130,0,419,2
310.1934,15450,13788006,90,2124130,0,393,2
310.2127,15451,13788026,90,2124130,0,416,2
310.2319,15452,13788046,90,2124130,0,450,2
310.2534,15453,13788066,90,2124130,0,817,2
310.2730,15454,13788086,90,2124130,0,406,2
310.2927,15455,13788106,90,2124130,0,539,2
310.3124,15456,13788126,90,2124130,0,437,2
310.3317,15457,13788146,90,2124130,0,421,2
310.3538,15458,13788166,90,2124130,0,586,2
310.3719,15459,13788186,90,2124130,0,547,2
310.3935,15460,13788206,90,2124130,0,466,2
310.4128,15461,13788226,90,2124130,0,635,2
310.4320,15462,13788246,90,2124130,0,409,2
310.4518,15463,13788266,90,2124130,0,476,2
310.4732,15464,13788286,90,2124130,0,398,2
310.4923,15465,13788306,90,2124130,0,389,2
310.5137,15466,13788326,90,2124130,0,440,2
310.5335,15467,13788346,90,2124130,0,790,2
310.5519,15468,13788366,90,2124130,0,406,2
310.5715,15469,13788386,90,2124130,0,557,2
310.5927,15470,13788406,90,2124130,0,459,2
310.6122,15471,13788426,90,2124130,0,411,2
310.6318,15472,13788446,90,2124130,0,446,2
310.6516,15473,13788466,90,2124130,0,393,2
310.6718,15474,13788486,90,2124130,0,411,2
310.6936,15475,13788506,90,2124130,0,422,2
310.7130,15476,13788526,90,2124130,0,411,2
310.7321,15477,13788546,90,2124130,0,413,2
310.7536,15478,13788566,90,2124130,0,409,2
310.7728,15479,13788586,90,2124130,0,414,2
310.7917,15480,13788606,90,2124130,0,435,2
310.8129,15481,13788626,90,2124130,0,413,2
310.8321,15482,13788646,90,2124130,0,421,2
310.8547,15483,13788666,90,2124130,0,768,2
310.8717,15484,13788686,90,2124130,0,554,2
310.8927,15485,13788706,90,2124130,0,461,2
310.9117,15486,13788726,90,2124130,0,474,2
310.9331,15487,13788746,90,2124130,0,488,2
310.9523,15488,13788766,90,2124130,0,529,2
310.9717,15489,13788786,90,2124130,0,405,2
310.9928,15490,13788806,90,2124130,0,419,2
311.0120,15491,13788826,90,2124130,0,393,2
311.0318,15492,13788846,90,2124130,0,453,2
311.0537,15493,13788866,90,2124130,0,481,2
311.0716,15494,13788886,90,2124130,0,476,2
311.0936,15495,13788906,90,2124130,0,423,2
311.1131,15496,13788926,90,2124130,0,392,2
311.1323,15497,13788946,90,2124130,0,461,2
311.1518,15498,13788966,90,2124130,0,784,2
311.1735,15499,13788986,90,2124130,0,646,2
311.1925,15500,13789006,90,2124130,0,417,2
311.2135,15501,13789026,90,2124130,0,546,2
311.2326,15502,13789046,90,2124130,0,400,2
311.2517,15503,13789066,90,2124130,0,391,2
311.2730,15504,13789086,90,2124130,0,445,2
311.2920,15505,13789106,90,2124130,0,396,2
311.3131,15506,13789126,90,2124130,0,411,2
311.3323,15507,13789146,90,2124130,0,460,2
311.3540,15508,13789166,90,2124130,0,480,2
311.3734,15509,13789186,90,2124130,0,429,2
311.3927,15510,13789206,90,2124130,0,385,2
311.4128,15511,13789226,90,2124130,0,412,2
311.4324,15512,13789246,90,2124130,0,460,2
311.4517,15513,13789266,90,2124130,0,390,2
311.4731,15514,13789286,90,2124130,0,429,2
311.4920,15515,13789306,90,2124130,0,393,2
311.5132,15516,13789326,90,2124130,0,770,2
311.5323,15517,13789346,90,2124130,0,419,2
311.5517,15518,13789366,90,2124130,0,526,2
311.5731,15519,13789386,90,2124130,0,402,2
311.5921,15520,13789406,90,2124130,0,390,2
311.6115,15521,13789426,90,2124130,0,425,2
311.6327,15522,13789446,90,2124130,0,475,2
311.6520,15523,13789466,90,2124130,0,616,2
311.6738,15524,13789486,90,2124130,0,637,2
311.6928,15525,13789506,90,2124130,0,407,2
311.7122,15526,13789526,90,2124130,0,550,2
311.7316,15527,13789546,90,2124130,0,408,2
311.7532,15528,13789566,90,2124130,0,392,2
311.7727,15529,13789586,90,2124130,0,439,2
311.7915,15530,13789606,90,2124130,0,421,2
311.8128,15531,13789626,90,2124130,0,395,2
311.8321,15532,13789646,90,2124130,0,478,2
311.8559,15533,13789666,90,2124130,0,538,2
311.8734,15534,13789686,90,2124130,0,442,2
311.8924,15535,13789706,90,2124130,0,429,2
311.9136,15536,13789726,90,2124130,0,480,2
311.9328,15537,13789746,90,2124130,0,541,2
311.9521,15538,13789766,90,2124130,0,401,2
311.9737,15539,13789786,90,2124130,0,396,2
311.9927,15540,13789806,90,2124130,0,662,2
312.0118,15541,13789826,90,2124130,0,417,2
312.0334,15542,13789846,90,2124130,0,461,2
312.0528,15543,13789866,90,2124130,0,396,2
312.0720,15544,13789886,90,2124130,0,413,2
312.0932,15545,13789906,90,2124130,0,424,2
312.1126,15546,13789926,90,2124130,0,387,2
312.1318,15547,13789946,90,2124130,0,471,2
312.1532,15548,13789966,90,2124130,0,654,2
312.1729,15549,13789986,90,2124130,0,807,2
312.1919,15550,13790006,90,2124130,0,408,2
312.2136,15551,13790026,90,2124130,0,539,2
312.2327,15552,13790046,90,2124130,0,417,2
312.2518,15553,13790066,90,2124130,0,392,2
312.2732,15554,13790086,90,2124130,0,448,2
312.2923,15555,13790106,90,2124130,0,421,2
312.3134,15556,13790126,90,2124130,0,407,2
312.3326,15557,13790146,90,2124130,0,414,2
312.3569,15558,13790166,90,2124130,0,466,2
312.3721,15559,13790186,90,2124130,0,409,2
312.3936,15560,13790206,90,2124130,0,547,2
312.4127,15561,13790226,90,2124130,0,775,2
312.4319,15562,13790246,90,2124130,0,414,2
312.4532,15563,13790266,90,2124130,0,535,2
312.4725,15564,13790286,90,2124130,0,413,2
312.4916,15565,13790306,90,2124130,0,806,2
312.5129,15566,13790326,90,2124130,0,465,2
312.5321,15567,13790346,90,2124130,0,482,2
312.5526,15568,13790366,90,2124130,0,482,2
312.5724,15569,13790386,90,2124130,0,392,2
312.5917,15570,13790406,90,2124130,0,416,2
312.6130,15571,13790426,90,2124130,0,433,2
312.6324,15572,13790446,90,2124130,0,440,2
312.6518,15573,13790466,90,2124130,0,435,2
312.6729,15574,13790486,90,2124130,0,390,2
312.6926,15575,13790506,90,2124130,0,422,2
312.7116,15576,13790526,90,2124130,0,393,2
312.7328,15577,13790546,90,2124130,0,474,2
312.7519,15578,13790566,90,2124130,0,499,2
312.7737,15579,13790586,90,2124130,0,822,2
312.7929,15580,13790606,90,2124130,0,539,2
312.8120,15581,13790626,90,2124130,0,403,2
312.8335,15582,13790646,90,2124130,0,466,2
312.8577,15583,13790666,90,2124130,0,488,2
312.8727,15584,13790686,90,2124130,0,413,2
312.8922,15585,13790706,90,2124130,0,554,2
312.9120,15586,13790726,90,2124130,0,784,2
312.9316,15587,13790746,90,2124130,0,414,2
312.9530,15588,13790766,90,2124130,0,469,2
312.9723,15589,13790786,90,2124130,0,413,2
312.9935,15590,13790806,90,2124130,0,416,2
313.0132,15591,13790826,90,2124130,0,435,2
313.0327,15592,13790846,90,2124130,0,439,2
313.0519,15593,13790866,90,2124130,0,386,2
313.0732,15594,13790886,90,2124130,0,444,2
313.0920,15595,13790906,90,2124130,0,406,2
313.1132,15596,13790926,90,2124130,0,414,2
313.1326,15597,13790946,90,2124130,0,423,2
313.1518,15598,13790966,90,2124130,0,413,2
313.1729,15599,13790986,90,2124130,0,417,2
313.1919,15600,13791006,90,2124130,0,413,2
313.2130,15601,13791026,90,2124130,0,418,2
313.2323,15602,13791046,90,2124130,0,422,2
313.2516,15603,13791066,90,2124130,0,418,2
313.2728,15604,13791086,90,2124130,0,425,2
313.2918,15605,13791106,90,2124130,0,434,2
313.3132,15606,13791126,90,2124130,0,392,2
313.3325,15607,13791146,90,2124130,0,450,2
313.3584,15608,13791166,90,2124130,0,499,2
313.3716,15609,13791186,90,2124130,0,460,2
313.3931,15610,13791206,90,2124130,0,423,2
313.4122,15611,13791226,90,2124130,0,450,2
313.4337,15612,13791246,90,2124130,0,449,2
313.4529,15613,13791266,90,2124130,0,469,2
313.4727,15614,13791286,90,2124130,0,423,2
313.4921,15615,13791306,90,2124130,0,392,2
313.5136,15616,13791326,90,2124130,0,421,2
313.5330,15617,13791346,90,2124130,0,480,2
313.5526,15618,13791366,90,2124130,0,810,2
313.5719,15619,13791386,90,2124130,0,513,2
313.5932,15620,13791406,90,2124130,0,411,2
313.6124,15621,13791426,90,2124130,0,538,2
313.6316,15622,13791446,90,2124130,0,428,2
313.6532,15623,13791466,90,2124130,0,389,2
313.6716,15624,13791486,90,2124130,0,422,2
313.6934,15625,13791506,90,2124130,0,421,2
313.7127,15626,13791526,90,2124130,0,434,2
313.7323,15627,13791546,90,2124130,0,443,2
313.7516,15628,13791566,90,2124130,0,417,2
313.7732,15629,13791586,90,2124130,0,393,2
313.7927,15630,13791606,90,2124130,0,446,2
313.8123,15631,13791626,90,2124130,0,392,2
313.8320,15632,13791646,90,2124130,0,456,2
313.8604,15633,13791666,90,2124130,0,406,2
313.8732,15634,13791686,90,2124130,0,610,2
313.8924,15635,13791706,90,2124130,0,406,2
313.9133,15636,13791726,90,2124130,0,507,2
313.9324,15637,13791746,90,2124130,0,476,2
313.9538,15638,13791766,90,2124130,0,462,2
313.9730,15639,13791786,90,2124130,0,395,2
313.9917,15640,13791806,90,2124130,0,446,2
314.0127,15641,13791826,90,2124130,0,396,2
314.0316,15642,13791846,90,2124130,0,471,2
314.0529,15643,13791866,90,2124130,0,677,2
314.0722,15644,13791886,90,2124130,0,785,2
314.0916,15645,13791906,90,2124130,0,514,2
314.1126,15646,13791926,90,2124130,0,418,2
314.1317,15647,13791946,90,2124130,0,477,2
314.1530,15648,13791966,90,2124130,0,403,2
314.1720,15649,13791986,90,2124130,0,391,2
314.1930,15650,13792006,90,2124130,0,421,2
314.2119,15651,13792026,90,2124130,0,449,2
314.2332,15652,13792046,90,2124130,0,425,2
314.2523,15653,13792066,90,2124130,0,396,2
314.2720,15654,13792086,90,2124130,0,417,2
314.2921,15655,13792106,90,2124130,0,446,2
314.3131,15656,13792126,90,2124130,0,413,2
314.3324,15657,13792146,90,2124130,0,418,2
314.3608,15658,13792166,90,2124130,0,391,2
314.3736,15659,13792186,90,2124130,0,547,2
314.3929,15660,13792206,90,2124130,0,474,2
314.4121,15661,13792226,90,2124130,0,610,2
314.4317,15662,13792246,90,2124130,0,412,2
314.4528,15663,13792266,90,2124130,0,395,2
314.4722,15664,13792286,90,2124130,0,424,2
314.4914,15665,13792306,90,2124130,0,419,2
314.5127,15666,13792326,90,2124130,0,421,2
314.5322,15667,13792346,90,2124130,0,437,2
314.5537,15668,13792366,90,2124130,0,419,2
314.5731,15669,13792386,90,2124130,0,424,2
314.5923,15670,13792406,90,2124130,0,422,2
314.6133,15671,13792426,90,2124130,0,419,2
314.6326,15672,13792446,90,2124130,0,413,2
314.6518,15673,13792466,90,2124130,0,414,2
314.6733,15674,13792486,90,2124130,0,422,2
314.6926,15675,13792506,90,2124130,0,421,2
314.7115,15676,13792526,90,2124130,0,418,2
314.7328,15677,13792546,90,2124130,0,471,2
314.7521,15678,13792566,90,2124130,0,550,2
314.7736,15679,13792586,90,2124130,0,637,2
314.7927,15680,13792606,90,2124130,0,411,2
314.8118,15681,13792626,90,2124130,0,544,2
314.8333,15682,13792646,90,2124130,0,398,2
314.8527,15683,13792666,90,2124130,0,557,2
314.8722,15684,13792686,90,2124130,0,651,2
314.8917,15685,13792706,90,2124130,0,417,2
314.9130,15686,13792726,90,2124130,0,475,2
314.9320,15687,13792746,90,2124130,0,504,2
314.9534,15688,13792766,90,2124130,0,398,2
314.9728,15689,13792786,90,2124130,0,434,2
314.9922,15690,13792806,90,2124130,0,393,2
315.0134,15691,13792826,90,2124130,0,418,2
315.0324,15692,13792846,90,2124130,0,449,2
315.0539,15693,13792866,90,2124130,0,864,2
315.0732,15694,13792886,90,2124130,0,512,2
315.0922,15695,13792906,90,2124130,0,422,2
315.1132,15696,13792926,90,2124130,0,526,2
315.1326,15697,13792946,90,2124130,0,422,2
315.1517,15698,13792966,90,2124130,0,392,2
315.1730,15699,13792986,90,2124130,0,423,2
315.1922,15700,13793006,90,2124130,0,423,2
315.2133,15701,13793026,90,2124130,0,393,2
315.2324,15702,13793046,90,2124130,0,460,2
315.2535,15703,13793066,90,2124130,0,837,2
315.2731,15704,13793086,90,2124130,0,408,2
315.2922,15705,13793106,90,2124130,0,478,2
315.3116,15706,13793126,90,2124130,0,539,2
315.3326,15707,13793146,90,2124130,0,419,2
315.3540,15708,13793166,90,2124130,0,391,2
315.3735,15709,13793186,90,2124130,0,812,2
315.3925,15710,13793206,90,2124130,0,419,2
315.4135,15711,13793226,90,2124130,0,477,2
315.4328,15712,13793246,90,2124130,0,547,2
315.4521,15713,13793266,90,2124130,0,466,2
315.4721,15714,13793286,90,2124130,0,421,2
315.4924,15715,13793306,90,2124130,0,425,2
315.5115,15716,13793326,90,2124130,0,395,2
315.5331,15717,13793346,90,2124130,0,476,2
315.5527,15718,13793366,90,2124130,0,603,2
315.5722,15719,13793386,90,2124130,0,803,2
315.5915,15720,13793406,90,2124130,0,413,2
315.6127,15721,13793426,90,2124130,0,550,2
315.6329,15722,13793446,90,2124130,0,414,2
315.6526,15723,13793466,90,2124130,0,387,2
315.6720,15724,13793486,90,2124130,0,448,2
315.6917,15725,13793506,90,2124130,0,391,2
315.7130,15726,13793526,90,2124130,0,419,2
315.7327,15727,13793546,90,2124130,0,471,2
315.7526,15728,13793566,90,2124130,0,503,2
315.7719,15729,13793586,90,2124130,0,635,2
315.7919,15730,13793606,90,2124130,0,416,2
315.8135,15731,13793626,90,2124130,0,475,2
315.8327,15732,13793646,90,2124130,0,467,2
315.8521,15733,13793666,90,2124130,0,419,2
315.8716,15734,13793686,90,2124130,0,504,2
315.8932,15735,13793706,90,2124130,0,401,2
315.9123,15736,13793726,90,2124130,0,406,2
315.9315,15737,13793746,90,2124130,0,439,2
315.9528,15738,13793766,90,2124130,0,423,2
315.9720,15739,13793786,90,2124130,0,429,2
315.9931,15740,13793806,90,2124130,0,389,2
316.0120,15741,13793826,90,2124130,0,442,2
316.0336,15742,13793846,90,2124130,0,435,2
316.0529,15743,13793866,90,2124130,0,386,2
316.0721,15744,13793886,90,2124130,0,442,2
316.0936,15745,13793906,90,2124130,0,395,2
316.1131,15746,13793926,90,2124130,0,445,2
316.1330,15747,13793946,90,2124130,0,417,2
316.1525,15748,13793966,90,2124130,0,400,2
316.1719,15749,13793986,90,2124130,0,443,2
316.1931,15750,13794006,90,2124130,0,429,2
316.2121,15751,13794026,90,2124130,0,392,2
316.2334,15752,13794046,90,2124130,0,470,2
316.2527,15753,13794066,90,2124130,0,640,2
316.2719,15754,13794086,90,2124130,0,625,2
316.2933,15755,13794106,90,2124130,0,419,2
316.3122,15756,13794126,90,2124130,0,540,2
316.3337,15757,13794146,90,2124130,0,425,2
316.3529,15758,13794166,90,2124130,0,424,2
316.3723,15759,13794186,90,2124130,0,828,2
316.3936,15760,13794206,90,2124130,0,514,2
316.4124,15761,13794226,90,2124130,0,653,2
316.4318,15762,13794246,90,2124130,0,566,2
316.4530,15763,13794266,90,2124130,0,474,2
316.4720,15764,13794286,90,2124130,0,408,2
316.4932,15765,13794306,90,2124130,0,429,2
316.5120,15766,13794326,90,2124130,0,392,2
316.5333,15767,13794346,90,2124130,0,458,2
316.5527,15768,13794366,90,2124130,0,832,2
316.5724,15769,13794386,90,2124130,0,482,2
316.5935,15770,13794406,90,2124130,0,433,2
316.6124,15771,13794426,90,2124130,0,557,2
316.6315,15772,13794446,90,2124130,0,412,2
316.6528,15773,13794466,90,2124130,0,395,2
316.6720,15774,13794486,90,2124130,0,434,2
316.6934,15775,13794506,90,2124130,0,424,2
316.7123,15776,13794526,90,2124130,0,391,2
316.7316,15777,13794546,90,2124130,0,469,2
316.7528,15778,13794566,90,2124130,0,578,2
316.7723,15779,13794586,90,2124130,0,797,2
316.7938,15780,13794606,90,2124130,0,513,2
316.8133,15781,13794626,90,2124130,0,432,2
316.8331,15782,13794646,90,2124130,0,492,2
316.8531,15783,13794666,90,2124130,0,392,2
316.8733,15784,13794686,90,2124130,0,522,2
316.8927,15785,13794706,90,2124130,0,792,2
316.9119,15786,13794726,90,2124130,0,422,2
316.9332,15787,13794746,90,2124130,0,419,2
316.9526,15788,13794766,90,2124130,0,451,2
316.9721,15789,13794786,90,2124130,0,393,2
316.9935,15790,13794806,90,2124130,0,421,2
317.0123,15791,13794826,90,2124130,0,440,2
317.0316,15792,13794846,90,2124130,0,439,2
317.0529,15793,13794866,90,2124130,0,395,2
317.0728,15794,13794886,90,2124130,0,418,2
317.0929,15795,13794906,90,2124130,0,432,2
317.1121,15796,13794926,90,2124130,0,422,2
317.1316,15797,13794946,90,2124130,0,422,2
317.1531,15798,13794966,90,2124130,0,421,2
317.1726,15799,13794986,90,2124130,0,416,2
317.1921,15800,13795006,90,2124130,0,434,2
317.2136,15801,13795026,90,2124130,0,409,2
317.2332,15802,13795046,90,2124130,0,413,2
317.2525,15803,13795066,90,2124130,0,392,2
317.2719,15804,13795086,90,2124130,0,421,2
317.2933,15805,13795106,90,2124130,0,419,2
317.3123,15806,13795126,90,2124130,0,417,2
317.3322,15807,13795146,90,2124130,0,471,2
317.3543,15808,13795166,90,2124130,0,613,2
317.3718,15809,13795186,90,2124130,0,455,2
317.3931,15810,13795206,90,2124130,0,428,2
317.4122,15811,13795226,90,2124130,0,844,2
317.4319,15812,13795246,90,2124130,0,418,2
317.4516,15813,13795266,90,2124130,0,538,2
317.4736,15814,13795286,90,2124130,0,481,2
317.4931,15815,13795306,90,2124130,0,392,2
317.5123,15816,13795326,90,2124130,0,435,2
317.5336,15817,13795346,90,2124130,0,443,2
317.5525,15818,13795366,90,2124130,0,438,2
317.5724,15819,13795386,90,2124130,0,397,2
317.5915,15820,13795406,90,2124130,0,417,2
317.6124,15821,13795426,90,2124130,0,442,2
317.6316,15822,13795446,90,2124130,0,439,2
317.6530,15823,13795466,90,2124130,0,392,2
317.6722,15824,13795486,90,2124130,0,449,2
317.6916,15825,13795506,90,2124130,0,398,2
317.7125,15826,13795526,90,2124130,0,414,2
317.7316,15827,13795546,90,2124130,0,469,2
317.7530,15828,13795566,90,2124130,0,450,2
317.7722,15829,13795586,90,2124130,0,590,2
317.7914,15830,13795606,90,2124130,0,411,2
317.8125,15831,13795626,90,2124130,0,551,2
317.8316,15832,13795646,90,2124130,0,412,2
317.8552,15833,13795666,90,2124130,0,428,2
317.8728,15834,13795686,90,2124130,0,392,2
317.8920,15835,13795706,90,2124130,0,412,2
317.9129,15836,13795726,90,2124130,0,408,2
317.9320,15837,13795746,90,2124130,0,480,2
317.9534,15838,13795766,90,2124130,0,393,2
317.9729,15839,13795786,90,2124130,0,419,2
317.9922,15840,13795806,90,2124130,0,434,2
318.0133,15841,13795826,90,2124130,0,422,2
318.0324,15842,13795846,90,2124130,0,424,2
318.0517,15843,13795866,90,2124130,0,446,2
318.0730,15844,13795886,90,2124130,0,396,2
318.0922,15845,13795906,90,2124130,0,414,2
318.1130,15846,13795926,90,2124130,0,421,2
318.1322,15847,13795946,90,2124130,0,446,2
318.1535,15848,13795966,90,2124130,0,416,2
318.1727,15849,13795986,90,2124130,0,419,2
318.1921,15850,13796006,90,2124130,0,391,2
318.2117,15851,13796026,90,2124130,0,418,2
318.2335,15852,13796046,90,2124130,0,458,2
318.2527,15853,13796066,90,2124130,0,844,2
318.2723,15854,13796086,90,2124130,0,450,2
318.2916,15855,13796106,90,2124130,0,422,2
318.3129,15856,13796126,90,2124130,0,517,2
318.3318,15857,13796146,90,2124130,0,411,2
318.3515,15858,13796166,90,2124130,0,395,2
318.3735,15859,13796186,90,2124130,0,407,2
318.3932,15860,13796206,90,2124130,0,396,2
318.4129,15861,13796226,90,2124130,0,413,2
318.4324,15862,13796246,90,2124130,0,465,2
318.4518,15863,13796266,90,2124130,0,400,2
318.4731,15864,13796286,90,2124130,0,438,2
318.4927,15865,13796306,90,2124130,0,393,2
318.5123,15866,13796326,90,2124130,0,413,2
318.5316,15867,13796346,90,2124130,0,439,2
318.5527,15868,13796366,90,2124130,0,423,2
318.5729,15869,13796386,90,2124130,0,390,2
318.5923,15870,13796406,90,2124130,0,412,2
318.6135,15871,13796426,90,2124130,0,442,2
318.6327,15872,13796446,90,2124130,0,444,2
318.6524,15873,13796466,90,2124130,0,405,2
318.6721,15874,13796486,90,2124130,0,417,2
318.6917,15875,13796506,90,2124130,0,421,2
318.7127,15876,13796526,90,2124130,0,390,2
318.7321,15877,13796546,90,2124130,0,435,2
318.7536,15878,13796566,90,2124130,0,395,2
318.7727,15879,13796586,90,2124130,0,446,2
318.7919,15880,13796606,90,2124130,0,398,2
318.8129,15881,13796626,90,2124130,0,421,2
318.8319,15882,13796646,90,2124130,0,419,2
318.8534,15883,13796666,90,2124130,0,416,2
318.8730,15884,13796686,90,2124130,0,408,2
318.8923,15885,13796706,90,2124130,0,430,2
318.9135,15886,13796726,90,2124130,0,637,2
318.9327,15887,13796746,90,2124130,0,417,2
318.9522,15888,13796766,90,2124130,0,524,2
318.9737,15889,13796786,90,2124130,0,402,2
318.9930,15890,13796806,90,2124130,0,391,2
319.0118,15891,13796826,90,2124130,0,440,2
319.0331,15892,13796846,90,2124130,0,450,2
319.0520,15893,13796866,90,2124130,0,422,2
319.0731,15894,13796886,90,2124130,0,392,2
319.0925,15895,13796906,90,2124130,0,421,2
319.1116,15896,13796926,90,2124130,0,419,2
319.1328,15897,13796946,90,2124130,0,428,2
319.1520,15898,13796966,90,2124130,0,387,2
319.1734,15899,13796986,90,2124130,0,434,2
319.1924,15900,13797006,90,2124130,0,395,2
319.2117,15901,13797026,90,2124130,0,422,2
319.2330,15902,13797046,90,2124130,0,471,2
319.2522,15903,13797066,90,2124130,0,817,2
319.2737,15904,13797086,90,2124130,0,411,2
319.2932,15905,13797106,90,2124130,0,481,2
319.3122,15906,13797126,90,2124130,0,472,2
319.3336,15907,13797146,90,2124130,0,421,2
319.3527,15908,13797166,90,2124130,0,438,2
319.3724,15909,13797186,90,2124130,0,451,2
319.3916,15910,13797206,90,2124130,0,411,2
319.4126,15911,13797226,90,2124130,0,446,2
319.4321,15912,13797246,90,2124130,0,616,2
319.4520,15913,13797266,90,2124130,0,411,2
319.4717,15914,13797286,90,2124130,0,552,2
319.4934,15915,13797306,90,2124130,0,433,2
319.5125,15916,13797326,90,2124130,0,396,2
319.5316,15917,13797346,90,2124130,0,474,2
319.5527,15918,13797366,90,2124130,0,440,2
319.5721,15919,13797386,90,2124130,0,664,2
319.5936,15920,13797406,90,2124130,0,413,2
319.6129,15921,13797426,90,2124130,0,551,2
319.6326,15922,13797446,90,2124130,0,422,2
319.6521,15923,13797466,90,2124130,0,424,2
319.6738,15924,13797486,90,2124130,0,391,2
319.6932,15925,13797506,90,2124130,0,413,2
319.7121,15926,13797526,90,2124130,0,416,2
319.7333,15927,13797546,90,2124130,0,464,2
319.7524,15928,13797566,90,2124130,0,854,2
319.7715,15929,13797586,90,2124130,0,560,2
319.7930,15930,13797606,90,2124130,0,416,2
319.8121,15931,13797626,90,2124130,0,545,2
319.8334,15932,13797646,90,2124130,0,413,2
319.8527,15933,13797666,90,2124130,0,429,2
319.8745,15934,13797686,90,2124130,0,465,2
319.8936,15935,13797706,90,2124130,0,433,2
319.9125,15936,13797726,90,2124130,0,499,2
319.9336,15937,13797746,90,2124130,0,552,2
319.9526,15938,13797766,90,2124130,0,402,2
319.9717,15939,13797786,90,2124130,0,391,2
319.9930,15940,13797806,90,2124130,0,421,2
320.0118,15941,13797826,90,2124130,0,450,2
320.0328,15942,13797846,90,2124130,0,432,2
320.0520,15943,13797866,90,2124130,0,392,2
320.0734,15944,13797886,90,2124130,0,423,2
320.0924,15945,13797906,90,2124130,0,435,2
320.1120,15946,13797926,90,2124130,0,414,2
320.1335,15947,13797946,90,2124130,0,419,2
320.1528,15948,13797966,90,2124130,0,412,2
320.1724,15949,13797986,90,2124130,0,427,2
320.1921,15950,13798006,90,2124130,0,398,2
320.2135,15951,13798026,90,2124130,0,422,2
320.2328,15952,13798046,90,2124130,0,464,2
320.2525,15953,13798066,90,2124130,0,854,2
320.2716,15954,13798086,90,2124130,0,671,2
320.2931,15955,13798106,90,2124130,0,412,2
320.3119,15956,13798126,90,2124130,0,552,2
320.3332,15957,13798146,90,2124130,0,438,2
320.3525,15958,13798166,90,2124130,0,393,2
320.3764,15959,13798186,90,2124130,0,428,2
320.3936,15960,13798206,90,2124130,0,467,2
320.4124,15961,13798226,90,2124130,0,621,2
320.4336,15962,13798246,90,2124130,0,423,2
320.4528,15963,13798266,90,2124130,0,544,2
320.4720,15964,13798286,90,2124130,0,442,2
320.4919,15965,13798306,90,2124130,0,412,2
320.5136,15966,13798326,90,2124130,0,392,2
320.5329,15967,13798346,90,2124130,0,456,2
320.5521,15968,13798366,90,2124130,0,808,2
320.5722,15969,13798386,90,2124130,0,507,2
320.5915,15970,13798406,90,2124130,0,440,2
320.6127,15971,13798426,90,2124130,0,482,2
320.6320,15972,13798446,90,2124130,0,413,2
320.6534,15973,13798466,90,2124130,0,424,2
320.6726,15974,13798486,90,2124130,0,389,2
320.6922,15975,13798506,90,2124130,0,425,2
320.7134,15976,13798526,90,2124130,0,419,2
320.7326,15977,13798546,90,2124130,0,453,2
320.7519,15978,13798566,90,2124130,0,833,2
320.7734,15979,13798586,90,2124130,0,416,2
320.7926,15980,13798606,90,2124130,0,549,2
320.8116,15981,13798626,90,2124130,0,485,2
320.8328,15982,13798646,90,2124130,0,433,2
320.8523,15983,13798666,90,2124130,0,657,2
320.8785,15984,13798686,90,2124130,0,631,2
320.8934,15985,13798706,90,2124130,0,488,2
320.9123,15986,13798726,90,2124130,0,475,2
320.9319,15987,13798746,90,2124130,0,432,2
320.9534,15988,13798766,90,2124130,0,392,2
320.9730,15989,13798786,90,2124130,0,422,2
320.9923,15990,13798806,90,2124130,0,421,2
321.0132,15991,13798826,90,2124130,0,395,2
321.0324,15992,13798846,90,2124130,0,456,2
321.0515,15993,13798866,90,2124130,0,854,2
321.0728,15994,13798886,90,2124130,0,497,2
321.0922,15995,13798906,90,2124130,0,423,2
321.1135,15996,13798926,90,2124130,0,531,2
321.1332,15997,13798946,90,2124130,0,418,2
321.1529,15998,13798966,90,2124130,0,422,2
321.1724,15999,13798986,90,2124130,0,391,2
321.1917,16000,13799006,90,2124130,0,419,2
321.2129,16001,13799026,90,2124130,0,419,2
321.2321,16002,13799046,90,2124130,0,480,2
321.2534,16003,13799066,90,2124130,0,781,2
321.2725,16004,13799086,90,2124130,0,419,2
321.2921,16005,13799106,90,2124130,0,551,2
321.3131,16006,13799126,90,2124130,0,450,2
321.3323,16007,13799146,90,2124130,0,799,2
321.3517,16008,13799166,90,2124130,0,414,2
321.3796,16009,13799186,90,2124130,0,474,2
321.3922,16010,13799206,90,2124130,0,592,2
321.4114,16011,13799226,90,2124130,0,434,2
321.4327,16012,13799246,90,2124130,0,422,2
321.4518,16013,13799266,90,2124130,0,417,2
321.4734,16014,13799286,90,2124130,0,433,2
321.4930,16015,13799306,90,2124130,0,430,2
321.5118,16016,13799326,90,2124130,0,430,2
321.5331,16017,13799346,90,2124130,0,438,2
321.5522,16018,13799366,90,2124130,0,429,2
321.5720,16019,13799386,90,2124130,0,403,2
321.5932,16020,13799406,90,2124130,0,395,2
321.6122,16021,13799426,90,2124130,0,440,2
321.6333,16022,13799446,90,2124130,0,429,2
321.6525,16023,13799466,90,2124130,0,397,2
321.6715,16024,13799486,90,2124130,0,409,2
321.6928,16025,13799506,90,2124130,0,453,2
321.7117,16026,13799526,90,2124130,0,429,2
321.7329,16027,13799546,90,2124130,0,422,2
321.7521,16028,13799566,90,2124130,0,449,2
321.7736,16029,13799586,90,2124130,0,393,2
321.7926,16030,13799606,90,2124130,0,443,2
321.8115,16031,13799626,90,2124130,0,390,2
321.8326,16032,13799646,90,2124130,0,421,2
321.8517,16033,13799666,90,2124130,0,552,2
321.8714,16034,13799686,90,2124130,0,465,2
321.8932,16035,13799706,90,2124130,0,481,2
321.9121,16036,13799726,90,2124130,0,475,2
321.9333,16037,13799746,90,2124130,0,432,2
321.9527,16038,13799766,90,2124130,0,392,2
321.9719,16039,13799786,90,2124130,0,412,2
321.9935,16040,13799806,90,2124130,0,421,2
322.0127,16041,13799826,90,2124130,0,421,2
322.0317,16042,13799846,90,2124130,0,469,2
322.0531,16043,13799866,90,2124130,0,467,2
322.0724,16044,13799886,90,2124130,0,853,2
322.0920,16045,13799906,90,2124130,0,467,2
322.1134,16046,13799926,90,2124130,0,434,2
322.1324,16047,13799946,90,2124130,0,422,2
322.1517,16048,13799966,90,2124130,0,419,2
322.1731,16049,13799986,90,2124130,0,392,2
322.1925,16050,13800006,90,2124130,0,417,2
322.2122,16051,13800026,90,2124130,0,444,2
322.2321,16052,13800046,90,2124130,0,429,2
322.2519,16053,13800066,90,2124130,0,395,2
322.2735,16054,13800086,90,2124130,0,445,2
322.2928,16055,13800106,90,2124130,0,391,2
322.3126,16056,13800126,90,2124130,0,595,2
322.3323,16057,13800146,90,2124130,0,423,2
322.3516,16058,13800166,90,2124130,0,520,2
322.3733,16059,13800186,90,2124130,0,407,2
322.3934,16060,13800206,90,2124130,0,795,2
322.4133,16061,13800226,90,2124130,0,390,2
322.4322,16062,13800246,90,2124130,0,476,2
322.4514,16063,13800266,90,2124130,0,586,2
322.4729,16064,13800286,90,2124130,0,822,2
322.4920,16065,13800306,90,2124130,0,417,2
322.5129,16066,13800326,90,2124130,0,547,2
322.5322,16067,13800346,90,2124130,0,403,2
322.5535,16068,13800366,90,2124130,0,392,2
322.5721,16069,13800386,90,2124130,0,451,2
322.5921,16070,13800406,90,2124130,0,391,2
322.6135,16071,13800426,90,2124130,0,446,2
322.6327,16072,13800446,90,2124130,0,417,2
322.6516,16073,13800466,90,2124130,0,439,2
322.6728,16074,13800486,90,2124130,0,417,2
322.6920,16075,13800506,90,2124130,0,395,2
322.7131,16076,13800526,90,2124130,0,423,2
322.7324,16077,13800546,90,2124130,0,472,2
322.7518,16078,13800566,90,2124130,0,845,2
322.7728,16079,13800586,90,2124130,0,625,2
322.7923,16080,13800606,90,2124130,0,409,2
322.8135,16081,13800626,90,2124130,0,393,2
322.8323,16082,13800646,90,2124130,0,480,2
322.8535,16083,13800666,90,2124130,0,839,2
322.8731,16084,13800686,90,2124130,0,414,2
322.8927,16085,13800706,90,2124130,0,816,2
322.9119,16086,13800726,90,2124130,0,432,2
322.9329,16087,13800746,90,2124130,0,442,2
322.9522,16088,13800766,90,2124130,0,389,2
322.9713,16089,13800786,90,2124130,0,416,2
322.9930,16090,13800806,90,2124130,0,422,2
323.0120,16091,13800826,90,2124130,0,443,2
323.0329,16092,13800846,90,2124130,0,448,2
323.0521,16093,13800866,90,2124130,0,397,2
323.0737,16094,13800886,90,2124130,0,438,2
323.0931,16095,13800906,90,2124130,0,413,2
323.1122,16096,13800926,90,2124130,0,425,2
323.1334,16097,13800946,90,2124130,0,418,2
323.1530,16098,13800966,90,2124130,0,422,2
323.1728,16099,13800986,90,2124130,0,445,2
323.1927,16100,13801006,90,2124130,0,414,2
323.2126,16101,13801026,90,2124130,0,428,2
323.2316,16102,13801046,90,2124130,0,414,2
323.2528,16103,13801066,90,2124130,0,429,2
323.2726,16104,13801086,90,2124130,0,391,2
323.2927,16105,13801106,90,2124130,0,789,2
323.3123,16106,13801126,90,2124130,0,419,2
323.3334,16107,13801146,90,2124130,0,507,2
323.3531,16108,13801166,90,2124130,0,403,2
323.3750,16109,13801186,90,2124130,0,430,2
323.3928,16110,13801206,90,2124130,0,498,2
323.4123,16111,13801226,90,2124130,0,620,2
323.4336,16112,13801246,90,2124130,0,487,2
323.4532,16113,13801266,90,2124130,0,517,2
323.4724,16114,13801286,90,2124130,0,413,2
323.4919,16115,13801306,90,2124130,0,412,2
323.5131,16116,13801326,90,2124130,0,397,2
323.5320,16117,13801346,90,2124130,0,451,2
323.5532,16118,13801366,90,2124130,0,635,2
323.5727,16119,13801386,90,2124130,0,412,2
323.5918,16120,13801406,90,2124130,0,542,2
323.6132,16121,13801426,90,2124130,0,405,2
323.6321,16122,13801446,90,2124130,0,427,2
323.6518,16123,13801466,90,2124130,0,425,2
323.6731,16124,13801486,90,2124130,0,446,2
323.6927,16125,13801506,90,2124130,0,395,2
323.7125,16126,13801526,90,2124130,0,421,2
323.7316,16127,13801546,90,2124130,0,480,2
323.7532,16128,13801566,90,2124130,0,629,2
323.7725,16129,13801586,90,2124130,0,472,2
323.7916,16130,13801606,90,2124130,0,396,2
323.8127,16131,13801626,90,2124130,0,451,2
323.8315,16132,13801646,90,2124130,0,448,2
323.8527,16133,13801666,90,2124130,0,391,2
323.8718,16134,13801686,90,2124130,0,425,2
323.8914,16135,13801706,90,2124130,0,398,2
323.9131,16136,13801726,90,2124130,0,407,2
323.9323,16137,13801746,90,2124130,0,482,2
323.9516,16138,13801766,90,2124130,0,392,2
323.9728,16139,13801786,90,2124130,0,412,2
323.9921,16140,13801806,90,2124130,0,414,2
324.0135,16141,13801826,90,2124130,0,456,2
324.0327,16142,13801846,90,2124130,0,417,2
324.0518,16143,13801866,90,2124130,0,418,2
324.0730,16144,13801886,90,2124130,0,422,2
324.0925,16145,13801906,90,2124130,0,428,2
324.1119,16146,13801926,90,2124130,0,414,2
324.1329,16147,13801946,90,2124130,0,475,2
324.1524,16148,13801966,90,2124130,0,456,2
324.1716,16149,13801986,90,2124130,0,828,2
324.1930,16150,13802006,90,2124130,0,409,2
324.2121,16151,13802026,90,2124130,0,531,2
324.2331,16152,13802046,90,2124130,0,397,2
324.2522,16153,13802066,90,2124130,0,429,2
324.2715,16154,13802086,90,2124130,0,554,2
324.2929,16155,13802106,90,2124130,0,843,2
324.3124,16156,13802126,90,2124130,0,512,2
324.3322,16157,13802146,90,2124130,0,565,2
324.3519,16158,13802166,90,2124130,0,477,2
324.3737,16159,13802186,90,2124130,0,412,2
324.3919,16160,13802206,90,2124130,0,422,2
324.4115,16161,13802226,90,2124130,0,498,2
324.4332,16162,13802246,90,2124130,0,641,2
324.4530,16163,13802266,90,2124130,0,413,2
324.4724,16164,13802286,90,2124130,0,491,2
324.4919,16165,13802306,90,2124130,0,470,2
324.5132,16166,13802326,90,2124130,0,391,2
324.5321,16167,13802346,90,2124130,0,492,2
324.5519,16168,13802366,90,2124130,0,669,2
324.5731,16169,13802386,90,2124130,0,421,2
324.5924,16170,13802406,90,2124130,0,558,2
324.6119,16171,13802426,90,2124130,0,464,2
324.6330,16172,13802446,90,2124130,0,419,2
324.6523,16173,13802466,90,2124130,0,397,2
324.6716,16174,13802486,90,2124130,0,421,2
324.6930,16175,13802506,90,2124130,0,411,2
324.7118,16176,13802526,90,2124130,0,411,2
324.7330,16177,13802546,90,2124130,0,471,2
324.7522,16178,13802566,90,2124130,0,451,2
324.7714,16179,13802586,90,2124130,0,549,2
324.7928,16180,13802606,90,2124130,0,403,2
324.8122,16181,13802626,90,2124130,0,418,2
324.8332,16182,13802646,90,2124130,0,423,2
324.8525,16183,13802666,90,2124130,0,437,2
324.8717,16184,13802686,90,2124130,0,391,2
324.8917,16185,13802706,90,2124130,0,481,2
324.9140,16186,13802726,90,2124130,0,822,2
324.9314,16187,13802746,90,2124130,0,414,2
324.9526,16188,13802766,90,2124130,0,525,2
324.9719,16189,13802786,90,2124130,0,405,2
324.9934,16190,13802806,90,2124130,0,422,2
325.0126,16191,13802826,90,2124130,0,392,2
325.0317,16192,13802846,90,2124130,0,472,2
325.0528,16193,13802866,90,2124130,0,769,2
325.0718,16194,13802886,90,2124130,0,412,2
325.0930,16195,13802906,90,2124130,0,550,2
325.1123,16196,13802926,90,2124130,0,440,2
325.1317,16197,13802946,90,2124130,0,417,2
325.1531,16198,13802966,90,2124130,0,418,2
325.1723,16199,13802986,90,2124130,0,425,2
325.1918,16200,13803006,90,2124130,0,446,2
325.2134,16201,13803026,90,2124130,0,396,2
325.2328,16202,13803046,90,2124130,0,435,2
325.2520,16203,13803066,90,2124130,0,471,2
325.2732,16204,13803086,90,2124130,0,588,2
325.2924,16205,13803106,90,2124130,0,417,2
325.3114,16206,13803126,90,2124130,0,462,2
325.3328,16207,13803146,90,2124130,0,414,2
325.3520,16208,13803166,90,2124130,0,393,2
325.3739,16209,13803186,90,2124130,0,435,2
325.3935,16210,13803206,90,2124130,0,558,2
325.4127,16211,13803226,90,2124130,0,470,2
325.4315,16212,13803246,90,2124130,0,797,2
325.4527,16213,13803266,90,2124130,0,408,2
325.4717,16214,13803286,90,2124130,0,547,2
325.4931,16215,13803306,90,2124130,0,471,2
325.5127,16216,13803326,90,2124130,0,391,2
325.5316,16217,13803346,90,2124130,0,471,2
325.5528,16218,13803366,90,2124130,0,853,2
325.5725,16219,13803386,90,2124130,0,411,2
325.5916,16220,13803406,90,2124130,0,545,2
325.6134,16221,13803426,90,2124130,0,462,2
325.6324,16222,13803446,90,2124130,0,427,2
325.6516,16223,13803466,90,2124130,0,421,2
325.6728,16224,13803486,90,2124130,0,413,2
325.6921,16225,13803506,90,2124130,0,423,2
325.7136,16226,13803526,90,2124130,0,434,2
325.7324,16227,13803546,90,2124130,0,651,2
325.7514,16228,13803566,90,2124130,0,417,2
325.7729,16229,13803586,90,2124130,0,544,2
325.7924,16230,13803606,90,2124130,0,455,2
325.8118,16231,13803626,90,2124130,0,409,2
325.8327,16232,13803646,90,2124130,0,442,2
325.8518,16233,13803666,90,2124130,0,423,2
325.8732,16234,13803686,90,2124130,0,392,2
325.8925,16235,13803706,90,2124130,0,408,2
325.9119,16236,13803726,90,2124130,0,422,2
325.9332,16237,13803746,90,2124130,0,409,2
325.9526,16238,13803766,90,2124130,0,387,2
325.9722,16239,13803786,90,2124130,0,416,2
325.9916,16240,13803806,90,2124130,0,453,2
326.0129,16241,13803826,90,2124130,0,392,2
326.0318,16242,13803846,90,2124130,0,470,2
326.0528,16243,13803866,90,2124130,0,645,2
326.0718,16244,13803886,90,2124130,0,411,2
326.0930,16245,13803906,90,2124130,0,554,2
326.1125,16246,13803926,90,2124130,0,477,2
326.1334,16247,13803946,90,2124130,0,424,2
326.1526,16248,13803966,90,2124130,0,391,2
326.1717,16249,13803986,90,2124130,0,439,2
326.1931,16250,13804006,90,2124130,0,428,2
326.2126,16251,13804026,90,2124130,0,604,2
326.2314,16252,13804046,90,2124130,0,413,2
326.2526,16253,13804066,90,2124130,0,550,2
326.2717,16254,13804086,90,2124130,0,402,2
326.2932,16255,13804106,90,2124130,0,430,2
326.3124,16256,13804126,90,2124130,0,392,2
326.3333,16257,13804146,90,2124130,0,482,2
326.3527,16258,13804166,90,2124130,0,826,2
326.3717,16259,13804186,90,2124130,0,414,2
326.3933,16260,13804206,90,2124130,0,443,2
326.4126,16261,13804226,90,2124130,0,422,2
326.4315,16262,13804246,90,2124130,0,451,2
326.4524,16263,13804266,90,2124130,0,387,2
326.4715,16264,13804286,90,2124130,0,419,2
326.4927,16265,13804306,90,2124130,0,419,2
326.5123,16266,13804326,90,2124130,0,433,2
326.5315,16267,13804346,90,2124130,0,442,2
326.5527,16268,13804366,90,2124130,0,423,2
326.5717,16269,13804386,90,2124130,0,392,2
326.5916,16270,13804406,90,2124130,0,438,2
326.6131,16271,13804426,90,2124130,0,427,2
326.6321,16272,13804446,90,2124130,0,414,2
326.6515,16273,13804466,90,2124130,0,423,2
326.6727,16274,13804486,90,2124130,0,421,2
326.6920,16275,13804506,90,2124130,0,422,2
326.7133,16276,13804526,90,2124130,0,840,2
326.7321,16277,13804546,90,2124130,0,418,2
326.7533,16278,13804566,90,2124130,0,465,2
326.7726,16279,13804586,90,2124130,0,407,2
326.7917,16280,13804606,90,2124130,0,422,2
326.8131,16281,13804626,90,2124130,0,393,2
326.8321,16282,13804646,90,2124130,0,472,2
326.8519,16283,13804666,90,2124130,0,574,2
326.8719,16284,13804686,90,2124130,0,834,2
326.8939,16285,13804706,90,2124130,0,446,2
326.9132,16286,13804726,90,2124130,0,427,2
326.9322,16287,13804746,90,2124130,0,434,2
326.9521,16288,13804766,90,2124130,0,391,2
326.9718,16289,13804786,90,2124130,0,421,2
326.9935,16290,13804806,90,2124130,0,411,2
327.0130,16291,13804826,90,2124130,0,437,2
327.0320,16292,13804846,90,2124130,0,425,2
327.0515,16293,13804866,90,2124130,0,409,2
327.0715,16294,13804886,90,2124130,0,393,2
327.0929,16295,13804906,90,2124130,0,439,2
327.1122,16296,13804926,90,2124130,0,395,2
327.1334,16297,13804946,90,2124130,0,490,2
327.1526,16298,13804966,90,2124130,0,779,2
327.1717,16299,13804986,90,2124130,0,409,2
327.1931,16300,13805006,90,2124130,0,423,2
327.2122,16301,13805026,90,2124130,0,395,2
327.2334,16302,13805046,90,2124130,0,481,2
327.2525,16303,13805066,90,2124130,0,780,2
327.2718,16304,13805086,90,2124130,0,455,2
327.2929,16305,13805106,90,2124130,0,422,2
327.3124,16306,13805126,90,2124130,0,523,2
327.3334,16307,13805146,90,2124130,0,418,2
327.3528,16308,13805166,90,2124130,0,391,2
327.3718,16309,13805186,90,2124130,0,440,2
327.3955,16310,13805206,90,2124130,0,421,2
327.4127,16311,13805226,90,2124130,0,770,2
327.4317,16312,13805246,90,2124130,0,416,2
327.4530,16313,13805266,90,2124130,0,551,2
327.4721,16314,13805286,90,2124130,0,412,2
327.4934,16315,13805306,90,2124130,0,419,2
327.5131,16316,13805326,90,2124130,0,390,2
327.5321,16317,13805346,90,2124130,0,472,2
327.5519,16318,13805366,90,2124130,0,667,2
327.5718,16319,13805386,90,2124130,0,817,2
327.5933,16320,13805406,90,2124130,0,412,2
327.6128,16321,13805426,90,2124130,0,540,2
327.6320,16322,13805446,90,2124130,0,421,2
327.6521,16323,13805466,90,2124130,0,417,2
327.6717,16324,13805486,90,2124130,0,391,2
327.6931,16325,13805506,90,2124130,0,823,2
327.7125,16326,13805526,90,2124130,0,417,2
327.7324,16327,13805546,90,2124130,0,518,2
327.7523,16328,13805566,90,2124130,0,418,2
327.7720,16329,13805586,90,2124130,0,428,2
327.7933,16330,13805606,90,2124130,0,396,2
327.8124,16331,13805626,90,2124130,0,421,2
327.8333,16332,13805646,90,2124130,0,478,2
327.8523,16333,13805666,90,2124130,0,571,2
327.8715,16334,13805686,90,2124130,0,651,2
327.8978,16335,13805706,90,2124130,0,414,2
327.9127,16336,13805726,90,2124130,0,481,2
327.9318,16337,13805746,90,2124130,0,478,2
327.9530,16338,13805766,90,2124130,0,423,2
327.9722,16339,13805786,90,2124130,0,522,2
327.9937,16340,13805806,90,2124130,0,406,2
328.0132,16341,13805826,90,2124130,0,430,2
328.0323,16342,13805846,90,2124130,0,434,2
328.0514,16343,13805866,90,2124130,0,395,2
328.0726,16344,13805886,90,2124130,0,421,2
328.0918,16345,13805906,90,2124130,0,423,2
328.1130,16346,13805926,90,2124130,0,444,2
328.1319,16347,13805946,90,2124130,0,416,2
328.1532,16348,13805966,90,2124130,0,434,2
328.1725,16349,13805986,90,2124130,0,578,2
328.1917,16350,13806006,90,2124130,0,765,2
328.2131,16351,13806026,90,2124130,0,411,2
328.2320,16352,13806046,90,2124130,0,526,2
328.2531,16353,13806066,90,2124130,0,403,2
328.2726,16354,13806086,90,2124130,0,418,2
328.2919,16355,13806106,90,2124130,0,395,2
328.3135,16356,13806126,90,2124130,0,430,2
328.3330,16357,13806146,90,2124130,0,430,2
328.3525,16358,13806166,90,2124130,0,416,2
328.3719,16359,13806186,90,2124130,0,442,2
328.3981,16360,13806206,90,2124130,0,416,2
328.4129,16361,13806226,90,2124130,0,460,2
328.4317,16362,13806246,90,2124130,0,658,2
328.4530,16363,13806266,90,2124130,0,419,2
328.4721,16364,13806286,90,2124130,0,469,2
328.4935,16365,13806306,90,2124130,0,504,2
328.5127,16366,13806326,90,2124130,0,407,2
328.5314,16367,13806346,90,2124130,0,442,2
328.5525,16368,13806366,90,2124130,0,421,2
328.5720,16369,13806386,90,2124130,0,392,2
328.5935,16370,13806406,90,2124130,0,446,2
328.6130,16371,13806426,90,2124130,0,391,2
328.6321,16372,13806446,90,2124130,0,499,2
328.6513,16373,13806466,90,2124130,0,419,2
328.6726,16374,13806486,90,2124130,0,558,2
328.6919,16375,13806506,90,2124130,0,477,2
328.7114,16376,13806526,90,2124130,0,408,2
328.7326,16377,13806546,90,2124130,0,450,2
328.7517,16378,13806566,90,2124130,0,395,2
328.7731,16379,13806586,90,2124130,0,422,2
328.7926,16380,13806606,90,2124130,0,419,2
328.8117,16381,13806626,90,2124130,0,422,2
328.8329,16382,13806646,90,2124130,0,481,2
328.8529,16383,13806666,90,2124130,0,840,2
328.8723,16384,13806686,90,2124130,0,541,2
328.8992,16385,13806706,90,2124130,0,418,2
328.9121,16386,13806726,90,2124130,0,397,2
328.9333,16387,13806746,90,2124130,0,432,2
328.9533,16388,13806766,90,2124130,0,423,2
328.9730,16389,13806786,90,2124130,0,425,2
328.9924,16390,13806806,90,2124130,0,391,2
329.0117,16391,13806826,90,2124130,0,437,2
329.0327,16392,13806846,90,2124130,0,444,2
329.0519,16393,13806866,90,2124130,0,389,2
329.0733,16394,13806886,90,2124130,0,448,2
329.0923,16395,13806906,90,2124130,0,408,2
329.1117,16396,13806926,90,2124130,0,425,2
329.1327,16397,13806946,90,2124130,0,419,2
329.1517,16398,13806966,90,2124130,0,671,2
329.1733,16399,13806986,90,2124130,0,408,2
329.1927,16400,13807006,90,2124130,0,557,2
329.2123,16401,13807026,90,2124130,0,471,2
329.2314,16402,13807046,90,2124130,0,435,2
329.2527,16403,13807066,90,2124130,0,390,2
329.2719,16404,13807086,90,2124130,0,423,2
329.2933,16405,13807106,90,2124130,0,429,2
329.3125,16406,13807126,90,2124130,0,392,2
329.3317,16407,13807146,90,2124130,0,461,2
329.3530,16408,13807166,90,2124130,0,621,2
329.3724,16409,13807186,90,2124130,0,409,2
329.3984,16410,13807206,90,2124130,0,546,2
329.4133,16411,13807226,90,2124130,0,422,2
329.4323,16412,13807246,90,2124130,0,421,2
329.4514,16413,13807266,90,2124130,0,448,2
329.4727,16414,13807286,90,2124130,0,402,2
329.4922,16415,13807306,90,2124130,0,422,2
329.5116,16416,13807326,90,2124130,0,423,2
329.5326,16417,13807346,90,2124130,0,472,2
329.5517,16418,13807366,90,2124130,0,842,2
329.5735,16419,13807386,90,2124130,0,482,2
329.5928,16420,13807406,90,2124130,0,437,2
329.6121,16421,13807426,90,2124130,0,472,2
329.6330,16422,13807446,90,2124130,0,770,2
329.6520,16423,13807466,90,2124130,0,424,2
329.6732,16424,13807486,90,2124130,0,550,2
329.6925,16425,13807506,90,2124130,0,445,2
329.7118,16426,13807526,90,2124130,0,416,2
329.7330,16427,13807546,90,2124130,0,439,2
329.7523,16428,13807566,90,2124130,0,443,2
329.7714,16429,13807586,90,2124130,0,433,2
329.7928,16430,13807606,90,2124130,0,392,2
329.8121,16431,13807626,90,2124130,0,423,2
329.8332,16432,13807646,90,2124130,0,458,2
329.8533,16433,13807666,90,2124130,0,813,2
329.8731,16434,13807686,90,2124130,0,472,2
329.8993,16435,13807706,90,2124130,0,465,2
329.9119,16436,13807726,90,2124130,0,486,2
329.9332,16437,13807746,90,2124130,0,417,2
329.9518,16438,13807766,90,2124130,0,395,2
329.9735,16439,13807786,90,2124130,0,445,2
329.9931,16440,13807806,90,2124130,0,393,2
330.0127,16441,13807826,90,2124130,0,419,2
330.0319,16442,13807846,90,2124130,0,465,2
330.0528,16443,13807866,90,2124130,0,456,2
330.0723,16444,13807886,90,2124130,0,850,2
330.0914,16445,13807906,90,2124130,0,549,2
330.1127,16446,13807926,90,2124130,0,412,2
330.1318,16447,13807946,90,2124130,0,417,2
330.1514,16448,13807966,90,2124130,0,432,2
330.1728,16449,13807986,90,2124130,0,411,2
330.1918,16450,13808006,90,2124130,0,397,2
330.2136,16451,13808026,90,2124130,0,445,2
330.2327,16452,13808046,90,2124130,0,418,2
330.2519,16453,13808066,90,2124130,0,412,2
330.2732,16454,13808086,90,2124130,0,421,2
330.2923,16455,13808106,90,2124130,0,423,2
330.3118,16456,13808126,90,2124130,0,423,2
330.3328,16457,13808146,90,2124130,0,472,2
330.3519,16458,13808166,90,2124130,0,815,2
330.3733,16459,13808186,90,2124130,0,472,2
330.3992,16460,13808206,90,2124130,0,414,2
330.4123,16461,13808226,90,2124130,0,498,2
330.4319,16462,13808246,90,2124130,0,429,2
330.4516,16463,13808266,90,2124130,0,412,2
330.4734,16464,13808286,90,2124130,0,424,2
330.4929,16465,13808306,90,2124130,0,396,2
330.5122,16466,13808326,90,2124130,0,412,2
330.5315,16467,13808346,90,2124130,0,476,2
330.5527,16468,13808366,90,2124130,0,485,2
330.5723,16469,13808386,90,2124130,0,851,2
330.5935,16470,13808406,90,2124130,0,539,2
330.6128,16471,13808426,90,2124130,0,418,2
330.6319,16472,13808446,90,2124130,0,432,2
330.6519,16473,13808466,90,2124130,0,422,2
330.6721,16474,13808486,90,2124130,0,391,2
330.6915,16475,13808506,90,2124130,0,418,2
330.7131,16476,13808526,90,2124130,0,450,2
330.7321,16477,13808546,90,2124130,0,432,2
330.7534,16478,13808566,90,2124130,0,395,2
330.7727,16479,13808586,90,2124130,0,422,2
330.7919,16480,13808606,90,2124130,0,423,2
330.8133,16481,13808626,90,2124130,0,416,2
330.8328,16482,13808646,90,2124130,0,472,2
330.8527,16483,13808666,90,2124130,0,859,2
330.8723,16484,13808686,90,2124130,0,582,2
330.9006,16485,13808706,90,2124130,0,418,2
330.9116,16486,13808726,90,2124130,0,403,2
330.9329,16487,13808746,90,2124130,0,478,2
330.9518,16488,13808766,90,2124130,0,600,2
330.9732,16489,13808786,90,2124130,0,765,2
330.9928,16490,13808806,90,2124130,0,465,2
331.0122,16491,13808826,90,2124130,0,434,2
331.0334,16492,13808846,90,2124130,0,413,2
331.0526,16493,13808866,90,2124130,0,393,2
331.0720,16494,13808886,90,2124130,0,422,2
331.0938,16495,13808906,90,2124130,0,424,2
331.1132,16496,13808926,90,2124130,0,395,2
331.1322,16497,13808946,90,2124130,0,474,2
331.1531,16498,13808966,90,2124130,0,629,2
331.1723,16499,13808986,90,2124130,0,635,2
331.1914,16500,13809006,90,2124130,0,425,2
331.2127,16501,13809026,90,2124130,0,480,2
331.2315,16502,13809046,90,2124130,0,429,2
331.2528,16503,13809066,90,2124130,0,423,2
331.2721,16504,13809086,90,2124130,0,429,2
331.2920,16505,13809106,90,2124130,0,453,2
331.3117,16506,13809126,90,2124130,0,418,2
331.3333,16507,13809146,90,2124130,0,413,2
331.3525,16508,13809166,90,2124130,0,425,2
331.3716,16509,13809186,90,2124130,0,422,2
331.3916,16510,13809206,90,2124130,0,482,2
331.4119,16511,13809226,90,2124130,0,481,2
331.4335,16512,13809246,90,2124130,0,429,2
331.4527,16513,13809266,90,2124130,0,405,2
331.4719,16514,13809286,90,2124130,0,411,2
331.4934,16515,13809306,90,2124130,0,395,2
331.5130,16516,13809326,90,2124130,0,424,2
331.5320,16517,13809346,90,2124130,0,487,2
331.5529,16518,13809366,90,2124130,0,602,2
331.5726,16519,13809386,90,2124130,0,829,2
331.5918,16520,13809406,90,2124130,0,474,2
331.6131,16521,13809426,90,2124130,0,411,2
331.6326,16522,13809446,90,2124130,0,421,2
331.6515,16523,13809466,90,2124130,0,424,2
331.6735,16524,13809486,90,2124130,0,435,2
331.6920,16525,13809506,90,2124130,0,418,2
331.7118,16526,13809526,90,2124130,0,389,2
331.7319,16527,13809546,90,2124130,0,451,2
331.7531,16528,13809566,90,2124130,0,630,2
331.7728,16529,13809586,90,2124130,0,403,2
331.7928,16530,13809606,90,2124130,0,552,2
331.8121,16531,13809626,90,2124130,0,455,2
331.8316,16532,13809646,90,2124130,0,418,2
331.8529,16533,13809666,90,2124130,0,392,2
331.8722,16534,13809686,90,2124130,0,422,2
331.8930,16535,13809706,90,2124130,0,422,2
331.9129,16536,13809726,90,2124130,0,451,2
331.9320,16537,13809746,90,2124130,0,414,2
331.9529,16538,13809766,90,2124130,0,397,2
331.9721,16539,13809786,90,2124130,0,419,2
331.9935,16540,13809806,90,2124130,0,425,2
332.0128,16541,13809826,90,2124130,0,414,2
332.0318,16542,13809846,90,2124130,0,475,2
332.0529,16543,13809866,90,2124130,0,499,2
332.0720,16544,13809886,90,2124130,0,435,2
332.0939,16545,13809906,90,2124130,0,480,2
332.1128,16546,13809926,90,2124130,0,396,2
332.1320,16547,13809946,90,2124130,0,442,2
332.1529,16548,13809966,90,2124130,0,391,2
332.1719,16549,13809986,90,2124130,0,422,2
332.1930,16550,13810006,90,2124130,0,418,2
332.2120,16551,13810026,90,2124130,0,440,2
332.2317,16552,13810046,90,2124130,0,443,2
332.2533,16553,13810066,90,2124130,0,390,2
332.2730,16554,13810086,90,2124130,0,438,2
332.2924,16555,13810106,90,2124130,0,424,2
332.3119,16556,13810126,90,2124130,0,414,2
332.3329,16557,13810146,90,2124130,0,429,2
332.3521,16558,13810166,90,2124130,0,419,2
332.3713,16559,13810186,90,2124130,0,427,2
332.3929,16560,13810206,90,2124130,0,440,2
332.4122,16561,13810226,90,2124130,0,449,2
332.4334,16562,13810246,90,2124130,0,408,2
332.4523,16563,13810266,90,2124130,0,391,2
332.4714,16564,13810286,90,2124130,0,412,2
332.4927,16565,13810306,90,2124130,0,419,2
332.5117,16566,13810326,90,2124130,0,411,2
332.5333,16567,13810346,90,2124130,0,422,2
332.5523,16568,13810366,90,2124130,0,443,2
332.5714,16569,13810386,90,2124130,0,838,2
332.5928,16570,13810406,90,2124130,0,475,2
332.6118,16571,13810426,90,2124130,0,419,2
332.6331,16572,13810446,90,2124130,0,419,2
332.6520,16573,13810466,90,2124130,0,390,2
332.6734,16574,13810486,90,2124130,0,421,2
332.6928,16575,13810506,90,2124130,0,430,2
332.7123,16576,13810526,90,2124130,0,397,2
332.7315,16577,13810546,90,2124130,0,476,2
332.7526,16578,13810566,90,2124130,0,626,2
332.7721,16579,13810586,90,2124130,0,685,2
332.7918,16580,13810606,90,2124130,0,411,2
332.8115,16581,13810626,90,2124130,0,493,2
332.8332,16582,13810646,90,2124130,0,425,2
332.8522,16583,13810666,90,2124130,0,391,2
332.8715,16584,13810686,90,2124130,0,423,2
332.8932,16585,13810706,90,2124130,0,419,2
332.9132,16586,13810726,90,2124130,0,392,2
332.9332,16587,13810746,90,2124130,0,481,2
332.9525,16588,13810766,90,2124130,0,599,2
332.9723,16589,13810786,90,2124130,0,818,2
332.9918,16590,13810806,90,2124130,0,413,2
333.0132,16591,13810826,90,2124130,0,554,2
333.0322,16592,13810846,90,2124130,0,403,2
333.0532,16593,13810866,90,2124130,0,800,2
333.0725,16594,13810886,90,2124130,0,461,2
333.0915,16595,13810906,90,2124130,0,421,2
333.1129,16596,13810926,90,2124130,0,544,2
333.1322,16597,13810946,90,2124130,0,413,2
333.1532,16598,13810966,90,2124130,0,391,2
333.1723,16599,13810986,90,2124130,0,418,2
333.1917,16600,13811006,90,2124130,0,440,2
333.2132,16601,13811026,90,2124130,0,400,2
333.2323,16602,13811046,90,2124130,0,478,2
333.2532,16603,13811066,90,2124130,0,866,2
333.2724,16604,13811086,90,2124130,0,571,2
333.2916,16605,13811106,90,2124130,0,419,2
333.3134,16606,13811126,90,2124130,0,474,2
333.3328,16607,13811146,90,2124130,0,421,2
333.3521,16608,13811166,90,2124130,0,398,2
333.3713,16609,13811186,90,2124130,0,450,2
333.3929,16610,13811206,90,2124130,0,428,2
333.4125,16611,13811226,90,2124130,0,594,2
333.4320,16612,13811246,90,2124130,0,424,2
333.4530,16613,13811266,90,2124130,0,524,2
333.4725,16614,13811286,90,2124130,0,409,2
333.4917,16615,13811306,90,2124130,0,421,2
333.5132,16616,13811326,90,2124130,0,391,2
333.5323,16617,13811346,90,2124130,0,475,2
333.5534,16618,13811366,90,2124130,0,446,2
333.5725,16619,13811386,90,2124130,0,818,2
333.5919,16620,13811406,90,2124130,0,519,2
333.6117,16621,13811426,90,2124130,0,425,2
333.6330,16622,13811446,90,2124130,0,409,2
333.6519,16623,13811466,90,2124130,0,389,2
333.6732,16624,13811486,90,2124130,0,442,2
333.6925,16625,13811506,90,2124130,0,429,2
333.7119,16626,13811526,90,2124130,0,392,2
333.7333,16627,13811546,90,2124130,0,445,2
333.7525,16628,13811566,90,2124130,0,392,2
333.7719,16629,13811586,90,2124130,0,445,2
333.7914,16630,13811606,90,2124130,0,393,2
333.8128,16631,13811626,90,2124130,0,419,2
333.8321,16632,13811646,90,2124130,0,475,2
333.8533,16633,13811666,90,2124130,0,483,2
333.8730,16634,13811686,90,2124130,0,662,2
333.8946,16635,13811706,90,2124130,0,412,2
333.9119,16636,13811726,90,2124130,0,462,2
333.9332,16637,13811746,90,2124130,0,605,2
333.9520,16638,13811766,90,2124130,0,407,2
333.9713,16639,13811786,90,2124130,0,555,2
333.9927,16640,13811806,90,2124130,0,467,2
334.0119,16641,13811826,90,2124130,0,408,2
334.0316,16642,13811846,90,2124130,0,794,2
334.0530,16643,13811866,90,2124130,0,411,2
334.0724,16644,13811886,90,2124130,0,563,2
334.0917,16645,13811906,90,2124130,0,412,2
334.1129,16646,13811926,90,2124130,0,393,2
334.1328,16647,13811946,90,2124130,0,476,2
334.1520,16648,13811966,90,2124130,0,615,2
334.1723,16649,13811986,90,2124130,0,816,2
334.1921,16650,13812006,90,2124130,0,411,2
334.2118,16651,13812026,90,2124130,0,555,2
334.2329,16652,13812046,90,2124130,0,400,2
334.2518,16653,13812066,90,2124130,0,416,2
334.2715,16654,13812086,90,2124130,0,395,2
334.2928,16655,13812106,90,2124130,0,417,2
334.3124,16656,13812126,90,2124130,0,433,2
334.3314,16657,13812146,90,2124130,0,437,2
334.3523,16658,13812166,90,2124130,0,393,2
334.3715,16659,13812186,90,2124130,0,411,2
334.3953,16660,13812206,90,2124130,0,434,2
334.4127,16661,13812226,90,2124130,0,417,2
334.4320,16662,13812246,90,2124130,0,422,2
334.4536,16663,13812266,90,2124130,0,421,2
334.4715,16664,13812286,90,2124130,0,417,2
334.4913,16665,13812306,90,2124130,0,422,2
334.5132,16666,13812326,90,2124130,0,609,2
334.5326,16667,13812346,90,2124130,0,482,2
334.5517,16668,13812366,90,2124130,0,477,2
334.5734,16669,13812386,90,2124130,0,400,2
334.5916,16670,13812406,90,2124130,0,397,2
334.6134,16671,13812426,90,2124130,0,421,2
334.6330,16672,13812446,90,2124130,0,494,2
334.6521,16673,13812466,90,2124130,0,827,2
334.6714,16674,13812486,90,2124130,0,413,2
334.6926,16675,13812506,90,2124130,0,555,2
334.7120,16676,13812526,90,2124130,0,475,2
334.7317,16677,13812546,90,2124130,0,421,2
334.7514,16678,13812566,90,2124130,0,392,2
334.7730,16679,13812586,90,2124130,0,416,2
334.7925,16680,13812606,90,2124130,0,443,2
334.8120,16681,13812626,90,2124130,0,393,2
334.8313,16682,13812646,90,2124130,0,480,2
334.8526,16683,13812666,90,2124130,0,813,2
334.8725,16684,13812686,90,2124130,0,499,2
334.8924,16685,13812706,90,2124130,0,418,2
334.9128,16686,13812726,90,2124130,0,397,2
334.9324,16687,13812746,90,2124130,0,443,2
334.9513,16688,13812766,90,2124130,0,392,2
334.9726,16689,13812786,90,2124130,0,435,2
334.9917,16690,13812806,90,2124130,0,428,2
335.0135,16691,13812826,90,2124130,0,523,2
335.0330,16692,13812846,90,2124130,0,502,2
335.0519,16693,13812866,90,2124130,0,429,2
335.0732,16694,13812886,90,2124130,0,458,2
335.0925,16695,13812906,90,2124130,0,408,2
335.1121,16696,13812926,90,2124130,0,423,2
335.1316,16697,13812946,90,2124130,0,414,2
335.1535,16698,13812966,90,2124130,0,417,2
335.1734,16699,13812986,90,2124130,0,425,2
335.1929,16700,13813006,90,2124130,0,418,2
335.2126,16701,13813026,90,2124130,0,439,2
335.2318,16702,13813046,90,2124130,0,421,2
335.2530,16703,13813066,90,2124130,0,448,2
335.2724,16704,13813086,90,2124130,0,389,2
335.2917,16705,13813106,90,2124130,0,412,2
335.3136,16706,13813126,90,2124130,0,421,2
335.3334,16707,13813146,90,2124130,0,465,2
335.3526,16708,13813166,90,2124130,0,482,2
335.3719,16709,13813186,90,2124130,0,604,2
335.3916,16710,13813206,90,2124130,0,406,2
335.4119,16711,13813226,90,2124130,0,414,2
335.4334,16712,13813246,90,2124130,0,472,2
335.4523,16713,13813266,90,2124130,0,391,2
335.4718,16714,13813286,90,2124130,0,425,2
335.4931,16715,13813306,90,2124130,0,616,2
335.5126,16716,13813326,90,2124130,0,411,2
335.5318,16717,13813346,90,2124130,0,458,2
335.5528,16718,13813366,90,2124130,0,402,2
335.5721,16719,13813386,90,2124130,0,439,2
335.5915,16720,13813406,90,2124130,0,406,2
335.6128,16721,13813426,90,2124130,0,417,2
335.6324,16722,13813446,90,2124130,0,413,2
335.6521,16723,13813466,90,2124130,0,445,2
335.6722,16724,13813486,90,2124130,0,397,2
335.6919,16725,13813506,90,2124130,0,419,2
335.7133,16726,13813526,90,2124130,0,411,2
335.7327,16727,13813546,90,2124130,0,491,2
335.7518,16728,13813566,90,2124130,0,631,2
335.7731,16729,13813586,90,2124130,0,409,2
335.7925,16730,13813606,90,2124130,0,546,2
335.8122,16731,13813626,90,2124130,0,477,2
335.8340,16732,13813646,90,2124130,0,408,2
335.8531,16733,13813666,70,2124130,0,284,2
335.8721,16734,13813686,70,2124130,0,402,2
335.8915,16735,13813706,70,2124130,0,280,2
335.9130,16736,13813726,70,2124130,0,374,2
335.9327,16737,13813746,70,2124130,0,385,2
335.9521,16738,13813766,70,2124130,0,272,2
335.9721,16739,13813786,70,2124130,0,342,2
335.9916,16740,13813806,70,2124130,0,416,2
336.0133,16741,13813826,70,2124130,0,281,2
336.0333,16742,13813846,70,2124130,0,285,2
336.0523,16743,13813866,70,2124130,0,694,2
336.0714,16744,13813886,70,2124130,0,563,2
336.0927,16745,13813906,70,2124130,0,283,2
336.1122,16746,13813926,70,2124130,0,285,2
336.1323,16747,13813946,70,2124130,0,377,2
336.1518,16748,13813966,70,2124130,0,396,2
336.1715,16749,13813986,70,2124130,0,327,2
336.1929,16750,13814006,70,2124130,0,430,2
336.2124,16751,13814026,70,2124130,0,374,2
336.2319,16752,13814046,70,2124130,0,338,2
336.2529,16753,13814066,70,2124130,0,284,2
336.2722,16754,13814086,70,2124130,0,727,2
336.2917,16755,13814106,70,2124130,0,277,2
336.3138,16756,13814126,70,2124130,0,288,2
336.3333,16757,13814146,70,2124130,0,377,2
336.3527,16758,13814166,70,2124130,0,647,2
336.3718,16759,13814186,70,2124130,0,281,2
336.3933,16760,13814206,70,2124130,0,350,2
336.4129,16761,13814226,70,2124130,0,694,2
336.4323,16762,13814246,70,2124130,0,288,2
336.4533,16763,13814266,70,2124130,0,364,2
336.4727,16764,13814286,70,2124130,0,425,2
336.4917,16765,13814306,70,2124130,0,376,2
336.5130,16766,13814326,70,2124130,0,342,2
336.5322,16767,13814346,70,2124130,0,281,2
336.5534,16768,13814366,70,2124130,0,430,2
336.5728,16769,13814386,70,2124130,0,509,2
336.5925,16770,13814406,70,2124130,0,281,2
336.6117,16771,13814426,70,2124130,0,286,2
336.6331,16772,13814446,70,2124130,0,380,2
336.6523,16773,13814466,70,2124130,0,341,2
336.6715,16774,13814486,70,2124130,0,429,2
336.6928,16775,13814506,70,2124130,0,309,2
336.7122,16776,13814526,70,2124130,0,427,2
336.7318,16777,13814546,70,2124130,0,547,2
336.7534,16778,13814566,70,2124130,0,347,2
336.7727,16779,13814586,70,2124130,0,290,2
336.7924,16780,13814606,70,2124130,0,711,2
336.8116,16781,13814626,70,2124130,0,279,2
336.8330,16782,13814646,70,2124130,0,329,2
336.8545,16783,13814666,70,2124130,0,753,2
336.8715,16784,13814686,70,2124130,0,279,2
336.8930,16785,13814706,70,2124130,0,424,2
336.9124,16786,13814726,70,2124130,0,732,2
336.9319,16787,13814746,70,2124130,0,283,2
336.9528,16788,13814766,70,2124130,0,352,2
336.9720,16789,13814786,70,2124130,0,430,2
336.9913,16790,13814806,70,2124130,0,297,2
337.0133,16791,13814826,70,2124130,0,296,2
337.0330,16792,13814846,70,2124130,0,557,2
337.0523,16793,13814866,70,2124130,0,770,2
337.0716,16794,13814886,70,2124130,0,284,2
337.0928,16795,13814906,70,2124130,0,284,2
337.1121,16796,13814926,70,2124130,0,429,2
337.1317,16797,13814946,70,2124130,0,373,2
337.1530,16798,13814966,70,2124130,0,296,2
337.1729,16799,13814986,70,2124130,0,723,2
337.1924,16800,13815006,70,2124130,0,390,2
337.2120,16801,13815026,70,2124130,0,280,2
337.2313,16802,13815046,70,2124130,0,376,2
337.2526,16803,13815066,70,2124130,0,369,2
337.2720,16804,13815086,70,2124130,0,332,2
337.2913,16805,13815106,70,2124130,0,339,2
337.3125,16806,13815126,70,2124130,0,430,2
337.3318,16807,13815146,70,2124130,0,392,2
337.3551,16808,13815166,70,2124130,0,295,2
337.3720,16809,13815186,70,2124130,0,544,2
337.3934,16810,13815206,70,2124130,0,350,2
337.4129,16811,13815226,70,2124130,0,284,2
337.4322,16812,13815246,70,2124130,0,327,2
337.4532,16813,13815266,70,2124130,0,428,2
337.4732,16814,13815286,70,2124130,0,379,2
337.4924,16815,13815306,70,2124130,0,323,2
337.5117,16816,13815326,70,2124130,0,695,2
337.5317,16817,13815346,70,2124130,0,291,2
337.5528,16818,13815366,70,2124130,0,280,2
337.5722,16819,13815386,70,2124130,0,353,2
337.5921,16820,13815406,70,2124130,0,428,2
337.6118,16821,13815426,70,2124130,0,375,2
337.6315,16822,13815446,70,2124130,0,288,2
337.6528,16823,13815466,70,2124130,0,434,2
337.6719,16824,13815486,70,2124130,0,375,2
337.6914,16825,13815506,70,2124130,0,321,2
337.7134,16826,13815526,70,2124130,0,398,2
337.7330,16827,13815546,70,2124130,0,369,2
337.7521,16828,13815566,70,2124130,0,294,2
337.7732,16829,13815586,70,2124130,0,329,2
337.7923,16830,13815606,70,2124130,0,432,2
337.8113,16831,13815626,70,2124130,0,374,2
337.8328,16832,13815646,70,2124130,0,375,2
337.8567,16833,13815666,70,2124130,0,290,2
337.8717,16834,13815686,70,2124130,0,293,2
337.8932,16835,13815706,70,2124130,0,430,2
337.9127,16836,13815726,70,2124130,0,742,2
337.9321,16837,13815746,70,2124130,0,284,2
337.9534,16838,13815766,70,2124130,0,342,2
337.9729,16839,13815786,70,2124130,0,435,2
337.9927,16840,13815806,70,2124130,0,313,2
338.0122,16841,13815826,70,2124130,0,721,2
338.0326,16842,13815846,70,2124130,0,280,2
338.0517,16843,13815866,70,2124130,0,424,2
338.0729,16844,13815886,70,2124130,0,291,2
338.0922,16845,13815906,70,2124130,0,424,2
338.1115,16846,13815926,70,2124130,0,380,2
338.1332,16847,13815946,70,2124130,0,541,2
338.1529,16848,13815966,70,2124130,0,317,2
338.1725,16849,13815986,70,2124130,0,296,2
338.1918,16850,13816006,70,2124130,0,741,2
338.2133,16851,13816026,70,2124130,0,375,2
338.2332,16852,13816046,70,2124130,0,288,2
338.2524,16853,13816066,70,2124130,0,338,2
338.2713,16854,13816086,70,2124130,0,430,2
338.2927,16855,13816106,70,2124130,0,393,2
338.3117,16856,13816126,70,2124130,0,336,2
338.3331,16857,13816146,70,2124130,0,299,2
338.3565,16858,13816166,70,2124130,0,693,2
338.3716,16859,13816186,70,2124130,0,429,2
338.3930,16860,13816206,70,2124130,0,377,2
338.4123,16861,13816226,70,2124130,0,700,2
338.4317,16862,13816246,70,2124130,0,281,2
338.4513,16863,13816266,70,2124130,0,389,2
338.4734,16864,13816286,70,2124130,0,283,2
338.4927,16865,13816306,70,2124130,0,570,2
338.5118,16866,13816326,70,2124130,0,490,2
338.5332,16867,13816346,70,2124130,0,281,2
338.5521,16868,13816366,70,2124130,0,339,2
338.5720,16869,13816386,70,2124130,0,433,2
338.5930,16870,13816406,70,2124130,0,391,2
338.6126,16871,13816426,70,2124130,0,374,2
338.6320,16872,13816446,70,2124130,0,353,2
338.6531,16873,13816466,70,2124130,0,290,2
338.6722,16874,13816486,70,2124130,0,481,2
338.6914,16875,13816506,70,2124130,0,549,2
338.7129,16876,13816526,70,2124130,0,280,2
338.7323,16877,13816546,70,2124130,0,355,2
338.7532,16878,13816566,70,2124130,0,339,2
338.7723,16879,13816586,70,2124130,0,386,2
338.7916,16880,13816606,70,2124130,0,428,2
338.8115,16881,13816626,70,2124130,0,293,2
338.8335,16882,13816646,70,2124130,0,384,2
338.8568,16883,13816666,70,2124130,0,355,2
338.8718,16884,13816686,70,2124130,0,286,2
338.8932,16885,13816706,70,2124130,0,290,2
338.9126,16886,13816726,70,2124130,0,301,2
338.9318,16887,13816746,70,2124130,0,504,2
338.9533,16888,13816766,70,2124130,0,290,2
338.9723,16889,13816786,70,2124130,0,297,2
338.9916,16890,13816806,70,2124130,0,434,2
339.0134,16891,13816826,70,2124130,0,295,2
339.0334,16892,13816846,70,2124130,0,373,2
339.0532,16893,13816866,70,2124130,0,375,2
339.0721,16894,13816886,70,2124130,0,334,2
339.0933,16895,13816906,70,2124130,0,339,2
339.1128,16896,13816926,70,2124130,0,433,2
339.1322,16897,13816946,70,2124130,0,286,2
339.1533,16898,13816966,70,2124130,0,430,2
339.1726,16899,13816986,70,2124130,0,384,2
339.1918,16900,13817006,70,2124130,0,374,2
339.2133,16901,13817026,70,2124130,0,374,2
339.2326,16902,13817046,70,2124130,0,294,2
339.2516,16903,13817066,70,2124130,0,432,2
339.2730,16904,13817086,70,2124130,0,377,2
339.2924,16905,13817106,70,2124130,0,337,2
339.3117,16906,13817126,70,2124130,0,432,2
339.3331,16907,13817146,70,2124130,0,550,2
339.3587,16908,13817166,70,2124130,0,675,2
339.3715,16909,13817186,70,2124130,0,293,2
339.3927,16910,13817206,70,2124130,0,405,2
339.4120,16911,13817226,70,2124130,0,289,2
339.4332,16912,13817246,70,2124130,0,370,2
339.4524,16913,13817266,70,2124130,0,285,2
339.4713,16914,13817286,70,2124130,0,648,2
339.4927,16915,13817306,70,2124130,0,520,2
339.5118,16916,13817326,70,2124130,0,283,2
339.5316,16917,13817346,70,2124130,0,430,2
339.5528,16918,13817366,70,2124130,0,309,2
339.5720,16919,13817386,70,2124130,0,428,2
339.5921,16920,13817406,70,2124130,0,377,2
339.6117,16921,13817426,70,2124130,0,323,2
339.6330,16922,13817446,70,2124130,0,333,2
339.6519,16923,13817466,70,2124130,0,379,2
339.6733,16924,13817486,70,2124130,0,427,2
339.6925,16925,13817506,70,2124130,0,316,2
339.7118,16926,13817526,70,2124130,0,430,2
339.7334,16927,13817546,70,2124130,0,563,2
339.7523,16928,13817566,70,2124130,0,315,2
339.7713,16929,13817586,70,2124130,0,318,2
339.7928,16930,13817606,70,2124130,0,561,2
339.8126,16931,13817626,70,2124130,0,286,2
339.8321,16932,13817646,70,2124130,0,342,2
339.8600,16933,13817666,70,2124130,0,326,2
339.8729,16934,13817686,70,2124130,0,576,2
339.8923,16935,13817706,70,2124130,0,290,2
339.9116,16936,13817726,70,2124130,0,284,2
339.9331,16937,13817746,70,2124130,0,288,2
339.9524,16938,13817766,70,2124130,0,349,2
339.9720,16939,13817786,70,2124130,0,328,2
339.9916,16940,13817806,70,2124130,0,433,2
340.0130,16941,13817826,70,2124130,0,290,2
340.0326,16942,13817846,70,2124130,0,377,2
340.0514,16943,13817866,70,2124130,0,389,2
340.0729,16944,13817886,70,2124130,0,384,2
340.0922,16945,13817906,70,2124130,0,333,2
340.1112,16946,13817926,70,2124130,0,352,2
340.1327,16947,13817946,70,2124130,0,376,2
340.1521,16948,13817966,70,2124130,0,286,2
340.1720,16949,13817986,70,2124130,0,429,2
340.1915,16950,13818006,70,2124130,0,293,2
340.2128,16951,13818026,70,2124130,0,428,2
340.2323,16952,13818046,70,2124130,0,380,2
340.2517,16953,13818066,70,2124130,0,289,2
340.2726,16954,13818086,70,2124130,0,690,2
340.2918,16955,13818106,70,2124130,0,425,2
340.3113,16956,13818126,70,2124130,0,281,2
340.3336,16957,13818146,70,2124130,0,341,2
340.3530,16958,13818166,70,2124130,0,293,2
340.3725,16959,13818186,70,2124130,0,283,2
340.3918,16960,13818206,70,2124130,0,350,2
340.4120,16961,13818226,70,2124130,0,299,2
340.4318,16962,13818246,70,2124130,0,329,2
340.4515,16963,13818266,70,2124130,0,430,2
340.4724,16964,13818286,70,2124130,0,289,2
340.4916,16965,13818306,70,2124130,0,432,2
340.5129,16966,13818326,70,2124130,0,385,2
340.5323,16967,13818346,70,2124130,0,522,2
340.5515,16968,13818366,70,2124130,0,309,2
340.5729,16969,13818386,70,2124130,0,337,2
340.5914,16970,13818406,70,2124130,0,746,2
340.6132,16971,13818426,70,2124130,0,380,2
340.6326,16972,13818446,70,2124130,0,342,2
340.6516,16973,13818466,70,2124130,0,428,2
340.6724,16974,13818486,70,2124130,0,373,2
340.6914,16975,13818506,70,2124130,0,374,2
340.7127,16976,13818526,70,2124130,0,369,2
340.7319,16977,13818546,70,2124130,0,286,2
340.7532,16978,13818566,70,2124130,0,424,2
340.7719,16979,13818586,70,2124130,0,397,2
340.7933,16980,13818606,70,2124130,0,390,2
340.8126,16981,13818626,70,2124130,0,377,2
340.8315,16982,13818646,70,2124130,0,304,2
340.8531,16983,13818666,70,2124130,0,427,2
340.8720,16984,13818686,70,2124130,0,395,2
340.8915,16985,13818706,70,2124130,0,515,2
340.9129,16986,13818726,70,2124130,0,323,2
340.9321,16987,13818746,70,2124130,0,598,2
340.9513,16988,13818766,70,2124130,0,289,2
340.9725,16989,13818786,70,2124130,0,288,2
340.9916,16990,13818806,70,2124130,0,428,2
341.0128,16991,13818826,70,2124130,0,384,2
341.0323,16992,13818846,70,2124130,0,509,2
341.0516,16993,13818866,70,2124130,0,310,2
341.0725,16994,13818886,70,2124130,0,288,2
341.0920,16995,13818906,70,2124130,0,494,2
341.1134,16996,13818926,70,2124130,0,770,2
341.1328,16997,13818946,70,2124130,0,280,2
341.1522,16998,13818966,70,2124130,0,350,2
341.1735,16999,13818986,70,2124130,0,344,2
341.1933,17000,13819006,70,2124130,0,331,2
341.2130,17001,13819026,70,2124130,0,350,2
341.2324,17002,13819046,70,2124130,0,328,2
341.2517,17003,13819066,70,2124130,0,427,2
341.2728,17004,13819086,70,2124130,0,391,2
341.2919,17005,13819106,70,2124130,0,382,2
341.3132,17006,13819126,70,2124130,0,320,2
341.3325,17007,13819146,70,2124130,0,333,2
341.3519,17008,13819166,70,2124130,0,379,2
341.3732,17009,13819186,70,2124130,0,288,2
341.3922,17010,13819206,70,2124130,0,699,2
341.4113,17011,13819226,70,2124130,0,289,2
341.4324,17012,13819246,70,2124130,0,755,2
341.4516,17013,13819266,70,2124130,0,433,2
341.4727,17014,13819286,70,2124130,0,288,2
341.4918,17015,13819306,70,2124130,0,429,2
341.5134,17016,13819326,70,2124130,0,376,2
341.5327,17017,13819346,70,2124130,0,546,2
341.5517,17018,13819366,70,2124130,0,305,2
341.5730,17019,13819386,70,2124130,0,321,2
341.5933,17020,13819406,70,2124130,0,741,2
341.6127,17021,13819426,70,2124130,0,284,2
341.6322,17022,13819446,70,2124130,0,345,2
341.6516,17023,13819466,70,2124130,0,327,2
341.6728,17024,13819486,70,2124130,0,328,2
341.6919,17025,13819506,70,2124130,0,432,2
341.7133,17026,13819526,70,2124130,0,377,2
341.7328,17027,13819546,70,2124130,0,294,2
341.7518,17028,13819566,70,2124130,0,327,2
341.7729,17029,13819586,70,2124130,0,425,2
341.7921,17030,13819606,70,2124130,0,297,2
341.8137,17031,13819626,70,2124130,0,432,2
341.8331,17032,13819646,70,2124130,0,547,2
341.8527,17033,13819666,70,2124130,0,386,2
341.8717,17034,13819686,70,2124130,0,323,2
341.8930,17035,13819706,70,2124130,0,382,2
341.9120,17036,13819726,70,2124130,0,279,2
341.9333,17037,13819746,70,2124130,0,336,2
341.9523,17038,13819766,70,2124130,0,429,2
341.9733,17039,13819786,70,2124130,0,373,2
341.9924,17040,13819806,70,2124130,0,371,2
342.0115,17041,13819826,70,2124130,0,332,2
342.0331,17042,13819846,70,2124130,0,343,2
342.0522,17043,13819866,70,2124130,0,430,2
342.0732,17044,13819886,70,2124130,0,322,2
342.0923,17045,13819906,70,2124130,0,325,2
342.1115,17046,13819926,70,2124130,0,428,2
342.1330,17047,13819946,70,2124130,0,345,2
342.1522,17048,13819966,70,2124130,0,322,2
342.1731,17049,13819986,70,2124130,0,754,2
342.1924,17050,13820006,70,2124130,0,407,2
342.2116,17051,13820026,70,2124130,0,277,2
342.2330,17052,13820046,70,2124130,0,345,2
342.2522,17053,13820066,70,2124130,0,429,2
342.2713,17054,13820086,70,2124130,0,380,2
342.2926,17055,13820106,70,2124130,0,331,2
342.3116,17056,13820126,70,2124130,0,363,2
342.3333,17057,13820146,70,2124130,0,363,2
342.3527,17058,13820166,70,2124130,0,339,2
342.3716,17059,13820186,70,2124130,0,429,2
342.3928,17060,13820206,70,2124130,0,376,2
342.4118,17061,13820226,70,2124130,0,392,2
342.4329,17062,13820246,70,2124130,0,289,2
342.4522,17063,13820266,70,2124130,0,290,2
342.4714,17064,13820286,70,2124130,0,430,2
342.4927,17065,13820306,70,2124130,0,288,2
342.5118,17066,13820326,70,2124130,0,332,2
342.5334,17067,13820346,70,2124130,0,338,2
342.5526,17068,13820366,70,2124130,0,344,2
342.5716,17069,13820386,70,2124130,0,425,2
342.5930,17070,13820406,70,2124130,0,385,2
342.6126,17071,13820426,70,2124130,0,381,2
342.6318,17072,13820446,70,2124130,0,549,2
342.6533,17073,13820466,70,2124130,0,414,2
342.6722,17074,13820486,70,2124130,0,293,2
342.6912,17075,13820506,70,2124130,0,657,2
342.7127,17076,13820526,70,2124130,0,515,2
342.7319,17077,13820546,70,2124130,0,326,2
342.7532,17078,13820566,70,2124130,0,432,2
342.7721,17079,13820586,70,2124130,0,297,2
342.7916,17080,13820606,70,2124130,0,341,2
342.8130,17081,13820626,70,2124130,0,432,2
342.8322,17082,13820646,70,2124130,0,530,2
342.8541,17083,13820666,70,2124130,0,288,2
342.8718,17084,13820686,70,2124130,0,693,2
342.8914,17085,13820706,70,2124130,0,288,2
342.9130,17086,13820726,70,2124130,0,290,2
342.9327,17087,13820746,70,2124130,0,582,2
342.9522,17088,13820766,70,2124130,0,274,2
342.9713,17089,13820786,70,2124130,0,387,2
342.9925,17090,13820806,70,2124130,0,333,2
343.0116,17091,13820826,70,2124130,0,385,2
343.0329,17092,13820846,70,2124130,0,289,2
343.0521,17093,13820866,70,2124130,0,427,2
343.0713,17094,13820886,70,2124130,0,370,2
343.0926,17095,13820906,70,2124130,0,384,2
343.1117,17096,13820926,70,2124130,0,376,2
343.1334,17097,13820946,70,2124130,0,515,2
343.1527,17098,13820966,70,2124130,0,281,2
343.1718,17099,13820986,70,2124130,0,339,2
343.1931,17100,13821006,70,2124130,0,538,2
343.2129,17101,13821026,70,2124130,0,291,2
343.2322,17102,13821046,70,2124130,0,338,2
343.2520,17103,13821066,70,2124130,0,341,2
343.2733,17104,13821086,70,2124130,0,429,2
343.2927,17105,13821106,70,2124130,0,289,2
343.3116,17106,13821126,70,2124130,0,334,2
343.3332,17107,13821146,70,2124130,0,384,2
343.3552,17108,13821166,70,2124130,0,381,2
343.3730,17109,13821186,70,2124130,0,278,2
343.3922,17110,13821206,70,2124130,0,393,2
343.4117,17111,13821226,70,2124130,0,428,2
343.4332,17112,13821246,70,2124130,0,279,2
343.4527,17113,13821266,70,2124130,0,286,2
343.4718,17114,13821286,70,2124130,0,427,2
343.4912,17115,13821306,70,2124130,0,291,2
343.5129,17116,13821326,70,2124130,0,430,2
343.5328,17117,13821346,70,2124130,0,379,2
343.5527,17118,13821366,70,2124130,0,338,2
343.5719,17119,13821386,70,2124130,0,768,2
343.5914,17120,13821406,70,2124130,0,429,2
343.6131,17121,13821426,70,2124130,0,286,2
343.6327,17122,13821446,70,2124130,0,327,2
343.6520,17123,13821466,70,2124130,0,437,2
343.6718,17124,13821486,70,2124130,0,386,2
343.6917,17125,13821506,70,2124130,0,325,2
343.7132,17126,13821526,70,2124130,0,432,2
343.7327,17127,13821546,70,2124130,0,412,2
343.7519,17128,13821566,70,2124130,0,334,2
343.7728,17129,13821586,70,2124130,0,722,2
343.7918,17130,13821606,70,2124130,0,284,2
343.8132,17131,13821626,70,2124130,0,382,2
343.8322,17132,13821646,70,2124130,0,376,2
343.8514,17133,13821666,70,2124130,0,289,2
343.8727,17134,13821686,70,2124130,0,286,2
343.8919,17135,13821706,70,2124130,0,432,2
343.9134,17136,13821726,70,2124130,0,289,2
343.9328,17137,13821746,70,2124130,0,597,2
343.9524,17138,13821766,70,2124130,0,289,2
343.9714,17139,13821786,70,2124130,0,283,2
343.9927,17140,13821806,70,2124130,0,387,2
344.0120,17141,13821826,70,2124130,0,327,2
344.0333,17142,13821846,70,2124130,0,385,2
344.0527,17143,13821866,70,2124130,0,393,2
344.0715,17144,13821886,70,2124130,0,336,2
344.0928,17145,13821906,70,2124130,0,334,2
344.1122,17146,13821926,70,2124130,0,339,2
344.1316,17147,13821946,70,2124130,0,368,2
344.1531,17148,13821966,70,2124130,0,305,2
344.1725,17149,13821986,70,2124130,0,429,2
344.1917,17150,13822006,70,2124130,0,382,2
344.2133,17151,13822026,70,2124130,0,397,2
344.2334,17152,13822046,70,2124130,0,544,2
344.2532,17153,13822066,70,2124130,0,363,2
344.2724,17154,13822086,70,2124130,0,279,2
344.2916,17155,13822106,70,2124130,0,428,2
344.3128,17156,13822126,70,2124130,0,482,2
344.3324,17157,13822146,70,2124130,0,289,2
344.3516,17158,13822166,70,2124130,0,427,2
344.3728,17159,13822186,70,2124130,0,380,2
344.3921,17160,13822206,70,2124130,0,339,2
344.4118,17161,13822226,70,2124130,0,428,2
344.4334,17162,13822246,70,2124130,0,288,2
344.4527,17163,13822266,70,2124130,0,369,2
344.4717,17164,13822286,70,2124130,0,432,2
344.4929,17165,13822306,70,2124130,0,390,2
344.5120,17166,13822326,70,2124130,0,341,2
344.5315,17167,13822346,70,2124130,0,382,2
344.5513,17168,13822366,70,2124130,0,323,2
344.5725,17169,13822386,70,2124130,0,361,2
344.5925,17170,13822406,70,2124130,0,427,2
344.6116,17171,13822426,70,2124130,0,331,2
344.6330,17172,13822446,70,2124130,0,387,2
344.6524,17173,13822466,70,2124130,0,380,2
344.6714,17174,13822486,70,2124130,0,322,2
344.6927,17175,13822506,70,2124130,0,353,2
344.7124,17176,13822526,70,2124130,0,434,2
344.7321,17177,13822546,70,2124130,0,544,2
344.7515,17178,13822566,70,2124130,0,377,2
344.7726,17179,13822586,70,2124130,0,360,2
344.7918,17180,13822606,70,2124130,0,677,2
344.8115,17181,13822626,70,2124130,0,461,2
344.8331,17182,13822646,70,2124130,0,342,2
344.8526,17183,13822666,70,2124130,0,350,2
344.8721,17184,13822686,70,2124130,0,337,2
344.8915,17185,13822706,70,2124130,0,283,2
344.9127,17186,13822726,70,2124130,0,433,2
344.9324,17187,13822746,70,2124130,0,421,2
344.9527,17188,13822766,70,2124130,0,281,2
344.9718,17189,13822786,70,2124130,0,434,2
344.9931,17190,13822806,70,2124130,0,387,2
345.0126,17191,13822826,70,2124130,0,327,2
345.0318,17192,13822846,70,2124130,0,374,2
345.0513,17193,13822866,70,2124130,0,386,2
345.0723,17194,13822886,70,2124130,0,384,2
345.0914,17195,13822906,70,2124130,0,384,2
345.1128,17196,13822926,70,2124130,0,332,2
345.1322,17197,13822946,70,2124130,0,329,2
345.1515,17198,13822966,70,2124130,0,337,2
345.1727,17199,13822986,70,2124130,0,429,2
345.1918,17200,13823006,70,2124130,0,288,2
345.2132,17201,13823026,70,2124130,0,432,2
345.2324,17202,13823046,70,2124130,0,375,2
345.2516,17203,13823066,70,2124130,0,326,2
345.2727,17204,13823086,70,2124130,0,760,2
345.2920,17205,13823106,70,2124130,0,286,2
345.3113,17206,13823126,70,2124130,0,294,2
345.3329,17207,13823146,70,2124130,0,382,2
345.3523,17208,13823166,70,2124130,0,379,2
345.3717,17209,13823186,70,2124130,0,397,2
345.3931,17210,13823206,70,2124130,0,339,2
345.4124,17211,13823226,70,2124130,0,434,2
345.4319,17212,13823246,70,2124130,0,443,2
345.4534,17213,13823266,70,2124130,0,288,2
345.4723,17214,13823286,70,2124130,0,334,2
345.4912,17215,13823306,70,2124130,0,336,2
345.5124,17216,13823326,70,2124130,0,430,2
345.5318,17217,13823346,70,2124130,0,370,2
345.5513,17218,13823366,70,2124130,0,285,2
345.5723,17219,13823386,70,2124130,0,705,2
345.5919,17220,13823406,70,2124130,0,416,2
345.6132,17221,13823426,70,2124130,0,284,2
345.6327,17222,13823446,70,2124130,0,374,2
345.6521,17223,13823466,70,2124130,0,379,2
345.6713,17224,13823486,70,2124130,0,328,2
345.6927,17225,13823506,70,2124130,0,343,2
345.7119,17226,13823526,70,2124130,0,430,2
345.7331,17227,13823546,70,2124130,0,535,2
345.7524,17228,13823566,70,2124130,0,312,2
345.7714,17229,13823586,70,2124130,0,293,2
345.7927,17230,13823606,70,2124130,0,749,2
345.8120,17231,13823626,70,2124130,0,549,2
345.8314,17232,13823646,70,2124130,0,279,2
345.8532,17233,13823666,70,2124130,0,421,2
345.8723,17234,13823686,70,2124130,0,281,2
345.8913,17235,13823706,70,2124130,0,360,2
345.9126,17236,13823726,70,2124130,0,290,2
345.9318,17237,13823746,70,2124130,0,386,2
345.9514,17238,13823766,70,2124130,0,290,2
345.9728,17239,13823786,70,2124130,0,434,2
345.9927,17240,13823806,70,2124130,0,373,2
346.0125,17241,13823826,70,2124130,0,342,2
346.0321,17242,13823846,70,2124130,0,381,2
346.0519,17243,13823866,70,2124130,0,320,2
346.0732,17244,13823886,70,2124130,0,390,2
346.0927,17245,13823906,70,2124130,0,328,2
346.1121,17246,13823926,70,2124130,0,430,2
346.1315,17247,13823946,70,2124130,0,550,2
346.1532,17248,13823966,70,2124130,0,283,2
346.1723,17249,13823986,70,2124130,0,509,2
346.1914,17250,13824006,70,2124130,0,460,2
346.2127,17251,13824026,70,2124130,0,291,2
346.2321,17252,13824046,70,2124130,0,377,2
346.2516,17253,13824066,70,2124130,0,379,2
346.2727,17254,13824086,70,2124130,0,370,2
346.2918,17255,13824106,70,2124130,0,373,2
346.3130,17256,13824126,70,2124130,0,384,2
346.3322,17257,13824146,70,2124130,0,549,2
346.3515,17258,13824166,70,2124130,0,565,2
346.3726,17259,13824186,70,2124130,0,339,2
346.3919,17260,13824206,70,2124130,0,289,2
346.4112,17261,13824226,70,2124130,0,355,2
346.4327,17262,13824246,70,2124130,0,540,2
346.4521,17263,13824266,70,2124130,0,289,2
346.4730,17264,13824286,70,2124130,0,342,2
346.4925,17265,13824306,70,2124130,0,424,2
346.5117,17266,13824326,70,2124130,0,381,2
346.5330,17267,13824346,70,2124130,0,291,2
346.5523,17268,13824366,70,2124130,0,430,2
346.5715,17269,13824386,70,2124130,0,370,2
346.5930,17270,13824406,70,2124130,0,375,2
346.6122,17271,13824426,70,2124130,0,325,2
346.6314,17272,13824446,70,2124130,0,374,2
346.6525,17273,13824466,70,2124130,0,385,2
346.6713,17274,13824486,70,2124130,0,377,2
346.6926,17275,13824506,70,2124130,0,384,2
346.7117,17276,13824526,70,2124130,0,338,2
346.7331,17277,13824546,70,2124130,0,376,2
346.7522,17278,13824566,70,2124130,0,393,2
346.7733,17279,13824586,70,2124130,0,327,2
346.7925,17280,13824606,70,2124130,0,430,2
346.8117,17281,13824626,70,2124130,0,380,2
346.8330,17282,13824646,70,2124130,0,549,2
346.8524,17283,13824666,70,2124130,0,717,2
346.8739,17284,13824686,70,2124130,0,283,2
346.8930,17285,13824706,70,2124130,0,380,2
346.9124,17286,13824726,70,2124130,0,284,2
346.9320,17287,13824746,70,2124130,0,316,2
346.9516,17288,13824766,70,2124130,0,434,2
346.9728,17289,13824786,70,2124130,0,293,2
346.9919,17290,13824806,70,2124130,0,427,2
347.0111,17291,13824826,70,2124130,0,328,2
347.0326,17292,13824846,70,2124130,0,366,2
347.0520,17293,13824866,70,2124130,0,296,2
347.0728,17294,13824886,70,2124130,0,429,2
347.0918,17295,13824906,70,2124130,0,296,2
347.1131,17296,13824926,70,2124130,0,433,2
347.1325,17297,13824946,70,2124130,0,530,2
347.1521,17298,13824966,70,2124130,0,283,2
347.1733,17299,13824986,70,2124130,0,487,2
347.1925,17300,13825006,70,2124130,0,698,2
347.2119,17301,13825026,70,2124130,0,524,2
347.2312,17302,13825046,70,2124130,0,286,2
347.2524,17303,13825066,70,2124130,0,353,2
347.2713,17304,13825086,70,2124130,0,437,2
347.2927,17305,13825106,70,2124130,0,293,2
347.3121,17306,13825126,70,2124130,0,344,2
347.3313,17307,13825146,70,2124130,0,326,2
347.3524,17308,13825166,70,2124130,0,751,2
347.3760,17309,13825186,70,2124130,0,363,2
347.3931,17310,13825206,70,2124130,0,291,2
347.4125,17311,13825226,70,2124130,0,286,2
347.4319,17312,13825246,70,2124130,0,599,2
347.4514,17313,13825266,70,2124130,0,281,2
347.4724,17314,13825286,70,2124130,0,288,2
347.4914,17315,13825306,70,2124130,0,424,2
347.5127,17316,13825326,70,2124130,0,381,2
347.5316,17317,13825346,70,2124130,0,517,2
347.5529,17318,13825366,70,2124130,0,288,2
347.5719,17319,13825386,70,2124130,0,515,2
347.5932,17320,13825406,70,2124130,0,562,2
347.6126,17321,13825426,70,2124130,0,290,2
347.6319,17322,13825446,70,2124130,0,348,2
347.6513,17323,13825466,70,2124130,0,343,2
347.6727,17324,13825486,70,2124130,0,371,2
347.6919,17325,13825506,70,2124130,0,331,2
347.7112,17326,13825526,70,2124130,0,349,2
347.7326,17327,13825546,70,2124130,0,322,2
347.7517,17328,13825566,70,2124130,0,424,2
347.7729,17329,13825586,70,2124130,0,306,2
347.7920,17330,13825606,70,2124130,0,429,2
347.8112,17331,13825626,70,2124130,0,310,2
347.8328,17332,13825646,70,2124130,0,545,2
347.8519,17333,13825666,70,2124130,0,285,2
347.8774,17334,13825686,70,2124130,0,286,2
347.8925,17335,13825706,70,2124130,0,587,2
347.9117,17336,13825726,70,2124130,0,278,2
347.9330,17337,13825746,70,2124130,0,317,2
347.9527,17338,13825766,70,2124130,0,749,2
347.9718,17339,13825786,70,2124130,0,442,2
347.9931,17340,13825806,70,2124130,0,283,2
348.0126,17341,13825826,70,2124130,0,348,2
348.0316,17342,13825846,70,2124130,0,379,2
348.0532,17343,13825866,70,2124130,0,380,2
348.0722,17344,13825886,70,2124130,0,385,2
348.0913,17345,13825906,70,2124130,0,328,2
348.1128,17346,13825926,70,2124130,0,428,2
348.1321,17347,13825946,70,2124130,0,366,2
348.1517,17348,13825966,70,2124130,0,297,2
348.1731,17349,13825986,70,2124130,0,651,2
348.1920,17350,13826006,70,2124130,0,286,2
348.2112,17351,13826026,70,2124130,0,281,2
348.2326,17352,13826046,70,2124130,0,389,2
348.2520,17353,13826066,70,2124130,0,373,2
348.2730,17354,13826086,70,2124130,0,389,2
348.2922,17355,13826106,70,2124130,0,377,2
348.3113,17356,13826126,70,2124130,0,400,2
348.3328,17357,13826146,70,2124130,0,461,2
348.3520,17358,13826166,70,2124130,0,539,2
348.3778,17359,13826186,70,2124130,0,333,2
348.3925,17360,13826206,70,2124130,0,613,2
348.4118,17361,13826226,70,2124130,0,289,2
348.4333,17362,13826246,70,2124130,0,503,2
348.4527,17363,13826266,70,2124130,0,458,2
348.4716,17364,13826286,70,2124130,0,288,2
348.4930,17365,13826306,70,2124130,0,357,2
348.5124,17366,13826326,70,2124130,0,432,2
348.5316,17367,13826346,70,2124130,0,518,2
348.5528,17368,13826366,70,2124130,0,291,2
348.5718,17369,13826386,70,2124130,0,506,2
348.5931,17370,13826406,70,2124130,0,408,2
348.6126,17371,13826426,70,2124130,0,284,2
348.6318,17372,13826446,70,2124130,0,376,2
348.6531,17373,13826466,70,2124130,0,385,2
348.6723,17374,13826486,70,2124130,0,370,2
348.6914,17375,13826506,70,2124130,0,389,2
348.7128,17376,13826526,70,2124130,0,366,2
348.7321,17377,13826546,70,2124130,0,528,2
348.7513,17378,13826566,70,2124130,0,280,2
348.7729,17379,13826586,70,2124130,0,541,2
348.7931,17380,13826606,70,2124130,0,289,2
348.8128,17381,13826626,70,2124130,0,428,2
348.8320,17382,13826646,70,2124130,0,551,2
348.8513,17383,13826666,70,2124130,0,315,2
348.8799,17384,13826686,70,2124130,0,764,2
348.8927,17385,13826706,70,2124130,0,284,2
348.9118,17386,13826726,70,2124130,0,343,2
348.9329,17387,13826746,70,2124130,0,377,2
348.9522,17388,13826766,70,2124130,0,382,2
348.9732,17389,13826786,70,2124130,0,331,2
348.9924,17390,13826806,70,2124130,0,343,2
349.0113,17391,13826826,70,2124130,0,425,2
349.0326,17392,13826846,70,2124130,0,344,2
349.0521,17393,13826866,70,2124130,0,321,2
349.0719,17394,13826886,70,2124130,0,742,2
349.0929,17395,13826906,70,2124130,0,284,2
349.1121,17396,13826926,70,2124130,0,336,2
349.1334,17397,13826946,70,2124130,0,285,2
349.1529,17398,13826966,70,2124130,0,425,2
349.1718,17399,13826986,70,2124130,0,375,2
349.1928,17400,13827006,70,2124130,0,377,2
349.2121,17401,13827026,70,2124130,0,325,2
349.2313,17402,13827046,70,2124130,0,331,2
349.2526,17403,13827066,70,2124130,0,345,2
349.2717,17404,13827086,70,2124130,0,304,2
349.2926,17405,13827106,70,2124130,0,329,2
349.3115,17406,13827126,70,2124130,0,770,2
349.3328,17407,13827146,70,2124130,0,281,2
349.3520,17408,13827166,70,2124130,0,430,2
349.3796,17409,13827186,70,2124130,0,354,2
349.3924,17410,13827206,70,2124130,0,544,2
349.4115,17411,13827226,70,2124130,0,281,2
349.4329,17412,13827246,70,2124130,0,317,2
349.4523,17413,13827266,70,2124130,0,778,2
349.4713,17414,13827286,70,2124130,0,393,2
349.4924,17415,13827306,70,2124130,0,284,2
349.5114,17416,13827326,70,2124130,0,435,2
349.5329,17417,13827346,70,2124130,0,534,2
349.5521,17418,13827366,70,2124130,0,286,2
349.5731,17419,13827386,70,2124130,0,371,2
349.5925,17420,13827406,70,2124130,0,503,2
349.6115,17421,13827426,70,2124130,0,283,2
349.6328,17422,13827446,70,2124130,0,331,2
349.6522,17423,13827466,70,2124130,0,349,2
349.6717,17424,13827486,70,2124130,0,329,2
349.6929,17425,13827506,70,2124130,0,425,2
349.7124,17426,13827526,70,2124130,0,377,2
349.7315,17427,13827546,70,2124130,0,290,2
349.7530,17428,13827566,70,2124130,0,429,2
349.7719,17429,13827586,70,2124130,0,339,2
349.7931,17430,13827606,70,2124130,0,726,2
349.8124,17431,13827626,70,2124130,0,285,2
349.8314,17432,13827646,70,2124130,0,342,2
349.8530,17433,13827666,70,2124130,0,427,2
349.8711,17434,13827686,70,2124130,0,382,2
349.8930,17435,13827706,70,2124130,0,456,2
349.9121,17436,13827726,70,2124130,0,285,2
349.9313,17437,13827746,70,2124130,0,675,2
349.9526,17438,13827766,70,2124130,0,487,2
349.9718,17439,13827786,70,2124130,0,280,2
349.9929,17440,13827806,70,2124130,0,284,2
350.0121,17441,13827826,70,2124130,0,427,2
350.0311,17442,13827846,70,2124130,0,551,2
350.0527,17443,13827866,70,2124130,0,280,2
350.0719,17444,13827886,70,2124130,0,395,2
350.0928,17445,13827906,70,2124130,0,760,2
350.1120,17446,13827926,70,2124130,0,291,2
350.1312,17447,13827946,70,2124130,0,349,2
350.1527,17448,13827966,70,2124130,0,422,2
350.1722,17449,13827986,70,2124130,0,382,2
350.1932,17450,13828006,70,2124130,0,329,2
350.2121,17451,13828026,70,2124130,0,434,2
350.2311,17452,13828046,70,2124130,0,545,2
350.2525,17453,13828066,70,2124130,0,764,2
350.2714,17454,13828086,70,2124130,0,442,2
350.2924,17455,13828106,70,2124130,0,284,2
350.3117,17456,13828126,70,2124130,0,427,2
350.3331,17457,13828146,70,2124130,0,567,2
350.3525,17458,13828166,70,2124130,0,344,2
350.3716,17459,13828186,70,2124130,0,327,2
350.3927,17460,13828206,70,2124130,0,290,2
350.4117,17461,13828226,70,2124130,0,435,2
350.4331,17462,13828246,70,2124130,0,406,2
350.4527,17463,13828266,70,2124130,0,281,2
350.4717,17464,13828286,70,2124130,0,433,2
350.4928,17465,13828306,70,2124130,0,345,2
350.5119,17466,13828326,70,2124130,0,328,2
350.5332,17467,13828346,70,2124130,0,374,2
350.5523,17468,13828366,70,2124130,0,377,2
350.5716,17469,13828386,70,2124130,0,336,2
350.5931,17470,13828406,70,2124130,0,423,2
350.6124,17471,13828426,70,2124130,0,373,2
350.6315,17472,13828446,70,2124130,0,344,2
350.6530,17473,13828466,70,2124130,0,295,2
350.6722,17474,13828486,70,2124130,0,738,2
350.6914,17475,13828506,70,2124130,0,286,2
350.7128,17476,13828526,70,2124130,0,284,2
350.7320,17477,13828546,70,2124130,0,385,2
350.7514,17478,13828566,70,2124130,0,288,2
350.7726,17479,13828586,70,2124130,0,423,2
350.7917,17480,13828606,70,2124130,0,735,2
350.8131,17481,13828626,70,2124130,0,283,2
350.8324,17482,13828646,70,2124130,0,357,2
350.8516,17483,13828666,70,2124130,0,428,2
350.8738,17484,13828686,70,2124130,0,290,2
350.8933,17485,13828706,70,2124130,0,328,2
350.9125,17486,13828726,70,2124130,0,427,2
350.9318,17487,13828746,70,2124130,0,387,2
350.9530,17488,13828766,70,2124130,0,281,2
350.9722,17489,13828786,70,2124130,0,352,2
350.9932,17490,13828806,70,2124130,0,428,2
351.0127,17491,13828826,70,2124130,0,285,2
351.0319,17492,13828846,70,2124130,0,373,2
351.0516,17493,13828866,70,2124130,0,381,2
351.0711,17494,13828886,70,2124130,0,387,2
351.0922,17495,13828906,70,2124130,0,391,2
351.1114,17496,13828926,70,2124130,0,386,2
351.1326,17497,13828946,70,2124130,0,288,2
351.1520,17498,13828966,70,2124130,0,401,2
351.1711,17499,13828986,70,2124130,0,345,2
351.1920,17500,13829006,70,2124130,0,432,2
351.2132,17501,13829026,70,2124130,0,389,2
351.2325,17502,13829046,70,2124130,0,334,2
351.2522,17503,13829066,70,2124130,0,747,2
351.2716,17504,13829086,70,2124130,0,502,2
351.2930,17505,13829106,70,2124130,0,288,2
351.3125,17506,13829126,70,2124130,0,370,2
351.3316,17507,13829146,70,2124130,0,341,2
351.3530,17508,13829166,70,2124130,0,424,2
351.3726,17509,13829186,70,2124130,0,382,2
351.3916,17510,13829206,70,2124130,0,299,2
351.4127,17511,13829226,70,2124130,0,283,2
351.4318,17512,13829246,70,2124130,0,736,2
351.4531,17513,13829266,70,2124130,0,289,2
351.4727,17514,13829286,70,2124130,0,336,2
351.4916,17515,13829306,70,2124130,0,344,2
351.5130,17516,13829326,70,2124130,0,429,2
351.5321,17517,13829346,70,2124130,0,341,2
351.5518,17518,13829366,70,2124130,0,290,2
351.5712,17519,13829386,70,2124130,0,698,2
351.5920,17520,13829406,70,2124130,0,561,2
351.6116,17521,13829426,70,2124130,0,288,2
351.6328,17522,13829446,70,2124130,0,357,2
351.6521,17523,13829466,70,2124130,0,348,2
351.6716,17524,13829486,70,2124130,0,434,2
351.6927,17525,13829506,70,2124130,0,325,2
351.7118,17526,13829526,70,2124130,0,278,2
351.7315,17527,13829546,70,2124130,0,600,2
351.7528,17528,13829566,70,2124130,0,286,2
351.7721,17529,13829586,70,2124130,0,288,2
351.7912,17530,13829606,70,2124130,0,424,2
351.8121,17531,13829626,70,2124130,0,290,2
351.8313,17532,13829646,70,2124130,0,384,2
351.8530,17533,13829666,70,2124130,0,289,2
351.8747,17534,13829686,70,2124130,0,428,2
351.8914,17535,13829706,70,2124130,0,393,2
351.9126,17536,13829726,70,2124130,0,390,2
351.9317,17537,13829746,70,2124130,0,413,2
351.9533,17538,13829766,70,2124130,0,280,2
351.9726,17539,13829786,70,2124130,0,379,2
351.9916,17540,13829806,70,2124130,0,427,2
352.0128,17541,13829826,70,2124130,0,377,2
352.0324,17542,13829846,70,2124130,0,290,2
352.0523,17543,13829866,70,2124130,0,363,2
352.0716,17544,13829886,70,2124130,0,331,2
352.0926,17545,13829906,70,2124130,0,374,2
352.1117,17546,13829926,70,2124130,0,339,2
352.1333,17547,13829946,70,2124130,0,377,2
352.1526,17548,13829966,70,2124130,0,384,2
352.1721,17549,13829986,70,2124130,0,326,2
352.1913,17550,13830006,70,2124130,0,424,2
352.2128,17551,13830026,70,2124130,0,347,2
352.2321,17552,13830046,70,2124130,0,422,2
352.2511,17553,13830066,70,2124130,0,289,2
352.2727,17554,13830086,70,2124130,0,433,2
352.2915,17555,13830106,70,2124130,0,334,2
352.3126,17556,13830126,70,2124130,0,428,2
352.3318,17557,13830146,70,2124130,0,396,2
352.3532,17558,13830166,70,2124130,0,284,2
352.3722,17559,13830186,70,2124130,0,508,2
352.3914,17560,13830206,70,2124130,0,300,2
352.4125,17561,13830226,70,2124130,0,323,2
352.4318,17562,13830246,70,2124130,0,286,2
352.4531,17563,13830266,70,2124130,0,427,2
352.4724,17564,13830286,70,2124130,0,295,2
352.4916,17565,13830306,70,2124130,0,331,2
352.5127,17566,13830326,70,2124130,0,371,2
352.5317,17567,13830346,70,2124130,0,373,2
352.5530,17568,13830366,70,2124130,0,322,2
352.5724,17569,13830386,70,2124130,0,365,2
352.5912,17570,13830406,70,2124130,0,419,2
352.6129,17571,13830426,70,2124130,0,294,2
352.6321,17572,13830446,70,2124130,0,381,2
352.6516,17573,13830466,70,2124130,0,321,2
352.6734,17574,13830486,70,2124130,0,354,2
352.6924,17575,13830506,70,2124130,0,317,2
352.7113,17576,13830526,70,2124130,0,288,2
352.7327,17577,13830546,70,2124130,0,519,2
352.7521,17578,13830566,70,2124130,0,291,2
352.7719,17579,13830586,70,2124130,0,286,2
352.7912,17580,13830606,70,2124130,0,422,2
352.8127,17581,13830626,70,2124130,0,389,2
352.8322,17582,13830646,70,2124130,0,296,2
352.8516,17583,13830666,70,2124130,0,427,2
352.8734,17584,13830686,70,2124130,0,380,2
352.8929,17585,13830706,70,2124130,0,432,2
352.9119,17586,13830726,70,2124130,0,328,2
352.9312,17587,13830746,70,2124130,0,746,2
352.9528,17588,13830766,70,2124130,0,491,2
352.9721,17589,13830786,70,2124130,0,275,2
352.9913,17590,13830806,70,2124130,0,279,2
353.0125,17591,13830826,70,2124130,0,427,2
353.0317,17592,13830846,70,2124130,0,385,2
353.0531,17593,13830866,70,2124130,0,321,2
353.0725,17594,13830886,70,2124130,0,755,2
353.0914,17595,13830906,70,2124130,0,506,2
353.1127,17596,13830926,70,2124130,0,289,2
353.1320,17597,13830946,70,2124130,0,345,2
353.1535,17598,13830966,70,2124130,0,329,2
353.1732,17599,13830986,70,2124130,0,427,2
353.1919,17600,13831006,70,2124130,0,284,2
353.2111,17601,13831026,70,2124130,0,696,2
353.2326,17602,13831046,70,2124130,0,289,2
353.2519,17603,13831066,70,2124130,0,328,2
353.2714,17604,13831086,70,2124130,0,428,2
353.2926,17605,13831106,70,2124130,0,382,2
353.3116,17606,13831126,70,2124130,0,331,2
353.3328,17607,13831146,70,2124130,0,343,2
353.3525,17608,13831166,70,2124130,0,425,2
353.3721,17609,13831186,70,2124130,0,290,2
353.3914,17610,13831206,70,2124130,0,339,2
353.4126,17611,13831226,70,2124130,0,291,2
353.4317,17612,13831246,70,2124130,0,735,2
353.4529,17613,13831266,70,2124130,0,438,2
353.4720,17614,13831286,70,2124130,0,281,2
353.4929,17615,13831306,70,2124130,0,430,2
353.5119,17616,13831326,70,2124130,0,297,2
353.5332,17617,13831346,70,2124130,0,374,2
353.5528,17618,13831366,70,2124130,0,294,2
353.5719,17619,13831386,70,2124130,0,427,2
353.5931,17620,13831406,70,2124130,0,289,2
353.6128,17621,13831426,70,2124130,0,339,2
353.6318,17622,13831446,70,2124130,0,366,2
353.6531,17623,13831466,70,2124130,0,385,2
353.6724,17624,13831486,70,2124130,0,285,2
353.6914,17625,13831506,70,2124130,0,551,2
353.7125,17626,13831526,70,2124130,0,425,2
353.7316,17627,13831546,70,2124130,0,316,2
353.7530,17628,13831566,70,2124130,0,430,2
353.7720,17629,13831586,70,2124130,0,377,2
353.7930,17630,13831606,70,2124130,0,379,2
353.8123,17631,13831626,70,2124130,0,327,2
353.8316,17632,13831646,70,2124130,0,365,2
353.8530,17633,13831666,70,2124130,0,331,2
353.8725,17634,13831686,70,2124130,0,427,2
353.8918,17635,13831706,70,2124130,0,414,2
353.9132,17636,13831726,70,2124130,0,284,2
353.9323,17637,13831746,70,2124130,0,318,2
353.9516,17638,13831766,70,2124130,0,763,2
353.9729,17639,13831786,70,2124130,0,286,2
353.9919,17640,13831806,70,2124130,0,283,2
354.0131,17641,13831826,70,2124130,0,433,2
354.0324,17642,13831846,70,2124130,0,344,2
354.0521,17643,13831866,70,2124130,0,329,2
354.0715,17644,13831886,70,2124130,0,738,2
354.0926,17645,13831906,70,2124130,0,280,2
354.1119,17646,13831926,70,2124130,0,325,2
354.1314,17647,13831946,70,2124130,0,374,2
354.1529,17648,13831966,70,2124130,0,291,2
354.1726,17649,13831986,70,2124130,0,739,2
354.1915,17650,13832006,70,2124130,0,280,2
354.2128,17651,13832026,70,2124130,0,278,2
354.2319,17652,13832046,70,2124130,0,384,2
354.2512,17653,13832066,70,2124130,0,317,2
354.2728,17654,13832086,70,2124130,0,424,2
354.2918,17655,13832106,70,2124130,0,286,2
354.3132,17656,13832126,70,2124130,0,425,2
354.3324,17657,13832146,70,2124130,0,509,2
354.3516,17658,13832166,70,2124130,0,296,2
354.3712,17659,13832186,70,2124130,0,333,2
354.3925,17660,13832206,70,2124130,0,449,2
354.4117,17661,13832226,70,2124130,0,753,2
354.4332,17662,13832246,70,2124130,0,280,2
354.4527,17663,13832266,70,2124130,0,695,2
354.4727,17664,13832286,70,2124130,0,525,2
354.4924,17665,13832306,70,2124130,0,280,2
354.5117,17666,13832326,70,2124130,0,284,2
354.5331,17667,13832346,70,2124130,0,375,2
354.5528,17668,13832366,70,2124130,0,373,2
354.5722,17669,13832386,70,2124130,0,316,2
354.5919,17670,13832406,70,2124130,0,342,2
354.6126,17671,13832426,70,2124130,0,429,2
354.6318,17672,13832446,70,2124130,0,371,2
354.6532,17673,13832466,70,2124130,0,542,2
354.6726,17674,13832486,70,2124130,0,288,2
354.6915,17675,13832506,70,2124130,0,289,2
354.7126,17676,13832526,70,2124130,0,337,2
354.7318,17677,13832546,70,2124130,0,371,2
354.7530,17678,13832566,70,2124130,0,334,2
354.7722,17679,13832586,70,2124130,0,425,2
354.7917,17680,13832606,70,2124130,0,395,2
354.8128,17681,13832626,70,2124130,0,381,2
354.8319,17682,13832646,70,2124130,0,557,2
354.8513,17683,13832666,70,2124130,0,402,2
354.8725,17684,13832686,70,2124130,0,323,2
354.8937,17685,13832706,70,2124130,0,422,2
354.9128,17686,13832726,70,2124130,0,682,2
354.9321,17687,13832746,70,2124130,0,311,2
354.9511,17688,13832766,70,2124130,0,283,2
354.9725,17689,13832786,70,2124130,0,552,2
354.9916,17690,13832806,70,2124130,0,435,2
355.0128,17691,13832826,70,2124130,0,280,2
355.0323,17692,13832846,70,2124130,0,375,2
355.0519,17693,13832866,70,2124130,0,375,2
355.0716,17694,13832886,70,2124130,0,385,2
355.0926,17695,13832906,70,2124130,0,325,2
355.1118,17696,13832926,70,2124130,0,427,2
355.1332,17697,13832946,70,2124130,0,514,2
355.1530,17698,13832966,70,2124130,0,526,2
355.1727,17699,13832986,70,2124130,0,291,2
355.1920,17700,13833006,70,2124130,0,361,2
355.2115,17701,13833026,70,2124130,0,344,2
355.2327,17702,13833046,70,2124130,0,318,2
355.2522,17703,13833066,70,2124130,0,352,2
355.2722,17704,13833086,70,2124130,0,425,2
355.2911,17705,13833106,70,2124130,0,380,2
355.3128,17706,13833126,70,2124130,0,380,2
355.3319,17707,13833146,70,2124130,0,323,2
355.3533,17708,13833166,70,2124130,0,428,2
355.3728,17709,13833186,70,2124130,0,376,2
355.3939,17710,13833206,70,2124130,0,290,2
355.4130,17711,13833226,70,2124130,0,289,2
355.4322,17712,13833246,70,2124130,0,542,2
355.4514,17713,13833266,70,2124130,0,508,2
355.4728,17714,13833286,70,2124130,0,284,2
355.4918,17715,13833306,70,2124130,0,283,2
355.5129,17716,13833326,70,2124130,0,424,2
355.5321,17717,13833346,70,2124130,0,342,2
355.5514,17718,13833366,70,2124130,0,285,2
355.5727,17719,13833386,70,2124130,0,701,2
355.5920,17720,13833406,70,2124130,0,285,2
355.6116,17721,13833426,70,2124130,0,390,2
355.6330,17722,13833446,70,2124130,0,317,2
355.6522,17723,13833466,70,2124130,0,755,2
355.6716,17724,13833486,70,2124130,0,365,2
355.6924,17725,13833506,70,2124130,0,284,2
355.7116,17726,13833526,70,2124130,0,428,2
355.7328,17727,13833546,70,2124130,0,334,2
355.7522,17728,13833566,70,2124130,0,329,2
355.7716,17729,13833586,70,2124130,0,776,2
355.7927,17730,13833606,70,2124130,0,289,2
355.8118,17731,13833626,70,2124130,0,285,2
355.8332,17732,13833646,70,2124130,0,358,2
355.8526,17733,13833666,70,2124130,0,374,2
355.8717,17734,13833686,70,2124130,0,320,2
355.8952,17735,13833706,70,2124130,0,311,2
355.9125,17736,13833726,70,2124130,0,423,2
355.9318,17737,13833746,70,2124130,0,406,2
355.9531,17738,13833766,70,2124130,0,286,2
355.9724,17739,13833786,70,2124130,0,424,2
355.9914,17740,13833806,70,2124130,0,386,2
356.0126,17741,13833826,70,2124130,0,390,2
356.0319,17742,13833846,70,2124130,0,295,2
356.0535,17743,13833866,70,2124130,0,329,2
356.0730,17744,13833886,70,2124130,0,341,2
356.0918,17745,13833906,70,2124130,0,432,2
356.1130,17746,13833926,70,2124130,0,289,2
356.1319,17747,13833946,70,2124130,0,531,2
356.1532,17748,13833966,70,2124130,0,293,2
356.1727,17749,13833986,70,2124130,0,358,2
356.1916,17750,13834006,70,2124130,0,343,2
356.2128,17751,13834026,70,2124130,0,430,2
356.2322,17752,13834046,70,2124130,0,392,2
356.2517,17753,13834066,70,2124130,0,291,2
356.2732,17754,13834086,70,2124130,0,691,2
356.2920,17755,13834106,70,2124130,0,449,2
356.3113,17756,13834126,70,2124130,0,291,2
356.3328,17757,13834146,70,2124130,0,425,2
356.3520,17758,13834166,70,2124130,0,301,2
356.3713,17759,13834186,70,2124130,0,350,2
356.3968,17760,13834206,70,2124130,0,387,2
356.4116,17761,13834226,70,2124130,0,343,2
356.4329,17762,13834246,70,2124130,0,604,2
356.4522,17763,13834266,70,2124130,0,284,2
356.4717,17764,13834286,70,2124130,0,342,2
356.4927,17765,13834306,70,2124130,0,430,2
356.5118,17766,13834326,70,2124130,0,322,2
356.5310,17767,13834346,70,2124130,0,333,2
356.5522,17768,13834366,70,2124130,0,386,2
356.5717,17769,13834386,70,2124130,0,337,2
356.5929,17770,13834406,70,2124130,0,291,2
356.6125,17771,13834426,70,2124130,0,435,2
356.6318,17772,13834446,70,2124130,0,528,2
356.6510,17773,13834466,70,2124130,0,283,2
356.6725,17774,13834486,70,2124130,0,494,2
356.6914,17775,13834506,70,2124130,0,736,2
356.7129,17776,13834526,70,2124130,0,291,2
356.7325,17777,13834546,70,2124130,0,339,2
356.7517,17778,13834566,70,2124130,0,428,2
356.7732,17779,13834586,70,2124130,0,294,2
356.7922,17780,13834606,70,2124130,0,357,2
356.8116,17781,13834626,70,2124130,0,347,2
356.8329,17782,13834646,70,2124130,0,374,2
356.8522,17783,13834666,70,2124130,0,309,2
356.8720,17784,13834686,70,2124130,0,429,2
356.8985,17785,13834706,70,2124130,0,289,2
356.9118,17786,13834726,70,2124130,0,343,2
356.9311,17787,13834746,70,2124130,0,602,2
356.9526,17788,13834766,70,2124130,0,286,2
356.9720,17789,13834786,70,2124130,0,288,2
356.9931,17790,13834806,70,2124130,0,375,2
357.0123,17791,13834826,70,2124130,0,325,2
357.0314,17792,13834846,70,2124130,0,374,2
357.0528,17793,13834866,70,2124130,0,370,2
357.0722,17794,13834886,70,2124130,0,341,2
357.0913,17795,13834906,70,2124130,0,317,2
357.1127,17796,13834926,70,2124130,0,289,2
357.1318,17797,13834946,70,2124130,0,523,2
357.1511,17798,13834966,70,2124130,0,283,2
357.1727,17799,13834986,70,2124130,0,296,2
357.1917,17800,13835006,70,2124130,0,424,2
357.2129,17801,13835026,70,2124130,0,376,2
357.2323,17802,13835046,70,2124130,0,316,2
357.2517,17803,13835066,70,2124130,0,434,2
357.2731,17804,13835086,70,2124130,0,284,2
357.2922,17805,13835106,70,2124130,0,424,2
357.3117,17806,13835126,70,2124130,0,371,2
357.3331,17807,13835146,70,2124130,0,565,2
357.3528,17808,13835166,70,2124130,0,385,2
357.3723,17809,13835186,70,2124130,0,294,2
357.3975,17810,13835206,70,2124130,0,293,2
357.4122,17811,13835226,70,2124130,0,345,2
357.4316,17812,13835246,70,2124130,0,432,2
357.4532,17813,13835266,70,2124130,0,374,2
357.4728,17814,13835286,70,2124130,0,381,2
357.4917,17815,13835306,70,2124130,0,374,2
357.5128,17816,13835326,70,2124130,0,381,2
357.5322,17817,13835346,70,2124130,0,538,2
357.5512,17818,13835366,70,2124130,0,304,2
357.5726,17819,13835386,70,2124130,0,288,2
357.5917,17820,13835406,70,2124130,0,390,2
357.6131,17821,13835426,70,2124130,0,428,2
357.6322,17822,13835446,70,2124130,0,550,2
357.6515,17823,13835466,70,2124130,0,288,2
357.6728,17824,13835486,70,2124130,0,380,2
357.6919,17825,13835506,70,2124130,0,520,2
357.7113,17826,13835526,70,2124130,0,291,2
357.7328,17827,13835546,70,2124130,0,350,2
357.7521,17828,13835566,70,2124130,0,332,2
357.7715,17829,13835586,70,2124130,0,347,2
357.7928,17830,13835606,70,2124130,0,331,2
357.8119,17831,13835626,70,2124130,0,345,2
357.8311,17832,13835646,70,2124130,0,291,2
357.8525,17833,13835666,70,2124130,0,432,2
357.8721,17834,13835686,70,2124130,0,312,2
357.9002,17835,13835706,70,2124130,0,293,2
357.9130,17836,13835726,70,2124130,0,736,2
357.9323,17837,13835746,70,2124130,0,284,2
357.9515,17838,13835766,70,2124130,0,488,2
357.9730,17839,13835786,70,2124130,0,771,2
357.9918,17840,13835806,70,2124130,0,288,2
358.0130,17841,13835826,70,2124130,0,284,2
358.0321,17842,13835846,70,2124130,0,381,2
358.0514,17843,13835866,70,2124130,0,328,2
358.0728,17844,13835886,70,2124130,0,288,2
358.0923,17845,13835906,70,2124130,0,464,2
358.1111,17846,13835926,70,2124130,0,758,2
358.1324,17847,13835946,70,2124130,0,290,2
358.1518,17848,13835966,70,2124130,0,281,2
358.1733,17849,13835986,70,2124130,0,430,2
358.1923,17850,13836006,70,2124130,0,382,2
358.2116,17851,13836026,70,2124130,0,374,2
358.2326,17852,13836046,70,2124130,0,544,2
358.2517,17853,13836066,70,2124130,0,333,2
358.2731,17854,13836086,70,2124130,0,280,2
358.2921,17855,13836106,70,2124130,0,359,2
358.3130,17856,13836126,70,2124130,0,496,2
358.3323,17857,13836146,70,2124130,0,285,2
358.3517,17858,13836166,70,2124130,0,423,2
358.3731,17859,13836186,70,2124130,0,306,2
358.3922,17860,13836206,70,2124130,0,476,2
358.4117,17861,13836226,70,2124130,0,333,2
358.4332,17862,13836246,70,2124130,0,749,2
358.4524,17863,13836266,70,2124130,0,412,2
358.4719,17864,13836286,70,2124130,0,285,2
358.4913,17865,13836306,70,2124130,0,343,2
358.5127,17866,13836326,70,2124130,0,437,2
358.5318,17867,13836346,70,2124130,0,289,2
358.5534,17868,13836366,70,2124130,0,342,2
358.5728,17869,13836386,70,2124130,0,294,2
358.5918,17870,13836406,70,2124130,0,703,2
358.6115,17871,13836426,70,2124130,0,284,2
358.6327,17872,13836446,70,2124130,0,380,2
358.6518,17873,13836466,70,2124130,0,336,2
358.6711,17874,13836486,70,2124130,0,434,2
358.6925,17875,13836506,70,2124130,0,382,2
358.7114,17876,13836526,70,2124130,0,373,2
358.7330,17877,13836546,70,2124130,0,551,2
358.7524,17878,13836566,70,2124130,0,296,2
358.7718,17879,13836586,70,2124130,0,294,2
358.7910,17880,13836606,70,2124130,0,764,2
358.8123,17881,13836626,70,2124130,0,411,2
358.8317,17882,13836646,70,2124130,0,323,2
358.8532,17883,13836666,70,2124130,0,392,2
358.8727,17884,13836686,70,2124130,0,371,2
358.8924,17885,13836706,70,2124130,0,424,2
358.9118,17886,13836726,70,2124130,0,296,2
358.9312,17887,13836746,70,2124130,0,321,2
358.9527,17888,13836766,70,2124130,0,353,2
358.9719,17889,13836786,70,2124130,0,433,2
358.9912,17890,13836806,70,2124130,0,371,2
359.0120,17891,13836826,70,2124130,0,382,2
359.0312,17892,13836846,70,2124130,0,322,2
359.0526,17893,13836866,70,2124130,0,423,2
359.0721,17894,13836886,70,2124130,0,384,2
359.0915,17895,13836906,70,2124130,0,387,2
359.1127,17896,13836926,70,2124130,0,332,2
359.1317,17897,13836946,70,2124130,0,328,2
359.1531,17898,13836966,70,2124130,0,337,2
359.1724,17899,13836986,70,2124130,0,329,2
359.1920,17900,13837006,70,2124130,0,427,2
359.2110,17901,13837026,70,2124130,0,374,2
359.2326,17902,13837046,70,2124130,0,291,2
359.2520,17903,13837066,70,2124130,0,337,2
359.2715,17904,13837086,70,2124130,0,329,2
359.2928,17905,13837106,70,2124130,0,428,2
359.3118,17906,13837126,70,2124130,0,385,2
359.3310,17907,13837146,70,2124130,0,304,2
359.3522,17908,13837166,70,2124130,0,338,2
359.3715,17909,13837186,70,2124130,0,434,2
359.3935,17910,13837206,70,2124130,0,286,2
359.4124,17911,13837226,70,2124130,0,291,2
359.4313,17912,13837246,70,2124130,0,382,2
359.4528,17913,13837266,70,2124130,0,386,2
359.4726,17914,13837286,70,2124130,0,371,2
359.4922,17915,13837306,70,2124130,0,379,2
359.5113,17916,13837326,70,2124130,0,342,2
359.5324,17917,13837346,70,2124130,0,290,2
359.5515,17918,13837366,70,2124130,0,722,2
359.5730,17919,13837386,70,2124130,0,291,2
359.5923,17920,13837406,70,2124130,0,283,2
359.6115,17921,13837426,70,2124130,0,337,2
359.6327,17922,13837446,70,2124130,0,283,2
359.6520,17923,13837466,70,2124130,0,429,2
359.6716,17924,13837486,70,2124130,0,380,2
359.6931,17925,13837506,70,2124130,0,332,2
359.7121,17926,13837526,70,2124130,0,354,2
359.7315,17927,13837546,70,2124130,0,295,2
359.7527,17928,13837566,70,2124130,0,432,2
359.7722,17929,13837586,70,2124130,0,296,2
359.7913,17930,13837606,70,2124130,0,429,2
359.8124,17931,13837626,70,2124130,0,376,2
359.8315,17932,13837646,70,2124130,0,538,2
359.8530,17933,13837666,70,2124130,0,288,2
359.8722,17934,13837686,70,2124130,0,412,2
359.8916,17935,13837706,70,2124130,0,561,2
359.9125,17936,13837726,70,2124130,0,345,2
359.9316,17937,13837746,70,2124130,0,747,2
359.9527,17938,13837766,70,2124130,0,512,2
359.9717,17939,13837786,70,2124130,0,291,2
359.9914,17940,13837806,70,2124130,0,280,2
360.0125,17941,13837826,70,2124130,0,392,2
360.0317,17942,13837846,70,2124130,0,492,2
360.0509,17943,13837866,70,2124130,0,541,2
360.0728,17944,13837886,70,2124130,0,283,2
360.0923,17945,13837906,70,2124130,0,343,2
360.1114,17946,13837926,70,2124130,0,327,2
360.1326,17947,13837946,70,2124130,0,379,2
360.1519,17948,13837966,70,2124130,0,329,2
360.1715,17949,13837986,70,2124130,0,427,2
360.1932,17950,13838006,70,2124130,0,288,2
360.2121,17951,13838026,70,2124130,0,434,2
360.2314,17952,13838046,70,2124130,0,376,2
360.2527,17953,13838066,70,2124130,0,316,2
360.2721,17954,13838086,70,2124130,0,743,2
360.2916,17955,13838106,70,2124130,0,281,2
360.3130,17956,13838126,70,2124130,0,384,2
360.3329,17957,13838146,70,2124130,0,373,2
360.3527,17958,13838166,70,2124130,0,375,2
360.3721,17959,13838186,70,2124130,0,315,2
360.3938,17960,13838206,70,2124130,0,336,2
360.4129,17961,13838226,70,2124130,0,678,2
360.4321,17962,13838246,70,2124130,0,332,2
360.4512,17963,13838266,70,2124130,0,291,2
360.4729,17964,13838286,70,2124130,0,722,2
360.4922,17965,13838306,70,2124130,0,435,2
360.5113,17966,13838326,70,2124130,0,289,2
360.5326,17967,13838346,70,2124130,0,380,2
360.5520,17968,13838366,70,2124130,0,328,2
360.5715,17969,13838386,70,2124130,0,430,2
360.5911,17970,13838406,70,2124130,0,386,2
360.6126,17971,13838426,70,2124130,0,385,2
360.6317,17972,13838446,70,2124130,0,295,2
360.6530,17973,13838466,70,2124130,0,424,2
360.6721,17974,13838486,70,2124130,0,371,2
360.6917,17975,13838506,70,2124130,0,387,2
360.7132,17976,13838526,70,2124130,0,382,2
360.7326,17977,13838546,70,2124130,0,290,2
360.7519,17978,13838566,70,2124130,0,338,2
360.7717,17979,13838586,70,2124130,0,339,2
360.7913,17980,13838606,70,2124130,0,430,2
360.8125,17981,13838626,70,2124130,0,310,2
360.8318,17982,13838646,70,2124130,0,337,2
360.8530,17983,13838666,70,2124130,0,428,2
360.8723,17984,13838686,70,2124130,0,386,2
360.8938,17985,13838706,70,2124130,0,337,2
360.9128,17986,13838726,70,2124130,0,721,2
360.9320,17987,13838746,70,2124130,0,310,2
360.9514,17988,13838766,70,2124130,0,284,2
360.9728,17989,13838786,70,2124130,0,337,2
360.9923,17990,13838806,70,2124130,0,280,2
361.0116,17991,13838826,70,2124130,0,424,2
361.0330,17992,13838846,70,2124130,0,514,2
361.0524,17993,13838866,70,2124130,0,315,2
361.0718,17994,13838886,70,2124130,0,332,2
361.0913,17995,13838906,70,2124130,0,666,2
361.1126,17996,13838926,70,2124130,0,546,2
361.1317,17997,13838946,70,2124130,0,280,2
361.1512,17998,13838966,70,2124130,0,352,2
361.1728,17999,13838986,70,2124130,0,354,2
361.1924,18000,13839006,70,2124130,0,430,2
361.2117,18001,13839026,70,2124130,0,315,2
361.2331,18002,13839046,70,2124130,0,377,2
361.2526,18003,13839066,70,2124130,0,379,2
361.2722,18004,13839086,70,2124130,0,317,2
361.2916,18005,13839106,70,2124130,0,434,2
361.3127,18006,13839126,70,2124130,0,290,2
361.3319,18007,13839146,70,2124130,0,374,2
361.3512,18008,13839166,70,2124130,0,385,2
361.3726,18009,13839186,70,2124130,0,386,2
361.3941,18010,13839206,70,2124130,0,341,2
361.4112,18011,13839226,70,2124130,0,589,2
361.4324,18012,13839246,70,2124130,0,279,2
361.4515,18013,13839266,70,2124130,0,514,2
361.4730,18014,13839286,70,2124130,0,502,2
361.4926,18015,13839306,70,2124130,0,284,2
361.5116,18016,13839326,70,2124130,0,286,2
361.5327,18017,13839346,70,2124130,0,392,2
361.5517,18018,13839366,70,2124130,0,379,2
361.5730,18019,13839386,70,2124130,0,389,2
361.5925,18020,13839406,70,2124130,0,329,2
361.6117,18021,13839426,70,2124130,0,348,2
361.6327,18022,13839446,70,2124130,0,380,2
361.6518,18023,13839466,70,2124130,0,385,2
361.6731,18024,13839486,70,2124130,0,315,2
361.6925,18025,13839506,70,2124130,0,373,2
361.7115,18026,13839526,70,2124130,0,329,2
361.7327,18027,13839546,70,2124130,0,360,2
361.7519,18028,13839566,70,2124130,0,329,2
361.7711,18029,13839586,70,2124130,0,421,2
361.7926,18030,13839606,70,2124130,0,321,2
361.8117,18031,13839626,70,2124130,0,429,2
361.8328,18032,13839646,70,2124130,0,402,2
361.8519,18033,13839666,70,2124130,0,297,2
361.8731,18034,13839686,70,2124130,0,730,2
361.8946,18035,13839706,70,2124130,0,286,2
361.9115,18036,13839726,70,2124130,0,706,2
361.9330,18037,13839746,70,2124130,0,315,2
361.9522,18038,13839766,70,2124130,0,326,2
361.9712,18039,13839786,70,2124130,0,283,2
361.9929,18040,13839806,70,2124130,0,430,2
362.0122,18041,13839826,70,2124130,0,389,2
362.0315,18042,13839846,70,2124130,0,530,2
362.0529,18043,13839866,70,2124130,0,300,2
362.0723,18044,13839886,70,2124130,0,286,2
362.0918,18045,13839906,70,2124130,0,680,2
362.1131,18046,13839926,70,2124130,0,277,2
362.1321,18047,13839946,70,2124130,0,341,2
362.1513,18048,13839966,70,2124130,0,425,2
362.1727,18049,13839986,70,2124130,0,291,2
362.1923,18050,13840006,70,2124130,0,425,2
362.2113,18051,13840026,70,2124130,0,373,2
362.2326,18052,13840046,70,2124130,0,288,2
362.2516,18053,13840066,70,2124130,0,425,2
362.2730,18054,13840086,70,2124130,0,368,2
362.2922,18055,13840106,70,2124130,0,389,2
362.3112,18056,13840126,70,2124130,0,389,2
362.3323,18057,13840146,70,2124130,0,285,2
362.3517,18058,13840166,70,2124130,0,429,2
362.3730,18059,13840186,70,2124130,0,289,2
362.3923,18060,13840206,70,2124130,0,432,2
362.4114,18061,13840226,70,2124130,0,284,2
362.4326,18062,13840246,70,2124130,0,657,2
362.4517,18063,13840266,70,2124130,0,377,2
362.4731,18064,13840286,70,2124130,0,333,2
362.4926,18065,13840306,70,2124130,0,336,2
362.5116,18066,13840326,70,2124130,0,428,2
362.5329,18067,13840346,70,2124130,0,347,2
362.5519,18068,13840366,70,2124130,0,334,2
362.5711,18069,13840386,70,2124130,0,716,2
362.5925,18070,13840406,70,2124130,0,293,2
362.6116,18071,13840426,70,2124130,0,280,2
362.6326,18072,13840446,70,2124130,0,374,2
362.6517,18073,13840466,70,2124130,0,387,2
362.6732,18074,13840486,70,2124130,0,386,2
362.6925,18075,13840506,70,2124130,0,374,2
362.7116,18076,13840526,70,2124130,0,338,2
362.7328,18077,13840546,70,2124130,0,373,2
362.7522,18078,13840566,70,2124130,0,323,2
362.7716,18079,13840586,70,2124130,0,332,2
362.7914,18080,13840606,70,2124130,0,354,2
362.8126,18081,13840626,70,2124130,0,337,2
362.8316,18082,13840646,70,2124130,0,290,2
362.8530,18083,13840666,70,2124130,0,430,2
362.8723,18084,13840686,70,2124130,0,285,2
362.8922,18085,13840706,70,2124130,0,427,2
362.9113,18086,13840726,70,2124130,0,444,2
362.9326,18087,13840746,70,2124130,0,338,2
362.9517,18088,13840766,70,2124130,0,424,2
362.9730,18089,13840786,70,2124130,0,281,2
362.9922,18090,13840806,70,2124130,0,423,2
363.0115,18091,13840826,70,2124130,0,286,2
363.0327,18092,13840846,70,2124130,0,369,2
363.0520,18093,13840866,70,2124130,0,293,2
363.0733,18094,13840886,70,2124130,0,430,2
363.0923,18095,13840906,70,2124130,0,384,2
363.1112,18096,13840926,70,2124130,0,377,2
363.1326,18097,13840946,70,2124130,0,296,2
363.1518,18098,13840966,70,2124130,0,430,2
363.1731,18099,13840986,70,2124130,0,384,2
363.1924,18100,13841006,70,2124130,0,387,2
363.2115,18101,13841026,70,2124130,0,382,2
363.2328,18102,13841046,70,2124130,0,309,2
363.2520,18103,13841066,70,2124130,0,389,2
363.2713,18104,13841086,70,2124130,0,338,2
363.2929,18105,13841106,70,2124130,0,430,2
363.3120,18106,13841126,70,2124130,0,285,2
363.3313,18107,13841146,70,2124130,0,375,2
363.3527,18108,13841166,70,2124130,0,373,2
363.3720,18109,13841186,70,2124130,0,329,2
363.3913,18110,13841206,70,2124130,0,427,2
363.4124,18111,13841226,70,2124130,0,736,2
363.4313,18112,13841246,70,2124130,0,279,2
363.4525,18113,13841266,70,2124130,0,355,2
363.4718,18114,13841286,70,2124130,0,332,2
363.4914,18115,13841306,70,2124130,0,347,2
363.5128,18116,13841326,70,2124130,0,339,2
363.5320,18117,13841346,70,2124130,0,369,2
363.5515,18118,13841366,70,2124130,0,376,2
363.5729,18119,13841386,70,2124130,0,344,2
363.5920,18120,13841406,70,2124130,0,432,2
363.6112,18121,13841426,70,2124130,0,373,2
363.6325,18122,13841446,70,2124130,0,526,2
363.6517,18123,13841466,70,2124130,0,283,2
363.6730,18124,13841486,70,2124130,0,531,2
363.6924,18125,13841506,70,2124130,0,498,2
363.7114,18126,13841526,70,2124130,0,289,2
363.7327,18127,13841546,70,2124130,0,338,2
363.7517,18128,13841566,70,2124130,0,355,2
363.7730,18129,13841586,70,2124130,0,432,2
363.7925,18130,13841606,70,2124130,0,288,2
363.8114,18131,13841626,70,2124130,0,341,2
363.8326,18132,13841646,70,2124130,0,344,2
363.8516,18133,13841666,70,2124130,0,430,2
363.8728,18134,13841686,70,2124130,0,291,2
363.8921,18135,13841706,70,2124130,0,432,2
363.9136,18136,13841726,70,2124130,0,671,2
363.9327,18137,13841746,70,2124130,0,302,2
363.9516,18138,13841766,70,2124130,0,723,2
363.9732,18139,13841786,70,2124130,0,290,2
363.9928,18140,13841806,70,2124130,0,284,2
364.0119,18141,13841826,70,2124130,0,418,2
364.0331,18142,13841846,70,2124130,0,519,2
364.0524,18143,13841866,70,2124130,0,284,2
364.0717,18144,13841886,70,2124130,0,396,2
364.0930,18145,13841906,70,2124130,0,522,2
364.1120,18146,13841926,70,2124130,0,279,2
364.1312,18147,13841946,70,2124130,0,345,2
364.1528,18148,13841966,70,2124130,0,427,2
364.1721,18149,13841986,70,2124130,0,380,2
364.1921,18150,13842006,70,2124130,0,384,2
364.2114,18151,13842026,70,2124130,0,332,2
364.2325,18152,13842046,70,2124130,0,348,2
364.2517,18153,13842066,70,2124130,0,425,2
364.2733,18154,13842086,70,2124130,0,294,2
364.2926,18155,13842106,70,2124130,0,325,2
364.3113,18156,13842126,70,2124130,0,425,2
364.3325,18157,13842146,70,2124130,0,517,2
364.3517,18158,13842166,70,2124130,0,278,2
364.3730,18159,13842186,70,2124130,0,515,2
364.3926,18160,13842206,70,2124130,0,385,2
364.4140,18161,13842226,70,2124130,0,329,2
364.4330,18162,13842246,70,2124130,0,290,2
364.4525,18163,13842266,70,2124130,0,429,2
364.4717,18164,13842286,70,2124130,0,313,2
364.4913,18165,13842306,70,2124130,0,386,2
364.5127,18166,13842326,70,2124130,0,427,2
364.5321,18167,13842346,70,2124130,0,387,2
364.5515,18168,13842366,70,2124130,0,307,2
364.5729,18169,13842386,70,2124130,0,722,2
364.5921,18170,13842406,70,2124130,0,285,2
364.6117,18171,13842426,70,2124130,0,355,2
364.6330,18172,13842446,70,2124130,0,291,2
364.6524,18173,13842466,70,2124130,0,425,2
364.6717,18174,13842486,70,2124130,0,326,2
364.6912,18175,13842506,70,2124130,0,430,2
364.7126,18176,13842526,70,2124130,0,377,2
364.7318,18177,13842546,70,2124130,0,288,2
364.7511,18178,13842566,70,2124130,0,424,2
364.7727,18179,13842586,70,2124130,0,294,2
364.7921,18180,13842606,70,2124130,0,428,2
364.8109,18181,13842626,70,2124130,0,288,2
364.8321,18182,13842646,70,2124130,0,375,2
364.8514,18183,13842666,70,2124130,0,302,2
364.8727,18184,13842686,70,2124130,0,380,2
364.8921,18185,13842706,70,2124130,0,424,2
364.9157,18186,13842726,70,2124130,0,482,2
364.9329,18187,13842746,70,2124130,0,350,2
364.9520,18188,13842766,70,2124130,0,423,2
364.9711,18189,13842786,70,2124130,0,339,2
364.9924,18190,13842806,70,2124130,0,423,2
365.0115,18191,13842826,70,2124130,0,288,2
365.0329,18192,13842846,70,2124130,0,284,2
365.0522,18193,13842866,70,2124130,0,422,2
365.0717,18194,13842886,70,2124130,0,376,2
365.0912,18195,13842906,70,2124130,0,334,2
365.1127,18196,13842926,70,2124130,0,418,2
365.1318,18197,13842946,70,2124130,0,363,2
365.1511,18198,13842966,70,2124130,0,285,2
365.1725,18199,13842986,70,2124130,0,675,2
365.1920,18200,13843006,70,2124130,0,506,2
365.2109,18201,13843026,70,2124130,0,281,2
365.2320,18202,13843046,70,2124130,0,341,2
365.2511,18203,13843066,70,2124130,0,432,2
365.2723,18204,13843086,70,2124130,0,381,2
365.2919,18205,13843106,70,2124130,0,381,2
365.3110,18206,13843126,70,2124130,0,328,2
365.3322,18207,13843146,70,2124130,0,379,2
365.3513,18208,13843166,70,2124130,0,374,2
365.3728,18209,13843186,70,2124130,0,390,2
365.3923,18210,13843206,70,2124130,0,336,2
365.4158,18211,13843226,70,2124130,0,357,2
365.4328,18212,13843246,70,2124130,0,286,2
365.4520,18213,13843266,70,2124130,0,472,2
365.4711,18214,13843286,70,2124130,0,430,2
365.4926,18215,13843306,70,2124130,0,289,2
365.5114,18216,13843326,70,2124130,0,355,2
365.5330,18217,13843346,70,2124130,0,295,2
365.5524,18218,13843366,70,2124130,0,322,2
365.5718,18219,13843386,70,2124130,0,358,2
365.5912,18220,13843406,70,2124130,0,427,2
365.6126,18221,13843426,70,2124130,0,288,2
365.6317,18222,13843446,70,2124130,0,386,2
365.6531,18223,13843466,70,2124130,0,382,2
365.6723,18224,13843486,70,2124130,0,381,2
365.6918,18225,13843506,70,2124130,0,333,2
365.7129,18226,13843526,70,2124130,0,395,2
365.7320,18227,13843546,70,2124130,0,369,2
365.7513,18228,13843566,70,2124130,0,316,2
365.7727,18229,13843586,70,2124130,0,430,2
365.7921,18230,13843606,70,2124130,0,381,2
365.8114,18231,13843626,70,2124130,0,341,2
365.8330,18232,13843646,70,2124130,0,382,2
365.8516,18233,13843666,50,2124130,0,422,2
365.8730,18234,13843686,50,2124130,0,201,2
365.8926,18235,13843706,50,2124129,0,248,2
365.9114,18236,13843726,50,2124129,0,208,2
365.9328,18237,13843746,50,2124129,-71,209,2
365.9524,18238,13843766,50,2124129,-71,387,2
365.9717,18239,13843786,50,2124129,-71,345,2
365.9930,18240,13843806,50,2124129,-71,262,2
366.0122,18241,13843826,50,2124129,-71,269,2
366.0312,18242,13843846,50,2124129,0,229,2
366.0528,18243,13843866,50,2124129,0,597,2
366.0722,18244,13843886,50,2124129,0,465,2
366.0913,18245,13843906,50,2124129,0,222,2
366.1126,18246,13843926,50,2124129,0,226,2
366.1316,18247,13843946,50,2124129,0,215,2
366.1527,18248,13843966,50,2124129,0,210,2
366.1718,18249,13843986,50,2124129,0,226,2
366.1912,18250,13844006,50,2124129,0,209,2
366.2123,18251,13844026,50,2124129,0,209,2
366.2314,18252,13844046,50,2124129,0,281,2
366.2509,18253,13844066,50,2124129,0,209,2
366.2732,18254,13844086,50,2124129,0,205,2
366.2930,18255,13844106,50,2124129,0,242,2
366.3121,18256,13844126,50,2124129,0,215,2
366.3311,18257,13844146,50,2124129,0,269,2
366.3586,18258,13844166,50,2124129,0,222,2
366.3715,18259,13844186,50,2124129,0,272,2
366.3927,18260,13844206,50,2124129,0,291,2
366.4119,18261,13844226,50,2124129,0,582,2
366.4329,18262,13844246,50,2124129,0,307,2
366.4523,18263,13844266,50,2124129,0,237,2
366.4716,18264,13844286,50,2124129,0,317,2
366.4912,18265,13844306,50,2124129,0,471,2
366.5123,18266,13844326,50,2124129,0,212,2
366.5318,18267,13844346,50,2124129,0,222,2
366.5509,18268,13844366,50,2124129,0,232,2
366.5725,18269,13844386,50,2124129,0,219,2
366.5919,18270,13844406,50,2124129,0,215,2
366.6116,18271,13844426,50,2124129,0,203,2
366.6329,18272,13844446,50,2124129,0,238,2
366.6521,18273,13844466,50,2124129,0,215,2
366.6712,18274,13844486,50,2124129,0,204,2
366.6928,18275,13844506,50,2124129,0,205,2
366.7121,18276,13844526,50,2124129,0,206,2
366.7313,18277,13844546,50,2124129,0,264,2
366.7526,18278,13844566,50,2124129,0,280,2
366.7718,18279,13844586,50,2124129,0,336,2
366.7930,18280,13844606,50,2124129,0,236,2
366.8117,18281,13844626,50,2124129,0,280,2
366.8328,18282,13844646,50,2124129,0,222,2
366.8520,18283,13844666,50,2124129,0,332,2
366.8713,18284,13844686,50,2124129,0,396,2
366.8929,18285,13844706,50,2124129,0,444,2
366.9119,18286,13844726,50,2124129,0,229,2
366.9328,18287,13844746,50,2124129,0,220,2
366.9520,18288,13844766,50,2124129,0,574,2
366.9712,18289,13844786,50,2124129,0,412,2
366.9925,18290,13844806,50,2124129,0,212,2
367.0115,18291,13844826,50,2124129,0,265,2
367.0329,18292,13844846,50,2124129,0,208,2
367.0520,18293,13844866,50,2124129,0,206,2
367.0712,18294,13844886,50,2124129,0,206,2
367.0926,18295,13844906,50,2124129,0,209,2
367.1136,18296,13844926,50,2124129,0,203,2
367.1320,18297,13844946,50,2124129,0,246,2
367.1526,18298,13844966,50,2124129,0,215,2
367.1718,18299,13844986,50,2124129,0,209,2
367.1930,18300,13845006,50,2124129,0,246,2
367.2118,18301,13845026,50,2124129,0,215,2
367.2329,18302,13845046,50,2124129,0,243,2
367.2522,18303,13845066,50,2124129,0,384,2
367.2717,18304,13845086,50,2124129,0,229,2
367.2931,18305,13845106,50,2124129,0,251,2
367.3123,18306,13845126,50,2124129,0,595,2
367.3317,18307,13845146,50,2124129,0,256,2
367.3510,18308,13845166,50,2124129,0,209,2
367.3724,18309,13845186,50,2124129,0,253,2
367.3917,18310,13845206,50,2124129,0,432,2
367.4111,18311,13845226,50,2124129,0,211,2
367.4324,18312,13845246,50,2124129,0,268,2
367.4516,18313,13845266,50,2124129,0,487,2
367.4729,18314,13845286,50,2124129,0,241,2
367.4924,18315,13845306,50,2124129,0,216,2
367.5115,18316,13845326,50,2124129,0,205,2
367.5324,18317,13845346,50,2124129,0,267,2
367.5515,18318,13845366,50,2124129,0,355,2
367.5727,18319,13845386,50,2124129,0,352,2
367.5919,18320,13845406,50,2124129,0,240,2
367.6119,18321,13845426,50,2124129,0,355,2
367.6329,18322,13845446,50,2124129,0,247,2
367.6522,18323,13845466,50,2124129,0,252,2
367.6714,18324,13845486,50,2124129,0,221,2
367.6930,18325,13845506,50,2124129,0,226,2
367.7120,18326,13845526,50,2124129,0,224,2
367.7312,18327,13845546,50,2124129,0,299,2
367.7523,18328,13845566,50,2124129,0,216,2
367.7716,18329,13845586,50,2124129,0,211,2
367.7911,18330,13845606,50,2124129,0,297,2
367.8126,18331,13845626,50,2124129,0,216,2
367.8316,18332,13845646,50,2124129,0,279,2
367.8528,18333,13845666,50,2124129,0,211,2
367.8720,18334,13845686,50,2124129,0,424,2
367.8912,18335,13845706,50,2124129,0,423,2
367.9128,18336,13845726,50,2124129,0,212,2
367.9319,18337,13845746,50,2124129,0,257,2
367.9511,18338,13845766,50,2124129,0,566,2
367.9726,18339,13845786,50,2124129,0,454,2
367.9917,18340,13845806,50,2124129,0,241,2
368.0111,18341,13845826,50,2124129,0,280,2
368.0320,18342,13845846,50,2124129,0,214,2
368.0513,18343,13845866,50,2124129,0,211,2
368.0726,18344,13845886,50,2124129,0,272,2
368.0921,18345,13845906,50,2124129,0,261,2
368.1112,18346,13845926,50,2124129,0,238,2
368.1321,18347,13845946,50,2124129,0,210,2
368.1512,18348,13845966,50,2124129,0,273,2
368.1725,18349,13845986,50,2124129,0,216,2
368.1917,18350,13846006,50,2124129,0,209,2
368.2111,18351,13846026,50,2124129,0,222,2
368.2324,18352,13846046,50,2124129,0,241,2
368.2515,18353,13846066,50,2124129,0,215,2
368.2726,18354,13846086,50,2124129,0,217,2
368.2922,18355,13846106,50,2124129,0,219,2
368.3115,18356,13846126,50,2124129,0,208,2
368.3325,18357,13846146,50,2124129,0,283,2
368.3517,18358,13846166,50,2124129,0,334,2
368.3732,18359,13846186,50,2124129,0,375,2
368.3929,18360,13846206,50,2124129,0,238,2
368.4122,18361,13846226,50,2124129,0,345,2
368.4311,18362,13846246,50,2124129,0,333,2
368.4525,18363,13846266,50,2124129,0,240,2
368.4716,18364,13846286,50,2124129,0,236,2
368.4929,18365,13846306,50,2124129,0,402,2
368.5120,18366,13846326,50,2124129,0,237,2
368.5329,18367,13846346,50,2124129,0,208,2
368.5520,18368,13846366,50,2124129,0,264,2
368.5714,18369,13846386,50,2124129,0,231,2
368.5929,18370,13846406,50,2124129,0,220,2
368.6130,18371,13846426,50,2124129,0,227,2
368.6322,18372,13846446,50,2124129,0,208,2
368.6516,18373,13846466,50,2124129,0,206,2
368.6728,18374,13846486,50,2124129,0,205,2
368.6922,18375,13846506,50,2124129,0,262,2
368.7117,18376,13846526,50,2124129,0,214,2
368.7329,18377,13846546,50,2124129,0,270,2
368.7522,18378,13846566,50,2124129,0,263,2
368.7713,18379,13846586,50,2124129,0,277,2
368.7930,18380,13846606,50,2124129,0,236,2
368.8123,18381,13846626,50,2124129,0,572,2
368.8314,18382,13846646,50,2124129,0,217,2
368.8526,18383,13846666,50,2124129,0,214,2
368.8718,18384,13846686,50,2124129,0,236,2
368.8911,18385,13846706,50,2124129,0,584,2
368.9126,18386,13846726,50,2124129,0,434,2
368.9313,18387,13846746,50,2124129,0,237,2
368.9525,18388,13846766,50,2124129,0,242,2
368.9715,18389,13846786,50,2124129,0,566,2
368.9932,18390,13846806,50,2124129,0,425,2
369.0126,18391,13846826,50,2124129,0,215,2
369.0317,18392,13846846,50,2124129,0,280,2
369.0513,18393,13846866,50,2124129,0,342,2
369.0728,18394,13846886,50,2124129,0,268,2
369.0919,18395,13846906,50,2124129,0,242,2
369.1111,18396,13846926,50,2124129,0,341,2
369.1321,18397,13846946,50,2124129,0,272,2
369.1512,18398,13846966,50,2124129,0,217,2
369.1725,18399,13846986,50,2124129,0,267,2
369.1919,18400,13847006,50,2124129,0,215,2
369.2112,18401,13847026,50,2124129,0,263,2
369.2323,18402,13847046,50,2124129,0,242,2
369.2514,18403,13847066,50,2124129,0,217,2
369.2728,18404,13847086,50,2124129,0,210,2
369.2922,18405,13847106,50,2124129,0,235,2
369.3115,18406,13847126,50,2124129,0,238,2
369.3326,18407,13847146,50,2124129,0,204,2
369.3542,18408,13847166,50,2124129,0,270,2
369.3717,18409,13847186,50,2124129,0,444,2
369.3930,18410,13847206,50,2124129,0,217,2
369.4123,18411,13847226,50,2124129,0,215,2
369.4315,18412,13847246,50,2124129,0,307,2
369.4527,18413,13847266,50,2124129,0,465,2
369.4712,18414,13847286,50,2124129,0,227,2
369.4927,18415,13847306,50,2124129,0,278,2
369.5120,18416,13847326,50,2124129,0,220,2
369.5310,18417,13847346,50,2124129,0,293,2
369.5523,18418,13847366,50,2124129,0,241,2
369.5714,18419,13847386,50,2124129,0,252,2
369.5929,18420,13847406,50,2124129,0,217,2
369.6127,18421,13847426,50,2124129,0,264,2
369.6316,18422,13847446,50,2124129,0,210,2
369.6529,18423,13847466,50,2124129,0,251,2
369.6721,18424,13847486,50,2124129,0,219,2
369.6913,18425,13847506,50,2124129,0,208,2
369.7126,18426,13847526,50,2124129,0,211,2
369.7316,18427,13847546,50,2124129,0,229,2
369.7526,18428,13847566,50,2124129,0,216,2
369.7718,18429,13847586,50,2124129,0,209,2
369.7912,18430,13847606,50,2124129,0,210,2
369.8125,18431,13847626,50,2124129,0,279,2
369.8316,18432,13847646,50,2124129,0,214,2
369.8509,18433,13847666,50,2124129,0,208,2
369.8728,18434,13847686,50,2124129,0,248,2
369.8923,18435,13847706,50,2124129,0,215,2
369.9116,18436,13847726,50,2124129,0,238,2
369.9325,18437,13847746,50,2124129,0,231,2
369.9516,18438,13847766,50,2124129,0,598,2
369.9728,18439,13847786,50,2124129,0,474,2
369.9922,18440,13847806,50,2124129,0,245,2
370.0117,18441,13847826,50,2124129,0,217,2
370.0328,18442,13847846,50,2124129,0,247,2
370.0518,18443,13847866,50,2124129,0,386,2
370.0714,18444,13847886,50,2124129,0,241,2
370.0929,18445,13847906,50,2124129,0,283,2
370.1123,18446,13847926,50,2124129,0,464,2
370.1313,18447,13847946,50,2124129,0,229,2
370.1525,18448,13847966,50,2124129,0,210,2
370.1716,18449,13847986,50,2124129,0,281,2
370.1933,18450,13848006,50,2124129,0,210,2
370.2124,18451,13848026,50,2124129,0,270,2
370.2313,18452,13848046,50,2124129,0,208,2
370.2522,18453,13848066,50,2124129,0,210,2
370.2715,18454,13848086,50,2124129,0,280,2
370.2928,18455,13848106,50,2124129,0,220,2
370.3122,18456,13848126,50,2124129,0,295,2
370.3314,18457,13848146,50,2124129,0,210,2
370.3527,18458,13848166,50,2124129,0,274,2
370.3722,18459,13848186,50,2124129,0,467,2
370.3918,18460,13848206,50,2124129,0,243,2
370.4110,18461,13848226,50,2124129,0,217,2
370.4322,18462,13848246,50,2124129,0,312,2
370.4513,18463,13848266,50,2124129,0,614,2
370.4728,18464,13848286,50,2124129,0,253,2
370.4923,18465,13848306,50,2124129,0,219,2
370.5116,18466,13848326,50,2124129,0,267,2
370.5326,18467,13848346,50,2124129,0,279,2
370.5518,18468,13848366,50,2124129,0,216,2
370.5711,18469,13848386,50,2124129,0,221,2
370.5925,18470,13848406,50,2124129,0,247,2
370.6118,18471,13848426,50,2124129,0,212,2
370.6311,18472,13848446,50,2124129,0,212,2
370.6523,18473,13848466,50,2124129,0,227,2
370.6718,18474,13848486,50,2124129,0,220,2
370.6909,18475,13848506,50,2124129,0,285,2
370.7126,18476,13848526,50,2124129,0,211,2
370.7315,18477,13848546,50,2124129,0,247,2
370.7528,18478,13848566,50,2124129,0,217,2
370.7718,18479,13848586,50,2124129,0,231,2
370.7911,18480,13848606,50,2124129,0,225,2
370.8126,18481,13848626,50,2124129,0,212,2
370.8314,18482,13848646,50,2124129,0,265,2
370.8527,18483,13848666,50,2124129,0,289,2
370.8727,18484,13848686,50,2124129,0,317,2
370.8917,18485,13848706,50,2124129,0,350,2
370.9130,18486,13848726,50,2124129,0,238,2
370.9318,18487,13848746,50,2124129,0,333,2
370.9528,18488,13848766,50,2124129,0,397,2
370.9719,18489,13848786,50,2124129,0,272,2
370.9911,18490,13848806,50,2124129,0,242,2
371.0130,18491,13848826,50,2124129,0,333,2
371.0319,18492,13848846,50,2124129,0,442,2
371.0515,18493,13848866,50,2124129,0,220,2
371.0727,18494,13848886,50,2124129,0,297,2
371.0922,18495,13848906,50,2124129,0,215,2
371.1116,18496,13848926,50,2124129,0,210,2
371.1326,18497,13848946,50,2124129,0,268,2
371.1517,18498,13848966,50,2124129,0,220,2
371.1711,18499,13848986,50,2124129,0,268,2
371.1924,18500,13849006,50,2124129,0,224,2
371.2118,18501,13849026,50,2124129,0,267,2
371.2330,18502,13849046,50,2124129,0,211,2
371.2524,18503,13849066,50,2124129,0,275,2
371.2717,18504,13849086,50,2124129,0,220,2
371.2910,18505,13849106,50,2124129,0,265,2
371.3126,18506,13849126,50,2124129,0,217,2
371.3316,18507,13849146,50,2124129,0,215,2
371.3530,18508,13849166,50,2124129,0,332,2
371.3725,18509,13849186,50,2124129,0,215,2
371.3917,18510,13849206,50,2124129,0,263,2
371.4110,18511,13849226,50,2124129,0,215,2
371.4321,18512,13849246,50,2124129,0,506,2
371.4512,18513,13849266,50,2124129,0,392,2
371.4724,18514,13849286,50,2124129,0,217,2
371.4919,18515,13849306,50,2124129,0,215,2
371.5115,18516,13849326,50,2124129,0,224,2
371.5328,18517,13849346,50,2124129,0,209,2
371.5522,18518,13849366,50,2124129,0,208,2
371.5715,18519,13849386,50,2124129,0,205,2
371.5929,18520,13849406,50,2124129,0,279,2
371.6121,18521,13849426,50,2124129,0,215,2
371.6313,18522,13849446,50,2124129,0,251,2
371.6526,18523,13849466,50,2124129,0,403,2
371.6719,18524,13849486,50,2124129,0,236,2
371.6910,18525,13849506,50,2124129,0,338,2
371.7125,18526,13849526,50,2124129,0,474,2
371.7313,18527,13849546,50,2124129,0,283,2
371.7527,18528,13849566,50,2124129,0,219,2
371.7718,18529,13849586,50,2124129,0,209,2
371.7911,18530,13849606,50,2124129,0,224,2
371.8123,18531,13849626,50,2124129,0,227,2
371.8313,18532,13849646,50,2124129,0,210,2
371.8526,18533,13849666,50,2124129,0,398,2
371.8726,18534,13849686,50,2124129,0,224,2
371.8916,18535,13849706,50,2124129,0,225,2
371.9129,18536,13849726,50,2124129,0,216,2
371.9318,18537,13849746,50,2124129,0,262,2
371.9530,18538,13849766,50,2124129,0,469,2
371.9723,18539,13849786,50,2124129,0,232,2
371.9916,18540,13849806,50,2124129,0,243,2
372.0130,18541,13849826,50,2124129,0,215,2
372.0321,18542,13849846,50,2124129,0,284,2
372.0512,18543,13849866,50,2124129,0,325,2
372.0726,18544,13849886,50,2124129,0,389,2
372.0917,18545,13849906,50,2124129,0,240,2
372.1112,18546,13849926,50,2124129,0,321,2
372.1322,18547,13849946,50,2124129,0,469,2
372.1515,18548,13849966,50,2124129,0,265,2
372.1729,18549,13849986,50,2124129,0,216,2
372.1922,18550,13850006,50,2124129,0,206,2
372.2117,18551,13850026,50,2124129,0,247,2
372.2326,18552,13850046,50,2124129,0,205,2
372.2517,18553,13850066,50,2124129,0,205,2
372.2728,18554,13850086,50,2124129,0,214,2
372.2922,18555,13850106,50,2124129,0,212,2
372.3119,18556,13850126,50,2124129,0,241,2
372.3327,18557,13850146,50,2124129,0,381,2
372.3520,18558,13850166,50,2124129,0,229,2
372.3738,18559,13850186,50,2124129,0,339,2
372.3910,18560,13850206,50,2124129,0,240,2
372.4126,18561,13850226,50,2124129,0,634,2
372.4319,18562,13850246,50,2124129,0,295,2
372.4510,18563,13850266,50,2124129,0,237,2
372.4725,18564,13850286,50,2124129,0,304,2
372.4919,18565,13850306,50,2124129,0,430,2
372.5115,18566,13850326,50,2124129,0,256,2
372.5327,18567,13850346,50,2124129,0,264,2
372.5520,18568,13850366,50,2124129,0,216,2
372.5713,18569,13850386,50,2124129,0,208,2
372.5929,18570,13850406,50,2124129,0,238,2
372.6125,18571,13850426,50,2124129,0,243,2
372.6317,18572,13850446,50,2124129,0,231,2
372.6508,18573,13850466,50,2124129,0,220,2
372.6720,18574,13850486,50,2124129,0,222,2
372.6911,18575,13850506,50,2124129,0,222,2
372.7124,18576,13850526,50,2124129,0,251,2
372.7314,18577,13850546,50,2124129,0,211,2
372.7526,18578,13850566,50,2124129,0,265,2
372.7718,18579,13850586,50,2124129,0,211,2
372.7932,18580,13850606,50,2124129,0,296,2
372.8125,18581,13850626,50,2124129,0,242,2
372.8317,18582,13850646,50,2124129,0,211,2
372.8510,18583,13850666,50,2124129,0,257,2
372.8749,18584,13850686,50,2124129,0,240,2
372.8920,18585,13850706,50,2124129,0,449,2
372.9116,18586,13850726,50,2124129,0,224,2
372.9326,18587,13850746,50,2124129,0,235,2
372.9520,18588,13850766,50,2124129,0,552,2
372.9712,18589,13850786,50,2124129,0,304,2
372.9929,18590,13850806,50,2124129,0,217,2
373.0123,18591,13850826,50,2124129,0,211,2
373.0312,18592,13850846,50,2124129,0,224,2
373.0525,18593,13850866,50,2124129,0,219,2
373.0717,18594,13850886,50,2124129,0,262,2
373.0930,18595,13850906,50,2124129,0,220,2
373.1123,18596,13850926,50,2124129,0,278,2
373.1314,18597,13850946,50,2124129,0,209,2
373.1526,18598,13850966,50,2124129,0,224,2
373.1717,18599,13850986,50,2124129,0,227,2
373.1930,18600,13851006,50,2124129,0,242,2
373.2123,18601,13851026,50,2124129,0,224,2
373.2314,18602,13851046,50,2124129,0,209,2
373.2528,18603,13851066,50,2124129,0,214,2
373.2723,18604,13851086,50,2124129,0,220,2
373.2915,18605,13851106,50,2124129,0,270,2
373.3111,18606,13851126,50,2124129,0,365,2
373.3322,18607,13851146,50,2124129,0,236,2
373.3513,18608,13851166,50,2124129,0,365,2
373.3757,18609,13851186,50,2124129,0,259,2
373.3929,18610,13851206,50,2124129,0,274,2
373.4124,18611,13851226,50,2124129,0,353,2
373.4314,18612,13851246,50,2124129,0,211,2
373.4526,18613,13851266,50,2124129,0,279,2
373.4717,18614,13851286,50,2124129,0,216,2
373.4910,18615,13851306,50,2124129,0,208,2
373.5126,18616,13851326,50,2124129,0,275,2
373.5316,18617,13851346,50,2124129,0,249,2
373.5528,18618,13851366,50,2124129,0,214,2
373.5721,18619,13851386,50,2124129,0,263,2
373.5912,18620,13851406,50,2124129,0,221,2
373.6127,18621,13851426,50,2124129,0,245,2
373.6321,18622,13851446,50,2124129,0,249,2
373.6516,18623,13851466,50,2124129,0,215,2
373.6728,18624,13851486,50,2124129,0,208,2
373.6923,18625,13851506,50,2124129,0,268,2
373.7117,18626,13851526,50,2124129,0,215,2
373.7329,18627,13851546,50,2124129,0,237,2
373.7521,18628,13851566,50,2124129,0,405,2
373.7713,18629,13851586,50,2124129,0,241,2
373.7928,18630,13851606,50,2124129,0,258,2
373.8123,18631,13851626,50,2124129,0,212,2
373.8315,18632,13851646,50,2124129,0,214,2
373.8529,18633,13851666,50,2124129,0,216,2
373.8774,18634,13851686,50,2124129,0,257,2
373.8925,18635,13851706,50,2124129,0,281,2
373.9119,18636,13851726,50,2124129,0,556,2
373.9310,18637,13851746,50,2124129,0,241,2
373.9523,18638,13851766,50,2124129,0,624,2
373.9717,18639,13851786,50,2124129,0,259,2
373.9929,18640,13851806,50,2124129,0,215,2
374.0122,18641,13851826,50,2124129,0,294,2
374.0315,18642,13851846,50,2124129,0,261,2
374.0528,18643,13851866,50,2124129,0,221,2
374.0720,18644,13851886,50,2124129,0,231,2
374.0912,18645,13851906,50,2124129,0,252,2
374.1127,18646,13851926,50,2124129,0,256,2
374.1315,18647,13851946,50,2124129,0,241,2
374.1526,18648,13851966,50,2124129,0,222,2
374.1719,18649,13851986,50,2124129,0,277,2
374.1911,18650,13852006,50,2124129,0,215,2
374.2126,18651,13852026,50,2124129,0,208,2
374.2317,18652,13852046,50,2124129,0,269,2
374.2509,18653,13852066,50,2124129,0,327,2
374.2725,18654,13852086,50,2124129,0,317,2
374.2919,18655,13852106,50,2124129,0,470,2
374.3112,18656,13852126,50,2124129,0,224,2
374.3326,18657,13852146,50,2124129,0,212,2
374.3516,18658,13852166,50,2124129,0,225,2
374.3780,18659,13852186,50,2124129,0,509,2
374.3932,18660,13852206,50,2124129,0,242,2
374.4128,18661,13852226,50,2124129,0,577,2
374.4316,18662,13852246,50,2124129,0,216,2
374.4528,18663,13852266,50,2124129,0,300,2
374.4723,18664,13852286,50,2124129,0,243,2
374.4916,18665,13852306,50,2124129,0,270,2
374.5113,18666,13852326,50,2124129,0,458,2
374.5324,18667,13852346,50,2124129,0,240,2
374.5514,18668,13852366,50,2124129,0,215,2
374.5728,18669,13852386,50,2124129,0,257,2
374.5919,18670,13852406,50,2124129,0,215,2
374.6112,18671,13852426,50,2124129,0,211,2
374.6328,18672,13852446,50,2124129,0,297,2
374.6520,18673,13852466,50,2124129,0,216,2
374.6712,18674,13852486,50,2124129,0,270,2
374.6927,18675,13852506,50,2124129,0,215,2
374.7124,18676,13852526,50,2124129,0,208,2
374.7314,18677,13852546,50,2124129,0,268,2
374.7527,18678,13852566,50,2124129,0,216,2
374.7719,18679,13852586,50,2124129,0,406,2
374.7911,18680,13852606,50,2124129,0,241,2
374.8126,18681,13852626,50,2124129,0,241,2
374.8316,18682,13852646,50,2124129,0,568,2
374.8528,18683,13852666,50,2124129,0,240,2
374.8787,18684,13852686,50,2124129,0,217,2
374.8917,18685,13852706,50,2124129,0,534,2
374.9111,18686,13852726,50,2124129,0,221,2
374.9321,18687,13852746,50,2124129,0,196,2
374.9513,18688,13852766,50,2124129,0,293,2
374.9728,18689,13852786,50,2124129,0,236,2
374.9917,18690,13852806,50,2124129,0,270,2
375.0110,18691,13852826,50,2124129,0,448,2
375.0321,18692,13852846,50,2124129,0,246,2
375.0514,18693,13852866,50,2124129,0,216,2
375.0727,18694,13852886,50,2124129,0,209,2
375.0917,18695,13852906,50,2124129,0,212,2
375.1129,18696,13852926,50,2124129,0,246,2
375.1318,18697,13852946,50,2124129,0,210,2
375.1530,18698,13852966,50,2124129,0,275,2
375.1723,18699,13852986,50,2124129,0,212,2
375.1915,18700,13853006,50,2124129,0,214,2
375.2127,18701,13853026,50,2124129,0,208,2
375.2316,18702,13853046,50,2124129,0,251,2
375.2526,18703,13853066,50,2124129,0,222,2
375.2717,18704,13853086,50,2124129,0,258,2
375.2930,18705,13853106,50,2124129,0,215,2
375.3126,18706,13853126,50,2124129,0,225,2
375.3317,18707,13853146,50,2124129,0,268,2
375.3529,18708,13853166,50,2124129,0,219,2
375.3790,18709,13853186,50,2124129,0,230,2
375.3917,18710,13853206,50,2124129,0,606,2
375.4112,18711,13853226,50,2124129,0,321,2
375.4323,18712,13853246,50,2124129,0,301,2
375.4512,18713,13853266,50,2124129,0,288,2
375.4726,18714,13853286,50,2124129,0,243,2
375.4916,18715,13853306,50,2124129,0,600,2
375.5129,18716,13853326,50,2124129,0,443,2
375.5317,18717,13853346,50,2124129,0,212,2
375.5508,18718,13853366,50,2124129,0,252,2
375.5719,18719,13853386,50,2124129,0,215,2
375.5911,18720,13853406,50,2124129,0,211,2
375.6125,18721,13853426,50,2124129,0,241,2
375.6317,18722,13853446,50,2124129,0,210,2
375.6530,18723,13853466,50,2124129,0,286,2
375.6722,18724,13853486,50,2124129,0,246,2
375.6911,18725,13853506,50,2124129,0,215,2
375.7127,18726,13853526,50,2124129,0,273,2
375.7317,18727,13853546,50,2124129,0,257,2
375.7528,18728,13853566,50,2124129,0,280,2
375.7724,18729,13853586,50,2124129,0,290,2
375.7916,18730,13853606,50,2124129,0,236,2
375.8111,18731,13853626,50,2124129,0,333,2
375.8324,18732,13853646,50,2124129,0,474,2
375.8516,18733,13853666,50,2124129,0,235,2
375.8801,18734,13853686,50,2124129,0,217,2
375.8928,18735,13853706,50,2124129,0,551,2
375.9121,18736,13853726,50,2124129,0,421,2
375.9311,18737,13853746,50,2124129,0,208,2
375.9526,18738,13853766,50,2124129,0,235,2
375.9716,18739,13853786,50,2124129,0,542,2
375.9931,18740,13853806,50,2124129,0,379,2
376.0124,18741,13853826,50,2124129,0,226,2
376.0314,18742,13853846,50,2124129,0,215,2
376.0527,18743,13853866,50,2124129,0,277,2
376.0716,18744,13853886,50,2124129,0,214,2
376.0929,18745,13853906,50,2124129,0,211,2
376.1121,18746,13853926,50,2124129,0,237,2
376.1309,18747,13853946,50,2124129,0,212,2
376.1522,18748,13853966,50,2124129,0,281,2
376.1716,18749,13853986,50,2124129,0,220,2
376.1928,18750,13854006,50,2124129,0,241,2
376.2124,18751,13854026,50,2124129,0,219,2
376.2313,18752,13854046,50,2124129,0,240,2
376.2525,18753,13854066,50,2124129,0,602,2
376.2719,18754,13854086,50,2124129,0,371,2
376.2911,18755,13854106,50,2124129,0,211,2
376.3127,18756,13854126,50,2124129,0,256,2
376.3321,18757,13854146,50,2124129,0,211,2
376.3511,18758,13854166,50,2124129,0,304,2
376.3728,18759,13854186,50,2124129,0,205,2
376.3921,18760,13854206,50,2124129,0,242,2
376.4115,18761,13854226,50,2124129,0,389,2
376.4326,18762,13854246,50,2124129,0,241,2
376.4518,18763,13854266,50,2124129,0,242,2
376.4710,18764,13854286,50,2124129,0,401,2
376.4926,18765,13854306,50,2124129,0,231,2
376.5122,18766,13854326,50,2124129,0,241,2
376.5317,18767,13854346,50,2124129,0,557,2
376.5509,18768,13854366,50,2124129,0,455,2
376.5723,18769,13854386,50,2124129,0,221,2
376.5915,18770,13854406,50,2124129,0,222,2
376.6130,18771,13854426,50,2124129,0,225,2
376.6325,18772,13854446,50,2124129,0,211,2
376.6518,18773,13854466,50,2124129,0,257,2
376.6710,18774,13854486,50,2124129,0,219,2
376.6922,18775,13854506,50,2124129,0,211,2
376.7116,18776,13854526,50,2124129,0,236,2
376.7331,18777,13854546,50,2124129,0,395,2
376.7519,18778,13854566,50,2124129,0,235,2
376.7711,18779,13854586,50,2124129,0,230,2
376.7927,18780,13854606,50,2124129,0,294,2
376.8123,18781,13854626,50,2124129,0,421,2
376.8317,18782,13854646,50,2124129,0,203,2
376.8527,18783,13854666,50,2124129,0,284,2
376.8722,18784,13854686,50,2124129,0,221,2
376.8917,18785,13854706,50,2124129,0,293,2
376.9133,18786,13854726,50,2124129,0,242,2
376.9326,18787,13854746,50,2124129,0,610,2
376.9516,18788,13854766,50,2124129,0,267,2
376.9728,18789,13854786,50,2124129,0,236,2
376.9920,18790,13854806,50,2124129,0,566,2
377.0113,18791,13854826,50,2124129,0,478,2
377.0326,18792,13854846,50,2124129,0,233,2
377.0519,18793,13854866,50,2124129,0,232,2
377.0714,18794,13854886,50,2124129,0,224,2
377.0929,18795,13854906,50,2124129,0,249,2
377.1128,18796,13854926,50,2124129,0,216,2
377.1321,18797,13854946,50,2124129,0,273,2
377.1515,18798,13854966,50,2124129,0,354,2
377.1727,18799,13854986,50,2124129,0,347,2
377.1918,18800,13855006,50,2124129,0,237,2
377.2112,18801,13855026,50,2124129,0,235,2
377.2326,18802,13855046,50,2124129,0,252,2
377.2514,18803,13855066,50,2124129,0,219,2
377.2727,18804,13855086,50,2124129,0,211,2
377.2918,18805,13855106,50,2124129,0,279,2
377.3111,18806,13855126,50,2124129,0,251,2
377.3327,18807,13855146,50,2124129,0,265,2
377.3517,18808,13855166,50,2124129,0,214,2
377.3713,18809,13855186,50,2124129,0,208,2
377.3908,18810,13855206,50,2124129,0,241,2
377.4123,18811,13855226,50,2124129,0,236,2
377.4319,18812,13855246,50,2124129,0,487,2
377.4509,18813,13855266,50,2124129,0,273,2
377.4722,18814,13855286,50,2124129,0,235,2
377.4916,18815,13855306,50,2124129,0,552,2
377.5109,18816,13855326,50,2124129,0,438,2
377.5324,18817,13855346,50,2124129,0,209,2
377.5520,18818,13855366,50,2124129,0,211,2
377.5717,18819,13855386,50,2124129,0,272,2
377.5911,18820,13855406,50,2124129,0,247,2
377.6126,18821,13855426,50,2124129,0,264,2
377.6326,18822,13855446,50,2124129,0,205,2
377.6515,18823,13855466,50,2124129,0,210,2
377.6726,18824,13855486,50,2124129,0,232,2
377.6918,18825,13855506,50,2124129,0,251,2
377.7111,18826,13855526,50,2124129,0,279,2
377.7327,18827,13855546,50,2124129,0,208,2
377.7521,18828,13855566,50,2124129,0,277,2
377.7713,18829,13855586,50,2124129,0,212,2
377.7914,18830,13855606,50,2124129,0,225,2
377.8130,18831,13855626,50,2124129,0,221,2
377.8324,18832,13855646,50,2124129,0,252,2
377.8514,18833,13855666,50,2124129,0,222,2
377.8727,18834,13855686,50,2124129,0,253,2
377.8918,18835,13855706,50,2124129,0,520,2
377.9112,18836,13855726,50,2124129,0,219,2
377.9327,18837,13855746,50,2124129,0,272,2
377.9518,18838,13855766,50,2124129,0,615,2
377.9709,18839,13855786,50,2124129,0,247,2
377.9923,18840,13855806,50,2124129,0,295,2
378.0115,18841,13855826,50,2124129,0,215,2
378.0311,18842,13855846,50,2124129,0,232,2
378.0521,18843,13855866,50,2124129,0,393,2
378.0716,18844,13855886,50,2124129,0,235,2
378.0927,18845,13855906,50,2124129,0,235,2
378.1123,18846,13855926,50,2124129,0,574,2
378.1317,18847,13855946,50,2124129,0,261,2
378.1527,18848,13855966,50,2124129,0,259,2
378.1721,18849,13855986,50,2124129,0,222,2
378.1914,18850,13856006,50,2124129,0,407,2
378.2131,18851,13856026,50,2124129,0,240,2
378.2326,18852,13856046,50,2124129,0,616,2
378.2518,18853,13856066,50,2124129,0,263,2
378.2716,18854,13856086,50,2124129,0,212,2
378.2915,18855,13856106,50,2124129,0,285,2
378.3113,18856,13856126,50,2124129,0,215,2
378.3311,18857,13856146,50,2124129,0,264,2
378.3526,18858,13856166,50,2124129,0,217,2
378.3741,18859,13856186,50,2124129,0,242,2
378.3914,18860,13856206,50,2124129,0,242,2
378.4128,18861,13856226,50,2124129,0,301,2
378.4322,18862,13856246,50,2124129,0,423,2
378.4513,18863,13856266,50,2124129,0,243,2
378.4727,18864,13856286,50,2124129,0,237,2
378.4918,18865,13856306,50,2124129,0,602,2
378.5113,18866,13856326,50,2124129,0,253,2
378.5328,18867,13856346,50,2124129,0,290,2
378.5519,18868,13856366,50,2124129,0,217,2
378.5714,18869,13856386,50,2124129,0,225,2
378.5927,18870,13856406,50,2124129,0,220,2
378.6122,18871,13856426,50,2124129,0,232,2
378.6319,18872,13856446,50,2124129,0,275,2
378.6512,18873,13856466,50,2124129,0,219,2
378.6729,18874,13856486,50,2124129,0,280,2
378.6920,18875,13856506,50,2124129,0,240,2
378.7112,18876,13856526,50,2124129,0,241,2
378.7328,18877,13856546,50,2124129,0,252,2
378.7519,18878,13856566,50,2124129,0,219,2
378.7711,18879,13856586,50,2124129,0,215,2
378.7927,18880,13856606,50,2124129,0,208,2
378.8123,18881,13856626,50,2124129,0,216,2
378.8316,18882,13856646,50,2124129,0,277,2
378.8526,18883,13856666,50,2124129,0,290,2
378.8742,18884,13856686,50,2124129,0,283,2
378.8917,18885,13856706,50,2124129,0,269,2
378.9109,18886,13856726,50,2124129,0,263,2
378.9325,18887,13856746,50,2124129,0,209,2
378.9515,18888,13856766,50,2124129,0,245,2
378.9726,18889,13856786,50,2124129,0,620,2
378.9916,18890,13856806,50,2124129,0,226,2
379.0130,18891,13856826,50,2124129,0,221,2
379.0324,18892,13856846,50,2124129,0,247,2
379.0515,18893,13856866,50,2124129,0,216,2
379.0727,18894,13856886,50,2124129,0,215,2
379.0918,18895,13856906,50,2124129,0,214,2
379.1112,18896,13856926,50,2124129,0,251,2
379.1327,18897,13856946,50,2124129,0,209,2
379.1515,18898,13856966,50,2124129,0,212,2
379.1727,18899,13856986,50,2124129,0,403,2
379.1917,18900,13857006,50,2124129,0,245,2
379.2115,18901,13857026,50,2124129,0,241,2
379.2308,18902,13857046,50,2124129,0,461,2
379.2518,18903,13857066,50,2124129,0,237,2
379.2730,18904,13857086,50,2124129,0,217,2
379.2921,18905,13857106,50,2124129,0,211,2
379.3114,18906,13857126,50,2124129,0,236,2
379.3328,18907,13857146,50,2124129,0,212,2
379.3516,18908,13857166,50,2124129,0,251,2
379.3708,18909,13857186,50,2124129,0,216,2
379.3923,18910,13857206,50,2124129,0,242,2
379.4118,18911,13857226,50,2124129,0,526,2
379.4312,18912,13857246,50,2124129,0,227,2
379.4524,18913,13857266,50,2124129,0,280,2
379.4714,18914,13857286,50,2124129,0,233,2
379.4927,18915,13857306,50,2124129,0,325,2
379.5120,18916,13857326,50,2124129,0,448,2
379.5312,18917,13857346,50,2124129,0,240,2
379.5523,18918,13857366,50,2124129,0,216,2
379.5715,18919,13857386,50,2124129,0,254,2
379.5926,18920,13857406,50,2124129,0,267,2
379.6121,18921,13857426,50,2124129,0,215,2
379.6318,18922,13857446,50,2124129,0,284,2
379.6527,18923,13857466,50,2124129,0,262,2
379.6720,18924,13857486,50,2124129,0,609,2
379.6913,18925,13857506,50,2124129,0,256,2
379.7127,18926,13857526,50,2124129,0,217,2
379.7322,18927,13857546,50,2124129,0,257,2
379.7509,18928,13857566,50,2124129,0,231,2
379.7723,18929,13857586,50,2124129,0,253,2
379.7917,18930,13857606,50,2124129,0,219,2
379.8129,18931,13857626,50,2124129,0,212,2
379.8321,18932,13857646,50,2124129,0,280,2
379.8513,18933,13857666,50,2124129,0,212,2
379.8727,18934,13857686,50,2124129,0,261,2
379.8921,18935,13857706,50,2124129,0,238,2
379.9117,18936,13857726,50,2124129,0,254,2
379.9312,18937,13857746,50,2124129,0,267,2
379.9526,18938,13857766,50,2124129,0,246,2
379.9725,18939,13857786,50,2124129,0,336,2
379.9922,18940,13857806,50,2124129,0,423,2
380.0115,18941,13857826,50,2124129,0,212,2
380.0328,18942,13857846,50,2124129,0,215,2
380.0517,18943,13857866,50,2124129,0,205,2
380.0728,18944,13857886,50,2124129,0,268,2
380.0927,18945,13857906,50,2124129,0,229,2
380.1117,18946,13857926,50,2124129,0,243,2
380.1311,18947,13857946,50,2124129,0,267,2
380.1522,18948,13857966,50,2124129,0,226,2
380.1715,18949,13857986,50,2124129,0,288,2
380.1927,18950,13858006,50,2124129,0,215,2
380.2122,18951,13858026,50,2124129,0,210,2
380.2319,18952,13858046,50,2124129,0,278,2
380.2527,18953,13858066,50,2124129,0,212,2
380.2718,18954,13858086,50,2124129,0,252,2
380.2909,18955,13858106,50,2124129,0,216,2
380.3120,18956,13858126,50,2124129,0,222,2
380.3312,18957,13858146,50,2124129,0,275,2
380.3526,18958,13858166,50,2124129,0,216,2
380.3716,18959,13858186,50,2124129,0,214,2
380.3914,18960,13858206,50,2124129,0,248,2
380.4127,18961,13858226,50,2124129,0,237,2
380.4320,18962,13858246,50,2124129,0,217,2
380.4508,18963,13858266,50,2124129,0,241,2
380.4722,18964,13858286,50,2124129,0,238,2
380.4914,18965,13858306,50,2124129,0,562,2
380.5126,18966,13858326,50,2124129,0,379,2
380.5319,18967,13858346,50,2124129,0,210,2
380.5527,18968,13858366,50,2124129,0,254,2
380.5718,18969,13858386,50,2124129,0,215,2
380.5909,18970,13858406,50,2124129,0,263,2
380.6121,18971,13858426,50,2124129,0,215,2
380.6318,18972,13858446,50,2124129,0,238,2
380.6529,18973,13858466,50,2124129,0,237,2
380.6720,18974,13858486,50,2124129,0,611,2
380.6915,18975,13858506,50,2124129,0,262,2
380.7130,18976,13858526,50,2124129,0,216,2
380.7326,18977,13858546,50,2124129,0,278,2
380.7517,18978,13858566,50,2124129,0,342,2
380.7729,18979,13858586,50,2124129,0,290,2
380.7921,18980,13858606,50,2124129,0,241,2
380.8112,18981,13858626,50,2124129,0,589,2
380.8329,18982,13858646,50,2124129,0,246,2
380.8518,18983,13858666,50,2124129,0,217,2
380.8709,18984,13858686,50,2124129,0,254,2
380.8929,18985,13858706,50,2124129,0,211,2
380.9124,18986,13858726,50,2124129,0,254,2
380.9317,18987,13858746,50,2124129,0,235,2
380.9527,18988,13858766,50,2124129,0,215,2
380.9720,18989,13858786,50,2124129,0,267,2
380.9915,18990,13858806,50,2124129,0,214,2
381.0130,18991,13858826,50,2124129,0,261,2
381.0324,18992,13858846,50,2124129,0,209,2
381.0513,18993,13858866,50,2124129,0,243,2
381.0725,18994,13858886,50,2124129,0,219,2
381.0917,18995,13858906,50,2124129,0,212,2
381.1128,18996,13858926,50,2124129,0,405,2
381.1324,18997,13858946,50,2124129,0,222,2
381.1516,18998,13858966,50,2124129,0,566,2
381.1709,18999,13858986,50,2124129,0,455,2
381.1925,19000,13859006,50,2124129,0,252,2
381.2119,19001,13859026,50,2124129,0,219,2
381.2314,19002,13859046,50,2124129,0,277,2
381.2527,19003,13859066,50,2124129,0,368,2
381.2720,19004,13859086,50,2124129,0,309,2
381.2915,19005,13859106,50,2124129,0,241,2
381.3128,19006,13859126,50,2124129,0,337,2
381.3319,19007,13859146,50,2124129,0,243,2
381.3529,19008,13859166,50,2124129,0,232,2
381.3721,19009,13859186,50,2124129,0,220,2
381.3936,19010,13859206,50,2124129,0,395,2
381.4129,19011,13859226,50,2124129,0,242,2
381.4324,19012,13859246,50,2124129,0,233,2
381.4512,19013,13859266,50,2124129,0,257,2
381.4725,19014,13859286,50,2124129,0,236,2
381.4918,19015,13859306,50,2124129,0,327,2
381.5109,19016,13859326,50,2124129,0,435,2
381.5323,19017,13859346,50,2124129,0,211,2
381.5513,19018,13859366,50,2124129,0,249,2
381.5727,19019,13859386,50,2124129,0,219,2
381.5919,19020,13859406,50,2124129,0,209,2
381.6110,19021,13859426,50,2124129,0,317,2
381.6327,19022,13859446,50,2124129,0,618,2
381.6517,19023,13859466,50,2124129,0,419,2
381.6709,19024,13859486,50,2124129,0,219,2
381.6924,19025,13859506,50,2124129,0,280,2
381.7120,19026,13859526,50,2124129,0,217,2
381.7315,19027,13859546,50,2124129,0,257,2
381.7526,19028,13859566,50,2124129,0,214,2
381.7719,19029,13859586,50,2124129,0,211,2
381.7913,19030,13859606,50,2124129,0,238,2
381.8127,19031,13859626,50,2124129,0,217,2
381.8321,19032,13859646,50,2124129,0,274,2
381.8518,19033,13859666,50,2124129,0,280,2
381.8714,19034,13859686,50,2124129,0,361,2
381.8954,19035,13859706,50,2124129,0,345,2
381.9128,19036,13859726,50,2124129,0,572,2
381.9322,19037,13859746,50,2124129,0,225,2
381.9513,19038,13859766,50,2124129,0,241,2
381.9727,19039,13859786,50,2124129,0,236,2
381.9921,19040,13859806,50,2124129,0,552,2
382.0116,19041,13859826,50,2124129,0,230,2
382.0328,19042,13859846,50,2124129,0,274,2
382.0519,19043,13859866,50,2124129,0,254,2
382.0720,19044,13859886,50,2124129,0,248,2
382.0916,19045,13859906,50,2124129,0,268,2
382.1131,19046,13859926,50,2124129,0,405,2
382.1324,19047,13859946,50,2124129,0,265,2
382.1514,19048,13859966,50,2124129,0,587,2
382.1726,19049,13859986,50,2124129,0,434,2
382.1917,19050,13860006,50,2124129,0,212,2
382.2108,19051,13860026,50,2124129,0,297,2
382.2322,19052,13860046,50,2124129,0,267,2
382.2511,19053,13860066,50,2124129,0,215,2
382.2725,19054,13860086,50,2124129,0,211,2
382.2918,19055,13860106,50,2124129,0,259,2
382.3110,19056,13860126,50,2124129,0,217,2
382.3325,19057,13860146,50,2124129,0,278,2
382.3513,19058,13860166,50,2124129,0,309,2
382.3726,19059,13860186,50,2124129,0,281,2
382.3961,19060,13860206,50,2124129,0,403,2
382.4110,19061,13860226,50,2124129,0,243,2
382.4324,19062,13860246,50,2124129,0,556,2
382.4514,19063,13860266,50,2124129,0,403,2
382.4726,19064,13860286,50,2124129,0,242,2
382.4920,19065,13860306,50,2124129,0,236,2
382.5113,19066,13860326,50,2124129,0,590,2
382.5311,19067,13860346,50,2124129,0,216,2
382.5525,19068,13860366,50,2124129,0,216,2
382.5717,19069,13860386,50,2124129,0,226,2
382.5929,19070,13860406,50,2124129,0,209,2
382.6121,19071,13860426,50,2124129,0,284,2
382.6316,19072,13860446,50,2124129,0,209,2
382.6527,19073,13860466,50,2124129,0,252,2
382.6720,19074,13860486,50,2124129,0,217,2
382.6911,19075,13860506,50,2124129,0,212,2
382.7130,19076,13860526,50,2124129,0,297,2
382.7322,19077,13860546,50,2124129,0,237,2
382.7511,19078,13860566,50,2124129,0,220,2
382.7722,19079,13860586,50,2124129,0,293,2
382.7917,19080,13860606,50,2124129,0,221,2
382.8132,19081,13860626,50,2124129,0,219,2
382.8327,19082,13860646,50,2124129,0,254,2
382.8515,19083,13860666,50,2124129,0,408,2
382.8727,19084,13860686,50,2124129,0,230,2
382.8968,19085,13860706,50,2124129,0,571,2
382.9117,19086,13860726,50,2124129,0,237,2
382.9328,19087,13860746,50,2124129,0,509,2
382.9517,19088,13860766,50,2124129,0,301,2
382.9709,19089,13860786,50,2124129,0,242,2
382.9923,19090,13860806,50,2124129,0,290,2
383.0113,19091,13860826,50,2124129,0,509,2
383.0327,19092,13860846,50,2124129,0,209,2
383.0515,19093,13860866,50,2124129,0,210,2
383.0726,19094,13860886,50,2124129,0,400,2
383.0917,19095,13860906,50,2124129,0,240,2
383.1129,19096,13860926,50,2124129,0,233,2
383.1320,19097,13860946,50,2124129,0,477,2
383.1508,19098,13860966,50,2124129,0,237,2
383.1721,19099,13860986,50,2124129,0,216,2
383.1913,19100,13861006,50,2124129,0,208,2
383.2129,19101,13861026,50,2124129,0,214,2
383.2323,19102,13861046,50,2124129,0,274,2
383.2515,19103,13861066,50,2124129,0,361,2
383.2727,19104,13861086,50,2124129,0,273,2
383.2918,19105,13861106,50,2124129,0,236,2
383.3110,19106,13861126,50,2124129,0,341,2
383.3324,19107,13861146,50,2124129,0,270,2
383.3516,19108,13861166,50,2124129,0,264,2
383.3728,19109,13861186,50,2124129,0,221,2
383.3968,19110,13861206,50,2124129,0,258,2
383.4117,19111,13861226,50,2124129,0,277,2
383.4310,19112,13861246,50,2124129,0,210,2
383.4522,19113,13861266,50,2124129,0,241,2
383.4715,19114,13861286,50,2124129,0,352,2
383.4908,19115,13861306,50,2124129,0,458,2
383.5120,19116,13861326,50,2124129,0,225,2
383.5312,19117,13861346,50,2124129,0,203,2
383.5524,19118,13861366,50,2124129,0,403,2
383.5715,19119,13861386,50,2124129,0,317,2
383.5915,19120,13861406,50,2124129,0,237,2
383.6130,19121,13861426,50,2124129,0,563,2
383.6325,19122,13861446,50,2124129,0,224,2
383.6516,19123,13861466,50,2124129,0,214,2
383.6728,19124,13861486,50,2124129,0,245,2
383.6923,19125,13861506,50,2124129,0,215,2
383.7117,19126,13861526,50,2124129,0,233,2
383.7314,19127,13861546,50,2124129,0,281,2
383.7529,19128,13861566,50,2124129,0,215,2
383.7721,19129,13861586,50,2124129,0,212,2
383.7914,19130,13861606,50,2124129,0,253,2
383.8127,19131,13861626,50,2124129,0,219,2
383.8326,19132,13861646,50,2124129,0,242,2
383.8514,19133,13861666,50,2124129,0,221,2
383.8727,19134,13861686,50,2124129,0,233,2
383.8988,19135,13861706,50,2124129,0,210,2
383.9115,19136,13861726,50,2124129,0,551,2
383.9310,19137,13861746,50,2124129,0,237,2
383.9529,19138,13861766,50,2124129,0,281,2
383.9728,19139,13861786,50,2124129,0,240,2
383.9922,19140,13861806,50,2124129,0,539,2
384.0118,19141,13861826,50,2124129,0,392,2
384.0314,19142,13861846,50,2124129,0,211,2
384.0528,19143,13861866,50,2124129,0,402,2
384.0722,19144,13861886,50,2124129,0,243,2
384.0915,19145,13861906,50,2124129,0,238,2
384.1127,19146,13861926,50,2124129,0,574,2
384.1322,19147,13861946,50,2124129,0,215,2
384.1512,19148,13861966,50,2124129,0,215,2
384.1710,19149,13861986,50,2124129,0,248,2
384.1928,19150,13862006,50,2124129,0,293,2
384.2121,19151,13862026,50,2124129,0,217,2
384.2320,19152,13862046,50,2124129,0,275,2
384.2516,19153,13862066,50,2124129,0,284,2
384.2709,19154,13862086,50,2124129,0,375,2
384.2925,19155,13862106,50,2124129,0,243,2
384.3118,19156,13862126,50,2124129,0,541,2
384.3308,19157,13862146,50,2124129,0,253,2
384.3527,19158,13862166,50,2124129,0,230,2
384.3723,19159,13862186,50,2124129,0,230,2
384.3899,19160,13862206,50,2124129,0,188,2
384.4117,19161,13862226,50,2124129,0,366,2
384.4328,19162,13862246,50,2124129,0,242,2
384.4521,19163,13862266,50,2124129,0,235,2
384.4710,19164,13862286,50,2124129,0,222,2
384.4925,19165,13862306,50,2124129,0,299,2
384.5116,19166,13862326,50,2124129,0,222,2
384.5309,19167,13862346,50,2124129,0,281,2
384.5520,19168,13862366,50,2124129,0,235,2
384.5713,19169,13862386,50,2124129,0,253,2
384.5928,19170,13862406,50,2124129,0,483,2
384.6120,19171,13862426,50,2124129,0,219,2
384.6316,19172,13862446,50,2124129,0,279,2
384.6508,19173,13862466,50,2124129,0,264,2
384.6720,19174,13862486,50,2124129,0,254,2
384.6912,19175,13862506,50,2124129,0,242,2
384.7127,19176,13862526,50,2124129,0,547,2
384.7319,19177,13862546,50,2124129,0,246,2
384.7530,19178,13862566,50,2124129,0,217,2
384.7724,19179,13862586,50,2124129,0,214,2
384.7918,19180,13862606,50,2124129,0,279,2
384.8111,19181,13862626,50,2124129,0,225,2
384.8327,19182,13862646,50,2124129,0,262,2
384.8523,19183,13862666,50,2124129,0,401,2
384.8713,19184,13862686,50,2124129,0,233,2
384.8905,19185,13862706,50,2124129,0,342,2
384.9118,19186,13862726,50,2124129,0,551,2
384.9315,19187,13862746,50,2124129,0,214,2
384.9527,19188,13862766,50,2124129,0,240,2
384.9718,19189,13862786,50,2124129,0,342,2
384.9912,19190,13862806,50,2124129,0,461,2
385.0127,19191,13862826,50,2124129,0,216,2
385.0320,19192,13862846,50,2124129,0,241,2
385.0512,19193,13862866,50,2124129,0,249,2
385.0710,19194,13862886,50,2124129,0,570,2
385.0911,19195,13862906,50,2124129,0,455,2
385.1127,19196,13862926,50,2124129,0,235,2
385.1322,19197,13862946,50,2124129,0,211,2
385.1518,19198,13862966,50,2124129,0,245,2
385.1729,19199,13862986,50,2124129,0,220,2
385.1922,19200,13863006,50,2124129,0,229,2
385.2115,19201,13863026,50,2124129,0,220,2
385.2331,19202,13863046,50,2124129,0,235,2
385.2521,19203,13863066,50,2124129,0,216,2
385.2712,19204,13863086,50,2124129,0,210,2
385.2926,19205,13863106,50,2124129,0,290,2
385.3117,19206,13863126,50,2124129,0,225,2
385.3329,19207,13863146,50,2124129,0,274,2
385.3521,19208,13863166,50,2124129,0,215,2
385.3709,19209,13863186,50,2124129,0,306,2
385.3924,19210,13863206,50,2124129,0,215,2
385.4118,19211,13863226,50,2124129,0,240,2
385.4311,19212,13863246,50,2124129,0,539,2
385.4526,19213,13863266,50,2124129,0,363,2
385.4729,19214,13863286,50,2124129,0,241,2
385.4925,19215,13863306,50,2124129,0,386,2
385.5121,19216,13863326,50,2124129,0,232,2
385.5315,19217,13863346,50,2124129,0,230,2
385.5511,19218,13863366,50,2124129,0,238,2
385.5724,19219,13863386,50,2124129,0,268,2
385.5915,19220,13863406,50,2124129,0,221,2
385.6127,19221,13863426,50,2124129,0,251,2
385.6322,19222,13863446,50,2124129,0,209,2
385.6513,19223,13863466,50,2124129,0,212,2
385.6724,19224,13863486,50,2124129,0,263,2
385.6916,19225,13863506,50,2124129,0,217,2
385.7108,19226,13863526,50,2124129,0,231,2
385.7322,19227,13863546,50,2124129,0,283,2
385.7517,19228,13863566,50,2124129,0,217,2
385.7726,19229,13863586,50,2124129,0,253,2
385.7916,19230,13863606,50,2124129,0,217,2
385.8128,19231,13863626,50,2124129,0,264,2
385.8326,19232,13863646,50,2124129,0,240,2
385.8521,19233,13863666,50,2124129,0,219,2
385.8711,19234,13863686,50,2124129,0,211,2
385.8926,19235,13863706,50,2124129,0,254,2
385.9118,19236,13863726,50,2124129,0,398,2
385.9309,19237,13863746,50,2124129,0,229,2
385.9523,19238,13863766,50,2124129,0,270,2
385.9712,19239,13863786,50,2124129,0,405,2
385.9925,19240,13863806,50,2124129,0,568,2
386.0117,19241,13863826,50,2124129,0,236,2
386.0310,19242,13863846,50,2124129,0,243,2
386.0527,19243,13863866,50,2124129,0,216,2
386.0718,19244,13863886,50,2124129,0,209,2
386.0913,19245,13863906,50,2124129,0,263,2
386.1130,19246,13863926,50,2124129,0,217,2
386.1327,19247,13863946,50,2124129,0,277,2
386.1521,19248,13863966,50,2124129,0,232,2
386.1712,19249,13863986,50,2124129,0,222,2
386.1925,19250,13864006,50,2124129,0,225,2
386.2118,19251,13864026,50,2124129,0,248,2
386.2309,19252,13864046,50,2124129,0,210,2
386.2521,19253,13864066,50,2124129,0,268,2
386.2711,19254,13864086,50,2124129,0,216,2
386.2927,19255,13864106,50,2124129,0,212,2
386.3117,19256,13864126,50,2124129,0,262,2
386.3312,19257,13864146,50,2124129,0,208,2
386.3529,19258,13864166,50,2124129,0,236,2
386.3728,19259,13864186,50,2124129,0,215,2
386.3928,19260,13864206,50,2124129,0,224,2
386.4123,19261,13864226,50,2124129,0,232,2
386.4321,19262,13864246,50,2124129,0,578,2
386.4519,19263,13864266,50,2124129,0,405,2
386.4709,19264,13864286,50,2124129,0,226,2
386.4922,19265,13864306,50,2124129,0,230,2
386.5117,19266,13864326,50,2124129,0,254,2
386.5311,19267,13864346,50,2124129,0,211,2
386.5526,19268,13864366,50,2124129,0,269,2
386.5718,19269,13864386,50,2124129,0,246,2
386.5914,19270,13864406,50,2124129,0,219,2
386.6127,19271,13864426,50,2124129,0,214,2
386.6327,19272,13864446,50,2124129,0,284,2
386.6523,19273,13864466,50,2124129,0,300,2
386.6715,19274,13864486,50,2124129,0,402,2
386.6907,19275,13864506,50,2124129,0,240,2
386.7119,19276,13864526,50,2124129,0,238,2
386.7316,19277,13864546,50,2124129,0,430,2
386.7510,19278,13864566,50,2124129,0,221,2
386.7721,19279,13864586,50,2124129,0,305,2
386.7915,19280,13864606,50,2124129,0,215,2
386.8126,19281,13864626,50,2124129,0,209,2
386.8319,19282,13864646,50,2124129,0,284,2
386.8510,19283,13864666,50,2124129,0,221,2
386.8721,19284,13864686,50,2124129,0,261,2
386.8937,19285,13864706,50,2124129,0,221,2
386.9107,19286,13864726,50,2124129,0,466,2
386.9322,19287,13864746,50,2124129,0,247,2
386.9516,19288,13864766,50,2124129,0,290,2
386.9726,19289,13864786,50,2124129,0,437,2
386.9916,19290,13864806,50,2124129,0,220,2
387.0107,19291,13864826,50,2124129,0,265,2
387.0321,19292,13864846,50,2124129,0,215,2
387.0512,19293,13864866,50,2124129,0,214,2
387.0721,19294,13864886,50,2124129,0,215,2
387.0914,19295,13864906,50,2124129,0,211,2
387.1127,19296,13864926,50,2124129,0,257,2
387.1322,19297,13864946,50,2124129,0,209,2
387.1512,19298,13864966,50,2124129,0,219,2
387.1723,19299,13864986,50,2124129,0,236,2
387.1914,19300,13865006,50,2124129,0,224,2
387.2107,19301,13865026,50,2124129,0,220,2
387.2322,19302,13865046,50,2124129,0,299,2
387.2515,19303,13865066,50,2124129,0,283,2
387.2725,19304,13865086,50,2124129,0,219,2
387.2916,19305,13865106,50,2124129,0,215,2
387.3107,19306,13865126,50,2124129,0,230,2
387.3321,19307,13865146,50,2124129,0,280,2
387.3513,19308,13865166,50,2124129,0,224,2
387.3725,19309,13865186,50,2124129,0,267,2
387.3938,19310,13865206,50,2124129,0,251,2
387.4112,19311,13865226,50,2124129,0,247,2
387.4328,19312,13865246,50,2124129,0,589,2
387.4522,19313,13865266,50,2124129,0,408,2
387.4711,19314,13865286,50,2124129,0,586,2
387.4925,19315,13865306,50,2124129,0,478,2
387.5116,19316,13865326,50,2124129,0,241,2
387.5309,19317,13865346,50,2124129,0,212,2
387.5525,19318,13865366,50,2124129,0,243,2
387.5715,19319,13865386,50,2124129,0,217,2
387.5928,19320,13865406,50,2124129,0,221,2
387.6120,19321,13865426,50,2124129,0,243,2
387.6318,19322,13865446,50,2124129,0,215,2
387.6510,19323,13865466,50,2124129,0,216,2
387.6721,19324,13865486,50,2124129,0,212,2
387.6914,19325,13865506,50,2124129,0,259,2
387.7108,19326,13865526,50,2124129,0,221,2
387.7328,19327,13865546,50,2124129,0,283,2
387.7519,19328,13865566,50,2124129,0,229,2
387.7708,19329,13865586,50,2124129,0,281,2
387.7918,19330,13865606,50,2124129,0,222,2
387.8109,19331,13865626,50,2124129,0,246,2
387.8322,19332,13865646,50,2124129,0,209,2
387.8514,19333,13865666,50,2124129,0,219,2
387.8724,19334,13865686,50,2124129,0,212,2
387.8939,19335,13865706,50,2124129,0,294,2
387.9111,19336,13865726,50,2124129,0,360,2
387.9325,19337,13865746,50,2124129,0,220,2
387.9519,19338,13865766,50,2124129,0,248,2
387.9708,19339,13865786,50,2124129,0,247,2
387.9919,19340,13865806,50,2124129,0,606,2
388.0112,19341,13865826,50,2124129,0,444,2
388.0329,19342,13865846,50,2124129,0,281,2
388.0522,19343,13865866,50,2124129,0,293,2
388.0712,19344,13865886,50,2124129,0,220,2
388.0909,19345,13865906,50,2124129,0,252,2
388.1128,19346,13865926,50,2124129,0,215,2
388.1320,19347,13865946,50,2124129,0,288,2
388.1516,19348,13865966,50,2124129,0,359,2
388.1726,19349,13865986,50,2124129,0,320,2
388.1917,19350,13866006,50,2124129,0,237,2
388.2127,19351,13866026,50,2124129,0,278,2
388.2318,19352,13866046,50,2124129,0,288,2
388.2510,19353,13866066,50,2124129,0,217,2
388.2720,19354,13866086,50,2124129,0,278,2
388.2914,19355,13866106,50,2124129,0,216,2
388.3110,19356,13866126,50,2124129,0,212,2
388.3325,19357,13866146,50,2124129,0,284,2
388.3519,19358,13866166,50,2124129,0,217,2
388.3708,19359,13866186,50,2124129,0,205,2
388.3908,19360,13866206,50,2124129,0,210,2
388.4109,19361,13866226,50,2124129,0,288,2
388.4325,19362,13866246,50,2124129,0,437,2
388.4523,19363,13866266,50,2124129,0,307,2
388.4718,19364,13866286,50,2124129,0,237,2
388.4908,19365,13866306,50,2124129,0,315,2
388.5122,19366,13866326,50,2124129,0,442,2
388.5313,19367,13866346,50,2124129,0,212,2
388.5509,19368,13866366,50,2124129,0,247,2
388.5726,19369,13866386,50,2124129,0,221,2
388.5924,19370,13866406,50,2124129,0,277,2
388.6119,19371,13866426,50,2124129,0,215,2
388.6313,19372,13866446,50,2124129,0,277,2
388.6511,19373,13866466,50,2124129,0,348,2
388.6724,19374,13866486,50,2124129,0,258,2
388.6917,19375,13866506,50,2124129,0,241,2
388.7109,19376,13866526,50,2124129,0,574,2
388.7321,19377,13866546,50,2124129,0,249,2
388.7515,19378,13866566,50,2124129,0,221,2
388.7725,19379,13866586,50,2124129,0,286,2
388.7916,19380,13866606,50,2124129,0,257,2
388.8108,19381,13866626,50,2124129,0,230,2
388.8321,19382,13866646,50,2124129,0,277,2
388.8516,19383,13866666,50,2124129,0,248,2
388.8725,19384,13866686,50,2124129,0,211,2
388.8915,19385,13866706,50,2124129,0,243,2
388.9108,19386,13866726,50,2124129,0,238,2
388.9323,19387,13866746,50,2124129,0,269,2
388.9517,19388,13866766,50,2124129,0,240,2
388.9708,19389,13866786,50,2124129,0,350,2
388.9923,19390,13866806,50,2124129,0,412,2
389.0120,19391,13866826,50,2124129,0,215,2
389.0317,19392,13866846,50,2124129,0,277,2
389.0514,19393,13866866,50,2124129,0,283,2
389.0726,19394,13866886,50,2124129,0,295,2
389.0919,19395,13866906,50,2124129,0,240,2
389.1114,19396,13866926,50,2124129,0,267,2
389.1330,19397,13866946,50,2124129,0,285,2
389.1523,19398,13866966,50,2124129,0,215,2
389.1713,19399,13866986,50,2124129,0,208,2
389.1934,19400,13867006,50,2124129,0,262,2
389.2112,19401,13867026,50,2124129,0,219,2
389.2327,19402,13867046,50,2124129,0,289,2
389.2528,19403,13867066,50,2124129,0,263,2
389.2720,19404,13867086,50,2124129,0,289,2
389.2913,19405,13867106,50,2124129,0,238,2
389.3110,19406,13867126,50,2124129,0,610,2
389.3322,19407,13867146,50,2124129,0,305,2
389.3517,19408,13867166,50,2124129,0,254,2
389.3709,19409,13867186,50,2124129,0,268,2
389.3923,19410,13867206,50,2124129,0,214,2
389.4119,19411,13867226,50,2124129,0,212,2
389.4310,19412,13867246,50,2124129,0,269,2
389.4526,19413,13867266,50,2124129,0,242,2
389.4716,19414,13867286,50,2124129,0,248,2
389.4907,19415,13867306,50,2124129,0,588,2
389.5121,19416,13867326,50,2124129,0,487,2
389.5312,19417,13867346,50,2124129,0,261,2
389.5528,19418,13867366,50,2124129,0,221,2
389.5719,19419,13867386,50,2124129,0,245,2
389.5912,19420,13867406,50,2124129,0,215,2
389.6126,19421,13867426,50,2124129,0,296,2
389.6321,19422,13867446,50,2124129,0,215,2
389.6521,19423,13867466,50,2124129,0,208,2
389.6717,19424,13867486,50,2124129,0,257,2
389.6917,19425,13867506,50,2124129,0,212,2
389.7109,19426,13867526,50,2124129,0,259,2
389.7323,19427,13867546,50,2124129,0,268,2
389.7517,19428,13867566,50,2124129,0,216,2
389.7727,19429,13867586,50,2124129,0,254,2
389.7919,19430,13867606,50,2124129,0,220,2
389.8112,19431,13867626,50,2124129,0,293,2
389.8324,19432,13867646,50,2124129,0,211,2
389.8516,19433,13867666,50,2124129,0,232,2
389.8725,19434,13867686,50,2124129,0,241,2
389.8920,19435,13867706,50,2124129,0,269,2
389.9119,19436,13867726,50,2124129,0,432,2
389.9310,19437,13867746,50,2124129,0,380,2
389.9525,19438,13867766,50,2124129,0,261,2
389.9715,19439,13867786,50,2124129,0,220,2
389.9927,19440,13867806,50,2124129,0,225,2
390.0118,19441,13867826,50,2124129,0,216,2
390.0309,19442,13867846,50,2124129,0,288,2
390.0522,19443,13867866,50,2124129,0,337,2
390.0709,19444,13867886,50,2124129,0,313,2
390.0921,19445,13867906,50,2124129,0,241,2
390.1114,19446,13867926,50,2124129,0,265,2
390.1327,19447,13867946,50,2124129,0,256,2
390.1520,19448,13867966,50,2124129,0,222,2
390.1708,19449,13867986,50,2124129,0,240,2
390.1920,19450,13868006,50,2124129,0,222,2
390.2113,19451,13868026,50,2124129,0,295,2
390.2329,19452,13868046,50,2124129,0,210,2
390.2523,19453,13868066,50,2124129,0,226,2
390.2715,19454,13868086,50,2124129,0,221,2
390.2915,19455,13868106,50,2124129,0,254,2
390.3114,19456,13868126,50,2124129,0,217,2
390.3308,19457,13868146,50,2124129,0,289,2
390.3522,19458,13868166,50,2124129,0,358,2
390.3714,19459,13868186,50,2124129,0,297,2
390.3926,19460,13868206,50,2124129,0,242,2
390.4122,19461,13868226,50,2124129,0,397,2
390.4316,19462,13868246,50,2124129,0,241,2
390.4513,19463,13868266,50,2124129,0,294,2
390.4726,19464,13868286,50,2124129,0,235,2
390.4918,19465,13868306,50,2124129,0,296,2
390.5117,19466,13868326,50,2124129,0,451,2
390.5313,19467,13868346,50,2124129,0,291,2
390.5510,19468,13868366,50,2124129,0,212,2
390.5723,19469,13868386,50,2124129,0,217,2
390.5916,19470,13868406,50,2124129,0,230,2
390.6111,19471,13868426,50,2124129,0,248,2
390.6328,19472,13868446,50,2124129,0,214,2
390.6510,19473,13868466,50,2124129,0,253,2
390.6729,19474,13868486,50,2124129,0,225,2
390.6926,19475,13868506,50,2124129,0,216,2
390.7121,19476,13868526,50,2124129,0,215,2
390.7311,19477,13868546,50,2124129,0,262,2
390.7526,19478,13868566,50,2124129,0,215,2
390.7717,19479,13868586,50,2124129,0,212,2
390.7928,19480,13868606,50,2124129,0,248,2
390.8121,19481,13868626,50,2124129,0,221,2
390.8312,19482,13868646,50,2124129,0,251,2
390.8527,19483,13868666,50,2124129,0,217,2
390.8716,19484,13868686,50,2124129,0,210,2
390.8928,19485,13868706,50,2124129,0,243,2
390.9126,19486,13868726,50,2124129,0,237,2
390.9320,19487,13868746,50,2124129,0,227,2
390.9516,19488,13868766,50,2124129,0,259,2
390.9708,19489,13868786,50,2124129,0,248,2
390.9922,19490,13868806,50,2124129,0,265,2
391.0115,19491,13868826,50,2124129,0,486,2
391.0331,19492,13868846,50,2124129,0,264,2
391.0527,19493,13868866,50,2124129,0,224,2
391.0718,19494,13868886,50,2124129,0,210,2
391.0914,19495,13868906,50,2124129,0,272,2
391.1109,19496,13868926,50,2124129,0,217,2
391.1327,19497,13868946,50,2124129,0,273,2
391.1520,19498,13868966,50,2124129,0,348,2
391.1709,19499,13868986,50,2124129,0,262,2
391.1923,19500,13869006,50,2124129,0,238,2
391.2116,19501,13869026,50,2124129,0,374,2
391.2308,19502,13869046,50,2124129,0,226,2
391.2522,19503,13869066,50,2124129,0,246,2
391.2712,19504,13869086,50,2124129,0,216,2
391.2924,19505,13869106,50,2124129,0,212,2
391.3117,19506,13869126,50,2124129,0,249,2
391.3329,19507,13869146,50,2124129,0,273,2
391.3522,19508,13869166,50,2124129,0,219,2
391.3709,19509,13869186,50,2124129,0,259,2
391.3919,19510,13869206,50,2124129,0,215,2
391.4135,19511,13869226,50,2124129,0,238,2
391.4307,19512,13869246,50,2124129,0,212,2
391.4520,19513,13869266,50,2124129,0,246,2
391.4708,19514,13869286,50,2124129,0,312,2
391.4920,19515,13869306,50,2124129,0,613,2
391.5112,19516,13869326,50,2124129,0,422,2
391.5327,19517,13869346,50,2124129,0,212,2
391.5522,19518,13869366,50,2124129,0,277,2
391.5714,19519,13869386,50,2124129,0,225,2
391.5909,19520,13869406,50,2124129,0,217,2
391.6126,19521,13869426,50,2124129,0,212,2
391.6318,19522,13869446,50,2124129,0,263,2
391.6525,19523,13869466,50,2124129,0,219,2
391.6714,19524,13869486,50,2124129,0,249,2
391.6925,19525,13869506,50,2124129,0,221,2
391.7116,19526,13869526,50,2124129,0,275,2
391.7329,19527,13869546,50,2124129,0,209,2
391.7521,19528,13869566,50,2124129,0,270,2
391.7710,19529,13869586,50,2124129,0,217,2
391.7923,19530,13869606,50,2124129,0,209,2
391.8115,19531,13869626,50,2124129,0,251,2
391.8326,19532,13869646,50,2124129,0,211,2
391.8518,19533,13869666,50,2124129,0,241,2
391.8707,19534,13869686,50,2124129,0,215,2
391.8918,19535,13869706,50,2124129,0,208,2
391.9136,19536,13869726,50,2124129,0,401,2
391.9307,19537,13869746,50,2124129,0,577,2
391.9523,19538,13869766,50,2124129,0,310,2
391.9712,19539,13869786,50,2124129,0,243,2
391.9925,19540,13869806,50,2124129,0,344,2
392.0119,19541,13869826,50,2124129,0,540,2
392.0309,19542,13869846,50,2124129,0,283,2
392.0526,19543,13869866,50,2124129,0,238,2
392.0716,19544,13869886,50,2124129,0,221,2
392.0912,19545,13869906,50,2124129,0,257,2
392.1111,19546,13869926,50,2124129,0,219,2
392.1327,19547,13869946,50,2124129,0,269,2
392.1520,19548,13869966,50,2124129,0,297,2
392.1716,19549,13869986,50,2124129,0,270,2
392.1912,19550,13870006,50,2124129,0,217,2
392.2128,19551,13870026,50,2124129,0,212,2
392.2308,19552,13870046,50,2124129,0,273,2
392.2508,19553,13870066,50,2124129,0,221,2
392.2721,19554,13870086,50,2124129,0,243,2
392.2914,19555,13870106,50,2124129,0,220,2
392.3126,19556,13870126,50,2124129,0,275,2
392.3318,19557,13870146,50,2124129,0,229,2
392.3511,19558,13870166,50,2124129,0,215,2
392.3723,19559,13870186,50,2124129,0,211,2
392.3915,19560,13870206,50,2124129,0,281,2
392.4154,19561,13870226,50,2124129,0,231,2
392.4329,19562,13870246,50,2124129,0,243,2
392.4525,19563,13870266,50,2124129,0,257,2
392.4717,19564,13870286,50,2124129,0,238,2
392.4910,19565,13870306,50,2124129,0,573,2
392.5127,19566,13870326,50,2124129,0,424,2
392.5318,19567,13870346,50,2124129,0,210,2
392.5513,19568,13870366,50,2124129,0,243,2
392.5727,19569,13870386,50,2124129,0,221,2
392.5920,19570,13870406,50,2124129,0,268,2
392.6114,19571,13870426,50,2124129,0,216,2
392.6327,19572,13870446,50,2124129,0,278,2
392.6527,19573,13870466,50,2124129,0,216,2
392.6719,19574,13870486,50,2124129,0,216,2
392.6915,19575,13870506,50,2124129,0,210,2
392.7108,19576,13870526,50,2124129,0,283,2
392.7321,19577,13870546,50,2124129,0,212,2
392.7515,19578,13870566,50,2124129,0,229,2
392.7727,19579,13870586,50,2124129,0,216,2
392.7916,19580,13870606,50,2124129,0,211,2
392.8129,19581,13870626,50,2124129,0,280,2
392.8319,19582,13870646,50,2124129,0,267,2
392.8512,19583,13870666,50,2124129,0,289,2
392.8724,19584,13870686,50,2124129,0,219,2
392.8913,19585,13870706,50,2124129,0,264,2
392.9177,19586,13870726,50,2124129,0,307,2
392.9330,19587,13870746,50,2124129,0,401,2
392.9528,19588,13870766,50,2124129,0,217,2
392.9716,19589,13870786,50,2124129,0,279,2
392.9926,19590,13870806,50,2124129,0,210,2
393.0122,19591,13870826,50,2124129,0,238,2
393.0321,19592,13870846,50,2124129,0,210,2
393.0517,19593,13870866,50,2124129,0,269,2
393.0714,19594,13870886,50,2124129,0,217,2
393.0925,19595,13870906,50,2124129,0,210,2
393.1117,19596,13870926,50,2124129,0,274,2
393.1308,19597,13870946,50,2124129,0,206,2
393.1522,19598,13870966,50,2124129,0,209,2
393.1711,19599,13870986,50,2124129,0,210,2
393.1921,19600,13871006,50,2124129,0,279,2
393.2112,19601,13871026,50,2124129,0,226,2
393.2327,19602,13871046,50,2124129,0,221,2
393.2521,19603,13871066,50,2124129,0,237,2
393.2716,19604,13871086,50,2124129,0,237,2
393.2927,19605,13871106,50,2124129,0,217,2
393.3119,19606,13871126,50,2124129,0,208,2
393.3312,19607,13871146,50,2124129,0,274,2
393.3529,19608,13871166,50,2124129,0,263,2
393.3718,19609,13871186,50,2124129,0,258,2
393.3910,19610,13871206,50,2124129,0,409,2
393.4191,19611,13871226,50,2124129,0,222,2
393.4319,19612,13871246,50,2124129,0,560,2
393.4512,19613,13871266,50,2124129,0,311,2
393.4726,19614,13871286,50,2124129,0,242,2
393.4914,19615,13871306,50,2124129,0,364,2
393.5106,19616,13871326,50,2124129,0,595,2
393.5318,19617,13871346,50,2124129,0,237,2
393.5511,19618,13871366,50,2124129,0,221,2
393.5726,19619,13871386,50,2124129,0,227,2
393.5915,19620,13871406,50,2124129,0,245,2
393.6109,19621,13871426,50,2124129,0,295,2
393.6322,19622,13871446,50,2124129,0,212,2
393.6520,19623,13871466,50,2124129,0,241,2
393.6717,19624,13871486,50,2124129,0,220,2
393.6909,19625,13871506,50,2124129,0,286,2
393.7125,19626,13871526,50,2124129,0,215,2
393.7316,19627,13871546,50,2124129,0,272,2
393.7529,19628,13871566,50,2124129,0,252,2
393.7717,19629,13871586,50,2124129,0,300,2
393.7927,19630,13871606,50,2124129,0,245,2
393.8118,19631,13871626,50,2124129,0,306,2
393.8309,19632,13871646,50,2124129,0,279,2
393.8523,19633,13871666,50,2124129,0,216,2
393.8714,19634,13871686,50,2124129,0,261,2
393.8908,19635,13871706,50,2124129,0,241,2
393.9191,19636,13871726,50,2124129,0,613,2
393.9319,19637,13871746,50,2124129,0,630,2
393.9515,19638,13871766,50,2124129,0,403,2
393.9709,19639,13871786,50,2124129,0,238,2
393.9917,19640,13871806,50,2124129,0,227,2
394.0110,19641,13871826,50,2124129,0,597,2
394.0322,19642,13871846,50,2124129,0,241,2
394.0515,19643,13871866,50,2124129,0,217,2
394.0727,19644,13871886,50,2124129,0,225,2
394.0919,19645,13871906,50,2124129,0,220,2
394.1113,19646,13871926,50,2124129,0,240,2
394.1327,19647,13871946,50,2124129,0,208,2
394.1524,19648,13871966,50,2124129,0,268,2
394.1722,19649,13871986,50,2124129,0,217,2
394.1912,19650,13872006,50,2124129,0,297,2
394.2107,19651,13872026,50,2124129,0,217,2
394.2320,19652,13872046,50,2124129,0,216,2
394.2513,19653,13872066,50,2124129,0,217,2
394.2728,19654,13872086,50,2124129,0,225,2
394.2920,19655,13872106,50,2124129,0,215,2
394.3114,19656,13872126,50,2124129,0,238,2
394.3307,19657,13872146,50,2124129,0,210,2
394.3522,19658,13872166,50,2124129,0,233,2
394.3716,19659,13872186,50,2124129,0,269,2
394.3926,19660,13872206,50,2124129,0,347,2
394.4117,19661,13872226,50,2124129,0,333,2
394.4309,19662,13872246,50,2124129,0,556,2
394.4526,19663,13872266,50,2124129,0,400,2
394.4717,19664,13872286,50,2124129,0,320,2
394.4926,19665,13872306,50,2124129,0,242,2
394.5118,19666,13872326,50,2124129,0,241,2
394.5310,19667,13872346,50,2124129,0,232,2
394.5526,19668,13872366,50,2124129,0,242,2
394.5721,19669,13872386,50,2124129,0,217,2
394.5910,19670,13872406,50,2124129,0,210,2
394.6122,19671,13872426,50,2124129,0,275,2
394.6317,19672,13872446,50,2124129,0,206,2
394.6520,19673,13872466,50,2124129,0,212,2
394.6711,19674,13872486,50,2124129,0,284,2
394.6922,19675,13872506,50,2124129,0,215,2
394.7115,19676,13872526,50,2124129,0,215,2
394.7307,19677,13872546,50,2124129,0,220,2
394.7526,19678,13872566,50,2124129,0,231,2
394.7721,19679,13872586,50,2124129,0,229,2
394.7914,19680,13872606,50,2124129,0,245,2
394.8107,19681,13872626,50,2124129,0,237,2
394.8319,19682,13872646,50,2124129,0,256,2
394.8513,19683,13872666,50,2124129,0,247,2
394.8727,19684,13872686,50,2124129,0,275,2
394.8917,19685,13872706,50,2124129,0,238,2
394.9111,19686,13872726,50,2124129,0,285,2
394.9326,19687,13872746,50,2124129,0,237,2
394.9517,19688,13872766,50,2124129,0,232,2
394.9709,19689,13872786,50,2124129,0,227,2
394.9918,19690,13872806,50,2124129,0,219,2
395.0110,19691,13872826,50,2124129,0,219,2
395.0322,19692,13872846,50,2124129,0,212,2
395.0517,19693,13872866,50,2124129,0,248,2
395.0713,19694,13872886,50,2124129,0,251,2
395.0925,19695,13872906,50,2124129,0,219,2
395.1119,19696,13872926,50,2124129,0,216,2
395.1317,19697,13872946,50,2124129,0,283,2
395.1509,19698,13872966,50,2124129,0,306,2
395.1726,19699,13872986,50,2124129,0,348,2
395.1916,19700,13873006,50,2124129,0,240,2
395.2128,19701,13873026,50,2124129,0,328,2
395.2319,19702,13873046,50,2124129,0,237,2
395.2511,19703,13873066,50,2124129,0,214,2
395.2724,19704,13873086,50,2124129,0,211,2
395.2914,19705,13873106,50,2124129,0,225,2
395.3127,19706,13873126,50,2124129,0,216,2
395.3318,19707,13873146,50,2124129,0,232,2
395.3512,19708,13873166,50,2124129,0,242,2
395.3708,19709,13873186,50,2124129,0,321,2
395.3919,19710,13873206,50,2124129,0,611,2
395.4111,19711,13873226,50,2124129,0,427,2
395.4326,19712,13873246,50,2124129,0,220,2
395.4519,19713,13873266,50,2124129,0,243,2
395.4713,19714,13873286,50,2124129,0,398,2
395.4926,19715,13873306,50,2124129,0,238,2
395.5115,19716,13873326,50,2124129,0,257,2
395.5327,19717,13873346,50,2124129,0,416,2
395.5520,19718,13873366,50,2124129,0,220,2
395.5712,19719,13873386,50,2124129,0,280,2
395.5925,19720,13873406,50,2124129,0,219,2
395.6116,19721,13873426,50,2124129,0,247,2
395.6307,19722,13873446,50,2124129,0,210,2
395.6525,19723,13873466,50,2124129,0,216,2
395.6716,19724,13873486,50,2124129,0,265,2
395.6926,19725,13873506,50,2124129,0,219,2
395.7117,19726,13873526,50,2124129,0,262,2
395.7307,19727,13873546,50,2124129,0,206,2
395.7521,19728,13873566,50,2124129,0,216,2
395.7713,19729,13873586,50,2124129,0,211,2
395.7924,19730,13873606,50,2124129,0,254,2
395.8116,19731,13873626,50,2124129,0,217,2
395.8327,19732,13873646,50,2124129,0,252,2
395.8511,19733,13873666,50,2124129,0,344,2
395.8727,19734,13873686,40,2124129,0,167,2
395.8915,19735,13873706,40,2124129,0,476,2
395.9127,19736,13873726,40,2124129,0,490,2
395.9318,19737,13873746,40,2124129,0,208,2
395.9514,19738,13873766,40,2124129,0,164,2
395.9708,19739,13873786,40,2124129,0,164,2
395.9918,19740,13873806,40,2124129,0,470,2
396.0108,19741,13873826,40,2124129,0,306,2
396.0321,19742,13873846,40,2124129,0,358,2
396.0513,19743,13873866,40,2124129,0,307,2
396.0729,19744,13873886,30,2124129,0,172,2
396.0919,19745,13873906,30,2124129,0,146,2
396.1109,19746,13873926,30,2124128,0,98,2
396.1321,19747,13873946,30,2124128,-71,105,2
396.1516,19748,13873966,30,2124128,-71,129,2
396.1711,19749,13873986,30,2124128,-71,309,2
396.1929,19750,13874006,30,2124128,-71,162,2
396.2125,19751,13874026,30,2124128,-71,145,2
396.2319,19752,13874046,30,2124128,0,225,2
396.2510,19753,13874066,30,2124128,0,134,2
396.2727,19754,13874086,30,2124128,0,284,2
396.2916,19755,13874106,20,2124128,0,81,2
396.3106,19756,13874126,20,2124128,0,99,2
396.3318,19757,13874146,20,2124127,-71,309,2
396.3509,19758,13874166,20,2124127,-71,107,2
396.3728,19759,13874186,20,2124127,-71,141,2
396.3916,19760,13874206,20,2124127,-71,100,2
396.4127,19761,13874226,20,2124127,-71,310,2
396.4317,19762,13874246,20,2124127,0,104,2
396.4510,19763,13874266,20,2124127,0,110,2
396.4709,19764,13874286,20,2124127,0,110,2
396.4927,19765,13874306,10,2124127,0,11,2
396.5121,19766,13874326,10,2124127,0,13,2
396.5315,19767,13874346,10,2124126,-71,9,2
396.5510,19768,13874366,10,2124126,-71,9,2
396.5710,19769,13874386,10,2124126,-71,12,2
396.5928,19770,13874406,10,2124126,-71,11,2
396.6121,19771,13874426,10,2124126,-71,12,2
396.6315,19772,13874446,10,2124126,0,13,2
396.6513,19773,13874466,10,2124126,0,11,2
396.6708,19774,13874486,10,2124126,0,13,2
396.6922,19775,13874506,0,2124126,0,9,2
396.7115,19776,13874526,0,2124126,0,11,2
396.7306,19777,13874546,0,2124126,0,13,2
396.7519,19778,13874566,0,2124126,0,12,2
396.7713,19779,13874586,0,2124126,0,12,2
396.7924,19780,13874606,0,2124126,0,9,2
396.8117,19781,13874626,0,2124126,0,12,2
396.8309,19782,13874646,0,2124126,0,11,2
396.8524,19783,13874666,0,2124126,0,9,2
396.8721,19784,13874686,0,2124126,0,13,2
396.8940,19785,13874706,0,2124126,0,8,2
