
[host] monitor off
monitor off
monitor off
> 
[host] heartbeat off
heartbeat off
heartbeat off
> 
[host] info
info
firmware  : Sep 25 2026 13:40:56
SYSCLK    : 180000000 Hz
HCLK      : 180000000 Hz
APB1      : 45000000 Hz  (bxCAN)
APB2      : 90000000 Hz  (USART1)
CAN1      : 250000 bps, 15 tq (BRP 12, BS1 12, BS2 2, SJW 2)
            sample point 86.7%
CAN mode  : normal, error-active
heartbeat : off, ID 0x500
monitor   : off
> 
[host] cfg
cfg
config v2, 9 keys, slot 0/1024 used
    vdda_mv         3325 mV    (default 3325, 2000..3600)
    r_ipropi        1465 ohm   (default 1465, 100..10000)
    a_ipropi         450 uA/A  (default 450, 100..2000)
    trip_ma         1000 mA    (default 1000, 0..1600)
    duty_limit      1000 o/oo  (default 1000, 0..1000)
    rail_mv        12000 mV    (default 12000, 0..40000)
    isense_avg        32       (default 32, 1..1024)
    sat_raw         4050       (default 4050, 1000..4095)
    vref_div           3       (default 3, 1..4)
  (* = differs from the compiled default)
  sub: <key> [value] | save | revert | default [<key>] | help
> 
[host] drv
drv
nSLEEP low (disabled)  duty +0%  decay slow (drive-brake)  limit 100%  nFAULT ASSERTED
trip 1579 mA (VREF 3123 mV, DAC 3847, buffer on)  ADC ceiling 5043 mA
  FAULT SEEN: 30117 ms asserted, first at duty +0% - 'drv clearfault' to reset
  watchdog 2000 ms armed, 0 ms remaining  - HAS EXPIRED
  sub: enable | disable | duty <+/-pct> | brake | coast
       decay slow|fast | limit <pct> | current [n] | zero
       iscan [n] [from] [to] [step]  (diagnostic: IPROPI vs PWM phase)
       trip [<mA> | buf on|off] | clearfault | timeout [ms]
> 
[host] enc
enc
count 134027  rev 15.9495  rpm 0.00  raw 134027  d 0  down
  8403.2 counts per output revolution, window 100 ticks
  ticks since zero: 1082920
  sub: zero | watch on|off | window <ticks> | probe [ms]
> 
[host] drv enable
drv enable
nSLEEP high - driver awake (waited 2 ms)
> 
[host] drv clearfault
drv clearfault
fault latch cleared - nFAULT reads clear right now
> 
[host] telem rate 10
telem rate 10
rate 10 Hz (period 100 ms)
> 
[host] telem on
telem on
telem on at 10 Hz - seq restarted at 0
> T,0,1082975,0,134027,0,18,18
T,1,1083074,0,134027,0,16,18
T,2,1083174,0,134027,0,19,18
T,3,1083274,0,134027,0,19,18
T,4,1083374,0,134027,0,17,18
T,5,1083474,0,134027,0,18,18
T,6,1083574,0,134027,0,16,18
T,7,1083674,0,134027,0,14,18
T,8,1083774,0,134027,0,17,18

[host] telem off
telem off
telem off - 9 lines sent
> 
[host] enc window 100
enc window 100
window 100 ticks - 10 Hz update, 0.07 rpm per count
> 
[host] drv trip 1580
drv trip 1580
trip 1579 mA  (VREF 3123 mV, DAC code 3847, buffer on)
  range 101..1580 mA, ADC ceiling 5043 mA, 1 DAC code = 1/3 ADC LSB (VREF/3)
  (applied live - the driver follows VREF immediately)
  (not persistent - 'cfg trip_ma <mA>' then 'cfg save' to survive a reset)
> 
[host] drv timeout 2000
drv timeout 2000
timeout 2000 ms, 2000 ms remaining
  any 'drv duty' kicks it; re-issuing this command kicks it too
> 
[host] drv decay slow
drv decay slow
decay slow - IN1 high, IN2 PWM inverted (drive/brake)
> 
[host] telem rate 50
telem rate 50
rate 50 Hz (period 20 ms)
> 
[host] telem on
telem on
telem on at 50 Hz - seq restarted at 0
> T,0,1083858,
[host] drv duty 39
0,134027,0,14,2
drv duty 39
duty +39%
> T,1,1083878,390,134031,0,1893,3
T,2,1083898,390,134059,1499,1401,3
T,3,1083918,390,134103,1499,1302,3
T,4,1083938,390,134157,1499,737,3
T,5,1083958,390,134221,1499,618,3
T,6,1083978,390,134292,1499,561,3
T,7,1083998,390,134367,21134,439,3
T,8,1084018,390,134445,21134,385,3
T,9,1084038,390,134526,21134,326,3
T,10,1084058,390,134608,21134,272,3
T,11,1084078,390,134690,21134,295,3
T,12,1084098,390,134773,28846,283,3
T,13,1084118,390,134857,28846,264,3
T,14,1084138,390,134942,28846,263,3
T,15,1084158,390,135027,28846,227,3
T,16,1084178,390,135112,28846,226,3
T,17,1084198,390,135199,30345,237,3
T,18,1084218,390,135285,30345,235,3
T,19,1084238,390,135371,30345,240,3
T,20,1084258,390,135457,30345,225,3
T,21,1084278,390,135544,30345,235,3
T,22,1084298,390,135631,30845,199,3
T,23,1084318,390,135717,30845,205,3
T,24,1084338,390,135804,30845,187,3
T,25,1084358,390,135891,30845,237,3

[host] drv timeout 2000
drv timeout 2000
timeout 2000 ms, 2000 ms remaining
  any 'drv duty' kicks it; re-issuing this command kicks it too
> T,26,1084378,390,135977,30845,281,3
T,27,1084398,390,136064,30916,305,3
T,28,1084418,390,136151,30916,267,3
T,29,1084438,390,136237,30916,241,3
T,30,1084458,390,136324,30916,217,3
T,31,1084478,390,136411,30916,208,3
T,32,1084498,390,136498,30988,188,3
T,33,1084518,390,136584,30988,199,3
T,34,1084538,390,136671,30988,225,3
T,35,1084558,390,136758,30988,246,3
T,36,1084578,390,136845,30988,216,3
T,37,1084598,390,136932,30988,222,3
T,38,1084618,390,137019,30988,193,3
T,39,1084638,390,137105,30988,194,3
T,40,1084658,390,137192,30988,246,3
T,41,1084678,390,137279,30988,301,3
T,42,1084698,390,137366,30988,284,3
T,43,1084718,390,137453,30988,261,3
T,44,1084738,390,137540,30988,221,3
T,45,1084758,390,137627,30988,211,3
T,46,1084778,390,137714,30988,187,3
T,47,1084798,390,137800,31059,193,3
T,48,1084818,390,137888,31059,235,3
T,49,1084838,390,137974,31059,258,3
T,50,1084858,390,138061,31059,208,3

[host] drv timeout 2000
drv timeout 2000
timeout 2000 ms, 2000 ms remaining
  any 'drv duty' kicks it; re-issuing this command kicks it too
> T,51,1084878,390,138148,31059,217,3
T,52,1084898,390,138235,30988,200,3
T,53,1084918,390,138322,30988,211,3
T,54,1084938,390,138409,30988,273,3
T,55,1084958,390,138496,30988,309,3
T,56,1084978,390,138583,30988,261,3
T,57,1084998,390,138670,31059,242,3
T,58,1085018,390,138756,31059,210,3
T,59,1085038,390,138843,31059,215,3
T,60,1085058,390,138930,31059,187,3
T,61,1085078,390,139017,31059,209,3
T,62,1085098,390,139104,30988,235,3
T,63,1085118,390,139191,30988,236,3
T,64,1085138,390,139278,30988,198,3
T,65,1085158,390,139365,30988,204,3
T,66,1085178,390,139452,30988,188,3
T,67,1085198,390,139538,30988,240,3
T,68,1085218,390,139625,30988,279,3
T,69,1085238,390,139712,30988,306,3
T,70,1085258,390,139799,30988,265,3
T,71,1085278,390,139885,30988,248,3
T,72,1085298,390,139972,30988,222,3
T,73,1085318,390,140059,30988,214,3
T,74,1085338,390,140145,30988,176,3
T,75,1085358,390,140232,30988,211,3

[host] drv timeout 2000
drv timeout 2000
timeout 2000 ms, 2000 ms remaining
  any 'drv duty' kicks it; re-issuing this command kicks it too
> T,76,1085378,390,140319,30988,233,3
T,77,1085398,390,140406,30988,240,3
T,78,1085418,390,140492,30988,215,3
T,79,1085438,390,140580,30988,230,3
T,80,1085458,390,140666,30988,214,3
T,81,1085478,390,140753,30988,177,3
T,82,1085498,390,140840,30988,235,3
T,83,1085518,390,140927,30988,291,3
T,84,1085538,390,141013,30988,278,3
T,85,1085558,390,141101,30988,265,3
T,86,1085578,390,141188,30988,232,3
T,87,1085598,390,141275,30988,206,3
T,88,1085618,390,141361,30988,179,3
T,89,1085638,390,141448,30988,204,3
T,90,1085658,390,141535,30988,238,3
T,91,1085678,390,141622,30988,235,3
T,92,1085698,390,141709,31059,209,3
T,93,1085718,390,141796,31059,226,3
T,94,1085738,390,141883,31059,193,3
T,95,1085758,390,141970,31059,189,3
T,96,1085778,390,142057,31059,261,3
T,97,1085798,390,142144,30988,307,3
T,98,1085818,390,142231,30988,259,3
T,99,1085838,390,142317,30988,241,3
T,100,1085858,390,142404,30988,210,3

[host] drv timeout 2000
drv timeout 2000
timeout 2000 ms, 2000 ms remaining
  any 'drv duty' kicks it; re-issuing this command kicks it too
> T,101,1085878,390,142492,30988,198,3
T,102,1085898,390,142579,31059,196,3
T,103,1085918,390,142665,31059,205,3
T,104,1085938,390,142752,31059,240,3
T,105,1085958,390,142840,31059,242,3
T,106,1085978,390,142927,31059,187,3
T,107,1085998,390,143013,31130,204,3
T,108,1086018,390,143100,31130,205,3
T,109,1086038,390,143188,31130,270,3
T,110,1086058,390,143275,31130,313,3
T,111,1086078,390,143361,31130,272,3
T,112,1086098,390,143448,31059,221,3
T,113,1086118,390,143536,31059,205,3
T,114,1086138,390,143623,31059,184,3
T,115,1086158,390,143710,31059,214,3
T,116,1086178,390,143797,31059,217,3
T,117,1086198,390,143884,31059,232,3
T,118,1086218,390,143971,31059,229,3
T,119,1086238,390,144059,31059,205,3
T,120,1086258,390,144145,31059,172,3
T,121,1086278,390,144232,31059,235,3
T,122,1086298,390,144320,31059,307,3
T,123,1086318,390,144407,31059,256,3
T,124,1086338,390,144493,31059,238,3
T,125,1086358,390,144581,31059,206,3

[host] drv timeout 2000
drv timeout 2000
timeout 2000 ms, 2000 ms remaining
  any 'drv duty' kicks it; re-issuing this command kicks it too
> T,126,1086378,390,144668,31059,200,3
T,127,1086398,390,144755,31059,164,3
T,128,1086418,390,144842,31059,219,3
T,129,1086438,390,144929,31059,245,3
T,130,1086458,390,145016,31059,240,3
T,131,1086478,390,145103,31059,173,3
T,132,1086498,390,145190,31130,200,3
T,133,1086518,390,145277,31130,221,3
T,134,1086538,390,145364,31130,279,3
T,135,1086558,390,145451,31130,309,3
T,136,1086578,390,145537,31130,272,3
T,137,1086598,390,145624,30988,229,3
T,138,1086618,390,145711,30988,211,3
T,139,1086638,390,145798,30988,194,3
T,140,1086658,390,145885,30988,199,3
T,141,1086678,390,145972,30988,217,3
T,142,1086698,390,146059,31059,237,3
T,143,1086718,390,146146,31059,235,3
T,144,1086738,390,146233,31059,231,3
T,145,1086758,390,146320,31059,190,3
T,146,1086778,390,146407,31059,206,3
T,147,1086798,390,146493,30988,240,3
T,148,1086818,390,146580,30988,285,3
T,149,1086838,390,146668,30988,302,3
T,150,1086858,390,146755,30988,252,3

[host] drv timeout 2000
drv timeout 2000
timeout 2000 ms, 2000 ms remaining
  any 'drv duty' kicks it; re-issuing this command kicks it too
> T,151,1086878,390,146841,30988,220,3
T,152,1086898,390,146928,31059,208,3
T,153,1086918,390,147015,31059,190,3
T,154,1086938,390,147101,31059,208,3
T,155,1086958,390,147188,31059,221,3
T,156,1086978,390,147276,31059,237,3
T,157,1086998,390,147362,30988,238,3
T,158,1087018,390,147449,30988,225,3
T,159,1087038,390,147536,30988,180,3
T,160,1087058,390,147623,30988,209,3
T,161,1087078,390,147710,30988,259,3
T,162,1087098,390,147797,31059,296,3
T,163,1087118,390,147884,31059,295,3
T,164,1087138,390,147971,31059,242,3
T,165,1087158,390,148057,31059,225,3
T,166,1087178,390,148144,31059,200,3
T,167,1087198,390,148231,30988,180,3
T,168,1087218,390,148318,30988,220,3
T,169,1087238,390,148405,30988,237,3
T,170,1087258,390,148492,30988,236,3
T,171,1087278,390,148579,30988,222,3
T,172,1087298,390,148666,31059,219,3
T,173,1087318,390,148753,31059,193,3
T,174,1087338,390,148840,31059,226,3
T,175,1087358,390,148927,31059,293,3

[host] drv timeout 2000
drv tiT,176,1087378,390,149013,31059,285,3
meout 2000
timeout 2000 ms, 2000 ms remaining
  any 'drv duty' kicks it; re-issuing this command kicks it too
> T,177,1087398,390,149100,30988,283,3
T,178,1087418,390,149188,30988,230,3
T,179,1087438,390,149275,30988,198,3
T,180,1087458,390,149361,30988,176,3
T,181,1087478,390,149449,30988,210,3
T,182,1087498,390,149536,31059,235,3
T,183,1087518,390,149623,31059,240,3
T,184,1087538,390,149709,31059,217,3
T,185,1087558,390,149796,31059,216,3
T,186,1087578,390,149884,31059,198,3
T,187,1087598,390,149971,31059,238,3
T,188,1087618,390,150057,31059,299,3
T,189,1087638,390,150144,31059,293,3
T,190,1087658,390,150232,31059,232,3
T,191,1087678,390,150319,31059,224,3
T,192,1087698,390,150405,31130,198,3
T,193,1087718,390,150492,31130,183,3
T,194,1087738,390,150580,31130,205,3
T,195,1087758,390,150667,31130,232,3
T,196,1087778,390,150753,31130,233,3
T,197,1087798,390,150841,31059,226,3
T,198,1087818,390,150928,31059,189,3
T,199,1087838,390,151015,31059,199,3
T,200,1087858,390,151102,31059,256,3

[host] drv duty 35
drv duty 35
duty +35%
> T,201,1087878,350,151189,31059,89,3
T,202,1087898,350,151274,30988,142,3
T,203,1087918,350,151358,30988,119,3
T,204,1087938,350,151440,30988,96,3
T,205,1087958,350,151521,30988,189,3
T,206,1087978,350,151601,30988,113,3
T,207,1087998,350,151681,29131,264,3
T,208,1088018,350,151760,29131,137,3
T,209,1088038,350,151840,29131,194,3
T,210,1088058,350,151919,29131,205,3
T,211,1088078,350,151997,29131,188,3
T,212,1088098,350,152076,28203,231,3
T,213,1088118,350,152154,28203,196,3
T,214,1088138,350,152232,28203,206,3
T,215,1088158,350,152311,28203,225,3
T,216,1088178,350,152389,28203,200,3
T,217,1088198,350,152467,27989,215,3
T,218,1088218,350,152545,27989,241,3
T,219,1088238,350,152623,27989,212,3
T,220,1088258,350,152701,27989,194,3
T,221,1088278,350,152779,27989,243,3
T,222,1088298,350,152857,27846,212,3
T,223,1088318,350,152935,27846,201,3
T,224,1088338,350,153013,27846,214,3
T,225,1088358,350,153092,27846,219,3

[host] drv timeout 2000
T,226,1088378,350,153170,27846,193,3
drv timeout 2000
timeout 2000 ms, 2000 ms remaining
  any 'drv duty' kicks it; re-issuing this command kicks it too
> T,227,1088398,350,153248,27917,237,3
T,228,1088418,350,153326,27917,220,3
T,229,1088438,350,153404,27917,185,3
T,230,1088458,350,153483,27917,233,3
T,231,1088478,350,153561,27917,214,3
T,232,1088498,350,153639,27917,194,3
T,233,1088518,350,153717,27917,224,3
T,234,1088538,350,153795,27917,231,3
T,235,1088558,350,153873,27917,190,3
T,236,1088578,350,153952,27917,235,3
T,237,1088598,350,154030,27917,236,3
T,238,1088618,350,154108,27917,183,3
T,239,1088638,350,154186,27917,221,3
T,240,1088658,350,154264,27917,220,3
T,241,1088678,350,154343,27917,199,3
T,242,1088698,350,154421,27846,212,3
T,243,1088718,350,154499,27846,237,3
T,244,1088738,350,154577,27846,190,3
T,245,1088758,350,154655,27846,215,3
T,246,1088778,350,154733,27846,241,3
T,247,1088798,350,154812,27917,195,3
T,248,1088818,350,154890,27917,226,3
T,249,1088838,350,154968,27917,225,3
T,250,1088858,350,155046,27917,203,3

[host] drv timeout 2000
T,251,1088878,350,155124,27917,196,3
drv timeout 2000
timeout 2000 ms, 2000 ms remaining
  any 'drv duty' kicks it; re-issuing this command kicks it too
> T,252,1088898,350,155203,27917,251,3
T,253,1088918,350,155281,27917,195,3
T,254,1088938,350,155359,27917,216,3
T,255,1088958,350,155437,27917,254,3
T,256,1088978,350,155515,27917,195,3
T,257,1088998,350,155593,27917,212,3
T,258,1089018,350,155672,27917,243,3
T,259,1089038,350,155749,27917,204,3
T,260,1089058,350,155828,27917,194,3
T,261,1089078,350,155906,27917,263,3
T,262,1089098,350,155984,27917,194,3
T,263,1089118,350,156063,27917,215,3
T,264,1089138,350,156141,27917,274,3
T,265,1089158,350,156219,27917,209,3
T,266,1089178,350,156297,27917,189,3
T,267,1089198,350,156375,27917,248,3
T,268,1089218,350,156453,27917,208,3
T,269,1089238,350,156532,27917,196,3
T,270,1089258,350,156610,27917,285,3
T,271,1089278,350,156688,27917,192,3
T,272,1089298,350,156767,27917,203,3
T,273,1089318,350,156845,27917,268,3
T,274,1089338,350,156923,27917,210,3
T,275,1089358,350,157001,27917,216,3

[host] drv timeout 2000
T,276,1089378,350,157080,27917,237,3
drv timeout 2000
timeout 2000 ms, 2000 ms remaining
  any 'drv duty' kicks it; re-issuing this command kicks it too
> T,277,1089398,350,157158,27917,200,3
T,278,1089418,350,157236,27917,199,3
T,279,1089438,350,157315,27917,262,3
T,280,1089458,350,157393,27917,194,3
T,281,1089478,350,157471,27917,211,3
T,282,1089498,350,157549,27989,256,3
T,283,1089518,350,157628,27989,205,3
T,284,1089538,350,157706,27989,211,3
T,285,1089558,350,157784,27989,233,3
T,286,1089578,350,157863,27989,203,3
T,287,1089598,350,157941,27917,209,3
T,288,1089618,350,158019,27917,242,3
T,289,1089638,350,158097,27917,203,3
T,290,1089658,350,158176,27917,241,3
T,291,1089678,350,158254,27917,227,3
T,292,1089698,350,158332,27989,201,3
T,293,1089718,350,158411,27989,236,3
T,294,1089738,350,158489,27989,215,3
T,295,1089758,350,158568,27989,195,3
T,296,1089778,350,158646,27989,224,3
T,297,1089798,350,158724,27989,210,3
T,298,1089818,350,158803,27989,212,3
T,299,1089838,350,158881,27989,242,3
T,300,1089858,350,158960,27989,200,3
T,301,1089878,350,159038,27989,2
[host] drv timeout 2000
38,3
drv timeout 2000
timeout 2000 ms, 2000 ms remaining
  any 'drv duty' kicks it; re-issuing this command kicks it too
> T,302,1089898,350,159116,27989,235,3
T,303,1089918,350,159195,27989,192,3
T,304,1089938,350,159273,27989,256,3
T,305,1089958,350,159352,27989,229,3
T,306,1089978,350,159431,27989,178,3
T,307,1089998,350,159509,27989,297,3
T,308,1090018,350,159588,27989,221,3
T,309,1090038,350,159666,27989,160,3
T,310,1090058,350,159745,27989,305,3
T,311,1090078,350,159823,27989,190,3
T,312,1090098,350,159901,28060,193,3
T,313,1090118,350,159980,28060,280,3
T,314,1090138,350,160059,28060,204,3
T,315,1090158,350,160137,28060,195,3
T,316,1090178,350,160216,28060,242,3
T,317,1090198,350,160294,28060,194,3
T,318,1090218,350,160373,28060,200,3
T,319,1090238,350,160451,28060,230,3
T,320,1090258,350,160530,28060,182,3
T,321,1090278,350,160608,28060,240,3
T,322,1090298,350,160687,27989,211,3
T,323,1090318,350,160765,27989,204,3
T,324,1090338,350,160844,27989,235,3
T,325,1090358,350,160922,27989,195,3
T,326,1090378,350,161001,27989,2
[host] drv timeout 2000
35,3
drv timeout 2000
timeout 2000 ms, 2000 ms remaining
  any 'drv duty' kicks it; re-issuing this command kicks it too
> T,327,1090398,350,161080,28060,233,3
T,328,1090418,350,161158,28060,187,3
T,329,1090438,350,161236,28060,272,3
T,330,1090458,350,161315,28060,222,3
T,331,1090478,350,161393,28060,179,3
T,332,1090498,350,161472,27989,307,3
T,333,1090518,350,161551,27989,198,3
T,334,1090538,350,161629,27989,166,3
T,335,1090558,350,161707,27989,299,3
T,336,1090578,350,161786,27989,212,3
T,337,1090598,350,161864,28060,183,3
T,338,1090618,350,161943,28060,269,3
T,339,1090638,350,162021,28060,209,3
T,340,1090658,350,162100,28060,183,3
T,341,1090678,350,162178,28060,275,3
T,342,1090698,350,162256,27989,187,3
T,343,1090718,350,162335,27989,206,3
T,344,1090738,350,162413,27989,257,3
T,345,1090758,350,162491,27989,203,3
T,346,1090778,350,162569,27989,208,3
T,347,1090798,350,162648,27917,229,3
T,348,1090818,350,162726,27917,198,3
T,349,1090838,350,162805,27917,217,3
T,350,1090858,350,162883,27917,247,3
T,351,1090878,350,162961,27917,1
[host] drv timeout 2000
79,3
drv timeout 2000
timeout 2000 ms, 2000 ms remaining
  any 'drv duty' kicks it; re-issuing this command kicks it too
> T,352,1090898,350,163039,27989,214,3
T,353,1090918,350,163117,27989,253,3
T,354,1090938,350,163196,27989,193,3
T,355,1090958,350,163274,27989,210,3
T,356,1090978,350,163352,27989,219,3
T,357,1090998,350,163431,27917,198,3
T,358,1091018,350,163509,27917,206,3
T,359,1091038,350,163587,27917,232,3
T,360,1091058,350,163665,27917,184,3
T,361,1091078,350,163744,27917,225,3
T,362,1091098,350,163822,27917,229,3
T,363,1091118,350,163900,27917,189,3
T,364,1091138,350,163978,27917,229,3
T,365,1091158,350,164056,27917,229,3
T,366,1091178,350,164135,27917,204,3
T,367,1091198,350,164213,27917,212,3
T,368,1091218,350,164291,27917,243,3
T,369,1091238,350,164369,27917,190,3
T,370,1091258,350,164447,27917,233,3
T,371,1091278,350,164525,27917,242,3
T,372,1091298,350,164604,27917,204,3
T,373,1091318,350,164682,27917,219,3
T,374,1091338,350,164760,27917,230,3
T,375,1091358,350,164838,27917,212,3
T,376,1091378,350,164916,27917,214,3

[host] drv timeout 2000
drv timeout 2000
timeout 2000 ms, 2000 ms remaining
  any 'drv duty' kicks it; re-issuing this command kicks it too
> T,377,1091398,350,164994,27917,259,3
T,378,1091418,350,165072,27917,164,3
T,379,1091438,350,165151,27917,221,3
T,380,1091458,350,165229,27917,284,3
T,381,1091478,350,165307,27917,201,3
T,382,1091498,350,165385,27846,208,3
T,383,1091518,350,165463,27846,273,3
T,384,1091538,350,165541,27846,208,3
T,385,1091558,350,165619,27846,189,3
T,386,1091578,350,165697,27846,295,3
T,387,1091598,350,165775,27917,194,3
T,388,1091618,350,165853,27917,198,3
T,389,1091638,350,165932,27917,307,3
T,390,1091658,350,166010,27917,214,3
T,391,1091678,350,166088,27917,179,3
T,392,1091698,350,166166,27917,281,3
T,393,1091718,350,166244,27917,212,3
T,394,1091738,350,166323,27917,188,3
T,395,1091758,350,166400,27917,305,3
T,396,1091778,350,166479,27917,193,3
T,397,1091798,350,166557,27846,194,3
T,398,1091818,350,166635,27846,306,3
T,399,1091838,350,166713,27846,216,3
T,400,1091858,350,166792,27846,182,3

[host] drv duty 32
T,401,1091878,350,166870,27846,284,3
drv duty 32
duty +32%
> T,402,1091898,320,166948,27917,82,3
T,403,1091918,320,167024,27917,88,3
T,404,1091938,320,167098,27917,139,3
T,405,1091958,320,167172,27917,183,3
T,406,1091978,320,167245,27917,194,3
T,407,1091998,320,167317,26561,262,3
T,408,1092018,320,167390,26561,166,3
T,409,1092038,320,167462,26561,180,3
T,410,1092058,320,167534,26561,226,3
T,411,1092078,320,167605,26561,194,3
T,412,1092098,320,167677,25704,177,3
T,413,1092118,320,167749,25704,208,3
T,414,1092138,320,167820,25704,229,3
T,415,1092158,320,167892,25704,209,3
T,416,1092178,320,167963,25704,200,3
T,417,1092198,320,168035,25490,237,3
T,418,1092218,320,168106,25490,226,3
T,419,1092238,320,168177,25490,173,3
T,420,1092258,320,168248,25490,231,3
T,421,1092278,320,168320,25490,279,3
T,422,1092298,320,168391,25490,163,3
T,423,1092318,320,168463,25490,198,3
T,424,1092338,320,168533,25490,299,3
T,425,1092358,320,168605,25490,195,3
T,426,1092378,320,168676,25490,220,3

[host] drv timeout 2000
drv timeout 2000
timeout 2000 ms, 2000 ms remaining
  any 'drv duty' kicks it; re-issuing this command kicks it too
> T,427,1092398,320,168747,25347,286,3
T,428,1092418,320,168818,25347,166,3
T,429,1092438,320,168889,25347,221,3
T,430,1092458,320,168961,25347,296,3
T,431,1092478,320,169032,25347,164,3
T,432,1092498,320,169103,25490,194,3
T,433,1092518,320,169175,25490,284,3
T,434,1092538,320,169246,25490,190,3
T,435,1092558,320,169317,25490,200,3
T,436,1092578,320,169388,25490,283,3
T,437,1092598,320,169460,25418,158,3
T,438,1092618,320,169531,25418,187,3
T,439,1092638,320,169603,25418,252,3
T,440,1092658,320,169674,25418,210,3
T,441,1092678,320,169745,25418,158,3
T,442,1092698,320,169816,25490,230,3
T,443,1092718,320,169888,25490,235,3
T,444,1092738,320,169959,25490,190,3
T,445,1092758,320,170031,25490,220,3
T,446,1092778,320,170102,25490,224,3
T,447,1092798,320,170173,25490,173,3
T,448,1092818,320,170245,25490,206,3
T,449,1092838,320,170316,25490,243,3
T,450,1092858,320,170387,25490,189,3
T,451,1092878,320,170458,25490,216,3

[host] drv timeout 2000
drv timeout 2000
timeout 2000 ms, 2000 ms remaining
  any 'drv duty' kicks it; re-issuing this command kicks it too
> T,452,1092898,320,170529,25418,242,3
T,453,1092918,320,170601,25418,188,3
T,454,1092938,320,170672,25418,200,3
T,455,1092958,320,170743,25418,230,3
T,456,1092978,320,170815,25418,219,3
T,457,1092998,320,170886,25490,182,3
T,458,1093018,320,170957,25490,214,3
T,459,1093038,320,171028,25490,267,3
T,460,1093058,320,171100,25490,196,3
T,461,1093078,320,171171,25490,222,3
T,462,1093098,320,171242,25418,262,3
T,463,1093118,320,171313,25418,176,3
T,464,1093138,320,171385,25418,231,3
T,465,1093158,320,171456,25418,295,3
T,466,1093178,320,171528,25418,177,3
T,467,1093198,320,171599,25418,200,3
T,468,1093218,320,171670,25418,297,3
T,469,1093238,320,171741,25418,185,3
T,470,1093258,320,171812,25418,208,3
T,471,1093278,320,171884,25418,296,3
T,472,1093298,320,171955,25490,177,3
T,473,1093318,320,172027,25490,206,3
T,474,1093338,320,172097,25490,280,3
T,475,1093358,320,172169,25490,178,3
T,476,1093378,320,172240,25490,174,3

[host] drv timeout 2000
drv timeout 2000
timeout 2000 ms, 2000 ms remaining
  any 'drv duty' kicks it; re-issuing this command kicks it too
> T,477,1093398,320,172312,25418,258,3
T,478,1093418,320,172383,25418,216,3
T,479,1093438,320,172454,25418,206,3
T,480,1093458,320,172525,25418,261,3
T,481,1093478,320,172596,25418,199,3
T,482,1093498,320,172668,25418,194,3
T,483,1093518,320,172739,25418,229,3
T,484,1093538,320,172811,25418,206,3
T,485,1093558,320,172882,25418,168,3
T,486,1093578,320,172953,25418,231,3
T,487,1093598,320,173024,25490,242,3
T,488,1093618,320,173096,25490,195,3
T,489,1093638,320,173167,25490,215,3
T,490,1093658,320,173238,25490,229,3
T,491,1093678,320,173309,25490,192,3
T,492,1093698,320,173380,25418,208,3
T,493,1093718,320,173452,25418,241,3
T,494,1093738,320,173523,25418,189,3
T,495,1093758,320,173594,25418,212,3
T,496,1093778,320,173665,25418,237,3
T,497,1093798,320,173736,25418,188,3
T,498,1093818,320,173808,25418,205,3
T,499,1093838,320,173879,25418,232,3
T,500,1093858,320,173950,25418,211,3
T,501,1093878,320,174021,25418,200,3

[host] drv timeout 2000
drv timeout 2000
timeout 2000 ms, 2000 ms remaining
  any 'drv duty' kicks it; re-issuing this command kicks it too
> T,502,1093898,320,174092,25418,232,3
T,503,1093918,320,174164,25418,221,3
T,504,1093938,320,174235,25418,208,3
T,505,1093958,320,174306,25418,232,3
T,506,1093978,320,174377,25418,217,3
T,507,1093998,320,174448,25418,200,3
T,508,1094018,320,174520,25418,227,3
T,509,1094038,320,174591,25418,237,3
T,510,1094058,320,174662,25418,183,3
T,511,1094078,320,174733,25418,210,3
T,512,1094098,320,174804,25418,257,3
T,513,1094118,320,174876,25418,193,3
T,514,1094138,320,174947,25418,225,3
T,515,1094158,320,175018,25418,256,3
T,516,1094178,320,175089,25418,185,3
T,517,1094198,320,175161,25418,229,3
T,518,1094218,320,175232,25418,284,3
T,519,1094238,320,175304,25418,176,3
T,520,1094258,320,175375,25418,182,3
T,521,1094278,320,175446,25418,296,3
T,522,1094298,320,175517,25490,178,3
T,523,1094318,320,175588,25490,211,3
T,524,1094338,320,175660,25490,294,3
T,525,1094358,320,175731,25490,167,3
T,526,1094378,320,175803,25490,205,3

[host] drv timeout 2000
drv timeout 2000
timeout 2000 ms, 2000 ms remaining
  any 'drv duty' kicks it; re-issuing this command kicks it too
> T,527,1094398,320,175874,25418,267,3
T,528,1094418,320,175945,25418,190,3
T,529,1094438,320,176016,25418,166,3
T,530,1094458,320,176088,25418,249,3
T,531,1094478,320,176159,25418,199,3
T,532,1094498,320,176231,25490,190,3
T,533,1094518,320,176302,25490,224,3
T,534,1094538,320,176373,25490,205,3
T,535,1094558,320,176445,25490,182,3
T,536,1094578,320,176516,25490,206,3
T,537,1094598,320,176588,25561,236,3
T,538,1094618,320,176659,25561,187,3
T,539,1094638,320,176731,25561,203,3
T,540,1094658,320,176802,25561,227,3
T,541,1094678,320,176873,25561,212,3
T,542,1094698,320,176945,25490,178,3
T,543,1094718,320,177016,25490,227,3
T,544,1094738,320,177088,25490,273,3
T,545,1094758,320,177159,25490,162,3
T,546,1094778,320,177231,25490,190,3
T,547,1094798,320,177302,25490,293,3
T,548,1094818,320,177373,25490,184,3
T,549,1094838,320,177445,25490,203,3
T,550,1094858,320,177516,25490,284,3
T,551,1094878,320,177588,25490,171,3

[host] drv timeout 2000
drv timeout 2000
timeout 2000 ms, 2000 ms remaining
  any 'drv duty' kicks it; re-issuing this command kicks it too
> T,552,1094898,320,177660,25490,200,3
T,553,1094918,320,177731,25490,229,3
T,554,1094938,320,177802,25490,209,3
T,555,1094958,320,177874,25490,160,3
T,556,1094978,320,177945,25490,221,3
T,557,1094998,320,178017,25490,231,3
T,558,1095018,320,178088,25490,188,3
T,559,1095038,320,178160,25490,196,3
T,560,1095058,320,178231,25490,224,3
T,561,1095078,320,178303,25490,219,3
T,562,1095098,320,178374,25561,182,3
T,563,1095118,320,178445,25561,205,3
T,564,1095138,320,178517,25561,269,3
T,565,1095158,320,178588,25561,182,3
T,566,1095178,320,178660,25561,227,3
T,567,1095198,320,178731,25418,278,3
T,568,1095218,320,178802,25418,169,3
T,569,1095238,320,178873,25418,221,3
T,570,1095258,320,178945,25418,288,3
T,571,1095278,320,179016,25418,160,3
T,572,1095298,320,179088,25490,184,3
T,573,1095318,320,179159,25490,283,3
T,574,1095338,320,179230,25490,176,3
T,575,1095358,320,179301,25490,206,3
T,576,1095378,320,179372,25490,281,3

[host] drv timeout 2000
drv timeout 2T,577,1095398,320,179444,25490,184,3
000
timeout 2000 ms, 2000 ms remaining
  any 'drv duty' kicks it; re-issuing this command kicks it too
> T,578,1095418,320,179515,25490,198,3
T,579,1095438,320,179587,25490,245,3
T,580,1095458,320,179658,25490,206,3
T,581,1095478,320,179729,25490,178,3
T,582,1095498,320,179800,25418,237,3
T,583,1095518,320,179871,25418,217,3
T,584,1095538,320,179943,25418,199,3
T,585,1095558,320,180014,25418,240,3
T,586,1095578,320,180085,25418,210,3
T,587,1095598,320,180156,25418,190,3
T,588,1095618,320,180228,25418,219,3
T,589,1095638,320,180299,25418,226,3
T,590,1095658,320,180370,25418,173,3
T,591,1095678,320,180441,25418,225,3
T,592,1095698,320,180512,25418,235,3
T,593,1095718,320,180583,25418,199,3
T,594,1095738,320,180655,25418,216,3
T,595,1095758,320,180726,25418,226,3
T,596,1095778,320,180797,25418,196,3
T,597,1095798,320,180868,25418,214,3
T,598,1095818,320,180939,25418,229,3
T,599,1095838,320,181011,25418,179,3
T,600,1095858,320,181081,25418,227,3
T,601,1095878,320,181153,25418,235,3

[host] drv duty 29
drv duty 29
duty +29%
> T,602,1095898,290,181224,25418,36,3
T,603,1095918,290,181293,25418,176,3
T,604,1095938,290,181361,25418,87,3
T,605,1095958,290,181428,25418,123,3
T,606,1095978,290,181495,25418,196,3
T,607,1095998,290,181561,24133,212,3
T,608,1096018,290,181626,24133,209,3
T,609,1096038,290,181691,24133,195,3
T,610,1096058,290,181756,24133,192,3
T,611,1096078,290,181821,24133,183,3
T,612,1096098,290,181885,23205,196,3
T,613,1096118,290,181950,23205,195,3
T,614,1096138,290,182014,23205,190,3
T,615,1096158,290,182079,23205,212,3
T,616,1096178,290,182143,23205,226,3
T,617,1096198,290,182208,22991,246,3
T,618,1096218,290,182272,22991,269,3
T,619,1096238,290,182336,22991,275,3
T,620,1096258,290,182401,22991,293,3
T,621,1096278,290,182465,22991,295,3
T,622,1096298,290,182529,22991,288,3
T,623,1096318,290,182594,22991,280,3
T,624,1096338,290,182658,22991,275,3
T,625,1096358,290,182722,22991,269,3
T,626,1096378,290,182786,22991,264,3

[host] drv timeout 2000
drv timeout 2000
timeout 2000 ms, 2000 ms remaining
  any 'drv duty' kicks it; re-issuing this command kicks it too
> T,627,1096398,290,182851,22919,263,3
T,628,1096418,290,182915,22919,254,3
T,629,1096438,290,182979,22919,253,3
T,630,1096458,290,183043,22919,245,3
T,631,1096478,290,183107,22919,251,3
T,632,1096498,290,183171,22919,238,3
T,633,1096518,290,183235,22919,237,3
T,634,1096538,290,183300,22919,229,3
T,635,1096558,290,183364,22919,229,3
T,636,1096578,290,183428,22919,226,3
T,637,1096598,290,183492,22919,216,3
T,638,1096618,290,183556,22919,210,3
T,639,1096638,290,183621,22919,209,3
T,640,1096658,290,183685,22919,201,3
T,641,1096678,290,183749,22919,204,3
T,642,1096698,290,183813,22919,203,3
T,643,1096718,290,183878,22919,193,3
T,644,1096738,290,183942,22919,189,3
T,645,1096758,290,184007,22919,183,3
T,646,1096778,290,184071,22919,185,3
T,647,1096798,290,184135,22991,177,3
T,648,1096818,290,184200,22991,177,3
T,649,1096838,290,184264,22991,178,3
T,650,1096858,290,184328,22991,173,3
T,651,1096878,290,184392,22991,168,3

[host] drv timeout 2000
drv timeout 2000
timeout 2000 ms, 2000 ms remaining
  any 'drv duty' kicks it; re-issuing this command kicks it too
> T,652,1096898,290,184457,22919,173,3
T,653,1096918,290,184521,22919,180,3
T,654,1096938,290,184585,22919,184,3
T,655,1096958,290,184650,22919,189,3
T,656,1096978,290,184715,22919,200,3
T,657,1096998,290,184779,23062,212,3
T,658,1097018,290,184843,23062,221,3
T,659,1097038,290,184908,23062,235,3
T,660,1097058,290,184972,23062,237,3
T,661,1097078,290,185037,23062,226,3
T,662,1097098,290,185101,22991,220,3
T,663,1097118,290,185166,22991,209,3
T,664,1097138,290,185230,22991,194,3
T,665,1097158,290,185295,22991,189,3
T,666,1097178,290,185360,22991,192,3
T,667,1097198,290,185424,23062,183,3
T,668,1097218,290,185488,23062,177,3
T,669,1097238,290,185553,23062,177,3
T,670,1097258,290,185617,23062,171,3
T,671,1097278,290,185682,23062,153,3
T,672,1097298,290,185747,22991,184,3
T,673,1097318,290,185811,22991,182,3
T,674,1097338,290,185876,22991,205,3
T,675,1097358,290,185940,22991,224,3
T,676,1097378,290,186005,22991,254,3

[host] drv timeout 2000
drv timeout 2000
timeout 2000 ms, 2000 ms remaining
  any 'drv duty' kicks it; re-issuing this command kicks it too
> T,677,1097398,290,186069,23062,270,3
T,678,1097418,290,186134,23062,291,3
T,679,1097438,290,186199,23062,289,3
T,680,1097458,290,186263,23062,268,3
T,681,1097478,290,186328,23062,246,3
T,682,1097498,290,186392,23062,226,3
T,683,1097518,290,186457,23062,217,3
T,684,1097538,290,186522,23062,216,3
T,685,1097558,290,186586,23062,196,3
T,686,1097578,290,186651,23062,198,3
T,687,1097598,290,186716,23062,193,3
T,688,1097618,290,186780,23062,183,3
T,689,1097638,290,186845,23062,185,3
T,690,1097658,290,186909,23062,188,3
T,691,1097678,290,186974,23062,188,3
T,692,1097698,290,187039,23062,193,3
T,693,1097718,290,187103,23062,204,3
T,694,1097738,290,187168,23062,212,3
T,695,1097758,290,187232,23062,226,3
T,696,1097778,290,187296,23062,238,3
T,697,1097798,290,187361,22991,246,3
T,698,1097818,290,187425,22991,243,3
T,699,1097838,290,187490,22991,237,3
T,700,1097858,290,187555,22991,240,3
T,701,1097878,290,187619,22991,227,3

[host] drv timeout 2000
drv timeout 2000
timeout 2000 ms, 2000 ms remaining
  any 'drv duty' kicks it; re-issuing this command kicks it too
> T,702,1097898,290,187684,23062,226,3
T,703,1097918,290,187748,23062,220,3
T,704,1097938,290,187813,23062,214,3
T,705,1097958,290,187877,23062,211,3
T,706,1097978,290,187942,23062,198,3
T,707,1097998,290,188006,23062,198,3
T,708,1098018,290,188071,23062,195,3
T,709,1098038,290,188136,23062,198,3
T,710,1098058,290,188200,23062,194,3
T,711,1098078,290,188264,23062,189,3
T,712,1098098,290,188329,22991,205,3
T,713,1098118,290,188393,22991,214,3
T,714,1098138,290,188458,22991,232,3
T,715,1098158,290,188523,22991,254,3
T,716,1098178,290,188587,22991,275,3
T,717,1098198,290,188652,23062,304,3
T,718,1098218,290,188716,23062,313,3
T,719,1098238,290,188780,23062,312,3
T,720,1098258,290,188845,23062,295,3
T,721,1098278,290,188909,23062,279,3
T,722,1098298,290,188974,23062,253,3
T,723,1098318,290,189038,23062,238,3
T,724,1098338,290,189103,23062,224,3
T,725,1098358,290,189167,23062,216,3
T,726,1098378,290,189232,23062,210,3

[host] drv timeout 2000
T,727,1098398,290,189296,22991,208,3
drv timeout 2000
timeout 2000 ms, 2000 ms remaining
  any 'drv duty' kicks it; re-issuing this command kicks it too
> T,728,1098418,290,189361,22991,199,3
T,729,1098438,290,189425,22991,187,3
T,730,1098458,290,189489,22991,183,3
T,731,1098478,290,189554,22991,176,3
T,732,1098498,290,189619,22991,164,3
T,733,1098518,290,189683,22991,156,3
T,734,1098538,290,189748,22991,176,3
T,735,1098558,290,189812,22991,185,3
T,736,1098578,290,189876,22991,190,3
T,737,1098598,290,189941,22991,200,3
T,738,1098618,290,190005,22991,211,3
T,739,1098638,290,190069,22991,221,3
T,740,1098658,290,190134,22991,227,3
T,741,1098678,290,190198,22991,227,3
T,742,1098698,290,190263,23062,240,3
T,743,1098718,290,190327,23062,242,3
T,744,1098738,290,190392,23062,237,3
T,745,1098758,290,190456,23062,240,3
T,746,1098778,290,190521,23062,236,3
T,747,1098798,290,190585,22991,235,3
T,748,1098818,290,190649,22991,226,3
T,749,1098838,290,190714,22991,222,3
T,750,1098858,290,190779,22991,212,3
T,751,1098878,290,190843,22991,206,3

[host] drv timeout 2000
T,752,1098898,290,190908,22991,200,3
drv timeout 2000
timeout 2000 ms, 2000 ms remaining
  any 'drv duty' kicks it; re-issuing this command kicks it too
> T,753,1098918,290,190972,22991,198,3
T,754,1098938,290,191037,22991,192,3
T,755,1098958,290,191101,22991,195,3
T,756,1098978,290,191165,22991,188,3
T,757,1098998,290,191230,23062,199,3
T,758,1099018,290,191295,23062,195,3
T,759,1099038,290,191359,23062,225,3
T,760,1099058,290,191424,23062,248,3
T,761,1099078,290,191488,23062,275,3
T,762,1099098,290,191553,22991,286,3
T,763,1099118,290,191617,22991,286,3
T,764,1099138,290,191682,22991,275,3
T,765,1099158,290,191747,22991,261,3
T,766,1099178,290,191811,22991,237,3
T,767,1099198,290,191876,23062,229,3
T,768,1099218,290,191940,23062,209,3
T,769,1099238,290,192005,23062,199,3
T,770,1099258,290,192069,23062,193,3
T,771,1099278,290,192134,23062,189,3
T,772,1099298,290,192199,23062,178,3
T,773,1099318,290,192263,23062,176,3
T,774,1099338,290,192328,23062,173,3
T,775,1099358,290,192393,23062,166,3
T,776,1099378,290,192457,23062,177,3

[host] drv timeout 2000
T,777,1099398,290,192522,23134,195,3
drv timeout 2000
timeout 2000 ms, 2000 ms remaining
  any 'drv duty' kicks it; re-issuing this command kicks it too
> T,778,1099418,290,192587,23134,203,3
T,779,1099438,290,192652,23134,221,3
T,780,1099458,290,192716,23134,231,3
T,781,1099478,290,192781,23134,226,3
T,782,1099498,290,192845,23062,220,3
T,783,1099518,290,192910,23062,203,3
T,784,1099538,290,192975,23062,189,3
T,785,1099558,290,193040,23062,178,3
T,786,1099578,290,193104,23062,178,3
T,787,1099598,290,193169,23134,173,3
T,788,1099618,290,193233,23134,174,3
T,789,1099638,290,193298,23134,177,3
T,790,1099658,290,193363,23134,183,3
T,791,1099678,290,193428,23134,205,3
T,792,1099698,290,193492,23062,227,3
T,793,1099718,290,193557,23062,263,3
T,794,1099738,290,193622,23062,291,3
T,795,1099758,290,193687,23062,286,3
T,796,1099778,290,193752,23062,265,3
T,797,1099798,290,193816,23134,245,3
T,798,1099818,290,193881,23134,233,3
T,799,1099838,290,193946,23134,220,3
T,800,1099858,290,194011,23134,205,3
T,801,1099878,290,194076,23134,196,3

[host] drv duty 26
drv duty 26
duty +26%
> T,802,1099898,260,194140,23134,23,3
T,803,1099918,260,194204,23134,67,3
T,804,1099938,260,194265,23134,139,3
T,805,1099958,260,194326,23134,231,3
T,806,1099978,260,194386,23134,115,3
T,807,1099998,260,194445,21920,206,3
T,808,1100018,260,194504,21920,147,3
T,809,1100038,260,194563,21920,243,3
T,810,1100058,260,194621,21920,163,3
T,811,1100078,260,194680,21920,230,3
T,812,1100098,260,194737,20849,183,3
T,813,1100118,260,194796,20849,275,3
T,814,1100138,260,194853,20849,215,3
T,815,1100158,260,194911,20849,198,3
T,816,1100178,260,194969,20849,241,3
T,817,1100198,260,195027,20634,185,3
T,818,1100218,260,195084,20634,242,3
T,819,1100238,260,195142,20634,194,3
T,820,1100258,260,195200,20634,251,3
T,821,1100278,260,195257,20634,236,3
T,822,1100298,260,195315,20634,177,3
T,823,1100318,260,195373,20634,307,3
T,824,1100338,260,195430,20634,199,3
T,825,1100358,260,195488,20634,227,3
T,826,1100378,260,195546,20634,232,3
T,827,1100398,260,195604,20563,1
[host] drv timeout 2000
87,3
drv timeout 2000
timeout 2000 ms, 2000 ms remaining
  any 'drv duty' kicks it; re-issuing this command kicks it too
> T,828,1100418,260,195661,20563,237,3
T,829,1100438,260,195719,20563,185,3
T,830,1100458,260,195776,20563,275,3
T,831,1100478,260,195834,20563,232,3
T,832,1100498,260,195892,20634,179,3
T,833,1100518,260,195949,20634,291,3
T,834,1100538,260,196007,20634,205,3
T,835,1100558,260,196065,20634,242,3
T,836,1100578,260,196122,20634,231,3
T,837,1100598,260,196180,20563,201,3
T,838,1100618,260,196238,20563,232,3
T,839,1100638,260,196296,20563,174,3
T,840,1100658,260,196353,20563,290,3
T,841,1100678,260,196411,20563,220,3
T,842,1100698,260,196469,20563,179,3
T,843,1100718,260,196526,20563,257,3
T,844,1100738,260,196584,20563,203,3
T,845,1100758,260,196641,20563,254,3
T,846,1100778,260,196699,20563,214,3
T,847,1100798,260,196757,20634,229,3
T,848,1100818,260,196815,20634,203,3
T,849,1100838,260,196872,20634,177,3
T,850,1100858,260,196930,20634,295,3
T,851,1100878,260,196988,20634,208,3
T,852,1100898,260,197045,20563,212,3

[host] drv timeout 2000
drv timeout 2000
timeout 2000 ms, 2000 ms remaining
  any 'drv duty' kicks it; re-issuing this command kicks it too
> T,853,1100918,260,197103,20563,232,3
T,854,1100938,260,197161,20563,204,3
T,855,1100958,260,197218,20563,252,3
T,856,1100978,260,197276,20563,205,3
T,857,1100998,260,197333,20563,267,3
T,858,1101018,260,197391,20563,199,3
T,859,1101038,260,197449,20563,185,3
T,860,1101058,260,197507,20563,280,3
T,861,1101078,260,197564,20563,203,3
T,862,1101098,260,197622,20563,214,3
T,863,1101118,260,197680,20563,221,3
T,864,1101138,260,197737,20563,206,3
T,865,1101158,260,197795,20563,242,3
T,866,1101178,260,197852,20563,208,3
T,867,1101198,260,197910,20634,286,3
T,868,1101218,260,197968,20634,195,3
T,869,1101238,260,198025,20634,183,3
T,870,1101258,260,198083,20634,257,3
T,871,1101278,260,198141,20634,199,3
T,872,1101298,260,198199,20563,237,3
T,873,1101318,260,198256,20563,220,3
T,874,1101338,260,198314,20563,211,3
T,875,1101358,260,198371,20563,243,3
T,876,1101378,260,198429,20563,204,3
T,877,1101398,260,198487,20563,300,3

[host] drv timeout 2000
drv timeout 2000
timeout 2000 ms, 2000 ms remaining
  any 'drv duty' kicks it; re-issuing this command kicks it too
> T,878,1101418,260,198544,20563,198,3
T,879,1101438,260,198601,20563,184,3
T,880,1101458,260,198659,20563,257,3
T,881,1101478,260,198717,20563,201,3
T,882,1101498,260,198774,20563,235,3
T,883,1101518,260,198832,20563,222,3
T,884,1101538,260,198889,20563,208,3
T,885,1101558,260,198947,20563,238,3
T,886,1101578,260,199005,20563,201,3
T,887,1101598,260,199063,20563,297,3
T,888,1101618,260,199120,20563,190,3
T,889,1101638,260,199178,20563,183,3
T,890,1101658,260,199236,20563,254,3
T,891,1101678,260,199293,20563,205,3
T,892,1101698,260,199351,20563,229,3
T,893,1101718,260,199408,20563,220,3
T,894,1101738,260,199465,20563,200,3
T,895,1101758,260,199523,20563,238,3
T,896,1101778,260,199581,20563,196,3
T,897,1101798,260,199638,20563,290,3
T,898,1101818,260,199696,20563,194,3
T,899,1101838,260,199753,20563,188,3
T,900,1101858,260,199811,20563,274,3
T,901,1101878,260,199868,20563,201,3
T,902,1101898,260,199925,20492,209,3

[host] drv timeout 2000
drv timeout 2000
timeout 2000 ms, 2000 ms remaining
  any 'drv duty' kicks it; re-issuing this command kicks it too
> T,903,1101918,260,199983,20492,231,3
T,904,1101938,260,200040,20492,195,3
T,905,1101958,260,200098,20492,256,3
T,906,1101978,260,200156,20492,214,3
T,907,1101998,260,200213,20563,247,3
T,908,1102018,260,200271,20563,195,3
T,909,1102038,260,200328,20563,183,3
T,910,1102058,260,200386,20563,309,3
T,911,1102078,260,200443,20563,219,3
T,912,1102098,260,200501,20563,173,3
T,913,1102118,260,200558,20563,254,3
T,914,1102138,260,200616,20563,203,3
T,915,1102158,260,200673,20563,258,3
T,916,1102178,260,200731,20563,225,3
T,917,1102198,260,200788,20492,211,3
T,918,1102218,260,200846,20492,219,3
T,919,1102238,260,200904,20492,188,3
T,920,1102258,260,200961,20492,291,3
T,921,1102278,260,201019,20492,224,3
T,922,1102298,260,201076,20563,163,3
T,923,1102318,260,201134,20563,273,3
T,924,1102338,260,201191,20563,201,3
T,925,1102358,260,201249,20563,251,3
T,926,1102378,260,201306,20563,230,3
T,927,1102398,260,201364,20563,196,3

[host] drv timeout 2000
drv timeout 2000
timeout 2000 ms, 2000 ms remaining
  any 'drv duty' kicks it; re-issuing this command kicks it too
> T,928,1102418,260,201421,20563,226,3
T,929,1102438,260,201479,20563,182,3
T,930,1102458,260,201537,20563,277,3
T,931,1102478,260,201594,20563,232,3
T,932,1102498,260,201652,20563,140,3
T,933,1102518,260,201709,20563,280,3
T,934,1102538,260,201767,20563,200,3
T,935,1102558,260,201825,20563,245,3
T,936,1102578,260,201882,20563,232,3
T,937,1102598,260,201940,20563,200,3
T,938,1102618,260,201997,20563,231,3
T,939,1102638,260,202055,20563,184,3
T,940,1102658,260,202113,20563,274,3
T,941,1102678,260,202170,20563,229,3
T,942,1102698,260,202228,20563,152,3
T,943,1102718,260,202285,20563,286,3
T,944,1102738,260,202343,20563,199,3
T,945,1102758,260,202401,20563,240,3
T,946,1102778,260,202458,20563,227,3
T,947,1102798,260,202516,20563,198,3
T,948,1102818,260,202573,20563,219,3
T,949,1102838,260,202631,20563,176,3
T,950,1102858,260,202688,20563,257,3
T,951,1102878,260,202746,20563,235,3
T,952,1102898,260,202803,20492,162,3

[host] drv timeout 2000
drv timeout 2000
timeout 2000 ms, 2000 ms remaining
  any 'drv duty' kicks it; re-issuing this command kicks it too
> T,953,1102918,260,202861,20492,306,3
T,954,1102938,260,202918,20492,209,3
T,955,1102958,260,202976,20492,219,3
T,956,1102978,260,203033,20492,242,3
T,957,1102998,260,203091,20563,184,3
T,958,1103018,260,203148,20563,238,3
T,959,1103038,260,203206,20563,179,3
T,960,1103058,260,203264,20563,238,3
T,961,1103078,260,203321,20563,240,3
T,962,1103098,260,203379,20563,167,3
T,963,1103118,260,203437,20563,312,3
T,964,1103138,260,203494,20563,212,3
T,965,1103158,260,203552,20563,225,3
T,966,1103178,260,203609,20563,238,3
T,967,1103198,260,203667,20563,190,3
T,968,1103218,260,203725,20563,242,3
T,969,1103238,260,203783,20563,183,3
T,970,1103258,260,203840,20563,253,3
T,971,1103278,260,203898,20563,238,3
T,972,1103298,260,203955,20563,182,3
T,973,1103318,260,204013,20563,313,3
T,974,1103338,260,204070,20563,211,3
T,975,1103358,260,204128,20563,227,3
T,976,1103378,260,204185,20563,245,3
T,977,1103398,260,204243,20563,180,3

[host] drv timeout 2000
drv timeout 2000
timeout 2000 ms, 2000 ms remaining
  any 'drv duty' kicks it; re-issuing this command kicks it too
> T,978,1103418,260,204301,20563,246,3
T,979,1103438,260,204358,20563,182,3
T,980,1103458,260,204416,20563,240,3
T,981,1103478,260,204473,20563,235,3
T,982,1103498,260,204531,20563,177,3
T,983,1103518,260,204589,20563,318,3
T,984,1103538,260,204646,20563,209,3
T,985,1103558,260,204704,20563,221,3
T,986,1103578,260,204761,20563,243,3
T,987,1103598,260,204819,20492,185,3
T,988,1103618,260,204876,20492,243,3
T,989,1103638,260,204934,20492,196,3
T,990,1103658,260,204992,20492,208,3
T,991,1103678,260,205049,20492,247,3
T,992,1103698,260,205106,20563,189,3
T,993,1103718,260,205164,20563,297,3
T,994,1103738,260,205221,20563,227,3
T,995,1103758,260,205279,20563,201,3
T,996,1103778,260,205336,20563,277,3
T,997,1103798,260,205393,20492,183,3
T,998,1103818,260,205451,20492,203,3
T,999,1103838,260,205508,20492,219,3
T,1000,1103858,260,205566,20492,185,3
T,1001,1103878,260,205623,20492,249,3
T,1002,1103898,260,205680,20492,
[host] drv duty 23
211,3
drv duty 23
duty +23%
> T,1003,1103918,230,205737,20492,41,3
T,1004,1103938,230,205793,20492,109,3
T,1005,1103958,230,205847,20492,210,3
T,1006,1103978,230,205900,20492,129,3
T,1007,1103998,230,205952,19492,163,3
T,1008,1104018,230,206004,19492,104,3
T,1009,1104038,230,206056,19492,161,3
T,1010,1104058,230,206107,19492,203,3
T,1011,1104078,230,206158,19492,210,3
T,1012,1104098,230,206209,18350,236,3
T,1013,1104118,230,206260,18350,156,3
T,1014,1104138,230,206310,18350,190,3
T,1015,1104158,230,206361,18350,227,3
T,1016,1104178,230,206412,18350,192,3
T,1017,1104198,230,206462,18135,161,3
T,1018,1104218,230,206513,18135,193,3
T,1019,1104238,230,206564,18135,224,3
T,1020,1104258,230,206614,18135,249,3
T,1021,1104278,230,206664,18135,147,3
T,1022,1104298,230,206715,18064,196,3
T,1023,1104318,230,206765,18064,273,3
T,1024,1104338,230,206816,18064,198,3
T,1025,1104358,230,206867,18064,164,3
T,1026,1104378,230,206917,18064,192,3
T,1027,1104398,230,206968,17993,229,3

[host] drv timeout 2000
drv timeout 2000
timeout 2000 ms, 2000 ms remaining
  any 'drv duty' kicks it; re-issuing this command kicks it too
> T,1028,1104418,230,207018,17993,208,3
T,1029,1104438,230,207069,17993,190,3
T,1030,1104458,230,207119,17993,174,3
T,1031,1104478,230,207170,17993,270,3
T,1032,1104498,230,207220,18064,171,3
T,1033,1104518,230,207271,18064,195,3
T,1034,1104538,230,207321,18064,226,3
T,1035,1104558,230,207372,18064,195,3
T,1036,1104578,230,207423,18064,164,3
T,1037,1104598,230,207473,18064,194,3
T,1038,1104618,230,207524,18064,225,3
T,1039,1104638,230,207574,18064,251,3
T,1040,1104658,230,207625,18064,148,3
T,1041,1104678,230,207675,18064,205,3
T,1042,1104698,230,207726,18064,280,3
T,1043,1104718,230,207776,18064,204,3
T,1044,1104738,230,207827,18064,160,3
T,1045,1104758,230,207877,18064,183,3
T,1046,1104778,230,207928,18064,219,3
T,1047,1104798,230,207979,17993,204,3
T,1048,1104818,230,208029,17993,190,3
T,1049,1104838,230,208080,17993,176,3
T,1050,1104858,230,208131,17993,270,3
T,1051,1104878,230,208181,17993,173,3
T,1052,1104898,230,208232,18064,192,3

[host] drv timeout 2000
drv timeout 2000
timeout 2000 ms, 2000 ms remaining
  any 'drv duty' kicks it; re-issuing this command kicks it too
> T,1053,1104918,230,208282,18064,222,3
T,1054,1104938,230,208333,18064,226,3
T,1055,1104958,230,208384,18064,163,3
T,1056,1104978,230,208434,18064,171,3
T,1057,1104998,230,208485,18064,219,3
T,1058,1105018,230,208535,18064,285,3
T,1059,1105038,230,208586,18064,164,3
T,1060,1105058,230,208636,18064,176,3
T,1061,1105078,230,208687,18064,215,3
T,1062,1105098,230,208738,18135,237,3
T,1063,1105118,230,208788,18135,187,3
T,1064,1105138,230,208839,18135,166,3
T,1065,1105158,230,208890,18135,217,3
T,1066,1105178,230,208940,18135,285,3
T,1067,1105198,230,208991,18064,180,3
T,1068,1105218,230,209042,18064,157,3
T,1069,1105238,230,209093,18064,200,3
T,1070,1105258,230,209144,18064,225,3
T,1071,1105278,230,209194,18064,198,3
T,1072,1105298,230,209245,18064,183,3
T,1073,1105318,230,209296,18064,169,3
T,1074,1105338,230,209347,18064,268,3
T,1075,1105358,230,209397,18064,161,3
T,1076,1105378,230,209448,18064,184,3
T,1077,1105398,230,209499,18135,215,3

[host] drv timeout 2000
drv timeout 2000
timeout 2000 ms, 2000 ms remaining
  any 'drv duty' kicks it; re-issuing this command kicks it too
> T,1078,1105418,230,209549,18135,215,3
T,1079,1105438,230,209600,18135,194,3
T,1080,1105458,230,209651,18135,164,3
T,1081,1105478,230,209701,18135,204,3
T,1082,1105498,230,209752,18135,248,3
T,1083,1105518,230,209803,18135,162,3
T,1084,1105538,230,209854,18135,156,3
T,1085,1105558,230,209905,18135,187,3
T,1086,1105578,230,209956,18135,217,3
T,1087,1105598,230,210006,18135,262,3
T,1088,1105618,230,210057,18135,130,3
T,1089,1105638,230,210108,18135,192,3
T,1090,1105658,230,210159,18135,241,3
T,1091,1105678,230,210209,18135,231,3
T,1092,1105698,230,210260,18135,172,3
T,1093,1105718,230,210311,18135,151,3
T,1094,1105738,230,210361,18135,217,3
T,1095,1105758,230,210412,18135,278,3
T,1096,1105778,230,210463,18135,182,3
T,1097,1105798,230,210514,18135,156,3
T,1098,1105818,230,210565,18135,199,3
T,1099,1105838,230,210616,18135,224,3
T,1100,1105858,230,210666,18135,198,3
T,1101,1105878,230,210717,18135,179,3
T,1102,1105898,230,210768,18135,163,3

[host] drv timeout 2000
drv timeout 2000
timeout 2000 ms, 2000 ms remaining
  any 'drv duty' kicks it; re-issuing this command kicks it too
> T,1103,1105918,230,210819,18135,253,3
T,1104,1105938,230,210869,18135,174,3
T,1105,1105958,230,210920,18135,178,3
T,1106,1105978,230,210971,18135,198,3
T,1107,1105998,230,211022,18135,199,3
T,1108,1106018,230,211073,18135,235,3
T,1109,1106038,230,211124,18135,141,3
T,1110,1106058,230,211174,18135,189,3
T,1111,1106078,230,211225,18135,237,3
T,1112,1106098,230,211276,18135,198,3
T,1113,1106118,230,211327,18135,168,3
T,1114,1106138,230,211377,18135,173,3
T,1115,1106158,230,211428,18135,212,3
T,1116,1106178,230,211479,18135,279,3
T,1117,1106198,230,211530,18135,155,3
T,1118,1106218,230,211581,18135,166,3
T,1119,1106238,230,211632,18135,195,3
T,1120,1106258,230,211683,18135,220,3
T,1121,1106278,230,211733,18135,215,3
T,1122,1106298,230,211784,18135,147,3
T,1123,1106318,230,211835,18135,195,3
T,1124,1106338,230,211886,18135,254,3
T,1125,1106358,230,211937,18135,216,3
T,1126,1106378,230,211988,18135,157,3
T,1127,1106398,230,212038,18135,169,3

[host] drv timeout 2000
drv timeout 2000
timeout 2000 ms, 2000 ms remaining
  any 'drv duty' kicks it; re-issuing this command kicks it too
> T,1128,1106418,230,212089,18135,215,3
T,1129,1106438,230,212140,18135,252,3
T,1130,1106458,230,212191,18135,172,3
T,1131,1106478,230,212241,18135,152,3
T,1132,1106498,230,212292,18135,208,3
T,1133,1106518,230,212343,18135,210,3
T,1134,1106538,230,212393,18135,189,3
T,1135,1106558,230,212444,18135,189,3
T,1136,1106578,230,212495,18135,171,3
T,1137,1106598,230,212546,18135,275,3
T,1138,1106618,230,212597,18135,157,3
T,1139,1106638,230,212648,18135,188,3
T,1140,1106658,230,212698,18135,221,3
T,1141,1106678,230,212749,18135,222,3
T,1142,1106698,230,212800,18064,180,3
T,1143,1106718,230,212850,18064,168,3
T,1144,1106738,230,212901,18064,212,3
T,1145,1106758,230,212952,18064,283,3
T,1146,1106778,230,213002,18064,164,3
T,1147,1106798,230,213053,18135,176,3
T,1148,1106818,230,213104,18135,204,3
T,1149,1106838,230,213154,18135,224,3
T,1150,1106858,230,213205,18135,195,3
T,1151,1106878,230,213256,18135,157,3
T,1152,1106898,230,213306,18064,214,3

[host] drv timeout 2000
drv timeout 20T,1153,1106918,230,213357,18064,295,3
00
timeout 2000 ms, 2000 ms remaining
  any 'drv duty' kicks it; re-issuing this command kicks it too
> T,1154,1106938,230,213408,18064,189,3
T,1155,1106958,230,213459,18064,156,3
T,1156,1106978,230,213509,18064,187,3
T,1157,1106998,230,213560,18135,221,3
T,1158,1107018,230,213611,18135,205,3
T,1159,1107038,230,213661,18135,183,3
T,1160,1107058,230,213712,18135,176,3
T,1161,1107078,230,213763,18135,257,3
T,1162,1107098,230,213813,18064,182,3
T,1163,1107118,230,213864,18064,183,3
T,1164,1107138,230,213915,18064,216,3
T,1165,1107158,230,213965,18064,219,3
T,1166,1107178,230,214016,18064,214,3
T,1167,1107198,230,214067,18135,158,3
T,1168,1107218,230,214117,18135,198,3
T,1169,1107238,230,214168,18135,265,3
T,1170,1107258,230,214219,18135,162,3
T,1171,1107278,230,214269,18135,167,3
T,1172,1107298,230,214320,18064,201,3
T,1173,1107318,230,214371,18064,235,3
T,1174,1107338,230,214421,18064,209,3
T,1175,1107358,230,214472,18064,161,3
T,1176,1107378,230,214523,18064,209,3
T,1177,1107398,230,214573,18064,291,3

[host] drv timeout 2000
dT,1178,1107418,230,214624,18064,201,3
rv timeout 2000
timeout 2000 ms, 2000 ms remaining
  any 'drv duty' kicks it; re-issuing this command kicks it too
> T,1179,1107438,230,214675,18064,166,3
T,1180,1107458,230,214725,18064,187,3
T,1181,1107478,230,214776,18064,221,3
T,1182,1107498,230,214827,18135,210,3
T,1183,1107518,230,214877,18135,180,3
T,1184,1107538,230,214928,18135,168,3
T,1185,1107558,230,214979,18135,254,3
T,1186,1107578,230,215029,18135,180,3
T,1187,1107598,230,215080,18064,183,3
T,1188,1107618,230,215131,18064,216,3
T,1189,1107638,230,215181,18064,221,3
T,1190,1107658,230,215232,18064,220,3
T,1191,1107678,230,215283,18064,161,3
T,1192,1107698,230,215333,18064,201,3
T,1193,1107718,230,215384,18064,272,3
T,1194,1107738,230,215435,18064,171,3
T,1195,1107758,230,215486,18064,177,3
T,1196,1107778,230,215536,18064,193,3
T,1197,1107798,230,215587,18135,221,3
T,1198,1107818,230,215638,18135,236,3
T,1199,1107838,230,215688,18135,141,3
T,1200,1107858,230,215739,18135,199,3
T,1201,1107878,230,215790,18135,258,3
T,1202,1107898,230,215841,18064,215,3

[host] drv duty 20
drv duty 20
duty +20%
> T,1203,1107918,200,215892,18064,23,3
T,1204,1107938,200,215941,18064,88,3
T,1205,1107958,200,215988,18064,72,3
T,1206,1107978,200,216035,18064,188,3
T,1207,1107998,200,216080,17279,144,3
T,1208,1108018,200,216125,17279,146,3
T,1209,1108038,200,216170,17279,166,3
T,1210,1108058,200,216215,17279,257,3
T,1211,1108078,200,216259,17279,254,3
T,1212,1108098,200,216304,15922,216,3
T,1213,1108118,200,216348,15922,210,3
T,1214,1108138,200,216392,15922,162,3
T,1215,1108158,200,216436,15922,169,3
T,1216,1108178,200,216479,15922,188,3
T,1217,1108198,200,216523,15708,177,3
T,1218,1108218,200,216567,15708,216,3
T,1219,1108238,200,216611,15708,227,3
T,1220,1108258,200,216655,15708,206,3
T,1221,1108278,200,216699,15708,221,3
T,1222,1108298,200,216743,15636,194,3
T,1223,1108318,200,216787,15636,172,3
T,1224,1108338,200,216831,15636,169,3
T,1225,1108358,200,216875,15636,194,3
T,1226,1108378,200,216918,15636,236,3
T,1227,1108398,200,216962,15708,279,3

[host] drv timeout 2000
drv timeout 20T,1228,1108418,200,217006,15708,270,3
00
timeout 2000 ms, 2000 ms remaining
  any 'drv duty' kicks it; re-issuing this command kicks it too
> T,1229,1108438,200,217050,15708,231,3
T,1230,1108458,200,217094,15708,188,3
T,1231,1108478,200,217138,15708,180,3
T,1232,1108498,200,217182,15636,196,3
T,1233,1108518,200,217225,15636,153,3
T,1234,1108538,200,217269,15636,168,3
T,1235,1108558,200,217313,15636,219,3
T,1236,1108578,200,217357,15636,230,3
T,1237,1108598,200,217401,15708,229,3
T,1238,1108618,200,217445,15708,217,3
T,1239,1108638,200,217489,15708,189,3
T,1240,1108658,200,217533,15708,179,3
T,1241,1108678,200,217576,15708,187,3
T,1242,1108698,200,217620,15636,179,3
T,1243,1108718,200,217664,15636,190,3
T,1244,1108738,200,217708,15636,256,3
T,1245,1108758,200,217752,15636,273,3
T,1246,1108778,200,217796,15636,224,3
T,1247,1108798,200,217840,15708,200,3
T,1248,1108818,200,217884,15708,195,3
T,1249,1108838,200,217928,15708,152,3
T,1250,1108858,200,217972,15708,172,3
T,1251,1108878,200,218016,15708,187,3
T,1252,1108898,200,218060,15708,190,3

[host] drv timeout 2000
T,1253,1108918,200,218104,15708,229,3
drv timeout 2000
timeout 2000 ms, 2000 ms remaining
  any 'drv duty' kicks it; re-issuing this command kicks it too
> T,1254,1108938,200,218148,15708,224,3
T,1255,1108958,200,218192,15708,195,3
T,1256,1108978,200,218236,15708,198,3
T,1257,1108998,200,218280,15708,182,3
T,1258,1109018,200,218324,15708,171,3
T,1259,1109038,200,218368,15708,174,3
T,1260,1109058,200,218412,15708,240,3
T,1261,1109078,200,218456,15708,284,3
T,1262,1109098,200,218500,15708,236,3
T,1263,1109118,200,218544,15708,205,3
T,1264,1109138,200,218588,15708,210,3
T,1265,1109158,200,218632,15708,162,3
T,1266,1109178,200,218676,15708,164,3
T,1267,1109198,200,218720,15636,182,3
T,1268,1109218,200,218764,15636,182,3
T,1269,1109238,200,218808,15636,214,3
T,1270,1109258,200,218852,15636,219,3
T,1271,1109278,200,218896,15636,179,3
T,1272,1109298,200,218940,15708,198,3
T,1273,1109318,200,218984,15708,190,3
T,1274,1109338,200,219028,15708,173,3
T,1275,1109358,200,219072,15708,163,3
T,1276,1109378,200,219116,15708,225,3
T,1277,1109398,200,219160,15779,291,3

[host] drv timeout 2000
T,1278,1109418,200,219204,15779,243,3
drv timeout 2000
timeout 2000 ms, 2000 ms remaining
  any 'drv duty' kicks it; re-issuing this command kicks it too
> T,1279,1109438,200,219248,15779,208,3
T,1280,1109458,200,219292,15779,205,3
T,1281,1109478,200,219336,15779,156,3
T,1282,1109498,200,219380,15708,172,3
T,1283,1109518,200,219424,15708,179,3
T,1284,1109538,200,219468,15708,180,3
T,1285,1109558,200,219512,15708,219,3
T,1286,1109578,200,219555,15708,224,3
T,1287,1109598,200,219599,15636,188,3
T,1288,1109618,200,219643,15636,208,3
T,1289,1109638,200,219687,15636,192,3
T,1290,1109658,200,219731,15636,158,3
T,1291,1109678,200,219774,15636,169,3
T,1292,1109698,200,219818,15636,193,3
T,1293,1109718,200,219862,15636,210,3
T,1294,1109738,200,219905,15636,265,3
T,1295,1109758,200,219949,15636,299,3
T,1296,1109778,200,219993,15636,245,3
T,1297,1109798,200,220037,15636,210,3
T,1298,1109818,200,220081,15636,196,3
T,1299,1109838,200,220124,15636,200,3
T,1300,1109858,200,220168,15636,164,3
T,1301,1109878,200,220212,15636,173,3
T,1302,1109898,200,220256,15636,188,3

[host] drv timeout 2000
T,1303,1109918,200,220300,15636,194,3
drv timeout 2000
timeout 2000 ms, 2000 ms remaining
  any 'drv duty' kicks it; re-issuing this command kicks it too
> T,1304,1109938,200,220344,15636,192,3
T,1305,1109958,200,220388,15636,216,3
T,1306,1109978,200,220432,15636,187,3
T,1307,1109998,200,220475,15636,208,3
T,1308,1110018,200,220519,15636,195,3
T,1309,1110038,200,220563,15636,171,3
T,1310,1110058,200,220607,15636,174,3
T,1311,1110078,200,220650,15636,193,3
T,1312,1110098,200,220694,15636,229,3
T,1313,1110118,200,220738,15636,274,3
T,1314,1110138,200,220782,15636,294,3
T,1315,1110158,200,220825,15636,240,3
T,1316,1110178,200,220869,15636,208,3
T,1317,1110198,200,220913,15636,198,3
T,1318,1110218,200,220957,15636,193,3
T,1319,1110238,200,221001,15636,164,3
T,1320,1110258,200,221045,15636,183,3
T,1321,1110278,200,221088,15636,195,3
T,1322,1110298,200,221132,15636,198,3
T,1323,1110318,200,221176,15636,205,3
T,1324,1110338,200,221220,15636,222,3
T,1325,1110358,200,221264,15636,192,3
T,1326,1110378,200,221308,15636,203,3
T,1327,1110398,200,221351,15636,196,3
T,1328,1110418,200,221395,15636,
[host] drv timeout 2000
178,3
drv timeout 2000
timeout 2000 ms, 2000 ms remaining
  any 'drv duty' kicks it; re-issuing this command kicks it too
> T,1329,1110438,200,221439,15636,179,3
T,1330,1110458,200,221483,15636,204,3
T,1331,1110478,200,221527,15636,251,3
T,1332,1110498,200,221571,15636,277,3
T,1333,1110518,200,221614,15636,286,3
T,1334,1110538,200,221658,15636,236,3
T,1335,1110558,200,221702,15636,205,3
T,1336,1110578,200,221745,15636,189,3
T,1337,1110598,200,221789,15636,190,3
T,1338,1110618,200,221833,15636,158,3
T,1339,1110638,200,221877,15636,168,3
T,1340,1110658,200,221920,15636,200,3
T,1341,1110678,200,221964,15636,200,3
T,1342,1110698,200,222008,15636,203,3
T,1343,1110718,200,222052,15636,219,3
T,1344,1110738,200,222096,15636,182,3
T,1345,1110758,200,222139,15636,206,3
T,1346,1110778,200,222183,15636,198,3
T,1347,1110798,200,222227,15636,187,3
T,1348,1110818,200,222271,15636,173,3
T,1349,1110838,200,222314,15636,203,3
T,1350,1110858,200,222358,15636,227,3
T,1351,1110878,200,222402,15636,272,3
T,1352,1110898,200,222445,15565,296,3
T,1353,1110918,200,222489,15565,245,3

[host] drv timeout 2000
drv timeout 2000
timeout 2000 ms, 2000 ms remaining
  any 'drv duty' kicks it; re-issuing this command kicks it too
> T,1354,1110938,200,222533,15565,209,3
T,1355,1110958,200,222577,15565,199,3
T,1356,1110978,200,222620,15565,199,3
T,1357,1110998,200,222664,15636,160,3
T,1358,1111018,200,222708,15636,163,3
T,1359,1111038,200,222752,15636,187,3
T,1360,1111058,200,222796,15636,185,3
T,1361,1111078,200,222839,15636,206,3
T,1362,1111098,200,222883,15636,233,3
T,1363,1111118,200,222927,15636,215,3
T,1364,1111138,200,222971,15636,212,3
T,1365,1111158,200,223014,15636,206,3
T,1366,1111178,200,223058,15636,183,3
T,1367,1111198,200,223102,15636,183,3
T,1368,1111218,200,223145,15636,196,3
T,1369,1111238,200,223189,15636,199,3
T,1370,1111258,200,223233,15636,241,3
T,1371,1111278,200,223277,15636,285,3
T,1372,1111298,200,223320,15636,272,3
T,1373,1111318,200,223364,15636,225,3
T,1374,1111338,200,223408,15636,209,3
T,1375,1111358,200,223452,15636,217,3
T,1376,1111378,200,223495,15636,176,3
T,1377,1111398,200,223539,15565,152,3
T,1378,1111418,200,223582,15565,199,3

[host] drv timeout 2000
drv timeout 2000
timeout 2000 ms, 2000 ms remaining
  any 'drv duty' kicks it; re-issuing this command kicks it too
> T,1379,1111438,200,223626,15565,177,3
T,1380,1111458,200,223669,15565,150,3
T,1381,1111478,200,223713,15565,208,3
T,1382,1111498,200,223756,15494,204,3
T,1383,1111518,200,223800,15494,205,3
T,1384,1111538,200,223843,15494,225,3
T,1385,1111558,200,223887,15494,212,3
T,1386,1111578,200,223930,15494,219,3
T,1387,1111598,200,223974,15565,204,3
T,1388,1111618,200,224017,15565,182,3
T,1389,1111638,200,224061,15565,184,3
T,1390,1111658,200,224104,15565,192,3
T,1391,1111678,200,224148,15565,188,3
T,1392,1111698,200,224191,15494,185,3
T,1393,1111718,200,224235,15494,185,3
T,1394,1111738,200,224278,15494,241,3
T,1395,1111758,200,224322,15494,275,3
T,1396,1111778,200,224365,15494,295,3
T,1397,1111798,200,224409,15565,262,3
T,1398,1111818,200,224452,15565,222,3
T,1399,1111838,200,224496,15565,210,3
T,1400,1111858,200,224540,15565,221,3
T,1401,1111878,200,224583,15565,179,3
T,1402,1111898,200,224627,15494,166,3

[host] drv duty 17
drv duty 17
duty +17%
> T,1403,1111918,170,224670,15494,35,3
T,1404,1111938,170,224713,15494,43,3
T,1405,1111958,170,224753,15494,89,3
T,1406,1111978,170,224793,15494,208,3
T,1407,1111998,170,224832,14780,128,3
T,1408,1112018,170,224870,14780,185,3
T,1409,1112038,170,224908,14780,182,3
T,1410,1112058,170,224945,14780,189,3
T,1411,1112078,170,224983,14780,245,3
T,1412,1112098,170,225020,13494,205,3
T,1413,1112118,170,225057,13494,208,3
T,1414,1112138,170,225094,13494,205,3
T,1415,1112158,170,225131,13494,185,3
T,1416,1112178,170,225168,13494,210,3
T,1417,1112198,170,225205,13209,152,3
T,1418,1112218,170,225241,13209,262,3
T,1419,1112238,170,225278,13209,196,3
T,1420,1112258,170,225315,13209,247,3
T,1421,1112278,170,225352,13209,192,3
T,1422,1112298,170,225388,13066,212,3
T,1423,1112318,170,225425,13066,204,3
T,1424,1112338,170,225461,13066,157,3
T,1425,1112358,170,225498,13066,240,3
T,1426,1112378,170,225535,13066,185,3
T,1427,1112398,170,225572,13066,237,3
T,1428,1112418,170,225608,13066,
[host] drv timeout 2000
174,3
drv timeout 2000
timeout 2000 ms, 2000 ms remaining
  any 'drv duty' kicks it; re-issuing this command kicks it too
> T,1429,1112438,170,225645,13066,253,3
T,1430,1112458,170,225681,13066,185,3
T,1431,1112478,170,225718,13066,172,3
T,1432,1112498,170,225755,13137,225,3
T,1433,1112518,170,225792,13137,187,3
T,1434,1112538,170,225829,13137,225,3
T,1435,1112558,170,225865,13137,171,3
T,1436,1112578,170,225902,13137,294,3
T,1437,1112598,170,225939,13137,190,3
T,1438,1112618,170,225976,13137,214,3
T,1439,1112638,170,226013,13137,216,3
T,1440,1112658,170,226049,13137,247,3
T,1441,1112678,170,226086,13137,206,3
T,1442,1112698,170,226123,13137,183,3
T,1443,1112718,170,226160,13137,211,3
T,1444,1112738,170,226197,13137,196,3
T,1445,1112758,170,226234,13137,217,3
T,1446,1112778,170,226271,13137,195,3
T,1447,1112798,170,226308,13137,272,3
T,1448,1112818,170,226344,13137,199,3
T,1449,1112838,170,226381,13137,233,3
T,1450,1112858,170,226418,13137,196,3
T,1451,1112878,170,226455,13137,263,3
T,1452,1112898,170,226492,13209,212,3
T,1453,1112918,170,226529,13209,
[host] drv timeout 2000
198,3
drv timeout 2000
timeout 2000 ms, 2000 ms remaining
  any 'drv duty' kicks it; re-issuing this command kicks it too
> T,1454,1112938,170,226566,13209,215,3
T,1455,1112958,170,226603,13209,189,3
T,1456,1112978,170,226640,13209,217,3
T,1457,1112998,170,226677,13137,148,3
T,1458,1113018,170,226713,13137,253,3
T,1459,1113038,170,226751,13137,188,3
T,1460,1113058,170,226787,13137,243,3
T,1461,1113078,170,226824,13137,177,3
T,1462,1113098,170,226861,13209,269,3
T,1463,1113118,170,226898,13209,189,3
T,1464,1113138,170,226935,13209,204,3
T,1465,1113158,170,226972,13209,214,3
T,1466,1113178,170,227009,13209,212,3
T,1467,1113198,170,227046,13209,212,3
T,1468,1113218,170,227083,13209,187,3
T,1469,1113238,170,227120,13209,211,3
T,1470,1113258,170,227157,13209,193,3
T,1471,1113278,170,227194,13209,217,3
T,1472,1113298,170,227231,13209,190,3
T,1473,1113318,170,227268,13209,237,3
T,1474,1113338,170,227305,13209,195,3
T,1475,1113358,170,227342,13209,240,3
T,1476,1113378,170,227379,13209,174,3
T,1477,1113398,170,227416,13209,296,3
T,1478,1113418,170,227453,13209,192,3

[host] drv timeout 2000
drv timeout 2000
timeout 2000 ms, 2000 ms remaining
  any 'drv duty' kicks it; re-issuing this command kicks it too
> T,1479,1113438,170,227490,13209,233,3
T,1480,1113458,170,227527,13209,185,3
T,1481,1113478,170,227564,13209,214,3
T,1482,1113498,170,227601,13209,193,3
T,1483,1113518,170,227638,13209,177,3
T,1484,1113538,170,227675,13209,220,3
T,1485,1113558,170,227712,13209,198,3
T,1486,1113578,170,227749,13209,211,3
T,1487,1113598,170,227786,13209,174,3
T,1488,1113618,170,227823,13209,236,3
T,1489,1113638,170,227860,13209,187,3
T,1490,1113658,170,227897,13209,220,3
T,1491,1113678,170,227934,13209,195,3
T,1492,1113698,170,227971,13209,275,3
T,1493,1113718,170,228008,13209,196,3
T,1494,1113738,170,228045,13209,221,3
T,1495,1113758,170,228082,13209,190,3
T,1496,1113778,170,228119,13209,261,3
T,1497,1113798,170,228156,13209,203,3
T,1498,1113818,170,228193,13209,204,3
T,1499,1113838,170,228230,13209,201,3
T,1500,1113858,170,228267,13209,184,3
T,1501,1113878,170,228304,13209,200,3
T,1502,1113898,170,228341,13209,161,3
T,1503,1113918,170,228378,13209,235,3

[host] drv timeout 2000
drv timeout 2000
timeout 2000 ms, 2000 ms remaining
  any 'drv duty' kicks it; re-issuing this command kicks it too
> T,1504,1113938,170,228415,13209,188,3
T,1505,1113958,170,228452,13209,225,3
T,1506,1113978,170,228489,13209,177,3
T,1507,1113998,170,228527,13209,277,3
T,1508,1114018,170,228564,13209,188,3
T,1509,1114038,170,228601,13209,219,3
T,1510,1114058,170,228638,13209,192,3
T,1511,1114078,170,228675,13209,285,3
T,1512,1114098,170,228712,13280,200,3
T,1513,1114118,170,228749,13280,221,3
T,1514,1114138,170,228786,13280,192,3
T,1515,1114158,170,228823,13280,245,3
T,1516,1114178,170,228860,13280,208,3
T,1517,1114198,170,228897,13209,201,3
T,1518,1114218,170,228934,13209,205,3
T,1519,1114238,170,228971,13209,188,3
T,1520,1114258,170,229008,13209,199,3
T,1521,1114278,170,229045,13209,155,3
T,1522,1114298,170,229082,13209,229,3
T,1523,1114318,170,229119,13209,189,3
T,1524,1114338,170,229156,13209,226,3
T,1525,1114358,170,229193,13209,176,3
T,1526,1114378,170,229230,13209,285,3
T,1527,1114398,170,229267,13209,188,3
T,1528,1114418,170,229304,13209,221,3

[host] drv timeout 2000
drv timeout 2000
timeout 2000 ms, 2000 ms remaining
  any 'drv duty' kicks it; re-issuing this command kicks it too
> T,1529,1114438,170,229341,13209,195,3
T,1530,1114458,170,229379,13209,285,3
T,1531,1114478,170,229415,13209,198,3
T,1532,1114498,170,229452,13209,210,3
T,1533,1114518,170,229489,13209,208,3
T,1534,1114538,170,229526,13209,221,3
T,1535,1114558,170,229563,13209,217,3
T,1536,1114578,170,229600,13209,196,3
T,1537,1114598,170,229637,13209,214,3
T,1538,1114618,170,229674,13209,190,3
T,1539,1114638,170,229712,13209,212,3
T,1540,1114658,170,229748,13209,162,3
T,1541,1114678,170,229785,13209,253,3
T,1542,1114698,170,229822,13209,199,3
T,1543,1114718,170,229859,13209,240,3
T,1544,1114738,170,229896,13209,172,3
T,1545,1114758,170,229933,13209,273,3
T,1546,1114778,170,229970,13209,192,3
T,1547,1114798,170,230007,13209,215,3
T,1548,1114818,170,230044,13209,219,3
T,1549,1114838,170,230081,13209,235,3
T,1550,1114858,170,230118,13209,217,3
T,1551,1114878,170,230155,13209,179,3
T,1552,1114898,170,230192,13209,216,3
T,1553,1114918,170,230229,13209,196,3

[host] drv timeout 2000
drv timeout 2000
timeout 2000 ms, 2000 ms remaining
  any 'drv duty' kicks it; re-issuing this command kicks it too
> T,1554,1114938,170,230266,13209,225,3
T,1555,1114958,170,230303,13209,192,3
T,1556,1114978,170,230340,13209,262,3
T,1557,1114998,170,230377,13137,196,3
T,1558,1115018,170,230414,13137,232,3
T,1559,1115038,170,230451,13137,179,3
T,1560,1115058,170,230488,13137,289,3
T,1561,1115078,170,230525,13137,192,3
T,1562,1115098,170,230561,13280,212,3
T,1563,1115118,170,230599,13280,201,3
T,1564,1115138,170,230636,13280,194,3
T,1565,1115158,170,230672,13280,201,3
T,1566,1115178,170,230709,13280,160,3
T,1567,1115198,170,230746,13137,227,3
T,1568,1115218,170,230783,13137,187,3
T,1569,1115238,170,230820,13137,227,3
T,1570,1115258,170,230857,13137,174,3
T,1571,1115278,170,230894,13137,294,3
T,1572,1115298,170,230931,13209,192,3
T,1573,1115318,170,230968,13209,226,3
T,1574,1115338,170,231005,13209,205,3
T,1575,1115358,170,231042,13209,264,3
T,1576,1115378,170,231079,13209,216,3
T,1577,1115398,170,231116,13209,204,3
T,1578,1115418,170,231152,13209,214,3

[host] drv timeout 2000
drv timeout 2000
timeout 2000 ms, 2000 ms remaining
  any 'drv duty' kicks it; re-issuing this command kicks it too
> T,1579,1115438,170,231189,13209,205,3
T,1580,1115458,170,231227,13209,221,3
T,1581,1115478,170,231264,13209,194,3
T,1582,1115498,170,231300,13137,233,3
T,1583,1115518,170,231337,13137,200,3
T,1584,1115538,170,231374,13137,247,3
T,1585,1115558,170,231411,13137,185,3
T,1586,1115578,170,231448,13137,304,3
T,1587,1115598,170,231485,13209,198,3
T,1588,1115618,170,231522,13209,226,3
T,1589,1115638,170,231559,13209,196,3
T,1590,1115658,170,231596,13209,204,3
T,1591,1115678,170,231632,13209,198,3
T,1592,1115698,170,231669,13209,166,3
T,1593,1115718,170,231707,13209,225,3
T,1594,1115738,170,231744,13209,190,3
T,1595,1115758,170,231780,13209,227,3
T,1596,1115778,170,231817,13209,166,3
T,1597,1115798,170,231854,13137,291,3
T,1598,1115818,170,231891,13137,190,3
T,1599,1115838,170,231928,13137,225,3
T,1600,1115858,170,231965,13137,206,3
T,1601,1115878,170,232002,13137,265,3
T,1602,1115898,170,232039,13209,220,3

[host] drv duty 14
T,1603,1115918,170,232075,13209,196,3
drv duty 14
duty +14%
> T,1604,1115938,140,232112,13209,64,2
T,1605,1115958,140,232146,13209,145,2
T,1606,1115978,140,232179,13209,164,2
T,1607,1115998,140,232211,12423,77,2
T,1608,1116018,140,232243,12423,173,2
T,1609,1116038,140,232274,12423,211,2
T,1610,1116058,140,232304,12423,98,2
T,1611,1116078,140,232335,12423,299,2
T,1612,1116098,140,232365,10995,220,2
T,1613,1116118,140,232396,10995,82,2
T,1614,1116138,140,232426,10995,253,2
T,1615,1116158,140,232456,10995,96,2
T,1616,1116178,140,232486,10995,156,2
T,1617,1116198,140,232516,10781,199,2
T,1618,1116218,140,232546,10781,229,2
T,1619,1116238,140,232576,10781,113,2
T,1620,1116258,140,232606,10781,238,2
T,1621,1116278,140,232636,10781,237,2
T,1622,1116298,140,232666,10710,167,2
T,1623,1116318,140,232696,10710,137,2
T,1624,1116338,140,232726,10710,98,2
T,1625,1116358,140,232756,10710,267,2
T,1626,1116378,140,232786,10710,151,2
T,1627,1116398,140,232816,10710,110,2
T,1628,1116418,140,232846,10710,166,2

[host] drv timeout 2000
drv timeout 2000
timeout 2000 ms, 2000 ms remaining
  any 'drv duty' kicks it; re-issuing this command kicks it too
> T,1629,1116438,140,232876,10710,300,2
T,1630,1116458,140,232906,10710,96,2
T,1631,1116478,140,232936,10710,199,2
T,1632,1116498,140,232966,10710,144,2
T,1633,1116518,140,232996,10710,233,2
T,1634,1116538,140,233025,10710,125,2
T,1635,1116558,140,233056,10710,211,2
T,1636,1116578,140,233085,10710,100,2
T,1637,1116598,140,233115,10638,116,2
T,1638,1116618,140,233145,10638,231,2
T,1639,1116638,140,233175,10638,112,2
T,1640,1116658,140,233205,10638,180,2
T,1641,1116678,140,233235,10638,269,2
T,1642,1116698,140,233264,10710,211,2
T,1643,1116718,140,233294,10710,103,2
T,1644,1116738,140,233324,10710,256,2
T,1645,1116758,140,233354,10710,97,2
T,1646,1116778,140,233384,10710,124,2
T,1647,1116798,140,233414,10638,136,2
T,1648,1116818,140,233444,10638,225,2
T,1649,1116838,140,233473,10638,233,2
T,1650,1116858,140,233503,10638,96,2
T,1651,1116878,140,233533,10638,224,2
T,1652,1116898,140,233563,10638,245,2
T,1653,1116918,140,233593,10638,118,2

[host] drv timeout 2000
drv timeout 2000
timeout 2000 ms, 2000 ms remaining
  any 'drv duty' kicks it; re-issuing this command kicks it too
> T,1654,1116938,140,233623,10638,220,2
T,1655,1116958,140,233653,10638,274,2
T,1656,1116978,140,233683,10638,98,2
T,1657,1116998,140,233713,10710,222,2
T,1658,1117018,140,233743,10710,103,2
T,1659,1117038,140,233773,10710,267,2
T,1660,1117058,140,233803,10710,102,2
T,1661,1117078,140,233833,10710,193,2
T,1662,1117098,140,233863,10710,152,2
T,1663,1117118,140,233893,10710,177,2
T,1664,1117138,140,233923,10710,273,2
T,1665,1117158,140,233952,10710,103,2
T,1666,1117178,140,233983,10710,102,2
T,1667,1117198,140,234012,10638,265,2
T,1668,1117218,140,234042,10638,131,2
T,1669,1117238,140,234072,10638,291,2
T,1670,1117258,140,234102,10638,196,2
T,1671,1117278,140,234132,10638,220,2
T,1672,1117298,140,234162,10710,139,2
T,1673,1117318,140,234192,10710,160,2
T,1674,1117338,140,234221,10710,257,2
T,1675,1117358,140,234252,10710,107,2
T,1676,1117378,140,234281,10710,211,2
T,1677,1117398,140,234312,10710,211,2
T,1678,1117418,140,234341,10710,121,2

[host] drv timeout 2000
drv timeout 2000
timeout 2000 ms, 2000 ms remaining
  any 'drv duty' kicks it; re-issuing this command kicks it too
> T,1679,1117438,140,234372,10710,124,2
T,1680,1117458,140,234401,10710,205,2
T,1681,1117478,140,234432,10710,212,2
T,1682,1117498,140,234461,10638,125,2
T,1683,1117518,140,234491,10638,136,2
T,1684,1117538,140,234521,10638,153,2
T,1685,1117558,140,234551,10638,206,2
T,1686,1117578,140,234581,10638,102,2
T,1687,1117598,140,234611,10710,76,2
T,1688,1117618,140,234641,10710,135,2
T,1689,1117638,140,234671,10710,214,2
T,1690,1117658,140,234701,10710,238,2
T,1691,1117678,140,234731,10710,157,2
T,1692,1117698,140,234761,10710,73,2
T,1693,1117718,140,234791,10710,150,2
T,1694,1117738,140,234821,10710,237,2
T,1695,1117758,140,234851,10710,151,2
T,1696,1117778,140,234881,10710,134,2
T,1697,1117798,140,234911,10710,94,2
T,1698,1117818,140,234941,10710,96,2
T,1699,1117838,140,234971,10710,288,2
T,1700,1117858,140,235001,10710,131,2
T,1701,1117878,140,235032,10710,252,2
T,1702,1117898,140,235062,10781,120,2
T,1703,1117918,140,235092,10781,86,2

[host] drv timeout 2000
drv timeout 2000
timeout 2000 ms, 2000 ms remaining
  any 'drv duty' kicks it; re-issuing this command kicks it too
> T,1704,1117938,140,235122,10781,216,2
T,1705,1117958,140,235152,10781,290,2
T,1706,1117978,140,235182,10781,188,2
T,1707,1117998,140,235212,10710,81,2
T,1708,1118018,140,235242,10710,116,2
T,1709,1118038,140,235272,10710,144,2
T,1710,1118058,140,235302,10710,252,2
T,1711,1118078,140,235332,10710,126,2
T,1712,1118098,140,235363,10710,129,2
T,1713,1118118,140,235393,10710,235,2
T,1714,1118138,140,235423,10710,112,2
T,1715,1118158,140,235453,10710,161,2
T,1716,1118178,140,235483,10710,136,2
T,1717,1118198,140,235513,10781,176,2
T,1718,1118218,140,235543,10781,248,2
T,1719,1118238,140,235573,10781,84,2
T,1720,1118258,140,235604,10781,259,2
T,1721,1118278,140,235633,10781,171,2
T,1722,1118298,140,235664,10781,104,2
T,1723,1118318,140,235694,10781,268,2
T,1724,1118338,140,235724,10781,128,2
T,1725,1118358,140,235754,10781,94,2
T,1726,1118378,140,235784,10781,89,2
T,1727,1118398,140,235814,10710,178,2
T,1728,1118418,140,235844,10710,246,2

[host] drv timeout 2000
drv timeout 2000
timeout 2000 ms, 2000 ms remaining
  any 'drv duty' kicks it; re-issuing this command kicks it too
> T,1729,1118438,140,235875,10710,147,2
T,1730,1118458,140,235904,10710,130,2
T,1731,1118478,140,235935,10710,120,2
T,1732,1118498,140,235965,10781,235,2
T,1733,1118518,140,235995,10781,114,2
T,1734,1118538,140,236025,10781,118,2
T,1735,1118558,140,236055,10781,240,2
T,1736,1118578,140,236085,10781,76,2
T,1737,1118598,140,236115,10710,199,2
T,1738,1118618,140,236145,10710,232,2
T,1739,1118638,140,236176,10710,108,2
T,1740,1118658,140,236205,10710,272,2
T,1741,1118678,140,236236,10710,180,2
T,1742,1118698,140,236265,10710,91,2
T,1743,1118718,140,236296,10710,118,2
T,1744,1118738,140,236326,10710,183,2
T,1745,1118758,140,236356,10710,269,2
T,1746,1118778,140,236386,10710,102,2
T,1747,1118798,140,236416,10781,103,2
T,1748,1118818,140,236446,10781,203,2
T,1749,1118838,140,236476,10781,113,2
T,1750,1118858,140,236506,10781,221,2
T,1751,1118878,140,236536,10781,126,2
T,1752,1118898,140,236566,10710,91,2
T,1753,1118918,140,236596,10710,110,2

[host] drv timeout 2000
drv timeout 2000
timeout 2000 ms, 2000 ms remaining
  any 'drv duty' kicks it; re-issuing this command kicks it too
> T,1754,1118938,140,236626,10710,251,2
T,1755,1118958,140,236656,10710,227,2
T,1756,1118978,140,236687,10710,253,2
T,1757,1118998,140,236716,10781,134,2
T,1758,1119018,140,236747,10781,204,2
T,1759,1119038,140,236777,10781,226,2
T,1760,1119058,140,236807,10781,108,2
T,1761,1119078,140,236837,10781,222,2
T,1762,1119098,140,236867,10710,283,2
T,1763,1119118,140,236897,10710,226,2
T,1764,1119138,140,236927,10710,224,2
T,1765,1119158,140,236957,10710,96,2
T,1766,1119178,140,236988,10710,204,2
T,1767,1119198,140,237017,10710,311,2
T,1768,1119218,140,237048,10710,211,2
T,1769,1119238,140,237077,10710,145,2
T,1770,1119258,140,237108,10710,216,2
T,1771,1119278,140,237137,10710,105,2
T,1772,1119298,140,237168,10781,183,2
T,1773,1119318,140,237198,10781,242,2
T,1774,1119338,140,237228,10781,114,2
T,1775,1119358,140,237258,10781,171,2
T,1776,1119378,140,237288,10781,230,2
T,1777,1119398,140,237318,10710,146,2
T,1778,1119418,140,237348,10710,222,2

[host] drv timeout 2000
drv timeout 2000
timeout 2000 ms, 2000 ms remaining
  any 'drv duty' kicks it; re-issuing this command kicks it too
> T,1779,1119438,140,237378,10710,132,2
T,1780,1119458,140,237408,10710,104,2
T,1781,1119478,140,237438,10710,232,2
T,1782,1119498,140,237468,10710,132,2
T,1783,1119518,140,237498,10710,184,2
T,1784,1119538,140,237528,10710,294,2
T,1785,1119558,140,237558,10710,89,2
T,1786,1119578,140,237588,10710,179,2
T,1787,1119598,140,237618,10710,93,2
T,1788,1119618,140,237648,10710,103,2
T,1789,1119638,140,237678,10710,232,2
T,1790,1119658,140,237708,10710,162,2
T,1791,1119678,140,237738,10710,272,2
T,1792,1119698,140,237768,10781,192,2
T,1793,1119718,140,237798,10781,119,2
T,1794,1119738,140,237828,10781,200,2
T,1795,1119758,140,237859,10781,126,2
T,1796,1119778,140,237888,10781,224,2
T,1797,1119798,140,237918,10638,114,2
T,1798,1119818,140,237948,10638,206,2
T,1799,1119838,140,237978,10638,233,2
T,1800,1119858,140,238008,10638,100,2
T,1801,1119878,140,238038,10638,199,2
T,1802,1119898,140,238068,10710,73,2
T,1803,1119918,140,238098,10710,118,2

[host] drv duty 11
drv duty 11
duty +11%
> T,1804,1119938,110,238128,10710,60,2
T,1805,1119958,110,238156,10710,40,2
T,1806,1119978,110,238182,10710,49,2
T,1807,1119998,110,238208,10067,38,2
T,1808,1120018,110,238232,10067,93,2
T,1809,1120038,110,238256,10067,92,2
T,1810,1120058,110,238280,10067,75,2
T,1811,1120078,110,238303,10067,81,2
T,1812,1120098,110,238326,8496,72,2
T,1813,1120118,110,238349,8496,166,2
T,1814,1120138,110,238373,8496,92,2
T,1815,1120158,110,238396,8496,81,2
T,1816,1120178,110,238419,8496,72,2
T,1817,1120198,110,238442,8282,136,2
T,1818,1120218,110,238465,8282,67,2
T,1819,1120238,110,238488,8282,123,2
T,1820,1120258,110,238511,8282,142,2
T,1821,1120278,110,238534,8282,99,2
T,1822,1120298,110,238556,8139,94,2
T,1823,1120318,110,238579,8139,91,2
T,1824,1120338,110,238602,8139,113,2
T,1825,1120358,110,238624,8139,81,2
T,1826,1120378,110,238647,8139,114,2
T,1827,1120398,110,238670,8139,160,2
T,1828,1120418,110,238693,8139,98,2

[host] drv timeout 2000
drv timeout 2000
timeout 2000 ms, 2000 ms remaining
  any 'drv duty' kicks it; re-issuing this command kicks it too
> T,1829,1120438,110,238715,8139,167,2
T,1830,1120458,110,238738,8139,86,2
T,1831,1120478,110,238761,8139,83,2
T,1832,1120498,110,238784,8139,97,2
T,1833,1120518,110,238806,8139,72,2
T,1834,1120538,110,238829,8139,86,2
T,1835,1120558,110,238852,8139,136,2
T,1836,1120578,110,238875,8139,91,2
T,1837,1120598,110,238897,8068,167,2
T,1838,1120618,110,238920,8068,67,2
T,1839,1120638,110,238943,8068,82,2
T,1840,1120658,110,238965,8068,109,2
T,1841,1120678,110,238988,8068,120,2
T,1842,1120698,110,239011,8139,118,2
T,1843,1120718,110,239033,8139,87,2
T,1844,1120738,110,239056,8139,102,2
T,1845,1120758,110,239079,8139,112,2
T,1846,1120778,110,239102,8139,82,2
T,1847,1120798,110,239124,8068,89,2
T,1848,1120818,110,239147,8068,119,2
T,1849,1120838,110,239170,8068,113,2
T,1850,1120858,110,239193,8068,166,2
T,1851,1120878,110,239216,8068,538,2
T,1852,1120898,110,239238,8211,174,2
T,1853,1120918,110,239261,8211,78,2

[host] drv timeout 2000
drv timeout 2000
timeout 2000 ms, 2000 ms remaining
  any 'drv duty' kicks it; re-issuing this command kicks it too
> T,1854,1120938,110,239284,8211,109,2
T,1855,1120958,110,239307,8211,70,2
T,1856,1120978,110,239329,8211,128,2
T,1857,1120998,110,239352,8068,82,2
T,1858,1121018,110,239375,8068,167,2
T,1859,1121038,110,239397,8068,120,2
T,1860,1121058,110,239420,8068,93,2
T,1861,1121078,110,239443,8068,115,2
T,1862,1121098,110,239466,8139,178,2
T,1863,1121118,110,239489,8139,128,2
T,1864,1121138,110,239512,8139,87,2
T,1865,1121158,110,239534,8139,115,2
T,1866,1121178,110,239557,8139,224,2
T,1867,1121198,110,239580,8139,81,2
T,1868,1121218,110,239602,8139,113,2
T,1869,1121238,110,239625,8139,77,2
T,1870,1121258,110,239648,8139,115,2
T,1871,1121278,110,239671,8139,92,2
T,1872,1121298,110,239693,8139,86,2
T,1873,1121318,110,239716,8139,132,2
T,1874,1121338,110,239739,8139,108,2
T,1875,1121358,110,239762,8139,96,2
T,1876,1121378,110,239785,8139,112,2
T,1877,1121398,110,239808,8139,78,2
T,1878,1121418,110,239830,8139,105,2

[host] drv timeout 2000
drv timT,1879,1121438,110,239853,8139,174,2
eout 2000
timeout 2000 ms, 2000 ms remaining
  any 'drv duty' kicks it; re-issuing this command kicks it too
> T,1880,1121458,110,239876,8139,205,2
T,1881,1121478,110,239899,8139,87,2
T,1882,1121498,110,239921,8139,104,2
T,1883,1121518,110,239944,8139,84,2
T,1884,1121538,110,239967,8139,212,2
T,1885,1121558,110,239990,8139,66,2
T,1886,1121578,110,240012,8139,84,2
T,1887,1121598,110,240035,8068,146,2
T,1888,1121618,110,240058,8068,94,2
T,1889,1121638,110,240081,8068,113,2
T,1890,1121658,110,240104,8068,99,2
T,1891,1121678,110,240126,8068,77,2
T,1892,1121698,110,240149,8139,135,2
T,1893,1121718,110,240172,8139,75,2
T,1894,1121738,110,240195,8139,100,2
T,1895,1121758,110,240217,8139,145,2
T,1896,1121778,110,240240,8139,113,2
T,1897,1121798,110,240263,8139,86,2
T,1898,1121818,110,240285,8139,110,2
T,1899,1121838,110,240308,8139,71,2
T,1900,1121858,110,240331,8139,102,2
T,1901,1121878,110,240354,8139,99,2
T,1902,1121898,110,240377,8139,99,2
T,1903,1121918,110,240400,8139,134,2

[host] drv timeout 2000
dT,1904,1121938,110,240422,8139,142,2
rv timeout 2000
timeout 2000 ms, 2000 ms remaining
  any 'drv duty' kicks it; re-issuing this command kicks it too
> T,1905,1121958,110,240445,8139,109,2
T,1906,1121978,110,240468,8139,75,2
T,1907,1121998,110,240491,8139,99,2
T,1908,1122018,110,240513,8139,237,2
T,1909,1122038,110,240536,8139,103,2
T,1910,1122058,110,240559,8139,289,2
T,1911,1122078,110,240581,8139,84,2
T,1912,1122098,110,240604,8068,114,2
T,1913,1122118,110,240627,8068,102,2
T,1914,1122138,110,240650,8068,76,2
T,1915,1122158,110,240672,8068,105,2
T,1916,1122178,110,240695,8068,208,2
T,1917,1122198,110,240718,8211,92,2
T,1918,1122218,110,240741,8211,150,2
T,1919,1122238,110,240764,8211,568,2
T,1920,1122258,110,240787,8211,83,2
T,1921,1122278,110,240809,8211,108,2
T,1922,1122298,110,240832,8068,65,2
T,1923,1122318,110,240855,8068,88,2
T,1924,1122338,110,240877,8068,118,2
T,1925,1122358,110,240900,8068,125,2
T,1926,1122378,110,240923,8068,98,2
T,1927,1122398,110,240946,8139,102,2
T,1928,1122418,110,240969,8139,81,2

[host] drv timeout 2000
T,1929,1122438,110,240991,8139,123,2
drv timeout 2000
timeout 2000 ms, 2000 ms remaining
  any 'drv duty' kicks it; re-issuing this command kicks it too
> T,1930,1122458,110,241014,8139,151,2
T,1931,1122478,110,241037,8139,82,2
T,1932,1122498,110,241060,8139,169,2
T,1933,1122518,110,241083,8139,118,2
T,1934,1122538,110,241105,8139,121,2
T,1935,1122558,110,241128,8139,89,2
T,1936,1122578,110,241151,8139,109,2
T,1937,1122598,110,241174,8139,81,2
T,1938,1122618,110,241196,8139,104,2
T,1939,1122638,110,241220,8139,131,2
T,1940,1122658,110,241242,8139,108,2
T,1941,1122678,110,241265,8139,211,2
T,1942,1122698,110,241288,8139,75,2
T,1943,1122718,110,241311,8139,110,2
T,1944,1122738,110,241333,8139,75,2
T,1945,1122758,110,241356,8139,115,2
T,1946,1122778,110,241379,8139,121,2
T,1947,1122798,110,241402,8139,544,2
T,1948,1122818,110,241424,8139,86,2
T,1949,1122838,110,241447,8139,88,2
T,1950,1122858,110,241470,8139,195,2
T,1951,1122878,110,241493,8139,75,2
T,1952,1122898,110,241516,8139,107,2
T,1953,1122918,110,241539,8139,104,2

[host] drv timeout 2000
T,1954,1122938,110,241561,8139,144,2
drv timeout 2000
timeout 2000 ms, 2000 ms remaining
  any 'drv duty' kicks it; re-issuing this command kicks it too
> T,1955,1122958,110,241584,8139,96,2
T,1956,1122978,110,241607,8139,82,2
T,1957,1122998,110,241629,8139,92,2
T,1958,1123018,110,241652,8139,97,2
T,1959,1123038,110,241676,8139,92,2
T,1960,1123058,110,241698,8139,134,2
T,1961,1123078,110,241721,8139,525,2
T,1962,1123098,110,241744,8139,131,2
T,1963,1123118,110,241767,8139,110,2
T,1964,1123138,110,241790,8139,70,2
T,1965,1123158,110,241812,8139,104,2
T,1966,1123178,110,241835,8139,222,2
T,1967,1123198,110,241858,8139,91,2
T,1968,1123218,110,241881,8139,189,2
T,1969,1123238,110,241904,8139,546,2
T,1970,1123258,110,241927,8139,84,2
T,1971,1123278,110,241950,8139,83,2
T,1972,1123298,110,241973,8211,108,2
T,1973,1123318,110,241996,8211,78,2
T,1974,1123338,110,242019,8211,84,2
T,1975,1123358,110,242041,8211,110,2
T,1976,1123378,110,242064,8211,103,2
T,1977,1123398,110,242087,8139,92,2
T,1978,1123418,110,242110,8139,119,2

[host] drv timeout 2000
T,1979,1123438,110,242133,8139,77,2
drv timeout 2000
timeout 2000 ms, 2000 ms remaining
  any 'drv duty' kicks it; re-issuing this command kicks it too
> T,1980,1123458,110,242156,8139,98,2
T,1981,1123478,110,242179,8139,130,2
T,1982,1123498,110,242201,8211,118,2
T,1983,1123518,110,242224,8211,105,2
T,1984,1123538,110,242248,8211,80,2
T,1985,1123558,110,242271,8211,124,2
T,1986,1123578,110,242293,8211,64,2
T,1987,1123598,110,242316,8139,97,2
T,1988,1123618,110,242339,8139,123,2
T,1989,1123638,110,242362,8139,110,2
T,1990,1123658,110,242385,8139,88,2
T,1991,1123678,110,242408,8139,89,2
T,1992,1123698,110,242431,8211,116,2
T,1993,1123718,110,242454,8211,78,2
T,1994,1123738,110,242477,8211,120,2
T,1995,1123758,110,242500,8211,128,2
T,1996,1123778,110,242523,8211,94,2
T,1997,1123798,110,242546,8211,97,2
T,1998,1123818,110,242569,8211,98,2
T,1999,1123838,110,242592,8211,96,2
T,2000,1123858,110,242615,8211,76,2
T,2001,1123878,110,242638,8211,84,2
T,2002,1123898,110,242661,8211,125,2
T,2003,1123918,110,242684,8211,105,2

[host] drv duty 8
drv duty 8
duty +8%
> T,2004,1123938,80,242707,8211,41,2
T,2005,1123958,80,242728,8211,66,2
T,2006,1123978,80,242748,8211,49,2
T,2007,1123998,80,242767,7639,71,2
T,2008,1124018,80,242785,7639,51,2
T,2009,1124038,80,242802,7639,121,2
T,2010,1124058,80,242819,7639,112,2
T,2011,1124078,80,242836,7639,99,2
T,2012,1124098,80,242852,6140,148,2
T,2013,1124118,80,242869,6140,144,2
T,2014,1124138,80,242885,6140,162,2
T,2015,1124158,80,242901,6140,135,2
T,2016,1124178,80,242917,6140,498,2
T,2017,1124198,80,242934,5854,86,2
T,2018,1124218,80,242950,5854,99,2
T,2019,1124238,80,242966,5854,82,2
T,2020,1124258,80,242983,5854,91,2
T,2021,1124278,80,242999,5854,57,2
T,2022,1124298,80,243015,5783,141,2
T,2023,1124318,80,243031,5783,118,2
T,2024,1124338,80,243047,5783,146,2
T,2025,1124358,80,243063,5783,94,2
T,2026,1124378,80,243079,5783,189,2
T,2027,1124398,80,243095,5712,129,2
T,2028,1124418,80,243111,5712,156,2
T,2029,1124438,80,243127,5712,97
[host] drv timeout 2000
,2
drv timeout 2000
timeout 2000 ms, 2000 ms remaining
  any 'drv duty' kicks it; re-issuing this command kicks it too
> T,2030,1124458,80,243143,5712,84,2
T,2031,1124478,80,243159,5712,88,2
T,2032,1124498,80,243175,5712,118,2
T,2033,1124518,80,243191,5712,91,2
T,2034,1124538,80,243207,5712,115,2
T,2035,1124558,80,243223,5712,87,2
T,2036,1124578,80,243239,5712,184,2
T,2037,1124598,80,243256,5783,84,2
T,2038,1124618,80,243272,5783,171,2
T,2039,1124638,80,243288,5783,141,2
T,2040,1124658,80,243304,5783,110,2
T,2041,1124678,80,243320,5783,326,2
T,2042,1124698,80,243336,5712,112,2
T,2043,1124718,80,243352,5712,201,2
T,2044,1124738,80,243368,5712,123,2
T,2045,1124758,80,243384,5712,130,2
T,2046,1124778,80,243400,5712,153,2
T,2047,1124798,80,243416,5783,157,2
T,2048,1124818,80,243432,5783,137,2
T,2049,1124838,80,243449,5783,107,2
T,2050,1124858,80,243465,5783,124,2
T,2051,1124878,80,243481,5783,153,2
T,2052,1124898,80,243497,5712,139,2
T,2053,1124918,80,243513,5712,82,2
T,2054,1124938,80,243529,5712,263,2

[host] drv timeout 2000
drv timeout 2000
timeout 2000 ms, 2000 ms remaining
  any 'drv duty' kicks it; re-issuing this command kicks it too
> T,2055,1124958,80,243545,5712,344,2
T,2056,1124978,80,243561,5712,183,2
T,2057,1124998,80,243577,5783,130,2
T,2058,1125018,80,243593,5783,108,2
T,2059,1125038,80,243609,5783,125,2
T,2060,1125058,80,243626,5783,89,2
T,2061,1125078,80,243642,5783,169,2
T,2062,1125098,80,243658,5712,119,2
T,2063,1125118,80,243674,5712,147,2
T,2064,1125138,80,243690,5712,98,2
T,2065,1125158,80,243707,5712,172,2
T,2066,1125178,80,243723,5712,299,2
T,2067,1125198,80,243739,5783,128,2
T,2068,1125218,80,243755,5783,160,2
T,2069,1125238,80,243771,5783,157,2
T,2070,1125258,80,243787,5783,105,2
T,2071,1125278,80,243803,5783,129,2
T,2072,1125298,80,243819,5712,135,2
T,2073,1125318,80,243835,5712,115,2
T,2074,1125338,80,243852,5712,130,2
T,2075,1125358,80,243868,5712,109,2
T,2076,1125378,80,243884,5712,94,2
T,2077,1125398,80,243900,5783,114,2
T,2078,1125418,80,243916,5783,100,2
T,2079,1125438,80,243932,5783,134,2

[host] drv timeout 2000
drv timeout 2000
timeout 2000 ms, 2000 ms remaining
  any 'drv duty' kicks it; re-issuing this command kicks it too
> T,2080,1125458,80,243948,5783,97,2
T,2081,1125478,80,243964,5783,180,2
T,2082,1125498,80,243980,5712,131,2
T,2083,1125518,80,243996,5712,100,2
T,2084,1125538,80,244012,5712,136,2
T,2085,1125558,80,244028,5712,114,2
T,2086,1125578,80,244044,5712,137,2
T,2087,1125598,80,244060,5783,139,2
T,2088,1125618,80,244076,5783,141,2
T,2089,1125638,80,244093,5783,139,2
T,2090,1125658,80,244109,5783,147,2
T,2091,1125678,80,244125,5783,418,2
T,2092,1125698,80,244141,5712,130,2
T,2093,1125718,80,244157,5712,137,2
T,2094,1125738,80,244173,5712,177,2
T,2095,1125758,80,244189,5712,140,2
T,2096,1125778,80,244205,5712,119,2
T,2097,1125798,80,244221,5712,136,2
T,2098,1125818,80,244237,5712,129,2
T,2099,1125838,80,244253,5712,445,2
T,2100,1125858,80,244269,5712,114,2
T,2101,1125878,80,244286,5712,104,2
T,2102,1125898,80,244302,5783,184,2
T,2103,1125918,80,244318,5783,112,2
T,2104,1125938,80,244334,5783,163,2

[host] drv timeout 2000
drv timeout 2000
timeout 2000 ms, 2000 ms remaining
  any 'drv duty' kicks it; re-issuing this command kicks it too
> T,2105,1125958,80,244350,5783,252,2
T,2106,1125978,80,244366,5783,87,2
T,2107,1125998,80,244382,5712,130,2
T,2108,1126018,80,244398,5712,210,2
T,2109,1126038,80,244415,5712,107,2
T,2110,1126058,80,244431,5712,148,2
T,2111,1126078,80,244447,5712,163,2
T,2112,1126098,80,244463,5783,123,2
T,2113,1126118,80,244479,5783,130,2
T,2114,1126138,80,244495,5783,179,2
T,2115,1126158,80,244511,5783,115,2
T,2116,1126178,80,244527,5783,254,2
T,2117,1126198,80,244543,5783,89,2
T,2118,1126218,80,244559,5783,178,2
T,2119,1126238,80,244575,5783,103,2
T,2120,1126258,80,244591,5783,179,2
T,2121,1126278,80,244608,5783,104,2
T,2122,1126298,80,244624,5712,141,2
T,2123,1126318,80,244640,5712,116,2
T,2124,1126338,80,244656,5712,118,2
T,2125,1126358,80,244672,5712,121,2
T,2126,1126378,80,244688,5712,115,2
T,2127,1126398,80,244704,5712,102,2
T,2128,1126418,80,244720,5712,183,2
T,2129,1126438,80,244736,5712,232,2

[host] drv timeout 2000
drv timeout 2000
timeout 2000 ms, 2000 ms remaining
  any 'drv duty' kicks it; re-issuing this command kicks it too
> T,2130,1126458,80,244752,5712,162,2
T,2131,1126478,80,244768,5712,81,2
T,2132,1126498,80,244784,5783,146,2
T,2133,1126518,80,244801,5783,155,2
T,2134,1126538,80,244817,5783,177,2
T,2135,1126558,80,244833,5783,107,2
T,2136,1126578,80,244849,5783,135,2
T,2137,1126598,80,244865,5712,120,2
T,2138,1126618,80,244881,5712,110,2
T,2139,1126638,80,244897,5712,91,2
T,2140,1126658,80,244913,5712,112,2
T,2141,1126678,80,244929,5712,240,2
T,2142,1126698,80,244945,5783,157,2
T,2143,1126718,80,244961,5783,105,2
T,2144,1126738,80,244977,5783,100,2
T,2145,1126758,80,244994,5783,134,2
T,2146,1126778,80,245010,5783,105,2
T,2147,1126798,80,245026,5712,104,2
T,2148,1126818,80,245042,5712,267,2
T,2149,1126838,80,245058,5712,263,2
T,2150,1126858,80,245074,5712,70,2
T,2151,1126878,80,245090,5712,174,2
T,2152,1126898,80,245106,5712,89,2
T,2153,1126918,80,245123,5712,126,2
T,2154,1126938,80,245139,5712,120,2

[host] drv timeout 2000
drv timeout 2000
timeout 2000 ms, 2000 ms remaining
  any 'drv duty' kicks it; re-issuing this command kicks it too
> T,2155,1126958,80,245155,5712,97,2
T,2156,1126978,80,245171,5712,188,2
T,2157,1126998,80,245187,5783,102,2
T,2158,1127018,80,245203,5783,130,2
T,2159,1127038,80,245219,5783,184,2
T,2160,1127058,80,245235,5783,137,2
T,2161,1127078,80,245251,5783,160,2
T,2162,1127098,80,245267,5783,128,2
T,2163,1127118,80,245283,5783,147,2
T,2164,1127138,80,245299,5783,99,2
T,2165,1127158,80,245316,5783,198,2
T,2166,1127178,80,245332,5783,462,2
T,2167,1127198,80,245348,5712,96,2
T,2168,1127218,80,245364,5712,76,2
T,2169,1127238,80,245380,5712,110,2
T,2170,1127258,80,245396,5712,171,2
T,2171,1127278,80,245412,5712,132,2
T,2172,1127298,80,245428,5712,140,2
T,2173,1127318,80,245444,5712,142,2
T,2174,1127338,80,245460,5712,285,2
T,2175,1127358,80,245476,5712,96,2
T,2176,1127378,80,245492,5712,71,2
T,2177,1127398,80,245508,5712,217,2
T,2178,1127418,80,245524,5712,171,2
T,2179,1127438,80,245540,5712,157,2

[host] drv timeout 2000
drv timeout 2000
timeout 2000 ms, 2000 ms remaining
  any 'drv duty' kicks it; re-issuing this command kicks it too
> T,2180,1127458,80,245556,5712,91,2
T,2181,1127478,80,245572,5712,211,2
T,2182,1127498,80,245588,5783,92,2
T,2183,1127518,80,245604,5783,158,2
T,2184,1127538,80,245620,5783,89,2
T,2185,1127558,80,245637,5783,187,2
T,2186,1127578,80,245652,5783,136,2
T,2187,1127598,80,245669,5712,148,2
T,2188,1127618,80,245685,5712,123,2
T,2189,1127638,80,245701,5712,139,2
T,2190,1127658,80,245717,5712,125,2
T,2191,1127678,80,245733,5712,481,2
T,2192,1127698,80,245749,5712,61,2
T,2193,1127718,80,245765,5712,140,2
T,2194,1127738,80,245781,5712,131,2
T,2195,1127758,80,245797,5712,195,2
T,2196,1127778,80,245813,5712,119,2
T,2197,1127798,80,245829,5783,146,2
T,2198,1127818,80,245845,5783,139,2
T,2199,1127838,80,245862,5783,123,2
T,2200,1127858,80,245878,5783,114,2
T,2201,1127878,80,245894,5783,130,2
T,2202,1127898,80,245910,5712,128,2
T,2203,1127918,80,245926,5712,137,2
T,2204,1127938,80,245942,5712,68
[host] drv duty 5
,2
drv duty 5
duty +5%
> T,2205,1127958,50,245958,5712,59,2
T,2206,1127978,50,245971,5712,76,2
T,2207,1127998,50,245984,5355,40,2
T,2208,1128018,50,245994,5355,71,2
T,2209,1128038,50,246005,5355,70,2
T,2210,1128058,50,246015,5355,88,2
T,2211,1128078,50,246024,5355,286,2
T,2212,1128098,50,246033,3641,89,2
T,2213,1128118,50,246043,3641,116,2
T,2214,1128138,50,246052,3641,118,2
T,2215,1128158,50,246061,3641,87,2
T,2216,1128178,50,246070,3641,259,2
T,2217,1128198,50,246079,3213,103,2
T,2218,1128218,50,246088,3213,445,2
T,2219,1128238,50,246096,3213,315,2
T,2220,1128258,50,246105,3213,134,2
T,2221,1128278,50,246115,3213,132,2
T,2222,1128298,50,246123,3141,105,2
T,2223,1128318,50,246132,3141,146,2
T,2224,1128338,50,246140,3141,103,2
T,2225,1128358,50,246149,3141,184,2
T,2226,1128378,50,246157,3141,109,2
T,2227,1128398,50,246165,3070,105,2
T,2228,1128418,50,246174,3070,248,2
T,2229,1128438,50,246183,3070,105,2

[host] drv timeout 2000
drv timeout 2000
timeout 2000 ms, 2000 ms remaining
  any 'drv duty' kicks it; re-issuing this command kicks it too
> T,2230,1128458,50,246192,3070,121,2
T,2231,1128478,50,246201,3070,93,2
T,2232,1128498,50,246209,3141,100,2
T,2233,1128518,50,246218,3141,450,2
T,2234,1128538,50,246226,3141,246,2
T,2235,1128558,50,246235,3141,96,2
T,2236,1128578,50,246244,3141,140,2
T,2237,1128598,50,246252,2998,97,2
T,2238,1128618,50,246261,2998,75,2
T,2239,1128638,50,246270,2998,81,2
T,2240,1128658,50,246279,2998,174,2
T,2241,1128678,50,246287,2998,115,2
T,2242,1128698,50,246295,3070,135,2
T,2243,1128718,50,246304,3070,310,2
T,2244,1128738,50,246312,3070,125,2
T,2245,1128758,50,246321,3070,115,2
T,2246,1128778,50,246330,3070,88,2
T,2247,1128798,50,246339,3141,92,2
T,2248,1128818,50,246347,3141,96,2
T,2249,1128838,50,246355,3141,94,2
T,2250,1128858,50,246364,3141,193,2
T,2251,1128878,50,246372,3141,115,2
T,2252,1128898,50,246381,2998,94,2
T,2253,1128918,50,246389,2998,87,2
T,2254,1128938,50,246398,2998,92,2

[host] drv timeout 2000
drv timeout 2000
timeout 2000 ms, 2000 ms remaining
  any 'drv duty' kicks it; re-issuing this command kicks it too
> T,2255,1128958,50,246407,2998,113,2
T,2256,1128978,50,246415,2998,173,2
T,2257,1128998,50,246423,2998,91,2
T,2258,1129018,50,246432,2998,107,2
T,2259,1129038,50,246440,2998,179,2
T,2260,1129058,50,246448,2998,158,2
T,2261,1129078,50,246457,2998,136,2
T,2262,1129098,50,246466,3070,100,2
T,2263,1129118,50,246474,3070,118,2
T,2264,1129138,50,246481,3070,98,2
T,2265,1129158,50,246490,3070,132,2
T,2266,1129178,50,246499,3070,118,2
T,2267,1129198,50,246507,2927,174,2
T,2268,1129218,50,246516,2927,295,2
T,2269,1129238,50,246524,2927,104,2
T,2270,1129258,50,246533,2927,195,2
T,2271,1129278,50,246541,2927,123,2
T,2272,1129298,50,246549,3070,146,2
T,2273,1129318,50,246558,3070,116,2
T,2274,1129338,50,246566,3070,124,2
T,2275,1129358,50,246575,3070,136,2
T,2276,1129378,50,246584,3070,110,2
T,2277,1129398,50,246592,3070,92,2
T,2278,1129418,50,246601,3070,290,2
T,2279,1129438,50,246609,3070,100,2

[host] drv timeout 2000
drv timeout 2000
timeout 2000 ms, 2000 ms remaining
  any 'drv duty' kicks it; re-issuing this command kicks it too
> T,2280,1129458,50,246617,3070,204,2
T,2281,1129478,50,246626,3070,309,2
T,2282,1129498,50,246634,2998,125,2
T,2283,1129518,50,246643,2998,97,2
T,2284,1129538,50,246652,2998,105,2
T,2285,1129558,50,246660,2998,131,2
T,2286,1129578,50,246669,2998,168,2
T,2287,1129598,50,246676,2998,88,2
T,2288,1129618,50,246685,2998,114,2
T,2289,1129638,50,246694,2998,171,2
T,2290,1129658,50,246702,2998,148,2
T,2291,1129678,50,246711,2998,73,2
T,2292,1129698,50,246720,3070,128,2
T,2293,1129718,50,246728,3070,296,2
T,2294,1129738,50,246736,3070,119,2
T,2295,1129758,50,246745,3070,135,2
T,2296,1129778,50,246754,3070,126,2
T,2297,1129798,50,246762,2998,145,2
T,2298,1129818,50,246771,2998,125,2
T,2299,1129838,50,246779,2998,125,2
T,2300,1129858,50,246788,2998,129,2
T,2301,1129878,50,246796,2998,104,2
T,2302,1129898,50,246804,2998,104,2
T,2303,1129918,50,246813,2998,129,2
T,2304,1129938,50,246821,2998,129,2

[host] drv timeout 2000
drv timeout 2000
timeout 2000 ms, 2000 ms remaining
  any 'drv duty' kicks it; re-issuing this command kicks it too
> T,2305,1129958,50,246830,2998,317,2
T,2306,1129978,50,246839,2998,66,2
T,2307,1129998,50,246847,3070,416,2
T,2308,1130018,50,246855,3070,107,2
T,2309,1130038,50,246863,3070,177,2
T,2310,1130058,50,246872,3070,100,2
T,2311,1130078,50,246880,3070,160,2
T,2312,1130098,50,246888,2998,129,2
T,2313,1130118,50,246897,2998,125,2
T,2314,1130138,50,246906,2998,94,2
T,2315,1130158,50,246915,2998,99,2
T,2316,1130178,50,246923,2998,152,2
T,2317,1130198,50,246931,2998,464,2
T,2318,1130218,50,246939,2998,286,2
T,2319,1130238,50,246948,2998,119,2
T,2320,1130258,50,246956,2998,125,2
T,2321,1130278,50,246964,2998,89,2
T,2322,1130298,50,246973,3070,134,2
T,2323,1130318,50,246981,3070,113,2
T,2324,1130338,50,246989,3070,179,2
T,2325,1130358,50,246997,3070,99,2
T,2326,1130378,50,247006,3070,98,2
T,2327,1130398,50,247014,2927,118,2
T,2328,1130418,50,247023,2927,128,2
T,2329,1130438,50,247032,2927,82,2

[host] drv timeout 2000
drv timeout 2000
timeout 2000 ms, 2000 ms remaining
  any 'drv duty' kicks it; re-issuing this command kicks it too
> T,2330,1130458,50,247040,2927,245,2
T,2331,1130478,50,247048,2927,91,2
T,2332,1130498,50,247056,2998,132,2
T,2333,1130518,50,247064,2998,477,2
T,2334,1130538,50,247073,2998,295,2
T,2335,1130558,50,247081,2998,100,2
T,2336,1130578,50,247090,2998,121,2
T,2337,1130598,50,247099,2998,131,2
T,2338,1130618,50,247107,2998,128,2
T,2339,1130638,50,247116,2998,160,2
T,2340,1130658,50,247124,2998,87,2
T,2341,1130678,50,247132,2998,169,2
T,2342,1130698,50,247141,3070,458,2
T,2343,1130718,50,247149,3070,334,2
T,2344,1130738,50,247158,3070,68,2
T,2345,1130758,50,247167,3070,64,2
T,2346,1130778,50,247175,3070,331,2
T,2347,1130798,50,247183,2927,151,2
T,2348,1130818,50,247191,2927,94,2
T,2349,1130838,50,247200,2927,124,2
T,2350,1130858,50,247208,2927,145,2
T,2351,1130878,50,247216,2927,103,2
T,2352,1130898,50,247225,3070,145,2
T,2353,1130918,50,247234,3070,146,2
T,2354,1130938,50,247242,3070,103,2

[host] drv timeout 2000
drv T,2355,1130958,50,247250,3070,97,2
timeout 2000
timeout 2000 ms, 2000 ms remaining
  any 'drv duty' kicks it; re-issuing this command kicks it too
> T,2356,1130978,50,247259,3070,105,2
T,2357,1130998,50,247268,2998,512,2
T,2358,1131018,50,247276,2998,139,2
T,2359,1131038,50,247284,2998,113,2
T,2360,1131058,50,247293,2998,93,2
T,2361,1131078,50,247301,2998,137,2
T,2362,1131098,50,247309,2998,128,2
T,2363,1131118,50,247318,2998,121,2
T,2364,1131138,50,247327,2998,102,2
T,2365,1131158,50,247335,2998,164,2
T,2366,1131178,50,247343,2998,121,2
T,2367,1131198,50,247352,2998,481,2
T,2368,1131218,50,247361,2998,78,2
T,2369,1131238,50,247369,2998,113,2
T,2370,1131258,50,247377,2998,103,2
T,2371,1131278,50,247385,2998,177,2
T,2372,1131298,50,247394,3070,100,2
T,2373,1131318,50,247402,3070,104,2
T,2374,1131338,50,247411,3070,146,2
T,2375,1131358,50,247420,3070,104,2
T,2376,1131378,50,247428,3070,142,2
T,2377,1131398,50,247436,2998,105,2
T,2378,1131418,50,247444,2998,121,2
T,2379,1131438,50,247453,2998,108,2

[host] drv timeout 2000
T,2380,1131458,50,247461,2998,128,2
drv timeout 2000
timeout 2000 ms, 2000 ms remaining
  any 'drv duty' kicks it; re-issuing this command kicks it too
> T,2381,1131478,50,247470,2998,110,2
T,2382,1131498,50,247479,2998,112,2
T,2383,1131518,50,247488,2998,52,2
T,2384,1131538,50,247496,2998,98,2
T,2385,1131558,50,247504,2998,118,2
T,2386,1131578,50,247512,2998,446,2
T,2387,1131598,50,247521,2998,140,2
T,2388,1131618,50,247529,2998,99,2
T,2389,1131638,50,247537,2998,100,2
T,2390,1131658,50,247547,2998,119,2
T,2391,1131678,50,247555,2998,119,2
T,2392,1131698,50,247563,3070,408,2
T,2393,1131718,50,247571,3070,96,2
T,2394,1131738,50,247580,3070,96,2
T,2395,1131758,50,247588,3070,242,2
T,2396,1131778,50,247597,3070,93,2
T,2397,1131798,50,247606,2998,57,2
T,2398,1131818,50,247614,2998,62,2
T,2399,1131838,50,247623,2998,151,2
T,2400,1131858,50,247631,2998,167,2
T,2401,1131878,50,247639,2998,150,2
T,2402,1131898,50,247648,2998,93,2
T,2403,1131918,50,247656,2998,153,2
T,2404,1131938,50,247664,2998,99,2

[host] drv duty 4
drv duty 4
duty +4%
> T,2405,1131958,40,247673,2998,45,2
T,2406,1131978,40,247681,2998,57,2
T,2407,1131998,40,247688,2998,200,2
T,2408,1132018,40,247695,2998,93,2
T,2409,1132038,40,247702,2998,73,2
T,2410,1132058,40,247709,2998,92,2
T,2411,1132078,40,247716,2998,419,2
T,2412,1132098,40,247721,2284,145,2
T,2413,1132118,40,247728,2284,304,2
T,2414,1132138,40,247734,2284,256,2
T,2415,1132158,40,247740,2284,249,2
T,2416,1132178,40,247747,2284,103,2
T,2417,1132198,40,247752,2284,350,2
T,2418,1132218,40,247758,2284,316,2
T,2419,1132238,40,247764,2284,281,2
T,2420,1132258,40,247770,2284,217,2
T,2421,1132278,40,247777,2284,279,2
T,2422,1132298,40,247782,2070,317,2
T,2423,1132318,40,247788,2070,289,2
T,2424,1132338,40,247795,2070,212,2
T,2425,1132358,40,247801,2070,293,2
T,2426,1132378,40,247808,2070,241,2
T,2427,1132398,40,247813,2284,312,2
T,2428,1132418,40,247819,2284,256,2
T,2429,1132438,40,247824,2284,283,2

[host] drv timeout 2000
drv timeout 2T,2430,1132458,40,247831,2284,184,2
000
timeout 2000 ms, 2000 ms remaining
  any 'drv duty' kicks it; re-issuing this command kicks it too
> T,2431,1132478,40,247837,2284,102,2
T,2432,1132498,40,247843,2070,301,2
T,2433,1132518,40,247848,2070,195,2
T,2434,1132538,40,247855,2070,148,2
T,2435,1132558,40,247861,2070,400,2
T,2436,1132578,40,247868,2070,208,2
T,2437,1132598,40,247874,2213,93,2
T,2438,1132618,40,247879,2213,112,2
T,2439,1132638,40,247885,2213,109,2
T,2440,1132658,40,247891,2213,216,2
T,2441,1132678,40,247897,2213,307,2
T,2442,1132698,40,247904,2142,146,2
T,2443,1132718,40,247909,2142,311,2
T,2444,1132738,40,247915,2142,417,2
T,2445,1132758,40,247921,2142,291,2
T,2446,1132778,40,247928,2142,171,2
T,2447,1132798,40,247935,2142,86,2
T,2448,1132818,40,247940,2142,323,2
T,2449,1132838,40,247946,2142,428,2
T,2450,1132858,40,247952,2142,304,2
T,2451,1132878,40,247957,2142,227,2
T,2452,1132898,40,247964,2142,88,2
T,2453,1132918,40,247971,2142,103,2
T,2454,1132938,40,247976,2142,153,2

[host] drv timeout 2000
T,2455,1132958,40,247982,2142,164,2
drv timeout 2000
timeout 2000 ms, 2000 ms remaining
  any 'drv duty' kicks it; re-issuing this command kicks it too
> T,2456,1132978,40,247988,2142,157,2
T,2457,1132998,40,247995,2213,99,2
T,2458,1133018,40,248001,2213,61,2
T,2459,1133038,40,248006,2213,110,2
T,2460,1133058,40,248012,2213,94,2
T,2461,1133078,40,248017,2213,87,2
T,2462,1133098,40,248024,2070,382,2
T,2463,1133118,40,248031,2070,230,2
T,2464,1133138,40,248036,2070,316,2
T,2465,1133158,40,248042,2070,206,2
T,2466,1133178,40,248048,2070,116,2
T,2467,1133198,40,248055,2213,332,2
T,2468,1133218,40,248061,2213,411,2
T,2469,1133238,40,248067,2213,316,2
T,2470,1133258,40,248073,2213,423,2
T,2471,1133278,40,248079,2213,320,2
T,2472,1133298,40,248084,2070,285,2
T,2473,1133318,40,248091,2070,214,2
T,2474,1133338,40,248097,2070,291,2
T,2475,1133358,40,248102,2070,256,2
T,2476,1133378,40,248109,2070,169,2
T,2477,1133398,40,248115,2213,115,2
T,2478,1133418,40,248121,2213,109,2
T,2479,1133438,40,248128,2213,241,2

[host] drv timeout 2000
T,2480,1133458,40,248133,2213,187,2
drv timeout 2000
timeout 2000 ms, 2000 ms remaining
  any 'drv duty' kicks it; re-issuing this command kicks it too
> T,2481,1133478,40,248139,2213,88,2
T,2482,1133498,40,248144,2142,284,2
T,2483,1133518,40,248151,2142,102,2
T,2484,1133538,40,248157,2142,76,2
T,2485,1133558,40,248163,2142,118,2
T,2486,1133578,40,248169,2142,430,2
T,2487,1133598,40,248175,2142,306,2
T,2488,1133618,40,248181,2142,256,2
T,2489,1133638,40,248188,2142,225,2
T,2490,1133658,40,248194,2142,290,2
T,2491,1133678,40,248199,2142,288,2
T,2492,1133698,40,248205,2213,105,2
T,2493,1133718,40,248211,2213,313,2
T,2494,1133738,40,248217,2213,471,2
T,2495,1133758,40,248224,2213,224,2
T,2496,1133778,40,248229,2213,313,2
T,2497,1133798,40,248235,2070,284,2
T,2498,1133818,40,248241,2070,212,2
T,2499,1133838,40,248248,2070,295,2
T,2500,1133858,40,248254,2070,210,2
T,2501,1133878,40,248260,2070,315,2
T,2502,1133898,40,248266,2213,269,2
T,2503,1133918,40,248272,2213,285,2
T,2504,1133938,40,248277,2213,158,2

[host] drv timeout 2000
T,2505,1133958,40,248284,2213,162,2
drv timeout 2000
timeout 2000 ms, 2000 ms remaining
  any 'drv duty' kicks it; re-issuing this command kicks it too
> T,2506,1133978,40,248290,2213,286,2
T,2507,1133998,40,248295,2070,110,2
T,2508,1134018,40,248301,2070,322,2
T,2509,1134038,40,248308,2070,409,2
T,2510,1134058,40,248314,2070,274,2
T,2511,1134078,40,248320,2070,188,2
T,2512,1134098,40,248326,2213,131,2
T,2513,1134118,40,248332,2213,118,2
T,2514,1134138,40,248337,2213,78,2
T,2515,1134158,40,248344,2213,81,2
T,2516,1134178,40,248350,2213,453,2
T,2517,1134198,40,248356,2213,317,2
T,2518,1134218,40,248361,2213,206,2
T,2519,1134238,40,248368,2213,312,2
T,2520,1134258,40,248375,2213,381,2
T,2521,1134278,40,248380,2213,257,2
T,2522,1134298,40,248387,2142,103,2
T,2523,1134318,40,248392,2142,83,2
T,2524,1134338,40,248398,2142,311,2
T,2525,1134358,40,248404,2142,129,2
T,2526,1134378,40,248410,2142,123,2
T,2527,1134398,40,248416,2142,451,2
T,2528,1134418,40,248421,2142,328,2
T,2529,1134438,40,248428,2142,172,2

[host] drv timeout 2000
T,2530,1134458,40,248434,2142,285,2
drv timeout 2000
timeout 2000 ms, 2000 ms remaining
  any 'drv duty' kicks it; re-issuing this command kicks it too
> T,2531,1134478,40,248441,2142,295,2
T,2532,1134498,40,248447,2142,238,2
T,2533,1134518,40,248452,2142,334,2
T,2534,1134538,40,248458,2142,172,2
T,2535,1134558,40,248464,2142,130,2
T,2536,1134578,40,248469,2142,284,2
T,2537,1134598,40,248476,2070,124,2
T,2538,1134618,40,248483,2070,162,2
T,2539,1134638,40,248488,2070,182,2
T,2540,1134658,40,248494,2070,291,2
T,2541,1134678,40,248500,2070,152,2
T,2542,1134698,40,248507,2213,219,2
T,2543,1134718,40,248513,2213,385,2
T,2544,1134738,40,248518,2213,237,2
T,2545,1134758,40,248524,2213,169,2
T,2546,1134778,40,248529,2213,275,2
T,2547,1134798,40,248536,2070,140,2
T,2548,1134818,40,248542,2070,116,2
T,2549,1134838,40,248548,2070,177,2
T,2550,1134858,40,248553,2070,283,2
T,2551,1134878,40,248560,2070,321,2
T,2552,1134898,40,248567,2142,81,2
T,2553,1134918,40,248572,2142,294,2
T,2554,1134938,40,248579,2142,241,2

[host] drv timeout 2000
T,2555,1134958,40,248584,2142,93,2
drv timeout 2000
timeout 2000 ms, 2000 ms remaining
  any 'drv duty' kicks it; re-issuing this command kicks it too
> T,2556,1134978,40,248590,2142,289,2
T,2557,1134998,40,248595,2070,114,2
T,2558,1135018,40,248601,2070,110,2
T,2559,1135038,40,248608,2070,174,2
T,2560,1135058,40,248613,2070,199,2
T,2561,1135078,40,248619,2070,84,2
T,2562,1135098,40,248625,2213,315,2
T,2563,1135118,40,248632,2213,433,2
T,2564,1135138,40,248638,2213,212,2
T,2565,1135158,40,248644,2213,329,2
T,2566,1135178,40,248649,2213,277,2
T,2567,1135198,40,248655,2142,112,2
T,2568,1135218,40,248661,2142,82,2
T,2569,1135238,40,248667,2142,369,2
T,2570,1135258,40,248674,2142,224,2
T,2571,1135278,40,248679,2142,306,2
T,2572,1135298,40,248685,2142,141,2
T,2573,1135318,40,248692,2142,152,2
T,2574,1135338,40,248698,2142,268,2
T,2575,1135358,40,248704,2142,200,2
T,2576,1135378,40,248710,2142,277,2
T,2577,1135398,40,248716,2142,151,2
T,2578,1135418,40,248721,2142,297,2
T,2579,1135438,40,248727,2142,289,2

[host] drv timeout 2000
T,2580,1135458,40,248733,2142,77,2
drv timeout 2000
timeout 2000 ms, 2000 ms remaining
  any 'drv duty' kicks it; re-issuing this command kicks it too
> T,2581,1135478,40,248740,2142,466,2
T,2582,1135498,40,248745,2070,178,2
T,2583,1135518,40,248751,2070,311,2
T,2584,1135538,40,248757,2070,203,2
T,2585,1135558,40,248764,2070,305,2
T,2586,1135578,40,248770,2070,285,2
T,2587,1135598,40,248775,2142,130,2
T,2588,1135618,40,248781,2142,316,2
T,2589,1135638,40,248786,2142,219,2
T,2590,1135658,40,248793,2142,192,2
T,2591,1135678,40,248799,2142,107,2
T,2592,1135698,40,248805,2142,353,2
T,2593,1135718,40,248811,2142,222,2
T,2594,1135738,40,248817,2142,293,2
T,2595,1135758,40,248823,2142,397,2
T,2596,1135778,40,248829,2142,275,2
T,2597,1135798,40,248836,2213,182,2
T,2598,1135818,40,248841,2213,286,2
T,2599,1135838,40,248847,2213,290,2
T,2600,1135858,40,248852,2213,283,2
T,2601,1135878,40,248858,2213,236,2
T,2602,1135898,40,248865,2070,93,2
T,2603,1135918,40,248870,2070,113,2
T,2604,1135938,40,248876,2070,80,2

[host] drv duty 3
drv duty 3
duty +3%
> T,2605,1135958,30,248882,2070,144,2
T,2606,1135978,30,248888,2070,272,2
T,2607,1135998,30,248894,2070,50,2
T,2608,1136018,30,248899,2070,116,2
T,2609,1136038,30,248903,2070,224,2
T,2610,1136058,30,248908,2070,485,2
T,2611,1136078,30,248911,2070,310,2
T,2612,1136098,30,248914,1499,229,2
T,2613,1136118,30,248919,1499,465,2
T,2614,1136138,30,248924,1499,262,2
T,2615,1136158,30,248929,1499,204,2
T,2616,1136178,30,248932,1499,129,2
T,2617,1136198,30,248933,1428,185,2
T,2618,1136218,30,248937,1428,71,2
T,2619,1136238,30,248943,1428,110,2
T,2620,1136258,30,248946,1428,81,2
T,2621,1136278,30,248952,1428,73,2
T,2622,1136298,30,248955,1499,246,2
T,2623,1136318,30,248960,1499,450,2
T,2624,1136338,30,248964,1499,237,2
T,2625,1136358,30,248966,1499,508,2
T,2626,1136378,30,248971,1499,369,2
T,2627,1136398,30,248974,1356,147,2
T,2628,1136418,30,248976,1356,482,2
T,2629,1136438,30,248980,1356,226,2
T,2630,1136458,30,248985,1356,30
[host] drv timeout 2000
9,2
drv timeout 2000
timeout 2000 ms, 2000 ms remaining
  any 'drv duty' kicks it; re-issuing this command kicks it too
> T,2631,1136478,30,248989,1356,291,2
T,2632,1136498,30,248994,1428,114,2
T,2633,1136518,30,248996,1428,142,2
T,2634,1136538,30,248998,1428,317,2
T,2635,1136558,30,249003,1428,284,2
T,2636,1136578,30,249007,1428,520,2
T,2637,1136598,30,249012,1213,94,2
T,2638,1136618,30,249016,1213,91,2
T,2639,1136638,30,249020,1213,92,2
T,2640,1136658,30,249025,1213,48,2
T,2641,1136678,30,249028,1213,156,2
T,2642,1136698,30,249031,1428,107,2
T,2643,1136718,30,249036,1428,288,2
T,2644,1136738,30,249039,1428,162,2
T,2645,1136758,30,249041,1428,99,2
T,2646,1136778,30,249045,1428,76,2
T,2647,1136798,30,249050,1356,107,2
T,2648,1136818,30,249055,1356,241,2
T,2649,1136838,30,249059,1356,520,2
T,2650,1136858,30,249061,1356,339,2
T,2651,1136878,30,249063,1356,297,2
T,2652,1136898,30,249068,1285,337,2
T,2653,1136918,30,249072,1285,304,2
T,2654,1136938,30,249077,1285,450,2
T,2655,1136958,30,249081,1285,22
[host] drv timeout 2000
4,2
drv timeout 2000
timeout 2000 ms, 2000 ms remaining
  any 'drv duty' kicks it; re-issuing this command kicks it too
> T,2656,1136978,30,249085,1285,329,2
T,2657,1136998,30,249090,1570,126,2
T,2658,1137018,30,249093,1570,371,2
T,2659,1137038,30,249096,1570,226,2
T,2660,1137058,30,249100,1570,492,2
T,2661,1137078,30,249103,1570,309,2
T,2662,1137098,30,249105,1071,232,2
T,2663,1137118,30,249110,1071,270,2
T,2664,1137138,30,249115,1071,272,2
T,2665,1137158,30,249120,1071,208,2
T,2666,1137178,30,249123,1071,162,2
T,2667,1137198,30,249125,1428,120,2
T,2668,1137218,30,249128,1428,80,2
T,2669,1137238,30,249133,1428,86,2
T,2670,1137258,30,249137,1428,86,2
T,2671,1137278,30,249142,1428,52,2
T,2672,1137298,30,249146,1499,66,2
T,2673,1137318,30,249151,1499,52,2
T,2674,1137338,30,249155,1499,112,2
T,2675,1137358,30,249157,1499,168,2
T,2676,1137378,30,249161,1499,465,2
T,2677,1137398,30,249165,1356,325,2
T,2678,1137418,30,249168,1356,225,2
T,2679,1137438,30,249171,1356,444,2
T,2680,1137458,30,249176,1356,264,2

[host] drv timeout 2000
drv timeout 2000
timeout 2000 ms, 2000 ms remaining
  any 'drv duty' kicks it; re-issuing this command kicks it too
> T,2681,1137478,30,249180,1356,66,2
T,2682,1137498,30,249185,1428,142,2
T,2683,1137518,30,249188,1428,293,2
T,2684,1137538,30,249190,1428,515,2
T,2685,1137558,30,249195,1428,221,2
T,2686,1137578,30,249199,1428,348,2
T,2687,1137598,30,249203,1213,309,2
T,2688,1137618,30,249208,1213,249,2
T,2689,1137638,30,249212,1213,215,2
T,2690,1137658,30,249217,1213,300,2
T,2691,1137678,30,249220,1213,135,2
T,2692,1137698,30,249223,1499,247,2
T,2693,1137718,30,249227,1499,152,2
T,2694,1137738,30,249231,1499,131,2
T,2695,1137758,30,249233,1499,105,2
T,2696,1137778,30,249237,1499,294,2
T,2697,1137798,30,249242,1356,374,2
T,2698,1137818,30,249247,1356,209,2
T,2699,1137838,30,249251,1356,284,2
T,2700,1137858,30,249253,1356,502,2
T,2701,1137878,30,249256,1356,320,2
T,2702,1137898,30,249261,1356,129,2
T,2703,1137918,30,249264,1356,464,2
T,2704,1137938,30,249269,1356,194,2
T,2705,1137958,30,249274,1356,83,2

[host] drv timeout 2000
drv timeout 2000
timeout 2000 ms, 2000 ms remaining
  any 'drv duty' kicks it; re-issuing this command kicks it too
> T,2706,1137978,30,249278,1356,40,2
T,2707,1137998,30,249283,1499,280,2
T,2708,1138018,30,249285,1499,279,2
T,2709,1138038,30,249288,1499,478,2
T,2710,1138058,30,249293,1499,281,2
T,2711,1138078,30,249296,1499,491,2
T,2712,1138098,30,249299,1142,97,2
T,2713,1138118,30,249304,1142,61,2
T,2714,1138138,30,249308,1142,67,2
T,2715,1138158,30,249313,1142,78,2
T,2716,1138178,30,249316,1142,125,2
T,2717,1138198,30,249317,1428,350,2
T,2718,1138218,30,249321,1428,116,2
T,2719,1138238,30,249326,1428,104,2
T,2720,1138258,30,249329,1428,86,2
T,2721,1138278,30,249335,1428,48,2
T,2722,1138298,30,249339,1499,224,2
T,2723,1138318,30,249344,1499,412,2
T,2724,1138338,30,249347,1499,304,2
T,2725,1138358,30,249349,1499,524,2
T,2726,1138378,30,249353,1499,350,2
T,2727,1138398,30,249357,1285,144,2
T,2728,1138418,30,249360,1285,477,2
T,2729,1138438,30,249364,1285,248,2
T,2730,1138458,30,249368,1285,92,2

[host] drv timeout 2000
drv timeout 2000
timeout 2000 ms, 2000 ms remaining
  any 'drv duty' kicks it; re-issuing this command kicks it too
> T,2731,1138478,30,249373,1285,451,2
T,2732,1138498,30,249377,1428,116,2
T,2733,1138518,30,249380,1428,249,2
T,2734,1138538,30,249382,1428,497,2
T,2735,1138558,30,249387,1428,248,2
T,2736,1138578,30,249391,1428,364,2
T,2737,1138598,30,249395,1213,365,2
T,2738,1138618,30,249400,1213,267,2
T,2739,1138638,30,249404,1213,305,2
T,2740,1138658,30,249409,1213,169,2
T,2741,1138678,30,249412,1213,253,2
T,2742,1138698,30,249414,1428,290,2
T,2743,1138718,30,249419,1428,155,2
T,2744,1138738,30,249422,1428,126,2
T,2745,1138758,30,249424,1428,112,2
T,2746,1138778,30,249428,1428,82,2
T,2747,1138798,30,249433,1356,270,2
T,2748,1138818,30,249437,1356,289,2
T,2749,1138838,30,249442,1356,453,2
T,2750,1138858,30,249444,1356,323,2
T,2751,1138878,30,249446,1356,316,2
T,2752,1138898,30,249451,1213,336,2
T,2753,1138918,30,249455,1213,316,2
T,2754,1138938,30,249459,1213,86,2
T,2755,1138958,30,249464,1213,293,2

[host] drv timeout 2000
drv timeout 2000
timeout 2000 ms, 2000 ms remaining
  any 'drv duty' kicks it; re-issuing this command kicks it too
> T,2756,1138978,30,249468,1213,273,2
T,2757,1138998,30,249473,1642,51,2
T,2758,1139018,30,249476,1642,134,2
T,2759,1139038,30,249479,1642,245,2
T,2760,1139058,30,249483,1642,464,2
T,2761,1139078,30,249487,1642,284,2
T,2762,1139098,30,249488,1142,273,2
T,2763,1139118,30,249493,1142,230,2
T,2764,1139138,30,249497,1142,311,2
T,2765,1139158,30,249502,1142,265,2
T,2766,1139178,30,249507,1142,307,2
T,2767,1139198,30,249508,1428,215,2
T,2768,1139218,30,249511,1428,107,2
T,2769,1139238,30,249515,1428,71,2
T,2770,1139258,30,249520,1428,140,2
T,2771,1139278,30,249524,1428,238,2
T,2772,1139298,30,249529,1428,365,2
T,2773,1139318,30,249533,1428,251,2
T,2774,1139338,30,249537,1428,247,2
T,2775,1139358,30,249540,1428,263,2
T,2776,1139378,30,249543,1428,320,2
T,2777,1139398,30,249548,1285,245,2
T,2778,1139418,30,249551,1285,273,2
T,2779,1139438,30,249553,1285,98,2
T,2780,1139458,30,249557,1285,81,2

[host] drv timeout 2000
drv timeout 2000
timeout 2000 ms, 2000 ms remaining
  any 'drv duty' kicks it; re-issuing this command kicks it too
> T,2781,1139478,30,249562,1285,126,2
T,2782,1139498,30,249567,1356,210,2
T,2783,1139518,30,249571,1356,329,2
T,2784,1139538,30,249572,1356,545,2
T,2785,1139558,30,249575,1356,289,2
T,2786,1139578,30,249579,1356,256,2
T,2787,1139598,30,249584,1285,368,2
T,2788,1139618,30,249588,1285,233,2
T,2789,1139638,30,249593,1285,118,2
T,2790,1139658,30,249596,1285,204,2
T,2791,1139678,30,249601,1285,448,2
T,2792,1139698,30,249604,1499,182,2
T,2793,1139718,30,249607,1499,92,2
T,2794,1139738,30,249612,1499,71,2
T,2795,1139758,30,249615,1499,136,2
T,2796,1139778,30,249617,1499,84,2
T,2797,1139798,30,249621,1142,248,2
T,2798,1139818,30,249626,1142,512,2
T,2799,1139838,30,249631,1142,217,2
T,2800,1139858,30,249635,1142,295,2
T,2801,1139878,30,249636,1142,526,2
T,2802,1139898,30,249638,1213,158,2
T,2803,1139918,30,249643,1213,280,2
T,2804,1139938,30,249647,1213,183,2
T,2805,1139958,30,249652,1213,66
[host] drv duty 2
,2
drv duty 2
duty +2%
> T,2806,1139978,20,249656,1213,236,2
T,2807,1139998,20,249659,1499,50,2
T,2808,1140018,20,249662,1499,34,2
T,2809,1140038,20,249665,1499,43,2
T,2810,1140058,20,249667,1499,128,2
T,2811,1140078,20,249667,1499,92,2
T,2812,1140098,20,249667,642,325,2
T,2813,1140118,20,249667,642,124,2
T,2814,1140138,20,249667,642,119,2
T,2815,1140158,20,249667,642,118,2
T,2816,1140178,20,249667,642,126,2
T,2817,1140198,20,249667,0,120,2
T,2818,1140218,20,249667,0,173,2
T,2819,1140238,20,249667,0,129,2
T,2820,1140258,20,249667,0,318,2
T,2821,1140278,20,249667,0,112,2
T,2822,1140298,20,249667,0,123,2
T,2823,1140318,20,249667,0,135,2
T,2824,1140338,20,249667,0,316,2
T,2825,1140358,20,249667,0,120,2
T,2826,1140378,20,249667,0,185,2
T,2827,1140398,20,249667,0,241,2
T,2828,1140418,20,249667,0,301,2
T,2829,1140438,20,249667,0,126,2
T,2830,1140458,20,249667,0,134,2

[host] drv timeout 2000
drv timeout 2000
timeout 2000 ms, 2000 ms remaining
  any 'drv duty' kicks it; re-issuing this command kicks it too
> T,2831,1140478,20,249667,0,121,2
T,2832,1140498,20,249667,0,155,2
T,2833,1140518,20,249667,0,107,2
T,2834,1140538,20,249667,0,341,2
T,2835,1140558,20,249667,0,183,2
T,2836,1140578,20,249667,0,128,2
T,2837,1140598,20,249667,0,121,2
T,2838,1140618,20,249667,0,291,2
T,2839,1140638,20,249667,0,329,2
T,2840,1140658,20,249667,0,124,2
T,2841,1140678,20,249667,0,129,2
T,2842,1140698,20,249667,0,329,2
T,2843,1140718,20,249667,0,124,2
T,2844,1140738,20,249667,0,130,2
T,2845,1140758,20,249667,0,131,2
T,2846,1140778,20,249667,0,301,2
T,2847,1140798,20,249667,0,129,2
T,2848,1140818,20,249667,0,112,2
T,2849,1140838,20,249667,0,243,2
T,2850,1140858,20,249667,0,307,2
T,2851,1140878,20,249667,0,110,2
T,2852,1140898,20,249667,0,119,2
T,2853,1140918,20,249667,0,283,2
T,2854,1140938,20,249667,0,312,2
T,2855,1140958,20,249667,0,119,2

[host] drv timeout 2000
drv timeout 2000
timeout 2000 ms, 2000 ms remaining
  any 'drv duty' kicks it; re-issuing this command kicks it too
> T,2856,1140978,20,249667,0,309,2
T,2857,1140998,20,249667,0,139,2
T,2858,1141018,20,249667,0,142,2
T,2859,1141038,20,249667,0,124,2
T,2860,1141058,20,249667,0,150,2
T,2861,1141078,20,249667,0,112,2
T,2862,1141098,20,249667,0,296,2
T,2863,1141118,20,249667,0,307,2
T,2864,1141138,20,249667,0,119,2
T,2865,1141158,20,249667,0,131,2
T,2866,1141178,20,249667,0,126,2
T,2867,1141198,20,249667,0,118,2
T,2868,1141218,20,249667,0,220,2
T,2869,1141238,20,249667,0,161,2
T,2870,1141258,20,249667,0,118,2
T,2871,1141278,20,249667,0,281,2
T,2872,1141298,20,249667,0,161,2
T,2873,1141318,20,249667,0,125,2
T,2874,1141338,20,249667,0,114,2
T,2875,1141358,20,249667,0,315,2
T,2876,1141378,20,249667,0,320,2
T,2877,1141398,20,249667,0,129,2
T,2878,1141418,20,249667,0,120,2
T,2879,1141438,20,249667,0,146,2
T,2880,1141458,20,249667,0,146,2

[host] drv timeout 2000
drv timeout 2000
timeout 2000 ms, 2000 ms remaining
  any 'drv duty' kicks it; re-issuing this command kicks it too
> T,2881,1141478,20,249667,0,212,2
T,2882,1141498,20,249667,0,302,2
T,2883,1141518,20,249667,0,123,2
T,2884,1141538,20,249667,0,259,2
T,2885,1141558,20,249667,0,126,2
T,2886,1141578,20,249667,0,164,2
T,2887,1141598,20,249667,0,115,2
T,2888,1141618,20,249667,0,125,2
T,2889,1141638,20,249667,0,222,2
T,2890,1141658,20,249667,0,155,2
T,2891,1141678,20,249667,0,110,2
T,2892,1141698,20,249667,0,327,2
T,2893,1141718,20,249667,0,120,2
T,2894,1141738,20,249667,0,166,2
T,2895,1141758,20,249667,0,131,2
T,2896,1141778,20,249667,0,309,2
T,2897,1141798,20,249667,0,147,2
T,2898,1141818,20,249667,0,113,2
T,2899,1141838,20,249667,0,253,2
T,2900,1141858,20,249667,0,300,2
T,2901,1141878,20,249667,0,116,2
T,2902,1141898,20,249667,0,118,2
T,2903,1141918,20,249667,0,285,2
T,2904,1141938,20,249667,0,305,2
T,2905,1141958,20,249667,0,118,2

[host] drv timeout 2000
drv timeout 2000
timeout 2000 ms, 2000 ms remaining
  any 'drv duty' kicks it; re-issuing this command kicks it too
> T,2906,1141978,20,249667,0,246,2
T,2907,1141998,20,249667,0,134,2
T,2908,1142018,20,249667,0,307,2
T,2909,1142038,20,249667,0,119,2
T,2910,1142058,20,249667,0,144,2
T,2911,1142078,20,249667,0,215,2
T,2912,1142098,20,249667,0,120,2
T,2913,1142118,20,249667,0,145,2
T,2914,1142138,20,249667,0,116,2
T,2915,1142158,20,249667,0,327,2
T,2916,1142178,20,249667,0,312,2
T,2917,1142198,20,249667,0,263,2
T,2918,1142218,20,249667,0,323,2
T,2919,1142238,20,249667,0,116,2
T,2920,1142258,20,249667,0,145,2
T,2921,1142278,20,249667,0,198,2
T,2922,1142298,20,249667,0,194,2
T,2923,1142318,20,249667,0,177,2
T,2924,1142338,20,249667,0,110,2
T,2925,1142358,20,249667,0,267,2
T,2926,1142378,20,249667,0,322,2
T,2927,1142398,20,249667,0,142,2
T,2928,1142418,20,249667,0,113,2
T,2929,1142438,20,249667,0,198,2
T,2930,1142458,20,249667,0,315,2

[host] drv timeout 2000
drv timeout 2000
timeout 2000 ms, 2000 ms remaining
  any 'drv duty' kicks it; re-issuing this command kicks it too
> T,2931,1142478,20,249667,0,348,2
T,2932,1142498,20,249667,0,132,2
T,2933,1142518,20,249667,0,139,2
T,2934,1142538,20,249667,0,113,2
T,2935,1142558,20,249667,0,261,2
T,2936,1142578,20,249667,0,328,2
T,2937,1142598,20,249667,0,135,2
T,2938,1142618,20,249667,0,114,2
T,2939,1142638,20,249667,0,304,2
T,2940,1142658,20,249667,0,317,2
T,2941,1142678,20,249667,0,131,2
T,2942,1142698,20,249667,0,118,2
T,2943,1142718,20,249667,0,142,2
T,2944,1142738,20,249667,0,114,2
T,2945,1142758,20,249667,0,313,2
T,2946,1142778,20,249667,0,320,2
T,2947,1142798,20,249667,0,131,2
T,2948,1142818,20,249667,0,144,2
T,2949,1142838,20,249667,0,293,2
T,2950,1142858,20,249667,0,290,2
T,2951,1142878,20,249667,0,114,2
T,2952,1142898,20,249667,0,112,2
T,2953,1142918,20,249667,0,339,2
T,2954,1142938,20,249667,0,188,2
T,2955,1142958,20,249667,0,139,2

[host] drv timeout 2000
drv timeout 2000
timeout 2000 ms, 2000 ms remaining
  any 'drv duty' kicks it; re-issuing this command kicks it too
> T,2956,1142978,20,249667,0,107,2
T,2957,1142998,20,249667,0,124,2
T,2958,1143018,20,249667,0,325,2
T,2959,1143038,20,249667,0,119,2
T,2960,1143058,20,249667,0,124,2
T,2961,1143078,20,249667,0,116,2
T,2962,1143098,20,249667,0,131,2
T,2963,1143118,20,249667,0,131,2
T,2964,1143138,20,249667,0,317,2
T,2965,1143158,20,249667,0,131,2
T,2966,1143178,20,249667,0,312,2
T,2967,1143198,20,249667,0,118,2
T,2968,1143218,20,249667,0,315,2
T,2969,1143238,20,249667,0,306,2
T,2970,1143258,20,249667,0,129,2
T,2971,1143278,20,249667,0,112,2
T,2972,1143298,20,249667,0,327,2
T,2973,1143318,20,249667,0,162,2
T,2974,1143338,20,249667,0,145,2
T,2975,1143358,20,249667,0,120,2
T,2976,1143378,20,249667,0,240,2
T,2977,1143398,20,249667,0,121,2
T,2978,1143418,20,249667,0,136,2
T,2979,1143438,20,249667,0,119,2
T,2980,1143458,20,249667,0,265,2

[host] drv timeout 2000
drv timeout 2000
timeout 2000 ms, 2000 ms remaining
  any 'drv duty' kicks it; re-issuing this command kicks it too
> T,2981,1143478,20,249667,0,157,2
T,2982,1143498,20,249667,0,347,2
T,2983,1143518,20,249667,0,167,2
T,2984,1143538,20,249667,0,142,2
T,2985,1143558,20,249667,0,123,2
T,2986,1143578,20,249667,0,125,2
T,2987,1143598,20,249667,0,134,2
T,2988,1143618,20,249667,0,290,2
T,2989,1143638,20,249667,0,120,2
T,2990,1143658,20,249667,0,283,2
T,2991,1143678,20,249667,0,132,2
T,2992,1143698,20,249667,0,343,2
T,2993,1143718,20,249667,0,141,2
T,2994,1143738,20,249667,0,162,2
T,2995,1143758,20,249667,0,118,2
T,2996,1143778,20,249667,0,337,2
T,2997,1143798,20,249667,0,124,2
T,2998,1143818,20,249667,0,148,2
T,2999,1143838,20,249667,0,118,2
T,3000,1143858,20,249667,0,230,2
T,3001,1143878,20,249667,0,167,2
T,3002,1143898,20,249667,0,114,2
T,3003,1143918,20,249667,0,309,2
T,3004,1143938,20,249667,0,301,2
T,3005,1143958,20,249667,0,116,2

[host] drv duty 0
drv duty 0
duty +0%
> 
[host] telem off
telem off
telem off - 3006 lines sent
> 
[host] drv duty 0
drv duty 0
duty +0%
> 
[host] drv coast
drv coast
both inputs low - coast
> 
[host] drv disable
drv disable
duty 0, nSLEEP low - driver disabled
> 
[host] telem off
telem off
telem off - 3006 lines sent
> 
[host] stats
stats
uart tx   : 277358 bytes, 0 dropped
uart rx   : 6031 bytes, high-water 9, 0 overruns, 3 errors
can  tx   : 0 frames, 0 dropped (no free mailbox)
can  rx   : 0 frames, 0 FIFO-full, 0 overrun events
> 